ISO-10303-21;
HEADER;
/* Generated by software containing ST-Developer
 * from STEP Tools, Inc. (www.steptools.com) 
 */
/* OPTION: using custom renumber hook */

FILE_DESCRIPTION(
/* description */ ('STEP AP242 Edition 2',
'CAx-IF Rec.Pracs.---Representation and Presentation of Product Manufa
cturing Information (PMI)---4.0---2014-10-13',
'CAx-IF Rec.Pracs.---3D Tessellated Geometry---0.4---2014-09-14','2;1',
'CAx-IF Rec.Pracs.---User Defined Attributes---1.5---2016-08-15'),
/* implementation_level */ '2;1');

FILE_NAME(
/* name */ '6956adfc432fef74420216a6',
/* time_stamp */ '2026-01-01T17:25:17Z',
/* author */ (''),
/* organization */ (''),
/* preprocessor_version */ 'ST-DEVELOPER v20',
/* originating_system */ 'ONSHAPE BY PTC INC, 1.208',
/* authorisation */ '  ');

FILE_SCHEMA (('AP242_MANAGED_MODEL_BASED_3D_ENGINEERING_MIM_LF { 1 0 10303 442 3 1 4 }'));
ENDSEC;

DATA;
#10=SHAPE_REPRESENTATION_RELATIONSHIP('','',#1939,#11);
#11=ADVANCED_BREP_SHAPE_REPRESENTATION('',(#1937),#3324);
#12=CONICAL_SURFACE('',#2073,0.0034,0.78539816339743);
#13=CONICAL_SURFACE('',#2074,0.0034,0.785398163397442);
#14=ELLIPSE('',#2006,0.00267524450993257,0.0018916312157968);
#15=ELLIPSE('',#2007,0.00267791144310157,0.00189351697021377);
#16=ELLIPSE('',#2010,0.00294190168266294,0.00208018109599336);
#17=ELLIPSE('',#2011,0.00294723518751558,0.00208395234918586);
#18=B_SPLINE_SURFACE_WITH_KNOTS('',3,1,((#2788,#2789),(#2790,#2791),(#2792,
#2793),(#2794,#2795),(#2796,#2797)),.SURF_OF_LINEAR_EXTRUSION.,.F.,.F.,
 .F.,(4,1,4),(2,2),(3.29154085129596E-11,0.000789462283164034,0.00157892453341266),
(0.,1.),.UNSPECIFIED.);
#19=B_SPLINE_SURFACE_WITH_KNOTS('',3,1,((#2817,#2818),(#2819,#2820),(#2821,
#2822),(#2823,#2824),(#2825,#2826)),.SURF_OF_LINEAR_EXTRUSION.,.F.,.F.,
 .F.,(4,1,4),(2,2),(9.80281836512184E-13,0.000790609920125736,0.00158121983927119),
(0.,1.),.UNSPECIFIED.);
#20=B_SPLINE_SURFACE_WITH_KNOTS('',3,1,((#2858,#2859),(#2860,#2861),(#2862,
#2863),(#2864,#2865),(#2866,#2867)),.SURF_OF_LINEAR_EXTRUSION.,.F.,.F.,
 .F.,(4,1,4),(2,2),(3.44955007140217E-11,0.000811209002622333,0.00162241797074916),
(0.,1.),.UNSPECIFIED.);
#21=B_SPLINE_SURFACE_WITH_KNOTS('',3,1,((#2887,#2888),(#2889,#2890),(#2891,
#2892),(#2893,#2894),(#2895,#2896)),.SURF_OF_LINEAR_EXTRUSION.,.F.,.F.,
 .F.,(4,1,4),(2,2),(2.7531489608244E-10,0.00080846000139091,0.00161691972746692),
(0.,1.),.UNSPECIFIED.);
#22=B_SPLINE_SURFACE_WITH_KNOTS('',1,3,((#3161,#3162,#3163,#3164),(#3165,
#3166,#3167,#3168)),.RULED_SURF.,.F.,.F.,.F.,(2,2),(4,4),(0.,1.),(0.,0.00216897466683931),
 .PIECEWISE_BEZIER_KNOTS.);
#23=B_SPLINE_SURFACE_WITH_KNOTS('',1,3,((#3178,#3179,#3180,#3181),(#3182,
#3183,#3184,#3185)),.RULED_SURF.,.F.,.F.,.F.,(2,2),(4,4),(0.,1.),(0.,0.00224253877783553),
 .PIECEWISE_BEZIER_KNOTS.);
#24=B_SPLINE_SURFACE_WITH_KNOTS('',1,3,((#3209,#3210,#3211,#3212),(#3213,
#3214,#3215,#3216)),.RULED_SURF.,.F.,.F.,.F.,(2,2),(4,4),(0.,1.),(0.,0.00216978738799773),
 .PIECEWISE_BEZIER_KNOTS.);
#25=B_SPLINE_SURFACE_WITH_KNOTS('',1,3,((#3225,#3226,#3227,#3228),(#3229,
#3230,#3231,#3232)),.RULED_SURF.,.F.,.F.,.F.,(2,2),(4,4),(0.,1.),(0.,0.00224205879562081),
 .PIECEWISE_BEZIER_KNOTS.);
#26=B_SPLINE_SURFACE_WITH_KNOTS('',1,3,((#3257,#3258,#3259,#3260),(#3261,
#3262,#3263,#3264)),.RULED_SURF.,.F.,.F.,.F.,(2,2),(4,4),(0.,1.),(0.,0.00216976700699104),
 .PIECEWISE_BEZIER_KNOTS.);
#27=B_SPLINE_SURFACE_WITH_KNOTS('',1,3,((#3269,#3270,#3271,#3272),(#3273,
#3274,#3275,#3276)),.RULED_SURF.,.F.,.F.,.F.,(2,2),(4,4),(0.,1.),(0.,0.00224239500637879),
 .PIECEWISE_BEZIER_KNOTS.);
#28=B_SPLINE_SURFACE_WITH_KNOTS('',1,3,((#3291,#3292,#3293,#3294),(#3295,
#3296,#3297,#3298)),.RULED_SURF.,.F.,.F.,.F.,(2,2),(4,4),(0.,1.),(0.,0.00216896374840517),
 .PIECEWISE_BEZIER_KNOTS.);
#29=B_SPLINE_SURFACE_WITH_KNOTS('',1,3,((#3303,#3304,#3305,#3306),(#3307,
#3308,#3309,#3310)),.RULED_SURF.,.F.,.F.,.F.,(2,2),(4,4),(0.,1.),(0.,0.0022419522291151),
 .PIECEWISE_BEZIER_KNOTS.);
#30=B_SPLINE_CURVE_WITH_KNOTS('',3,(#2780,#2781,#2782,#2783),
 .UNSPECIFIED.,.F.,.F.,(4,4),(2.1469068745935E-13,9.499639759791E-5),
 .UNSPECIFIED.);
#31=B_SPLINE_CURVE_WITH_KNOTS('',3,(#2784,#2785,#2786,#2787),
 .UNSPECIFIED.,.F.,.F.,(4,4),(0.,9.49957408258023E-5),.UNSPECIFIED.);
#32=B_SPLINE_CURVE_WITH_KNOTS('',3,(#2801,#2802,#2803,#2804,#2805),
 .UNSPECIFIED.,.F.,.F.,(4,1,4),(0.,0.5,1.),.UNSPECIFIED.);
#33=B_SPLINE_CURVE_WITH_KNOTS('',3,(#2806,#2807,#2808,#2809,#2810),
 .UNSPECIFIED.,.F.,.F.,(4,1,4),(0.,0.5,1.),.UNSPECIFIED.);
#34=B_SPLINE_CURVE_WITH_KNOTS('',3,(#2830,#2831,#2832,#2833,#2834),
 .UNSPECIFIED.,.F.,.F.,(4,1,4),(0.,0.5,1.),.UNSPECIFIED.);
#35=B_SPLINE_CURVE_WITH_KNOTS('',3,(#2835,#2836,#2837,#2838,#2839),
 .UNSPECIFIED.,.F.,.F.,(4,1,4),(0.,0.5,1.),.UNSPECIFIED.);
#36=B_SPLINE_CURVE_WITH_KNOTS('',3,(#2844,#2845,#2846,#2847),
 .UNSPECIFIED.,.F.,.F.,(4,4),(9.29308005123245E-11,9.49965321288114E-5),
 .UNSPECIFIED.);
#37=B_SPLINE_CURVE_WITH_KNOTS('',3,(#2848,#2849,#2850,#2851),
 .UNSPECIFIED.,.F.,.F.,(4,4),(7.5638008743934E-14,9.49957146082248E-5),
 .UNSPECIFIED.);
#38=B_SPLINE_CURVE_WITH_KNOTS('',3,(#2871,#2872,#2873,#2874,#2875),
 .UNSPECIFIED.,.F.,.F.,(4,1,4),(0.,0.5,1.),.UNSPECIFIED.);
#39=B_SPLINE_CURVE_WITH_KNOTS('',3,(#2876,#2877,#2878,#2879,#2880),
 .UNSPECIFIED.,.F.,.F.,(4,1,4),(0.,0.5,1.),.UNSPECIFIED.);
#40=B_SPLINE_CURVE_WITH_KNOTS('',3,(#2897,#2898,#2899,#2900,#2901),
 .UNSPECIFIED.,.F.,.F.,(4,1,4),(0.,0.5,1.),.UNSPECIFIED.);
#41=B_SPLINE_CURVE_WITH_KNOTS('',3,(#2902,#2903,#2904,#2905,#2906),
 .UNSPECIFIED.,.F.,.F.,(4,1,4),(0.,0.5,1.),.UNSPECIFIED.);
#42=B_SPLINE_CURVE_WITH_KNOTS('',3,(#2926,#2927,#2928,#2929),
 .UNSPECIFIED.,.F.,.F.,(4,4),(0.497654707893462,1.),.UNSPECIFIED.);
#43=B_SPLINE_CURVE_WITH_KNOTS('',3,(#2935,#2936,#2937,#2938),
 .UNSPECIFIED.,.F.,.F.,(4,4),(0.,1.),.UNSPECIFIED.);
#44=B_SPLINE_CURVE_WITH_KNOTS('',3,(#2942,#2943,#2944,#2945),
 .UNSPECIFIED.,.F.,.F.,(4,4),(0.,1.),.UNSPECIFIED.);
#45=B_SPLINE_CURVE_WITH_KNOTS('',3,(#2951,#2952,#2953,#2954),
 .UNSPECIFIED.,.F.,.F.,(4,4),(0.,0.505466461893386),.UNSPECIFIED.);
#46=B_SPLINE_CURVE_WITH_KNOTS('',3,(#2974,#2975,#2976,#2977),
 .UNSPECIFIED.,.F.,.F.,(4,4),(0.,1.),.UNSPECIFIED.);
#47=B_SPLINE_CURVE_WITH_KNOTS('',3,(#2984,#2985,#2986,#2987,#2988,#2989),
 .UNSPECIFIED.,.F.,.F.,(4,1,1,4),(0.,0.5,0.75,1.),.UNSPECIFIED.);
#48=B_SPLINE_CURVE_WITH_KNOTS('',3,(#2993,#2994,#2995,#2996,#2997,#2998),
 .UNSPECIFIED.,.F.,.F.,(4,1,1,4),(0.,0.25,0.5,1.),.UNSPECIFIED.);
#49=B_SPLINE_CURVE_WITH_KNOTS('',3,(#3004,#3005,#3006,#3007),
 .UNSPECIFIED.,.F.,.F.,(4,4),(0.,1.),.UNSPECIFIED.);
#50=B_SPLINE_CURVE_WITH_KNOTS('',3,(#3130,#3131,#3132,#3133,#3134),
 .UNSPECIFIED.,.F.,.F.,(4,1,4),(0.,0.00178463890350797,0.00356927780701593),
 .UNSPECIFIED.);
#51=B_SPLINE_CURVE_WITH_KNOTS('',3,(#3148,#3149,#3150,#3151),
 .UNSPECIFIED.,.F.,.F.,(4,4),(0.,1.),.UNSPECIFIED.);
#52=B_SPLINE_CURVE_WITH_KNOTS('',3,(#3152,#3153,#3154,#3155),
 .UNSPECIFIED.,.F.,.F.,(4,4),(6.91357527845574E-5,0.999760962208287),
 .UNSPECIFIED.);
#53=B_SPLINE_CURVE_WITH_KNOTS('',3,(#3157,#3158,#3159,#3160),
 .UNSPECIFIED.,.F.,.F.,(4,4),(0.,1.),.UNSPECIFIED.);
#54=B_SPLINE_CURVE_WITH_KNOTS('',3,(#3169,#3170,#3171,#3172),
 .UNSPECIFIED.,.F.,.F.,(4,4),(0.521867880009769,1.),.UNSPECIFIED.);
#55=B_SPLINE_CURVE_WITH_KNOTS('',3,(#3174,#3175,#3176,#3177),
 .UNSPECIFIED.,.F.,.F.,(4,4),(0.,0.00144916988484792),.UNSPECIFIED.);
#56=B_SPLINE_CURVE_WITH_KNOTS('',3,(#3186,#3187,#3188,#3189),
 .UNSPECIFIED.,.F.,.F.,(4,4),(0.,1.),.UNSPECIFIED.);
#57=B_SPLINE_CURVE_WITH_KNOTS('',3,(#3191,#3192,#3193,#3194),
 .UNSPECIFIED.,.F.,.F.,(4,4),(0.,0.000690310929572322),.UNSPECIFIED.);
#58=B_SPLINE_CURVE_WITH_KNOTS('',3,(#3195,#3196,#3197,#3198),
 .UNSPECIFIED.,.F.,.F.,(4,4),(0.,0.478397322013544),.UNSPECIFIED.);
#59=B_SPLINE_CURVE_WITH_KNOTS('',3,(#3200,#3201,#3202,#3203),
 .UNSPECIFIED.,.F.,.F.,(4,4),(0.,0.00068570610058194),.UNSPECIFIED.);
#60=B_SPLINE_CURVE_WITH_KNOTS('',3,(#3205,#3206,#3207,#3208),
 .UNSPECIFIED.,.F.,.F.,(4,4),(0.,1.),.UNSPECIFIED.);
#61=B_SPLINE_CURVE_WITH_KNOTS('',3,(#3217,#3218,#3219,#3220),
 .UNSPECIFIED.,.F.,.F.,(4,4),(0.,0.00147671413109877),.UNSPECIFIED.);
#62=B_SPLINE_CURVE_WITH_KNOTS('',3,(#3221,#3222,#3223,#3224),
 .UNSPECIFIED.,.F.,.F.,(4,4),(0.,1.),.UNSPECIFIED.);
#63=B_SPLINE_CURVE_WITH_KNOTS('',3,(#3233,#3234,#3235,#3236),
 .UNSPECIFIED.,.F.,.F.,(4,4),(0.,1.),.UNSPECIFIED.);
#64=B_SPLINE_CURVE_WITH_KNOTS('',3,(#3238,#3239,#3240,#3241),
 .UNSPECIFIED.,.F.,.F.,(4,4),(4.56972014482159E-7,0.999877987651522),
 .UNSPECIFIED.);
#65=B_SPLINE_CURVE_WITH_KNOTS('',3,(#3244,#3245,#3246,#3247),
 .UNSPECIFIED.,.F.,.F.,(4,4),(0.,1.),.UNSPECIFIED.);
#66=B_SPLINE_CURVE_WITH_KNOTS('',3,(#3248,#3249,#3250,#3251),
 .UNSPECIFIED.,.F.,.F.,(4,4),(5.56865555187058E-7,0.999931207237653),
 .UNSPECIFIED.);
#67=B_SPLINE_CURVE_WITH_KNOTS('',3,(#3253,#3254,#3255,#3256),
 .UNSPECIFIED.,.F.,.F.,(4,4),(0.,1.),.UNSPECIFIED.);
#68=B_SPLINE_CURVE_WITH_KNOTS('',3,(#3265,#3266,#3267,#3268),
 .UNSPECIFIED.,.F.,.F.,(4,4),(0.,1.),.UNSPECIFIED.);
#69=B_SPLINE_CURVE_WITH_KNOTS('',3,(#3277,#3278,#3279,#3280),
 .UNSPECIFIED.,.F.,.F.,(4,4),(0.,1.),.UNSPECIFIED.);
#70=B_SPLINE_CURVE_WITH_KNOTS('',3,(#3282,#3283,#3284,#3285),
 .UNSPECIFIED.,.F.,.F.,(4,4),(0.,1.),.UNSPECIFIED.);
#71=B_SPLINE_CURVE_WITH_KNOTS('',3,(#3287,#3288,#3289,#3290),
 .UNSPECIFIED.,.F.,.F.,(4,4),(0.,1.),.UNSPECIFIED.);
#72=B_SPLINE_CURVE_WITH_KNOTS('',3,(#3299,#3300,#3301,#3302),
 .UNSPECIFIED.,.F.,.F.,(4,4),(0.,1.),.UNSPECIFIED.);
#73=B_SPLINE_CURVE_WITH_KNOTS('',3,(#3311,#3312,#3313,#3314),
 .UNSPECIFIED.,.F.,.F.,(4,4),(0.,1.),.UNSPECIFIED.);
#74=B_SPLINE_CURVE_WITH_KNOTS('',3,(#3316,#3317,#3318,#3319),
 .UNSPECIFIED.,.F.,.F.,(4,4),(6.90424313434878E-5,0.999987094295098),
 .UNSPECIFIED.);
#75=CYLINDRICAL_SURFACE('',#1997,0.00120411747039071);
#76=CYLINDRICAL_SURFACE('',#1999,0.00120411649650792);
#77=CYLINDRICAL_SURFACE('',#2014,0.0017);
#78=CYLINDRICAL_SURFACE('',#2017,0.003);
#79=CYLINDRICAL_SURFACE('',#2019,0.0017);
#80=CYLINDRICAL_SURFACE('',#2022,0.003);
#81=CYLINDRICAL_SURFACE('',#2061,0.00189351697021377);
#82=CYLINDRICAL_SURFACE('',#2065,0.0018916312157968);
#83=CYLINDRICAL_SURFACE('',#2067,0.00208395234918586);
#84=CYLINDRICAL_SURFACE('',#2071,0.00208018109599336);
#85=CIRCLE('',#1954,0.0017);
#86=CIRCLE('',#1956,0.0017);
#87=CIRCLE('',#1958,0.003);
#88=CIRCLE('',#1960,0.0017);
#89=CIRCLE('',#1962,0.0017);
#90=CIRCLE('',#1964,0.003);
#91=CIRCLE('',#1966,0.003);
#92=CIRCLE('',#1980,0.0017);
#93=CIRCLE('',#1982,0.0017);
#94=CIRCLE('',#1984,0.003);
#95=CIRCLE('',#1986,0.0017);
#96=CIRCLE('',#1988,0.0017);
#97=CIRCLE('',#1990,0.003);
#98=CIRCLE('',#1992,0.003);
#99=CIRCLE('',#2004,0.0034);
#100=CIRCLE('',#2005,0.0034);
#101=CIRCLE('',#2008,0.0034);
#102=CIRCLE('',#2012,0.0017);
#103=CIRCLE('',#2013,0.0017);
#104=CIRCLE('',#2016,0.003);
#105=CIRCLE('',#2018,0.003);
#106=CIRCLE('',#2021,0.003);
#107=CIRCLE('',#2023,0.003);
#108=ORIENTED_EDGE('',*,*,#644,.F.);
#109=ORIENTED_EDGE('',*,*,#645,.F.);
#110=ORIENTED_EDGE('',*,*,#646,.T.);
#111=ORIENTED_EDGE('',*,*,#647,.T.);
#112=ORIENTED_EDGE('',*,*,#648,.F.);
#113=ORIENTED_EDGE('',*,*,#649,.F.);
#114=ORIENTED_EDGE('',*,*,#650,.T.);
#115=ORIENTED_EDGE('',*,*,#645,.T.);
#116=ORIENTED_EDGE('',*,*,#651,.T.);
#117=ORIENTED_EDGE('',*,*,#652,.F.);
#118=ORIENTED_EDGE('',*,*,#653,.F.);
#119=ORIENTED_EDGE('',*,*,#654,.T.);
#120=ORIENTED_EDGE('',*,*,#655,.T.);
#121=ORIENTED_EDGE('',*,*,#654,.F.);
#122=ORIENTED_EDGE('',*,*,#656,.F.);
#123=ORIENTED_EDGE('',*,*,#657,.T.);
#124=ORIENTED_EDGE('',*,*,#658,.F.);
#125=ORIENTED_EDGE('',*,*,#657,.F.);
#126=ORIENTED_EDGE('',*,*,#659,.F.);
#127=ORIENTED_EDGE('',*,*,#660,.T.);
#128=ORIENTED_EDGE('',*,*,#661,.T.);
#129=ORIENTED_EDGE('',*,*,#662,.F.);
#130=ORIENTED_EDGE('',*,*,#661,.F.);
#131=ORIENTED_EDGE('',*,*,#663,.T.);
#132=ORIENTED_EDGE('',*,*,#664,.T.);
#133=ORIENTED_EDGE('',*,*,#649,.T.);
#134=ORIENTED_EDGE('',*,*,#665,.T.);
#135=ORIENTED_EDGE('',*,*,#666,.F.);
#136=ORIENTED_EDGE('',*,*,#667,.F.);
#137=ORIENTED_EDGE('',*,*,#668,.T.);
#138=ORIENTED_EDGE('',*,*,#669,.F.);
#139=ORIENTED_EDGE('',*,*,#664,.F.);
#140=ORIENTED_EDGE('',*,*,#670,.T.);
#141=ORIENTED_EDGE('',*,*,#671,.T.);
#142=ORIENTED_EDGE('',*,*,#672,.T.);
#143=ORIENTED_EDGE('',*,*,#647,.F.);
#144=ORIENTED_EDGE('',*,*,#668,.F.);
#145=ORIENTED_EDGE('',*,*,#673,.F.);
#146=ORIENTED_EDGE('',*,*,#674,.T.);
#147=ORIENTED_EDGE('',*,*,#675,.T.);
#148=ORIENTED_EDGE('',*,*,#674,.F.);
#149=ORIENTED_EDGE('',*,*,#676,.F.);
#150=ORIENTED_EDGE('',*,*,#677,.T.);
#151=ORIENTED_EDGE('',*,*,#652,.T.);
#152=ORIENTED_EDGE('',*,*,#678,.T.);
#153=ORIENTED_EDGE('',*,*,#677,.F.);
#154=ORIENTED_EDGE('',*,*,#679,.F.);
#155=ORIENTED_EDGE('',*,*,#680,.T.);
#156=ORIENTED_EDGE('',*,*,#681,.F.);
#157=ORIENTED_EDGE('',*,*,#682,.F.);
#158=ORIENTED_EDGE('',*,*,#683,.T.);
#159=ORIENTED_EDGE('',*,*,#659,.T.);
#160=ORIENTED_EDGE('',*,*,#662,.T.);
#161=ORIENTED_EDGE('',*,*,#648,.T.);
#162=ORIENTED_EDGE('',*,*,#684,.T.);
#163=ORIENTED_EDGE('',*,*,#685,.T.);
#164=ORIENTED_EDGE('',*,*,#644,.T.);
#165=ORIENTED_EDGE('',*,*,#672,.F.);
#166=ORIENTED_EDGE('',*,*,#681,.T.);
#167=ORIENTED_EDGE('',*,*,#656,.T.);
#168=ORIENTED_EDGE('',*,*,#653,.T.);
#169=ORIENTED_EDGE('',*,*,#678,.F.);
#170=ORIENTED_EDGE('',*,*,#686,.F.);
#171=ORIENTED_EDGE('',*,*,#655,.F.);
#172=ORIENTED_EDGE('',*,*,#658,.T.);
#173=ORIENTED_EDGE('',*,*,#687,.T.);
#174=ORIENTED_EDGE('',*,*,#651,.F.);
#175=ORIENTED_EDGE('',*,*,#688,.T.);
#176=ORIENTED_EDGE('',*,*,#675,.F.);
#177=ORIENTED_EDGE('',*,*,#650,.F.);
#178=ORIENTED_EDGE('',*,*,#669,.T.);
#179=ORIENTED_EDGE('',*,*,#689,.F.);
#180=ORIENTED_EDGE('',*,*,#665,.F.);
#181=ORIENTED_EDGE('',*,*,#646,.F.);
#182=ORIENTED_EDGE('',*,*,#690,.F.);
#183=ORIENTED_EDGE('',*,*,#679,.T.);
#184=ORIENTED_EDGE('',*,*,#676,.T.);
#185=ORIENTED_EDGE('',*,*,#673,.T.);
#186=ORIENTED_EDGE('',*,*,#667,.T.);
#187=ORIENTED_EDGE('',*,*,#691,.F.);
#188=ORIENTED_EDGE('',*,*,#692,.F.);
#189=ORIENTED_EDGE('',*,*,#693,.T.);
#190=ORIENTED_EDGE('',*,*,#694,.T.);
#191=ORIENTED_EDGE('',*,*,#695,.F.);
#192=ORIENTED_EDGE('',*,*,#696,.F.);
#193=ORIENTED_EDGE('',*,*,#697,.T.);
#194=ORIENTED_EDGE('',*,*,#692,.T.);
#195=ORIENTED_EDGE('',*,*,#698,.T.);
#196=ORIENTED_EDGE('',*,*,#699,.F.);
#197=ORIENTED_EDGE('',*,*,#700,.F.);
#198=ORIENTED_EDGE('',*,*,#701,.T.);
#199=ORIENTED_EDGE('',*,*,#702,.T.);
#200=ORIENTED_EDGE('',*,*,#701,.F.);
#201=ORIENTED_EDGE('',*,*,#703,.F.);
#202=ORIENTED_EDGE('',*,*,#704,.T.);
#203=ORIENTED_EDGE('',*,*,#705,.F.);
#204=ORIENTED_EDGE('',*,*,#704,.F.);
#205=ORIENTED_EDGE('',*,*,#706,.F.);
#206=ORIENTED_EDGE('',*,*,#707,.T.);
#207=ORIENTED_EDGE('',*,*,#708,.T.);
#208=ORIENTED_EDGE('',*,*,#709,.F.);
#209=ORIENTED_EDGE('',*,*,#708,.F.);
#210=ORIENTED_EDGE('',*,*,#710,.T.);
#211=ORIENTED_EDGE('',*,*,#711,.T.);
#212=ORIENTED_EDGE('',*,*,#696,.T.);
#213=ORIENTED_EDGE('',*,*,#712,.T.);
#214=ORIENTED_EDGE('',*,*,#713,.F.);
#215=ORIENTED_EDGE('',*,*,#714,.F.);
#216=ORIENTED_EDGE('',*,*,#715,.T.);
#217=ORIENTED_EDGE('',*,*,#716,.F.);
#218=ORIENTED_EDGE('',*,*,#711,.F.);
#219=ORIENTED_EDGE('',*,*,#717,.T.);
#220=ORIENTED_EDGE('',*,*,#718,.T.);
#221=ORIENTED_EDGE('',*,*,#719,.T.);
#222=ORIENTED_EDGE('',*,*,#694,.F.);
#223=ORIENTED_EDGE('',*,*,#715,.F.);
#224=ORIENTED_EDGE('',*,*,#720,.F.);
#225=ORIENTED_EDGE('',*,*,#721,.T.);
#226=ORIENTED_EDGE('',*,*,#722,.T.);
#227=ORIENTED_EDGE('',*,*,#721,.F.);
#228=ORIENTED_EDGE('',*,*,#723,.F.);
#229=ORIENTED_EDGE('',*,*,#724,.T.);
#230=ORIENTED_EDGE('',*,*,#699,.T.);
#231=ORIENTED_EDGE('',*,*,#725,.T.);
#232=ORIENTED_EDGE('',*,*,#724,.F.);
#233=ORIENTED_EDGE('',*,*,#726,.F.);
#234=ORIENTED_EDGE('',*,*,#727,.T.);
#235=ORIENTED_EDGE('',*,*,#728,.F.);
#236=ORIENTED_EDGE('',*,*,#729,.F.);
#237=ORIENTED_EDGE('',*,*,#730,.T.);
#238=ORIENTED_EDGE('',*,*,#706,.T.);
#239=ORIENTED_EDGE('',*,*,#709,.T.);
#240=ORIENTED_EDGE('',*,*,#695,.T.);
#241=ORIENTED_EDGE('',*,*,#731,.T.);
#242=ORIENTED_EDGE('',*,*,#732,.T.);
#243=ORIENTED_EDGE('',*,*,#691,.T.);
#244=ORIENTED_EDGE('',*,*,#719,.F.);
#245=ORIENTED_EDGE('',*,*,#728,.T.);
#246=ORIENTED_EDGE('',*,*,#703,.T.);
#247=ORIENTED_EDGE('',*,*,#700,.T.);
#248=ORIENTED_EDGE('',*,*,#725,.F.);
#249=ORIENTED_EDGE('',*,*,#733,.F.);
#250=ORIENTED_EDGE('',*,*,#702,.F.);
#251=ORIENTED_EDGE('',*,*,#705,.T.);
#252=ORIENTED_EDGE('',*,*,#734,.T.);
#253=ORIENTED_EDGE('',*,*,#698,.F.);
#254=ORIENTED_EDGE('',*,*,#735,.T.);
#255=ORIENTED_EDGE('',*,*,#722,.F.);
#256=ORIENTED_EDGE('',*,*,#697,.F.);
#257=ORIENTED_EDGE('',*,*,#716,.T.);
#258=ORIENTED_EDGE('',*,*,#736,.F.);
#259=ORIENTED_EDGE('',*,*,#712,.F.);
#260=ORIENTED_EDGE('',*,*,#693,.F.);
#261=ORIENTED_EDGE('',*,*,#737,.F.);
#262=ORIENTED_EDGE('',*,*,#726,.T.);
#263=ORIENTED_EDGE('',*,*,#723,.T.);
#264=ORIENTED_EDGE('',*,*,#720,.T.);
#265=ORIENTED_EDGE('',*,*,#714,.T.);
#266=ORIENTED_EDGE('',*,*,#738,.T.);
#267=ORIENTED_EDGE('',*,*,#739,.T.);
#268=ORIENTED_EDGE('',*,*,#740,.T.);
#269=ORIENTED_EDGE('',*,*,#741,.T.);
#270=ORIENTED_EDGE('',*,*,#742,.F.);
#271=ORIENTED_EDGE('',*,*,#743,.T.);
#272=ORIENTED_EDGE('',*,*,#744,.T.);
#273=ORIENTED_EDGE('',*,*,#745,.T.);
#274=ORIENTED_EDGE('',*,*,#742,.T.);
#275=ORIENTED_EDGE('',*,*,#746,.T.);
#276=ORIENTED_EDGE('',*,*,#747,.T.);
#277=ORIENTED_EDGE('',*,*,#748,.T.);
#278=ORIENTED_EDGE('',*,*,#749,.F.);
#279=ORIENTED_EDGE('',*,*,#750,.T.);
#280=ORIENTED_EDGE('',*,*,#751,.T.);
#281=ORIENTED_EDGE('',*,*,#749,.T.);
#282=ORIENTED_EDGE('',*,*,#752,.T.);
#283=ORIENTED_EDGE('',*,*,#753,.T.);
#284=ORIENTED_EDGE('',*,*,#754,.T.);
#285=ORIENTED_EDGE('',*,*,#755,.F.);
#286=ORIENTED_EDGE('',*,*,#756,.F.);
#287=ORIENTED_EDGE('',*,*,#757,.T.);
#288=ORIENTED_EDGE('',*,*,#758,.T.);
#289=ORIENTED_EDGE('',*,*,#759,.T.);
#290=ORIENTED_EDGE('',*,*,#760,.F.);
#291=ORIENTED_EDGE('',*,*,#761,.T.);
#292=ORIENTED_EDGE('',*,*,#756,.T.);
#293=ORIENTED_EDGE('',*,*,#762,.T.);
#294=ORIENTED_EDGE('',*,*,#763,.F.);
#295=ORIENTED_EDGE('',*,*,#764,.T.);
#296=ORIENTED_EDGE('',*,*,#760,.T.);
#297=ORIENTED_EDGE('',*,*,#765,.T.);
#298=ORIENTED_EDGE('',*,*,#766,.F.);
#299=ORIENTED_EDGE('',*,*,#767,.T.);
#300=ORIENTED_EDGE('',*,*,#763,.T.);
#301=ORIENTED_EDGE('',*,*,#768,.T.);
#302=ORIENTED_EDGE('',*,*,#769,.F.);
#303=ORIENTED_EDGE('',*,*,#770,.T.);
#304=ORIENTED_EDGE('',*,*,#766,.T.);
#305=ORIENTED_EDGE('',*,*,#771,.T.);
#306=ORIENTED_EDGE('',*,*,#772,.F.);
#307=ORIENTED_EDGE('',*,*,#773,.T.);
#308=ORIENTED_EDGE('',*,*,#769,.T.);
#309=ORIENTED_EDGE('',*,*,#774,.T.);
#310=ORIENTED_EDGE('',*,*,#775,.F.);
#311=ORIENTED_EDGE('',*,*,#776,.T.);
#312=ORIENTED_EDGE('',*,*,#772,.T.);
#313=ORIENTED_EDGE('',*,*,#777,.T.);
#314=ORIENTED_EDGE('',*,*,#778,.F.);
#315=ORIENTED_EDGE('',*,*,#779,.T.);
#316=ORIENTED_EDGE('',*,*,#775,.T.);
#317=ORIENTED_EDGE('',*,*,#780,.T.);
#318=ORIENTED_EDGE('',*,*,#781,.F.);
#319=ORIENTED_EDGE('',*,*,#782,.T.);
#320=ORIENTED_EDGE('',*,*,#778,.T.);
#321=ORIENTED_EDGE('',*,*,#783,.T.);
#322=ORIENTED_EDGE('',*,*,#758,.F.);
#323=ORIENTED_EDGE('',*,*,#784,.T.);
#324=ORIENTED_EDGE('',*,*,#781,.T.);
#325=ORIENTED_EDGE('',*,*,#785,.T.);
#326=ORIENTED_EDGE('',*,*,#786,.T.);
#327=ORIENTED_EDGE('',*,*,#787,.T.);
#328=ORIENTED_EDGE('',*,*,#788,.T.);
#329=ORIENTED_EDGE('',*,*,#789,.T.);
#330=ORIENTED_EDGE('',*,*,#790,.T.);
#331=ORIENTED_EDGE('',*,*,#791,.T.);
#332=ORIENTED_EDGE('',*,*,#792,.T.);
#333=ORIENTED_EDGE('',*,*,#793,.T.);
#334=ORIENTED_EDGE('',*,*,#794,.T.);
#335=ORIENTED_EDGE('',*,*,#795,.T.);
#336=ORIENTED_EDGE('',*,*,#796,.T.);
#337=ORIENTED_EDGE('',*,*,#797,.T.);
#338=ORIENTED_EDGE('',*,*,#798,.T.);
#339=ORIENTED_EDGE('',*,*,#799,.T.);
#340=ORIENTED_EDGE('',*,*,#800,.T.);
#341=ORIENTED_EDGE('',*,*,#801,.T.);
#342=ORIENTED_EDGE('',*,*,#802,.T.);
#343=ORIENTED_EDGE('',*,*,#803,.T.);
#344=ORIENTED_EDGE('',*,*,#804,.T.);
#345=ORIENTED_EDGE('',*,*,#805,.T.);
#346=ORIENTED_EDGE('',*,*,#806,.T.);
#347=ORIENTED_EDGE('',*,*,#807,.T.);
#348=ORIENTED_EDGE('',*,*,#808,.T.);
#349=ORIENTED_EDGE('',*,*,#809,.T.);
#350=ORIENTED_EDGE('',*,*,#810,.T.);
#351=ORIENTED_EDGE('',*,*,#811,.T.);
#352=ORIENTED_EDGE('',*,*,#812,.T.);
#353=ORIENTED_EDGE('',*,*,#813,.T.);
#354=ORIENTED_EDGE('',*,*,#814,.T.);
#355=ORIENTED_EDGE('',*,*,#815,.T.);
#356=ORIENTED_EDGE('',*,*,#816,.T.);
#357=ORIENTED_EDGE('',*,*,#817,.T.);
#358=ORIENTED_EDGE('',*,*,#818,.T.);
#359=ORIENTED_EDGE('',*,*,#819,.T.);
#360=ORIENTED_EDGE('',*,*,#820,.T.);
#361=ORIENTED_EDGE('',*,*,#821,.T.);
#362=ORIENTED_EDGE('',*,*,#822,.F.);
#363=ORIENTED_EDGE('',*,*,#823,.F.);
#364=ORIENTED_EDGE('',*,*,#747,.F.);
#365=ORIENTED_EDGE('',*,*,#824,.T.);
#366=ORIENTED_EDGE('',*,*,#825,.T.);
#367=ORIENTED_EDGE('',*,*,#826,.T.);
#368=ORIENTED_EDGE('',*,*,#732,.F.);
#369=ORIENTED_EDGE('',*,*,#735,.F.);
#370=ORIENTED_EDGE('',*,*,#734,.F.);
#371=ORIENTED_EDGE('',*,*,#731,.F.);
#372=ORIENTED_EDGE('',*,*,#823,.T.);
#373=ORIENTED_EDGE('',*,*,#730,.F.);
#374=ORIENTED_EDGE('',*,*,#827,.F.);
#375=ORIENTED_EDGE('',*,*,#717,.F.);
#376=ORIENTED_EDGE('',*,*,#710,.F.);
#377=ORIENTED_EDGE('',*,*,#707,.F.);
#378=ORIENTED_EDGE('',*,*,#828,.T.);
#379=ORIENTED_EDGE('',*,*,#736,.T.);
#380=ORIENTED_EDGE('',*,*,#718,.F.);
#381=ORIENTED_EDGE('',*,*,#827,.T.);
#382=ORIENTED_EDGE('',*,*,#729,.T.);
#383=ORIENTED_EDGE('',*,*,#733,.T.);
#384=ORIENTED_EDGE('',*,*,#727,.F.);
#385=ORIENTED_EDGE('',*,*,#737,.T.);
#386=ORIENTED_EDGE('',*,*,#713,.T.);
#387=ORIENTED_EDGE('',*,*,#685,.F.);
#388=ORIENTED_EDGE('',*,*,#688,.F.);
#389=ORIENTED_EDGE('',*,*,#687,.F.);
#390=ORIENTED_EDGE('',*,*,#684,.F.);
#391=ORIENTED_EDGE('',*,*,#822,.T.);
#392=ORIENTED_EDGE('',*,*,#683,.F.);
#393=ORIENTED_EDGE('',*,*,#829,.F.);
#394=ORIENTED_EDGE('',*,*,#670,.F.);
#395=ORIENTED_EDGE('',*,*,#663,.F.);
#396=ORIENTED_EDGE('',*,*,#660,.F.);
#397=ORIENTED_EDGE('',*,*,#830,.T.);
#398=ORIENTED_EDGE('',*,*,#689,.T.);
#399=ORIENTED_EDGE('',*,*,#671,.F.);
#400=ORIENTED_EDGE('',*,*,#829,.T.);
#401=ORIENTED_EDGE('',*,*,#682,.T.);
#402=ORIENTED_EDGE('',*,*,#686,.T.);
#403=ORIENTED_EDGE('',*,*,#680,.F.);
#404=ORIENTED_EDGE('',*,*,#690,.T.);
#405=ORIENTED_EDGE('',*,*,#666,.T.);
#406=ORIENTED_EDGE('',*,*,#831,.T.);
#407=ORIENTED_EDGE('',*,*,#832,.T.);
#408=ORIENTED_EDGE('',*,*,#755,.T.);
#409=ORIENTED_EDGE('',*,*,#833,.T.);
#410=ORIENTED_EDGE('',*,*,#834,.T.);
#411=ORIENTED_EDGE('',*,*,#835,.T.);
#412=ORIENTED_EDGE('',*,*,#744,.F.);
#413=ORIENTED_EDGE('',*,*,#836,.T.);
#414=ORIENTED_EDGE('',*,*,#837,.T.);
#415=ORIENTED_EDGE('',*,*,#838,.T.);
#416=ORIENTED_EDGE('',*,*,#738,.F.);
#417=ORIENTED_EDGE('',*,*,#839,.T.);
#418=ORIENTED_EDGE('',*,*,#840,.F.);
#419=ORIENTED_EDGE('',*,*,#841,.T.);
#420=ORIENTED_EDGE('',*,*,#842,.T.);
#421=ORIENTED_EDGE('',*,*,#843,.T.);
#422=ORIENTED_EDGE('',*,*,#844,.T.);
#423=ORIENTED_EDGE('',*,*,#845,.T.);
#424=ORIENTED_EDGE('',*,*,#840,.T.);
#425=ORIENTED_EDGE('',*,*,#846,.T.);
#426=ORIENTED_EDGE('',*,*,#847,.T.);
#427=ORIENTED_EDGE('',*,*,#848,.T.);
#428=ORIENTED_EDGE('',*,*,#849,.T.);
#429=ORIENTED_EDGE('',*,*,#850,.T.);
#430=ORIENTED_EDGE('',*,*,#851,.T.);
#431=ORIENTED_EDGE('',*,*,#852,.T.);
#432=ORIENTED_EDGE('',*,*,#853,.F.);
#433=ORIENTED_EDGE('',*,*,#824,.F.);
#434=ORIENTED_EDGE('',*,*,#746,.F.);
#435=ORIENTED_EDGE('',*,*,#741,.F.);
#436=ORIENTED_EDGE('',*,*,#854,.F.);
#437=ORIENTED_EDGE('',*,*,#853,.T.);
#438=ORIENTED_EDGE('',*,*,#855,.F.);
#439=ORIENTED_EDGE('',*,*,#855,.T.);
#440=ORIENTED_EDGE('',*,*,#740,.F.);
#441=ORIENTED_EDGE('',*,*,#856,.F.);
#442=ORIENTED_EDGE('',*,*,#787,.F.);
#443=ORIENTED_EDGE('',*,*,#854,.T.);
#444=ORIENTED_EDGE('',*,*,#786,.F.);
#445=ORIENTED_EDGE('',*,*,#857,.F.);
#446=ORIENTED_EDGE('',*,*,#825,.F.);
#447=ORIENTED_EDGE('',*,*,#748,.F.);
#448=ORIENTED_EDGE('',*,*,#826,.F.);
#449=ORIENTED_EDGE('',*,*,#858,.F.);
#450=ORIENTED_EDGE('',*,*,#752,.F.);
#451=ORIENTED_EDGE('',*,*,#745,.F.);
#452=ORIENTED_EDGE('',*,*,#835,.F.);
#453=ORIENTED_EDGE('',*,*,#859,.F.);
#454=ORIENTED_EDGE('',*,*,#839,.F.);
#455=ORIENTED_EDGE('',*,*,#860,.F.);
#456=ORIENTED_EDGE('',*,*,#856,.T.);
#457=ORIENTED_EDGE('',*,*,#861,.F.);
#458=ORIENTED_EDGE('',*,*,#858,.T.);
#459=ORIENTED_EDGE('',*,*,#857,.T.);
#460=ORIENTED_EDGE('',*,*,#862,.F.);
#461=ORIENTED_EDGE('',*,*,#859,.T.);
#462=ORIENTED_EDGE('',*,*,#834,.F.);
#463=ORIENTED_EDGE('',*,*,#863,.F.);
#464=ORIENTED_EDGE('',*,*,#846,.F.);
#465=ORIENTED_EDGE('',*,*,#861,.T.);
#466=ORIENTED_EDGE('',*,*,#739,.F.);
#467=ORIENTED_EDGE('',*,*,#864,.F.);
#468=ORIENTED_EDGE('',*,*,#807,.F.);
#469=ORIENTED_EDGE('',*,*,#860,.T.);
#470=ORIENTED_EDGE('',*,*,#806,.F.);
#471=ORIENTED_EDGE('',*,*,#865,.F.);
#472=ORIENTED_EDGE('',*,*,#788,.F.);
#473=ORIENTED_EDGE('',*,*,#862,.T.);
#474=ORIENTED_EDGE('',*,*,#789,.F.);
#475=ORIENTED_EDGE('',*,*,#866,.F.);
#476=ORIENTED_EDGE('',*,*,#753,.F.);
#477=ORIENTED_EDGE('',*,*,#867,.F.);
#478=ORIENTED_EDGE('',*,*,#863,.T.);
#479=ORIENTED_EDGE('',*,*,#868,.F.);
#480=ORIENTED_EDGE('',*,*,#864,.T.);
#481=ORIENTED_EDGE('',*,*,#841,.F.);
#482=ORIENTED_EDGE('',*,*,#869,.F.);
#483=ORIENTED_EDGE('',*,*,#808,.F.);
#484=ORIENTED_EDGE('',*,*,#866,.T.);
#485=ORIENTED_EDGE('',*,*,#865,.T.);
#486=ORIENTED_EDGE('',*,*,#870,.F.);
#487=ORIENTED_EDGE('',*,*,#751,.F.);
#488=ORIENTED_EDGE('',*,*,#832,.F.);
#489=ORIENTED_EDGE('',*,*,#871,.F.);
#490=ORIENTED_EDGE('',*,*,#836,.F.);
#491=ORIENTED_EDGE('',*,*,#743,.F.);
#492=ORIENTED_EDGE('',*,*,#750,.F.);
#493=ORIENTED_EDGE('',*,*,#872,.F.);
#494=ORIENTED_EDGE('',*,*,#837,.F.);
#495=ORIENTED_EDGE('',*,*,#873,.F.);
#496=ORIENTED_EDGE('',*,*,#844,.F.);
#497=ORIENTED_EDGE('',*,*,#868,.T.);
#498=ORIENTED_EDGE('',*,*,#838,.F.);
#499=ORIENTED_EDGE('',*,*,#874,.F.);
#500=ORIENTED_EDGE('',*,*,#850,.F.);
#501=ORIENTED_EDGE('',*,*,#867,.T.);
#502=ORIENTED_EDGE('',*,*,#849,.F.);
#503=ORIENTED_EDGE('',*,*,#875,.F.);
#504=ORIENTED_EDGE('',*,*,#847,.F.);
#505=ORIENTED_EDGE('',*,*,#869,.T.);
#506=ORIENTED_EDGE('',*,*,#848,.F.);
#507=ORIENTED_EDGE('',*,*,#876,.F.);
#508=ORIENTED_EDGE('',*,*,#809,.F.);
#509=ORIENTED_EDGE('',*,*,#870,.T.);
#510=ORIENTED_EDGE('',*,*,#805,.F.);
#511=ORIENTED_EDGE('',*,*,#877,.F.);
#512=ORIENTED_EDGE('',*,*,#754,.F.);
#513=ORIENTED_EDGE('',*,*,#873,.T.);
#514=ORIENTED_EDGE('',*,*,#871,.T.);
#515=ORIENTED_EDGE('',*,*,#878,.F.);
#516=ORIENTED_EDGE('',*,*,#874,.T.);
#517=ORIENTED_EDGE('',*,*,#872,.T.);
#518=ORIENTED_EDGE('',*,*,#879,.F.);
#519=ORIENTED_EDGE('',*,*,#876,.T.);
#520=ORIENTED_EDGE('',*,*,#875,.T.);
#521=ORIENTED_EDGE('',*,*,#880,.F.);
#522=ORIENTED_EDGE('',*,*,#804,.F.);
#523=ORIENTED_EDGE('',*,*,#881,.T.);
#524=ORIENTED_EDGE('',*,*,#790,.F.);
#525=ORIENTED_EDGE('',*,*,#882,.F.);
#526=ORIENTED_EDGE('',*,*,#833,.F.);
#527=ORIENTED_EDGE('',*,*,#877,.T.);
#528=ORIENTED_EDGE('',*,*,#878,.T.);
#529=ORIENTED_EDGE('',*,*,#831,.F.);
#530=ORIENTED_EDGE('',*,*,#883,.F.);
#531=ORIENTED_EDGE('',*,*,#845,.F.);
#532=ORIENTED_EDGE('',*,*,#879,.T.);
#533=ORIENTED_EDGE('',*,*,#843,.F.);
#534=ORIENTED_EDGE('',*,*,#884,.F.);
#535=ORIENTED_EDGE('',*,*,#851,.F.);
#536=ORIENTED_EDGE('',*,*,#880,.T.);
#537=ORIENTED_EDGE('',*,*,#852,.F.);
#538=ORIENTED_EDGE('',*,*,#885,.F.);
#539=ORIENTED_EDGE('',*,*,#810,.F.);
#540=ORIENTED_EDGE('',*,*,#883,.T.);
#541=ORIENTED_EDGE('',*,*,#882,.T.);
#542=ORIENTED_EDGE('',*,*,#886,.F.);
#543=ORIENTED_EDGE('',*,*,#885,.T.);
#544=ORIENTED_EDGE('',*,*,#884,.T.);
#545=ORIENTED_EDGE('',*,*,#887,.F.);
#546=ORIENTED_EDGE('',*,*,#886,.T.);
#547=ORIENTED_EDGE('',*,*,#811,.F.);
#548=ORIENTED_EDGE('',*,*,#887,.T.);
#549=ORIENTED_EDGE('',*,*,#842,.F.);
#550=ORIENTED_EDGE('',*,*,#888,.F.);
#551=ORIENTED_EDGE('',*,*,#801,.F.);
#552=ORIENTED_EDGE('',*,*,#889,.F.);
#553=ORIENTED_EDGE('',*,*,#761,.F.);
#554=ORIENTED_EDGE('',*,*,#889,.T.);
#555=ORIENTED_EDGE('',*,*,#800,.F.);
#556=ORIENTED_EDGE('',*,*,#890,.F.);
#557=ORIENTED_EDGE('',*,*,#757,.F.);
#558=ORIENTED_EDGE('',*,*,#891,.F.);
#559=ORIENTED_EDGE('',*,*,#892,.T.);
#560=ORIENTED_EDGE('',*,*,#802,.F.);
#561=ORIENTED_EDGE('',*,*,#888,.T.);
#562=ORIENTED_EDGE('',*,*,#764,.F.);
#563=ORIENTED_EDGE('',*,*,#890,.T.);
#564=ORIENTED_EDGE('',*,*,#799,.F.);
#565=ORIENTED_EDGE('',*,*,#893,.F.);
#566=ORIENTED_EDGE('',*,*,#784,.F.);
#567=ORIENTED_EDGE('',*,*,#792,.F.);
#568=ORIENTED_EDGE('',*,*,#894,.T.);
#569=ORIENTED_EDGE('',*,*,#891,.T.);
#570=ORIENTED_EDGE('',*,*,#767,.F.);
#571=ORIENTED_EDGE('',*,*,#895,.F.);
#572=ORIENTED_EDGE('',*,*,#896,.T.);
#573=ORIENTED_EDGE('',*,*,#893,.T.);
#574=ORIENTED_EDGE('',*,*,#798,.F.);
#575=ORIENTED_EDGE('',*,*,#897,.F.);
#576=ORIENTED_EDGE('',*,*,#782,.F.);
#577=ORIENTED_EDGE('',*,*,#794,.F.);
#578=ORIENTED_EDGE('',*,*,#898,.T.);
#579=ORIENTED_EDGE('',*,*,#895,.T.);
#580=ORIENTED_EDGE('',*,*,#770,.F.);
#581=ORIENTED_EDGE('',*,*,#899,.F.);
#582=ORIENTED_EDGE('',*,*,#897,.T.);
#583=ORIENTED_EDGE('',*,*,#797,.F.);
#584=ORIENTED_EDGE('',*,*,#900,.F.);
#585=ORIENTED_EDGE('',*,*,#779,.F.);
#586=ORIENTED_EDGE('',*,*,#899,.T.);
#587=ORIENTED_EDGE('',*,*,#773,.F.);
#588=ORIENTED_EDGE('',*,*,#901,.F.);
#589=ORIENTED_EDGE('',*,*,#795,.F.);
#590=ORIENTED_EDGE('',*,*,#900,.T.);
#591=ORIENTED_EDGE('',*,*,#796,.F.);
#592=ORIENTED_EDGE('',*,*,#901,.T.);
#593=ORIENTED_EDGE('',*,*,#776,.F.);
#594=ORIENTED_EDGE('',*,*,#902,.F.);
#595=ORIENTED_EDGE('',*,*,#762,.F.);
#596=ORIENTED_EDGE('',*,*,#903,.F.);
#597=ORIENTED_EDGE('',*,*,#818,.F.);
#598=ORIENTED_EDGE('',*,*,#903,.T.);
#599=ORIENTED_EDGE('',*,*,#759,.F.);
#600=ORIENTED_EDGE('',*,*,#904,.F.);
#601=ORIENTED_EDGE('',*,*,#819,.F.);
#602=ORIENTED_EDGE('',*,*,#902,.T.);
#603=ORIENTED_EDGE('',*,*,#817,.F.);
#604=ORIENTED_EDGE('',*,*,#905,.F.);
#605=ORIENTED_EDGE('',*,*,#765,.F.);
#606=ORIENTED_EDGE('',*,*,#904,.T.);
#607=ORIENTED_EDGE('',*,*,#785,.F.);
#608=ORIENTED_EDGE('',*,*,#906,.F.);
#609=ORIENTED_EDGE('',*,*,#820,.F.);
#610=ORIENTED_EDGE('',*,*,#905,.T.);
#611=ORIENTED_EDGE('',*,*,#816,.F.);
#612=ORIENTED_EDGE('',*,*,#907,.F.);
#613=ORIENTED_EDGE('',*,*,#768,.F.);
#614=ORIENTED_EDGE('',*,*,#906,.T.);
#615=ORIENTED_EDGE('',*,*,#783,.F.);
#616=ORIENTED_EDGE('',*,*,#908,.F.);
#617=ORIENTED_EDGE('',*,*,#821,.F.);
#618=ORIENTED_EDGE('',*,*,#907,.T.);
#619=ORIENTED_EDGE('',*,*,#815,.F.);
#620=ORIENTED_EDGE('',*,*,#909,.F.);
#621=ORIENTED_EDGE('',*,*,#771,.F.);
#622=ORIENTED_EDGE('',*,*,#908,.T.);
#623=ORIENTED_EDGE('',*,*,#780,.F.);
#624=ORIENTED_EDGE('',*,*,#910,.F.);
#625=ORIENTED_EDGE('',*,*,#812,.F.);
#626=ORIENTED_EDGE('',*,*,#909,.T.);
#627=ORIENTED_EDGE('',*,*,#814,.F.);
#628=ORIENTED_EDGE('',*,*,#911,.F.);
#629=ORIENTED_EDGE('',*,*,#774,.F.);
#630=ORIENTED_EDGE('',*,*,#910,.T.);
#631=ORIENTED_EDGE('',*,*,#777,.F.);
#632=ORIENTED_EDGE('',*,*,#911,.T.);
#633=ORIENTED_EDGE('',*,*,#813,.F.);
#634=ORIENTED_EDGE('',*,*,#828,.F.);
#635=ORIENTED_EDGE('',*,*,#894,.F.);
#636=ORIENTED_EDGE('',*,*,#791,.F.);
#637=ORIENTED_EDGE('',*,*,#881,.F.);
#638=ORIENTED_EDGE('',*,*,#803,.F.);
#639=ORIENTED_EDGE('',*,*,#892,.F.);
#640=ORIENTED_EDGE('',*,*,#830,.F.);
#641=ORIENTED_EDGE('',*,*,#898,.F.);
#642=ORIENTED_EDGE('',*,*,#793,.F.);
#643=ORIENTED_EDGE('',*,*,#896,.F.);
#644=EDGE_CURVE('',#912,#913,#1066,.F.);
#645=EDGE_CURVE('',#914,#912,#1067,.F.);
#646=EDGE_CURVE('',#914,#915,#1068,.F.);
#647=EDGE_CURVE('',#915,#913,#1069,.F.);
#648=EDGE_CURVE('',#916,#912,#1070,.F.);
#649=EDGE_CURVE('',#917,#916,#1071,.F.);
#650=EDGE_CURVE('',#917,#914,#1072,.F.);
#651=EDGE_CURVE('',#918,#919,#1073,.F.);
#652=EDGE_CURVE('',#920,#919,#1074,.F.);
#653=EDGE_CURVE('',#921,#920,#1075,.T.);
#654=EDGE_CURVE('',#921,#918,#1076,.F.);
#655=EDGE_CURVE('',#922,#918,#1077,.F.);
#656=EDGE_CURVE('',#923,#921,#1078,.T.);
#657=EDGE_CURVE('',#923,#922,#1079,.F.);
#658=EDGE_CURVE('',#922,#924,#1080,.T.);
#659=EDGE_CURVE('',#925,#923,#1081,.F.);
#660=EDGE_CURVE('',#925,#926,#1082,.T.);
#661=EDGE_CURVE('',#926,#924,#1083,.F.);
#662=EDGE_CURVE('',#924,#916,#1084,.T.);
#663=EDGE_CURVE('',#926,#927,#1085,.T.);
#664=EDGE_CURVE('',#927,#917,#1086,.F.);
#665=EDGE_CURVE('',#915,#928,#1087,.F.);
#666=EDGE_CURVE('',#929,#928,#1088,.T.);
#667=EDGE_CURVE('',#930,#929,#1089,.F.);
#668=EDGE_CURVE('',#930,#915,#1090,.F.);
#669=EDGE_CURVE('',#917,#931,#1091,.T.);
#670=EDGE_CURVE('',#927,#932,#1092,.T.);
#671=EDGE_CURVE('',#932,#931,#1093,.T.);
#672=EDGE_CURVE('',#933,#913,#1094,.T.);
#673=EDGE_CURVE('',#934,#930,#1095,.F.);
#674=EDGE_CURVE('',#934,#933,#1096,.F.);
#675=EDGE_CURVE('',#919,#933,#1097,.T.);
#676=EDGE_CURVE('',#935,#934,#1098,.F.);
#677=EDGE_CURVE('',#935,#920,#1099,.F.);
#678=EDGE_CURVE('',#936,#920,#1100,.F.);
#679=EDGE_CURVE('',#937,#935,#1101,.F.);
#680=EDGE_CURVE('',#937,#936,#1102,.T.);
#681=EDGE_CURVE('',#938,#923,#1103,.T.);
#682=EDGE_CURVE('',#939,#938,#1104,.T.);
#683=EDGE_CURVE('',#939,#925,#1105,.T.);
#684=EDGE_CURVE('',#912,#924,#85,.F.);
#685=EDGE_CURVE('',#933,#912,#86,.F.);
#686=EDGE_CURVE('',#938,#936,#87,.F.);
#687=EDGE_CURVE('',#924,#918,#88,.F.);
#688=EDGE_CURVE('',#918,#933,#89,.F.);
#689=EDGE_CURVE('',#928,#931,#90,.F.);
#690=EDGE_CURVE('',#937,#929,#91,.F.);
#691=EDGE_CURVE('',#940,#941,#1106,.F.);
#692=EDGE_CURVE('',#942,#940,#1107,.F.);
#693=EDGE_CURVE('',#942,#943,#1108,.F.);
#694=EDGE_CURVE('',#943,#941,#1109,.F.);
#695=EDGE_CURVE('',#944,#940,#1110,.F.);
#696=EDGE_CURVE('',#945,#944,#1111,.F.);
#697=EDGE_CURVE('',#945,#942,#1112,.F.);
#698=EDGE_CURVE('',#946,#947,#1113,.F.);
#699=EDGE_CURVE('',#948,#947,#1114,.F.);
#700=EDGE_CURVE('',#949,#948,#1115,.T.);
#701=EDGE_CURVE('',#949,#946,#1116,.F.);
#702=EDGE_CURVE('',#950,#946,#1117,.F.);
#703=EDGE_CURVE('',#951,#949,#1118,.T.);
#704=EDGE_CURVE('',#951,#950,#1119,.F.);
#705=EDGE_CURVE('',#950,#952,#1120,.T.);
#706=EDGE_CURVE('',#953,#951,#1121,.F.);
#707=EDGE_CURVE('',#953,#954,#1122,.T.);
#708=EDGE_CURVE('',#954,#952,#1123,.F.);
#709=EDGE_CURVE('',#952,#944,#1124,.T.);
#710=EDGE_CURVE('',#954,#955,#1125,.T.);
#711=EDGE_CURVE('',#955,#945,#1126,.F.);
#712=EDGE_CURVE('',#943,#956,#1127,.F.);
#713=EDGE_CURVE('',#957,#956,#1128,.T.);
#714=EDGE_CURVE('',#958,#957,#1129,.F.);
#715=EDGE_CURVE('',#958,#943,#1130,.F.);
#716=EDGE_CURVE('',#945,#959,#1131,.T.);
#717=EDGE_CURVE('',#955,#960,#1132,.T.);
#718=EDGE_CURVE('',#960,#959,#1133,.T.);
#719=EDGE_CURVE('',#961,#941,#1134,.T.);
#720=EDGE_CURVE('',#962,#958,#1135,.F.);
#721=EDGE_CURVE('',#962,#961,#1136,.F.);
#722=EDGE_CURVE('',#947,#961,#1137,.T.);
#723=EDGE_CURVE('',#963,#962,#1138,.F.);
#724=EDGE_CURVE('',#963,#948,#1139,.F.);
#725=EDGE_CURVE('',#964,#948,#1140,.F.);
#726=EDGE_CURVE('',#965,#963,#1141,.F.);
#727=EDGE_CURVE('',#965,#964,#1142,.T.);
#728=EDGE_CURVE('',#966,#951,#1143,.T.);
#729=EDGE_CURVE('',#967,#966,#1144,.T.);
#730=EDGE_CURVE('',#967,#953,#1145,.T.);
#731=EDGE_CURVE('',#940,#952,#92,.F.);
#732=EDGE_CURVE('',#961,#940,#93,.F.);
#733=EDGE_CURVE('',#966,#964,#94,.F.);
#734=EDGE_CURVE('',#952,#946,#95,.F.);
#735=EDGE_CURVE('',#946,#961,#96,.F.);
#736=EDGE_CURVE('',#956,#959,#97,.F.);
#737=EDGE_CURVE('',#965,#957,#98,.F.);
#738=EDGE_CURVE('',#968,#969,#1146,.T.);
#739=EDGE_CURVE('',#969,#970,#1147,.T.);
#740=EDGE_CURVE('',#970,#971,#1148,.T.);
#741=EDGE_CURVE('',#971,#972,#1149,.T.);
#742=EDGE_CURVE('',#973,#972,#1150,.T.);
#743=EDGE_CURVE('',#973,#974,#1151,.T.);
#744=EDGE_CURVE('',#974,#975,#1152,.T.);
#745=EDGE_CURVE('',#975,#968,#1153,.T.);
#746=EDGE_CURVE('',#972,#976,#1154,.T.);
#747=EDGE_CURVE('',#976,#977,#1155,.T.);
#748=EDGE_CURVE('',#977,#978,#1156,.T.);
#749=EDGE_CURVE('',#979,#978,#1157,.T.);
#750=EDGE_CURVE('',#979,#973,#1158,.T.);
#751=EDGE_CURVE('',#980,#979,#1159,.T.);
#752=EDGE_CURVE('',#978,#981,#1160,.T.);
#753=EDGE_CURVE('',#981,#982,#1161,.T.);
#754=EDGE_CURVE('',#982,#983,#1162,.T.);
#755=EDGE_CURVE('',#980,#983,#1163,.T.);
#756=EDGE_CURVE('',#984,#985,#1164,.T.);
#757=EDGE_CURVE('',#984,#986,#1165,.T.);
#758=EDGE_CURVE('',#986,#987,#1166,.T.);
#759=EDGE_CURVE('',#987,#985,#1167,.T.);
#760=EDGE_CURVE('',#988,#989,#1168,.T.);
#761=EDGE_CURVE('',#988,#984,#30,.T.);
#762=EDGE_CURVE('',#985,#989,#31,.T.);
#763=EDGE_CURVE('',#990,#991,#1169,.T.);
#764=EDGE_CURVE('',#990,#988,#32,.T.);
#765=EDGE_CURVE('',#989,#991,#33,.T.);
#766=EDGE_CURVE('',#992,#993,#1170,.T.);
#767=EDGE_CURVE('',#992,#990,#1171,.T.);
#768=EDGE_CURVE('',#991,#993,#1172,.T.);
#769=EDGE_CURVE('',#994,#995,#1173,.T.);
#770=EDGE_CURVE('',#994,#992,#34,.T.);
#771=EDGE_CURVE('',#993,#995,#35,.T.);
#772=EDGE_CURVE('',#996,#997,#1174,.T.);
#773=EDGE_CURVE('',#996,#994,#36,.T.);
#774=EDGE_CURVE('',#995,#997,#37,.T.);
#775=EDGE_CURVE('',#998,#999,#1175,.T.);
#776=EDGE_CURVE('',#998,#996,#1176,.T.);
#777=EDGE_CURVE('',#997,#999,#1177,.T.);
#778=EDGE_CURVE('',#1000,#1001,#1178,.T.);
#779=EDGE_CURVE('',#1000,#998,#38,.T.);
#780=EDGE_CURVE('',#999,#1001,#39,.T.);
#781=EDGE_CURVE('',#1002,#1003,#1179,.T.);
#782=EDGE_CURVE('',#1002,#1000,#1180,.T.);
#783=EDGE_CURVE('',#1001,#1003,#1181,.T.);
#784=EDGE_CURVE('',#986,#1002,#40,.T.);
#785=EDGE_CURVE('',#1003,#987,#41,.T.);
#786=EDGE_CURVE('',#1004,#1005,#1182,.T.);
#787=EDGE_CURVE('',#1005,#1006,#1183,.T.);
#788=EDGE_CURVE('',#1006,#1007,#1184,.T.);
#789=EDGE_CURVE('',#1007,#1004,#1185,.T.);
#790=EDGE_CURVE('',#1008,#1009,#1186,.T.);
#791=EDGE_CURVE('',#1009,#1010,#99,.F.);
#792=EDGE_CURVE('',#1010,#1011,#1187,.T.);
#793=EDGE_CURVE('',#1011,#1012,#100,.F.);
#794=EDGE_CURVE('',#1012,#1013,#42,.T.);
#795=EDGE_CURVE('',#1013,#1014,#14,.F.);
#796=EDGE_CURVE('',#1014,#1015,#1188,.T.);
#797=EDGE_CURVE('',#1015,#1016,#43,.T.);
#798=EDGE_CURVE('',#1016,#1017,#1189,.T.);
#799=EDGE_CURVE('',#1017,#1018,#44,.T.);
#800=EDGE_CURVE('',#1018,#1019,#1190,.T.);
#801=EDGE_CURVE('',#1019,#1020,#15,.F.);
#802=EDGE_CURVE('',#1020,#1021,#45,.T.);
#803=EDGE_CURVE('',#1021,#1022,#101,.F.);
#804=EDGE_CURVE('',#1022,#1023,#1191,.T.);
#805=EDGE_CURVE('',#1023,#1024,#1192,.T.);
#806=EDGE_CURVE('',#1024,#1025,#1193,.T.);
#807=EDGE_CURVE('',#1025,#1026,#1194,.T.);
#808=EDGE_CURVE('',#1026,#1027,#1195,.T.);
#809=EDGE_CURVE('',#1027,#1028,#1196,.T.);
#810=EDGE_CURVE('',#1028,#1029,#1197,.T.);
#811=EDGE_CURVE('',#1029,#1008,#1198,.T.);
#812=EDGE_CURVE('',#1030,#1031,#46,.T.);
#813=EDGE_CURVE('',#1031,#1032,#1199,.T.);
#814=EDGE_CURVE('',#1032,#1033,#16,.T.);
#815=EDGE_CURVE('',#1033,#1034,#47,.T.);
#816=EDGE_CURVE('',#1034,#1035,#1200,.T.);
#817=EDGE_CURVE('',#1035,#1036,#48,.T.);
#818=EDGE_CURVE('',#1036,#1037,#17,.T.);
#819=EDGE_CURVE('',#1037,#1038,#1201,.T.);
#820=EDGE_CURVE('',#1038,#1039,#49,.T.);
#821=EDGE_CURVE('',#1039,#1030,#1202,.T.);
#822=EDGE_CURVE('',#1040,#1040,#102,.F.);
#823=EDGE_CURVE('',#1041,#1041,#103,.F.);
#824=EDGE_CURVE('',#976,#1042,#1203,.T.);
#825=EDGE_CURVE('',#1042,#1043,#1204,.T.);
#826=EDGE_CURVE('',#1043,#977,#1205,.T.);
#827=EDGE_CURVE('',#960,#967,#104,.F.);
#828=EDGE_CURVE('',#1044,#1044,#105,.T.);
#829=EDGE_CURVE('',#932,#939,#106,.F.);
#830=EDGE_CURVE('',#1045,#1045,#107,.T.);
#831=EDGE_CURVE('',#1046,#1047,#1206,.T.);
#832=EDGE_CURVE('',#1047,#980,#1207,.T.);
#833=EDGE_CURVE('',#983,#1046,#1208,.T.);
#834=EDGE_CURVE('',#1048,#1049,#1209,.T.);
#835=EDGE_CURVE('',#1049,#975,#1210,.T.);
#836=EDGE_CURVE('',#974,#1050,#1211,.T.);
#837=EDGE_CURVE('',#1050,#1051,#1212,.T.);
#838=EDGE_CURVE('',#1051,#1048,#1213,.T.);
#839=EDGE_CURVE('',#968,#1052,#1214,.T.);
#840=EDGE_CURVE('',#1053,#1052,#1215,.T.);
#841=EDGE_CURVE('',#1053,#969,#1216,.T.);
#842=EDGE_CURVE('',#1054,#1055,#1217,.T.);
#843=EDGE_CURVE('',#1055,#1056,#1218,.T.);
#844=EDGE_CURVE('',#1056,#1057,#1219,.T.);
#845=EDGE_CURVE('',#1057,#1054,#1220,.T.);
#846=EDGE_CURVE('',#1052,#1058,#1221,.T.);
#847=EDGE_CURVE('',#1058,#1059,#1222,.T.);
#848=EDGE_CURVE('',#1059,#1053,#1223,.T.);
#849=EDGE_CURVE('',#1060,#1061,#1224,.T.);
#850=EDGE_CURVE('',#1061,#1062,#1225,.T.);
#851=EDGE_CURVE('',#1062,#1063,#1226,.T.);
#852=EDGE_CURVE('',#1063,#1060,#1227,.T.);
#853=EDGE_CURVE('',#1042,#971,#1228,.T.);
#854=EDGE_CURVE('',#1042,#1005,#1229,.T.);
#855=EDGE_CURVE('',#1005,#971,#1230,.F.);
#856=EDGE_CURVE('',#1006,#970,#1231,.T.);
#857=EDGE_CURVE('',#1043,#1004,#1232,.F.);
#858=EDGE_CURVE('',#981,#1043,#1233,.T.);
#859=EDGE_CURVE('',#1052,#1049,#1234,.F.);
#860=EDGE_CURVE('',#1006,#1025,#1235,.F.);
#861=EDGE_CURVE('',#1025,#970,#1236,.T.);
#862=EDGE_CURVE('',#981,#1004,#1237,.F.);
#863=EDGE_CURVE('',#1058,#1048,#1238,.F.);
#864=EDGE_CURVE('',#1026,#969,#1239,.T.);
#865=EDGE_CURVE('',#1007,#1024,#1240,.T.);
#866=EDGE_CURVE('',#982,#1007,#1241,.T.);
#867=EDGE_CURVE('',#1058,#1061,#1242,.F.);
#868=EDGE_CURVE('',#1061,#1048,#1243,.F.);
#869=EDGE_CURVE('',#1027,#1053,#1244,.F.);
#870=EDGE_CURVE('',#982,#1024,#1245,.T.);
#871=EDGE_CURVE('',#1050,#1047,#1246,.T.);
#872=EDGE_CURVE('',#1051,#1056,#1247,.T.);
#873=EDGE_CURVE('',#1057,#1050,#1248,.T.);
#874=EDGE_CURVE('',#1062,#1051,#1249,.T.);
#875=EDGE_CURVE('',#1059,#1060,#1250,.T.);
#876=EDGE_CURVE('',#1028,#1059,#1251,.T.);
#877=EDGE_CURVE('',#983,#1023,#1252,.F.);
#878=EDGE_CURVE('',#1057,#1047,#1253,.T.);
#879=EDGE_CURVE('',#1062,#1056,#1254,.T.);
#880=EDGE_CURVE('',#1028,#1060,#1255,.T.);
#881=EDGE_CURVE('',#1022,#1009,#50,.T.);
#882=EDGE_CURVE('',#1046,#1008,#1256,.F.);
#883=EDGE_CURVE('',#1054,#1046,#1257,.F.);
#884=EDGE_CURVE('',#1063,#1055,#1258,.F.);
#885=EDGE_CURVE('',#1029,#1063,#1259,.F.);
#886=EDGE_CURVE('',#1054,#1008,#1260,.T.);
#887=EDGE_CURVE('',#1029,#1055,#1261,.T.);
#888=EDGE_CURVE('',#1020,#988,#51,.F.);
#889=EDGE_CURVE('',#984,#1019,#52,.T.);
#890=EDGE_CURVE('',#986,#1018,#53,.F.);
#891=EDGE_CURVE('',#1064,#990,#54,.T.);
#892=EDGE_CURVE('',#1064,#1021,#55,.T.);
#893=EDGE_CURVE('',#1002,#1017,#56,.T.);
#894=EDGE_CURVE('',#1010,#1064,#57,.T.);
#895=EDGE_CURVE('',#1065,#992,#58,.F.);
#896=EDGE_CURVE('',#1065,#1011,#59,.T.);
#897=EDGE_CURVE('',#1000,#1016,#60,.F.);
#898=EDGE_CURVE('',#1012,#1065,#61,.T.);
#899=EDGE_CURVE('',#1013,#994,#62,.T.);
#900=EDGE_CURVE('',#998,#1015,#63,.T.);
#901=EDGE_CURVE('',#1014,#996,#64,.T.);
#902=EDGE_CURVE('',#989,#1036,#65,.F.);
#903=EDGE_CURVE('',#1037,#985,#66,.T.);
#904=EDGE_CURVE('',#1038,#987,#67,.F.);
#905=EDGE_CURVE('',#991,#1035,#68,.T.);
#906=EDGE_CURVE('',#1039,#1003,#69,.T.);
#907=EDGE_CURVE('',#993,#1034,#70,.F.);
#908=EDGE_CURVE('',#1030,#1001,#71,.F.);
#909=EDGE_CURVE('',#995,#1033,#72,.T.);
#910=EDGE_CURVE('',#1031,#999,#73,.T.);
#911=EDGE_CURVE('',#997,#1032,#74,.T.);
#912=VERTEX_POINT('',#2544);
#913=VERTEX_POINT('',#2545);
#914=VERTEX_POINT('',#2547);
#915=VERTEX_POINT('',#2549);
#916=VERTEX_POINT('',#2553);
#917=VERTEX_POINT('',#2555);
#918=VERTEX_POINT('',#2559);
#919=VERTEX_POINT('',#2560);
#920=VERTEX_POINT('',#2562);
#921=VERTEX_POINT('',#2564);
#922=VERTEX_POINT('',#2568);
#923=VERTEX_POINT('',#2570);
#924=VERTEX_POINT('',#2574);
#925=VERTEX_POINT('',#2576);
#926=VERTEX_POINT('',#2578);
#927=VERTEX_POINT('',#2583);
#928=VERTEX_POINT('',#2587);
#929=VERTEX_POINT('',#2589);
#930=VERTEX_POINT('',#2591);
#931=VERTEX_POINT('',#2595);
#932=VERTEX_POINT('',#2597);
#933=VERTEX_POINT('',#2601);
#934=VERTEX_POINT('',#2603);
#935=VERTEX_POINT('',#2608);
#936=VERTEX_POINT('',#2612);
#937=VERTEX_POINT('',#2614);
#938=VERTEX_POINT('',#2618);
#939=VERTEX_POINT('',#2620);
#940=VERTEX_POINT('',#2638);
#941=VERTEX_POINT('',#2639);
#942=VERTEX_POINT('',#2641);
#943=VERTEX_POINT('',#2643);
#944=VERTEX_POINT('',#2647);
#945=VERTEX_POINT('',#2649);
#946=VERTEX_POINT('',#2653);
#947=VERTEX_POINT('',#2654);
#948=VERTEX_POINT('',#2656);
#949=VERTEX_POINT('',#2658);
#950=VERTEX_POINT('',#2662);
#951=VERTEX_POINT('',#2664);
#952=VERTEX_POINT('',#2668);
#953=VERTEX_POINT('',#2670);
#954=VERTEX_POINT('',#2672);
#955=VERTEX_POINT('',#2677);
#956=VERTEX_POINT('',#2681);
#957=VERTEX_POINT('',#2683);
#958=VERTEX_POINT('',#2685);
#959=VERTEX_POINT('',#2689);
#960=VERTEX_POINT('',#2691);
#961=VERTEX_POINT('',#2695);
#962=VERTEX_POINT('',#2697);
#963=VERTEX_POINT('',#2702);
#964=VERTEX_POINT('',#2706);
#965=VERTEX_POINT('',#2708);
#966=VERTEX_POINT('',#2712);
#967=VERTEX_POINT('',#2714);
#968=VERTEX_POINT('',#2732);
#969=VERTEX_POINT('',#2733);
#970=VERTEX_POINT('',#2735);
#971=VERTEX_POINT('',#2737);
#972=VERTEX_POINT('',#2739);
#973=VERTEX_POINT('',#2741);
#974=VERTEX_POINT('',#2743);
#975=VERTEX_POINT('',#2745);
#976=VERTEX_POINT('',#2749);
#977=VERTEX_POINT('',#2751);
#978=VERTEX_POINT('',#2753);
#979=VERTEX_POINT('',#2755);
#980=VERTEX_POINT('',#2759);
#981=VERTEX_POINT('',#2761);
#982=VERTEX_POINT('',#2763);
#983=VERTEX_POINT('',#2765);
#984=VERTEX_POINT('',#2769);
#985=VERTEX_POINT('',#2770);
#986=VERTEX_POINT('',#2772);
#987=VERTEX_POINT('',#2774);
#988=VERTEX_POINT('',#2778);
#989=VERTEX_POINT('',#2779);
#990=VERTEX_POINT('',#2799);
#991=VERTEX_POINT('',#2800);
#992=VERTEX_POINT('',#2813);
#993=VERTEX_POINT('',#2814);
#994=VERTEX_POINT('',#2828);
#995=VERTEX_POINT('',#2829);
#996=VERTEX_POINT('',#2842);
#997=VERTEX_POINT('',#2843);
#998=VERTEX_POINT('',#2854);
#999=VERTEX_POINT('',#2855);
#1000=VERTEX_POINT('',#2869);
#1001=VERTEX_POINT('',#2870);
#1002=VERTEX_POINT('',#2883);
#1003=VERTEX_POINT('',#2884);
#1004=VERTEX_POINT('',#2909);
#1005=VERTEX_POINT('',#2910);
#1006=VERTEX_POINT('',#2912);
#1007=VERTEX_POINT('',#2914);
#1008=VERTEX_POINT('',#2918);
#1009=VERTEX_POINT('',#2919);
#1010=VERTEX_POINT('',#2921);
#1011=VERTEX_POINT('',#2923);
#1012=VERTEX_POINT('',#2925);
#1013=VERTEX_POINT('',#2930);
#1014=VERTEX_POINT('',#2932);
#1015=VERTEX_POINT('',#2934);
#1016=VERTEX_POINT('',#2939);
#1017=VERTEX_POINT('',#2941);
#1018=VERTEX_POINT('',#2946);
#1019=VERTEX_POINT('',#2948);
#1020=VERTEX_POINT('',#2950);
#1021=VERTEX_POINT('',#2955);
#1022=VERTEX_POINT('',#2957);
#1023=VERTEX_POINT('',#2959);
#1024=VERTEX_POINT('',#2961);
#1025=VERTEX_POINT('',#2963);
#1026=VERTEX_POINT('',#2965);
#1027=VERTEX_POINT('',#2967);
#1028=VERTEX_POINT('',#2969);
#1029=VERTEX_POINT('',#2971);
#1030=VERTEX_POINT('',#2978);
#1031=VERTEX_POINT('',#2979);
#1032=VERTEX_POINT('',#2981);
#1033=VERTEX_POINT('',#2983);
#1034=VERTEX_POINT('',#2990);
#1035=VERTEX_POINT('',#2992);
#1036=VERTEX_POINT('',#2999);
#1037=VERTEX_POINT('',#3001);
#1038=VERTEX_POINT('',#3003);
#1039=VERTEX_POINT('',#3008);
#1040=VERTEX_POINT('',#3011);
#1041=VERTEX_POINT('',#3013);
#1042=VERTEX_POINT('',#3015);
#1043=VERTEX_POINT('',#3017);
#1044=VERTEX_POINT('',#3024);
#1045=VERTEX_POINT('',#3030);
#1046=VERTEX_POINT('',#3033);
#1047=VERTEX_POINT('',#3034);
#1048=VERTEX_POINT('',#3039);
#1049=VERTEX_POINT('',#3040);
#1050=VERTEX_POINT('',#3043);
#1051=VERTEX_POINT('',#3045);
#1052=VERTEX_POINT('',#3049);
#1053=VERTEX_POINT('',#3051);
#1054=VERTEX_POINT('',#3055);
#1055=VERTEX_POINT('',#3056);
#1056=VERTEX_POINT('',#3058);
#1057=VERTEX_POINT('',#3060);
#1058=VERTEX_POINT('',#3064);
#1059=VERTEX_POINT('',#3066);
#1060=VERTEX_POINT('',#3070);
#1061=VERTEX_POINT('',#3071);
#1062=VERTEX_POINT('',#3073);
#1063=VERTEX_POINT('',#3075);
#1064=VERTEX_POINT('',#3173);
#1065=VERTEX_POINT('',#3199);
#1066=LINE('',#2543,#1262);
#1067=LINE('',#2546,#1263);
#1068=LINE('',#2548,#1264);
#1069=LINE('',#2550,#1265);
#1070=LINE('',#2552,#1266);
#1071=LINE('',#2554,#1267);
#1072=LINE('',#2556,#1268);
#1073=LINE('',#2558,#1269);
#1074=LINE('',#2561,#1270);
#1075=LINE('',#2563,#1271);
#1076=LINE('',#2565,#1272);
#1077=LINE('',#2567,#1273);
#1078=LINE('',#2569,#1274);
#1079=LINE('',#2571,#1275);
#1080=LINE('',#2573,#1276);
#1081=LINE('',#2575,#1277);
#1082=LINE('',#2577,#1278);
#1083=LINE('',#2579,#1279);
#1084=LINE('',#2581,#1280);
#1085=LINE('',#2582,#1281);
#1086=LINE('',#2584,#1282);
#1087=LINE('',#2586,#1283);
#1088=LINE('',#2588,#1284);
#1089=LINE('',#2590,#1285);
#1090=LINE('',#2592,#1286);
#1091=LINE('',#2594,#1287);
#1092=LINE('',#2596,#1288);
#1093=LINE('',#2598,#1289);
#1094=LINE('',#2600,#1290);
#1095=LINE('',#2602,#1291);
#1096=LINE('',#2604,#1292);
#1097=LINE('',#2606,#1293);
#1098=LINE('',#2607,#1294);
#1099=LINE('',#2609,#1295);
#1100=LINE('',#2611,#1296);
#1101=LINE('',#2613,#1297);
#1102=LINE('',#2615,#1298);
#1103=LINE('',#2617,#1299);
#1104=LINE('',#2619,#1300);
#1105=LINE('',#2621,#1301);
#1106=LINE('',#2637,#1302);
#1107=LINE('',#2640,#1303);
#1108=LINE('',#2642,#1304);
#1109=LINE('',#2644,#1305);
#1110=LINE('',#2646,#1306);
#1111=LINE('',#2648,#1307);
#1112=LINE('',#2650,#1308);
#1113=LINE('',#2652,#1309);
#1114=LINE('',#2655,#1310);
#1115=LINE('',#2657,#1311);
#1116=LINE('',#2659,#1312);
#1117=LINE('',#2661,#1313);
#1118=LINE('',#2663,#1314);
#1119=LINE('',#2665,#1315);
#1120=LINE('',#2667,#1316);
#1121=LINE('',#2669,#1317);
#1122=LINE('',#2671,#1318);
#1123=LINE('',#2673,#1319);
#1124=LINE('',#2675,#1320);
#1125=LINE('',#2676,#1321);
#1126=LINE('',#2678,#1322);
#1127=LINE('',#2680,#1323);
#1128=LINE('',#2682,#1324);
#1129=LINE('',#2684,#1325);
#1130=LINE('',#2686,#1326);
#1131=LINE('',#2688,#1327);
#1132=LINE('',#2690,#1328);
#1133=LINE('',#2692,#1329);
#1134=LINE('',#2694,#1330);
#1135=LINE('',#2696,#1331);
#1136=LINE('',#2698,#1332);
#1137=LINE('',#2700,#1333);
#1138=LINE('',#2701,#1334);
#1139=LINE('',#2703,#1335);
#1140=LINE('',#2705,#1336);
#1141=LINE('',#2707,#1337);
#1142=LINE('',#2709,#1338);
#1143=LINE('',#2711,#1339);
#1144=LINE('',#2713,#1340);
#1145=LINE('',#2715,#1341);
#1146=LINE('',#2731,#1342);
#1147=LINE('',#2734,#1343);
#1148=LINE('',#2736,#1344);
#1149=LINE('',#2738,#1345);
#1150=LINE('',#2740,#1346);
#1151=LINE('',#2742,#1347);
#1152=LINE('',#2744,#1348);
#1153=LINE('',#2746,#1349);
#1154=LINE('',#2748,#1350);
#1155=LINE('',#2750,#1351);
#1156=LINE('',#2752,#1352);
#1157=LINE('',#2754,#1353);
#1158=LINE('',#2756,#1354);
#1159=LINE('',#2758,#1355);
#1160=LINE('',#2760,#1356);
#1161=LINE('',#2762,#1357);
#1162=LINE('',#2764,#1358);
#1163=LINE('',#2766,#1359);
#1164=LINE('',#2768,#1360);
#1165=LINE('',#2771,#1361);
#1166=LINE('',#2773,#1362);
#1167=LINE('',#2775,#1363);
#1168=LINE('',#2777,#1364);
#1169=LINE('',#2798,#1365);
#1170=LINE('',#2812,#1366);
#1171=LINE('',#2815,#1367);
#1172=LINE('',#2816,#1368);
#1173=LINE('',#2827,#1369);
#1174=LINE('',#2841,#1370);
#1175=LINE('',#2853,#1371);
#1176=LINE('',#2856,#1372);
#1177=LINE('',#2857,#1373);
#1178=LINE('',#2868,#1374);
#1179=LINE('',#2882,#1375);
#1180=LINE('',#2885,#1376);
#1181=LINE('',#2886,#1377);
#1182=LINE('',#2908,#1378);
#1183=LINE('',#2911,#1379);
#1184=LINE('',#2913,#1380);
#1185=LINE('',#2915,#1381);
#1186=LINE('',#2917,#1382);
#1187=LINE('',#2922,#1383);
#1188=LINE('',#2933,#1384);
#1189=LINE('',#2940,#1385);
#1190=LINE('',#2947,#1386);
#1191=LINE('',#2958,#1387);
#1192=LINE('',#2960,#1388);
#1193=LINE('',#2962,#1389);
#1194=LINE('',#2964,#1390);
#1195=LINE('',#2966,#1391);
#1196=LINE('',#2968,#1392);
#1197=LINE('',#2970,#1393);
#1198=LINE('',#2972,#1394);
#1199=LINE('',#2980,#1395);
#1200=LINE('',#2991,#1396);
#1201=LINE('',#3002,#1397);
#1202=LINE('',#3009,#1398);
#1203=LINE('',#3014,#1399);
#1204=LINE('',#3016,#1400);
#1205=LINE('',#3018,#1401);
#1206=LINE('',#3032,#1402);
#1207=LINE('',#3035,#1403);
#1208=LINE('',#3036,#1404);
#1209=LINE('',#3038,#1405);
#1210=LINE('',#3041,#1406);
#1211=LINE('',#3042,#1407);
#1212=LINE('',#3044,#1408);
#1213=LINE('',#3046,#1409);
#1214=LINE('',#3048,#1410);
#1215=LINE('',#3050,#1411);
#1216=LINE('',#3052,#1412);
#1217=LINE('',#3054,#1413);
#1218=LINE('',#3057,#1414);
#1219=LINE('',#3059,#1415);
#1220=LINE('',#3061,#1416);
#1221=LINE('',#3063,#1417);
#1222=LINE('',#3065,#1418);
#1223=LINE('',#3067,#1419);
#1224=LINE('',#3069,#1420);
#1225=LINE('',#3072,#1421);
#1226=LINE('',#3074,#1422);
#1227=LINE('',#3076,#1423);
#1228=LINE('',#3078,#1424);
#1229=LINE('',#3080,#1425);
#1230=LINE('',#3081,#1426);
#1231=LINE('',#3083,#1427);
#1232=LINE('',#3085,#1428);
#1233=LINE('',#3087,#1429);
#1234=LINE('',#3089,#1430);
#1235=LINE('',#3091,#1431);
#1236=LINE('',#3092,#1432);
#1237=LINE('',#3094,#1433);
#1238=LINE('',#3096,#1434);
#1239=LINE('',#3098,#1435);
#1240=LINE('',#3100,#1436);
#1241=LINE('',#3102,#1437);
#1242=LINE('',#3104,#1438);
#1243=LINE('',#3105,#1439);
#1244=LINE('',#3107,#1440);
#1245=LINE('',#3109,#1441);
#1246=LINE('',#3111,#1442);
#1247=LINE('',#3113,#1443);
#1248=LINE('',#3114,#1444);
#1249=LINE('',#3116,#1445);
#1250=LINE('',#3118,#1446);
#1251=LINE('',#3120,#1447);
#1252=LINE('',#3122,#1448);
#1253=LINE('',#3124,#1449);
#1254=LINE('',#3126,#1450);
#1255=LINE('',#3128,#1451);
#1256=LINE('',#3135,#1452);
#1257=LINE('',#3137,#1453);
#1258=LINE('',#3139,#1454);
#1259=LINE('',#3141,#1455);
#1260=LINE('',#3143,#1456);
#1261=LINE('',#3145,#1457);
#1262=VECTOR('',#2079,1.);
#1263=VECTOR('',#2080,1.);
#1264=VECTOR('',#2081,1.);
#1265=VECTOR('',#2082,1.);
#1266=VECTOR('',#2085,1.);
#1267=VECTOR('',#2086,1.);
#1268=VECTOR('',#2087,1.);
#1269=VECTOR('',#2090,1.);
#1270=VECTOR('',#2091,1.);
#1271=VECTOR('',#2092,1.);
#1272=VECTOR('',#2093,1.);
#1273=VECTOR('',#2096,1.);
#1274=VECTOR('',#2097,1.);
#1275=VECTOR('',#2098,1.);
#1276=VECTOR('',#2101,1.);
#1277=VECTOR('',#2102,1.);
#1278=VECTOR('',#2103,1.);
#1279=VECTOR('',#2104,1.);
#1280=VECTOR('',#2107,1.);
#1281=VECTOR('',#2108,1.);
#1282=VECTOR('',#2109,1.);
#1283=VECTOR('',#2112,1.);
#1284=VECTOR('',#2113,1.);
#1285=VECTOR('',#2114,1.);
#1286=VECTOR('',#2115,1.);
#1287=VECTOR('',#2118,1.);
#1288=VECTOR('',#2119,1.);
#1289=VECTOR('',#2120,1.);
#1290=VECTOR('',#2123,1.);
#1291=VECTOR('',#2124,1.);
#1292=VECTOR('',#2125,1.);
#1293=VECTOR('',#2128,1.);
#1294=VECTOR('',#2129,1.);
#1295=VECTOR('',#2130,1.);
#1296=VECTOR('',#2133,1.);
#1297=VECTOR('',#2134,1.);
#1298=VECTOR('',#2135,1.);
#1299=VECTOR('',#2138,1.);
#1300=VECTOR('',#2139,1.);
#1301=VECTOR('',#2140,1.);
#1302=VECTOR('',#2171,1.);
#1303=VECTOR('',#2172,1.);
#1304=VECTOR('',#2173,1.);
#1305=VECTOR('',#2174,1.);
#1306=VECTOR('',#2177,1.);
#1307=VECTOR('',#2178,1.);
#1308=VECTOR('',#2179,1.);
#1309=VECTOR('',#2182,1.);
#1310=VECTOR('',#2183,1.);
#1311=VECTOR('',#2184,1.);
#1312=VECTOR('',#2185,1.);
#1313=VECTOR('',#2188,1.);
#1314=VECTOR('',#2189,1.);
#1315=VECTOR('',#2190,1.);
#1316=VECTOR('',#2193,1.);
#1317=VECTOR('',#2194,1.);
#1318=VECTOR('',#2195,1.);
#1319=VECTOR('',#2196,1.);
#1320=VECTOR('',#2199,1.);
#1321=VECTOR('',#2200,1.);
#1322=VECTOR('',#2201,1.);
#1323=VECTOR('',#2204,1.);
#1324=VECTOR('',#2205,1.);
#1325=VECTOR('',#2206,1.);
#1326=VECTOR('',#2207,1.);
#1327=VECTOR('',#2210,1.);
#1328=VECTOR('',#2211,1.);
#1329=VECTOR('',#2212,1.);
#1330=VECTOR('',#2215,1.);
#1331=VECTOR('',#2216,1.);
#1332=VECTOR('',#2217,1.);
#1333=VECTOR('',#2220,1.);
#1334=VECTOR('',#2221,1.);
#1335=VECTOR('',#2222,1.);
#1336=VECTOR('',#2225,1.);
#1337=VECTOR('',#2226,1.);
#1338=VECTOR('',#2227,1.);
#1339=VECTOR('',#2230,1.);
#1340=VECTOR('',#2231,1.);
#1341=VECTOR('',#2232,1.);
#1342=VECTOR('',#2263,1.);
#1343=VECTOR('',#2264,1.);
#1344=VECTOR('',#2265,1.);
#1345=VECTOR('',#2266,1.);
#1346=VECTOR('',#2267,1.);
#1347=VECTOR('',#2268,1.);
#1348=VECTOR('',#2269,1.);
#1349=VECTOR('',#2270,1.);
#1350=VECTOR('',#2273,1.);
#1351=VECTOR('',#2274,1.);
#1352=VECTOR('',#2275,1.);
#1353=VECTOR('',#2276,1.);
#1354=VECTOR('',#2277,1.);
#1355=VECTOR('',#2280,1.);
#1356=VECTOR('',#2281,1.);
#1357=VECTOR('',#2282,1.);
#1358=VECTOR('',#2283,1.);
#1359=VECTOR('',#2284,1.);
#1360=VECTOR('',#2287,1.);
#1361=VECTOR('',#2288,1.);
#1362=VECTOR('',#2289,1.);
#1363=VECTOR('',#2290,1.);
#1364=VECTOR('',#2293,1.);
#1365=VECTOR('',#2294,1.);
#1366=VECTOR('',#2297,1.);
#1367=VECTOR('',#2298,1.);
#1368=VECTOR('',#2299,1.);
#1369=VECTOR('',#2300,1.);
#1370=VECTOR('',#2303,1.);
#1371=VECTOR('',#2306,1.);
#1372=VECTOR('',#2307,1.);
#1373=VECTOR('',#2308,1.);
#1374=VECTOR('',#2309,1.);
#1375=VECTOR('',#2312,1.);
#1376=VECTOR('',#2313,1.);
#1377=VECTOR('',#2314,1.);
#1378=VECTOR('',#2317,1.);
#1379=VECTOR('',#2318,1.);
#1380=VECTOR('',#2319,1.);
#1381=VECTOR('',#2320,1.);
#1382=VECTOR('',#2323,1.);
#1383=VECTOR('',#2326,1.);
#1384=VECTOR('',#2331,1.);
#1385=VECTOR('',#2332,1.);
#1386=VECTOR('',#2333,1.);
#1387=VECTOR('',#2338,1.);
#1388=VECTOR('',#2339,1.);
#1389=VECTOR('',#2340,1.);
#1390=VECTOR('',#2341,1.);
#1391=VECTOR('',#2342,1.);
#1392=VECTOR('',#2343,1.);
#1393=VECTOR('',#2344,1.);
#1394=VECTOR('',#2345,1.);
#1395=VECTOR('',#2348,1.);
#1396=VECTOR('',#2351,1.);
#1397=VECTOR('',#2354,1.);
#1398=VECTOR('',#2355,1.);
#1399=VECTOR('',#2360,1.);
#1400=VECTOR('',#2361,1.);
#1401=VECTOR('',#2362,1.);
#1402=VECTOR('',#2385,1.);
#1403=VECTOR('',#2386,1.);
#1404=VECTOR('',#2387,1.);
#1405=VECTOR('',#2390,1.);
#1406=VECTOR('',#2391,1.);
#1407=VECTOR('',#2392,1.);
#1408=VECTOR('',#2393,1.);
#1409=VECTOR('',#2394,1.);
#1410=VECTOR('',#2397,1.);
#1411=VECTOR('',#2398,1.);
#1412=VECTOR('',#2399,1.);
#1413=VECTOR('',#2402,1.);
#1414=VECTOR('',#2403,1.);
#1415=VECTOR('',#2404,1.);
#1416=VECTOR('',#2405,1.);
#1417=VECTOR('',#2408,1.);
#1418=VECTOR('',#2409,1.);
#1419=VECTOR('',#2410,1.);
#1420=VECTOR('',#2413,1.);
#1421=VECTOR('',#2414,1.);
#1422=VECTOR('',#2415,1.);
#1423=VECTOR('',#2416,1.);
#1424=VECTOR('',#2419,1.);
#1425=VECTOR('',#2422,1.);
#1426=VECTOR('',#2423,1.);
#1427=VECTOR('',#2426,1.);
#1428=VECTOR('',#2429,1.);
#1429=VECTOR('',#2432,1.);
#1430=VECTOR('',#2435,1.);
#1431=VECTOR('',#2438,1.);
#1432=VECTOR('',#2439,1.);
#1433=VECTOR('',#2442,1.);
#1434=VECTOR('',#2445,1.);
#1435=VECTOR('',#2448,1.);
#1436=VECTOR('',#2451,1.);
#1437=VECTOR('',#2454,1.);
#1438=VECTOR('',#2457,1.);
#1439=VECTOR('',#2458,1.);
#1440=VECTOR('',#2461,1.);
#1441=VECTOR('',#2464,1.);
#1442=VECTOR('',#2467,1.);
#1443=VECTOR('',#2470,1.);
#1444=VECTOR('',#2471,1.);
#1445=VECTOR('',#2474,1.);
#1446=VECTOR('',#2477,1.);
#1447=VECTOR('',#2480,1.);
#1448=VECTOR('',#2483,1.);
#1449=VECTOR('',#2486,1.);
#1450=VECTOR('',#2489,1.);
#1451=VECTOR('',#2492,1.);
#1452=VECTOR('',#2495,1.);
#1453=VECTOR('',#2498,1.);
#1454=VECTOR('',#2501,1.);
#1455=VECTOR('',#2504,1.);
#1456=VECTOR('',#2507,1.);
#1457=VECTOR('',#2510,1.);
#1458=EDGE_LOOP('',(#108,#109,#110,#111));
#1459=EDGE_LOOP('',(#112,#113,#114,#115));
#1460=EDGE_LOOP('',(#116,#117,#118,#119));
#1461=EDGE_LOOP('',(#120,#121,#122,#123));
#1462=EDGE_LOOP('',(#124,#125,#126,#127,#128));
#1463=EDGE_LOOP('',(#129,#130,#131,#132,#133));
#1464=EDGE_LOOP('',(#134,#135,#136,#137));
#1465=EDGE_LOOP('',(#138,#139,#140,#141));
#1466=EDGE_LOOP('',(#142,#143,#144,#145,#146));
#1467=EDGE_LOOP('',(#147,#148,#149,#150,#151));
#1468=EDGE_LOOP('',(#152,#153,#154,#155));
#1469=EDGE_LOOP('',(#156,#157,#158,#159));
#1470=EDGE_LOOP('',(#160,#161,#162));
#1471=EDGE_LOOP('',(#163,#164,#165));
#1472=EDGE_LOOP('',(#166,#167,#168,#169,#170));
#1473=EDGE_LOOP('',(#171,#172,#173));
#1474=EDGE_LOOP('',(#174,#175,#176));
#1475=EDGE_LOOP('',(#177,#178,#179,#180,#181));
#1476=EDGE_LOOP('',(#182,#183,#184,#185,#186));
#1477=EDGE_LOOP('',(#187,#188,#189,#190));
#1478=EDGE_LOOP('',(#191,#192,#193,#194));
#1479=EDGE_LOOP('',(#195,#196,#197,#198));
#1480=EDGE_LOOP('',(#199,#200,#201,#202));
#1481=EDGE_LOOP('',(#203,#204,#205,#206,#207));
#1482=EDGE_LOOP('',(#208,#209,#210,#211,#212));
#1483=EDGE_LOOP('',(#213,#214,#215,#216));
#1484=EDGE_LOOP('',(#217,#218,#219,#220));
#1485=EDGE_LOOP('',(#221,#222,#223,#224,#225));
#1486=EDGE_LOOP('',(#226,#227,#228,#229,#230));
#1487=EDGE_LOOP('',(#231,#232,#233,#234));
#1488=EDGE_LOOP('',(#235,#236,#237,#238));
#1489=EDGE_LOOP('',(#239,#240,#241));
#1490=EDGE_LOOP('',(#242,#243,#244));
#1491=EDGE_LOOP('',(#245,#246,#247,#248,#249));
#1492=EDGE_LOOP('',(#250,#251,#252));
#1493=EDGE_LOOP('',(#253,#254,#255));
#1494=EDGE_LOOP('',(#256,#257,#258,#259,#260));
#1495=EDGE_LOOP('',(#261,#262,#263,#264,#265));
#1496=EDGE_LOOP('',(#266,#267,#268,#269,#270,#271,#272,#273));
#1497=EDGE_LOOP('',(#274,#275,#276,#277,#278,#279));
#1498=EDGE_LOOP('',(#280,#281,#282,#283,#284,#285));
#1499=EDGE_LOOP('',(#286,#287,#288,#289));
#1500=EDGE_LOOP('',(#290,#291,#292,#293));
#1501=EDGE_LOOP('',(#294,#295,#296,#297));
#1502=EDGE_LOOP('',(#298,#299,#300,#301));
#1503=EDGE_LOOP('',(#302,#303,#304,#305));
#1504=EDGE_LOOP('',(#306,#307,#308,#309));
#1505=EDGE_LOOP('',(#310,#311,#312,#313));
#1506=EDGE_LOOP('',(#314,#315,#316,#317));
#1507=EDGE_LOOP('',(#318,#319,#320,#321));
#1508=EDGE_LOOP('',(#322,#323,#324,#325));
#1509=EDGE_LOOP('',(#326,#327,#328,#329));
#1510=EDGE_LOOP('',(#330,#331,#332,#333,#334,#335,#336,#337,#338,#339,#340,
#341,#342,#343,#344,#345,#346,#347,#348,#349,#350,#351));
#1511=EDGE_LOOP('',(#352,#353,#354,#355,#356,#357,#358,#359,#360,#361));
#1512=EDGE_LOOP('',(#362));
#1513=EDGE_LOOP('',(#363));
#1514=EDGE_LOOP('',(#364,#365,#366,#367));
#1515=EDGE_LOOP('',(#368,#369,#370,#371));
#1516=EDGE_LOOP('',(#372));
#1517=EDGE_LOOP('',(#373,#374,#375,#376,#377));
#1518=EDGE_LOOP('',(#378));
#1519=EDGE_LOOP('',(#379,#380,#381,#382,#383,#384,#385,#386));
#1520=EDGE_LOOP('',(#387,#388,#389,#390));
#1521=EDGE_LOOP('',(#391));
#1522=EDGE_LOOP('',(#392,#393,#394,#395,#396));
#1523=EDGE_LOOP('',(#397));
#1524=EDGE_LOOP('',(#398,#399,#400,#401,#402,#403,#404,#405));
#1525=EDGE_LOOP('',(#406,#407,#408,#409));
#1526=EDGE_LOOP('',(#410,#411,#412,#413,#414,#415));
#1527=EDGE_LOOP('',(#416,#417,#418,#419));
#1528=EDGE_LOOP('',(#420,#421,#422,#423));
#1529=EDGE_LOOP('',(#424,#425,#426,#427));
#1530=EDGE_LOOP('',(#428,#429,#430,#431));
#1531=EDGE_LOOP('',(#432,#433,#434,#435));
#1532=EDGE_LOOP('',(#436,#437,#438));
#1533=EDGE_LOOP('',(#439,#440,#441,#442));
#1534=EDGE_LOOP('',(#443,#444,#445,#446));
#1535=EDGE_LOOP('',(#447,#448,#449,#450));
#1536=EDGE_LOOP('',(#451,#452,#453,#454));
#1537=EDGE_LOOP('',(#455,#456,#457));
#1538=EDGE_LOOP('',(#458,#459,#460));
#1539=EDGE_LOOP('',(#461,#462,#463,#464));
#1540=EDGE_LOOP('',(#465,#466,#467,#468));
#1541=EDGE_LOOP('',(#469,#470,#471,#472));
#1542=EDGE_LOOP('',(#473,#474,#475,#476));
#1543=EDGE_LOOP('',(#477,#478,#479));
#1544=EDGE_LOOP('',(#480,#481,#482,#483));
#1545=EDGE_LOOP('',(#484,#485,#486));
#1546=EDGE_LOOP('',(#487,#488,#489,#490,#491,#492));
#1547=EDGE_LOOP('',(#493,#494,#495,#496));
#1548=EDGE_LOOP('',(#497,#498,#499,#500));
#1549=EDGE_LOOP('',(#501,#502,#503,#504));
#1550=EDGE_LOOP('',(#505,#506,#507,#508));
#1551=EDGE_LOOP('',(#509,#510,#511,#512));
#1552=EDGE_LOOP('',(#513,#514,#515));
#1553=EDGE_LOOP('',(#516,#517,#518));
#1554=EDGE_LOOP('',(#519,#520,#521));
#1555=EDGE_LOOP('',(#522,#523,#524,#525,#526,#527));
#1556=EDGE_LOOP('',(#528,#529,#530,#531));
#1557=EDGE_LOOP('',(#532,#533,#534,#535));
#1558=EDGE_LOOP('',(#536,#537,#538,#539));
#1559=EDGE_LOOP('',(#540,#541,#542));
#1560=EDGE_LOOP('',(#543,#544,#545));
#1561=EDGE_LOOP('',(#546,#547,#548,#549));
#1562=EDGE_LOOP('',(#550,#551,#552,#553));
#1563=EDGE_LOOP('',(#554,#555,#556,#557));
#1564=EDGE_LOOP('',(#558,#559,#560,#561,#562));
#1565=EDGE_LOOP('',(#563,#564,#565,#566));
#1566=EDGE_LOOP('',(#567,#568,#569,#570,#571,#572));
#1567=EDGE_LOOP('',(#573,#574,#575,#576));
#1568=EDGE_LOOP('',(#577,#578,#579,#580,#581));
#1569=EDGE_LOOP('',(#582,#583,#584,#585));
#1570=EDGE_LOOP('',(#586,#587,#588,#589));
#1571=EDGE_LOOP('',(#590,#591,#592,#593));
#1572=EDGE_LOOP('',(#594,#595,#596,#597));
#1573=EDGE_LOOP('',(#598,#599,#600,#601));
#1574=EDGE_LOOP('',(#602,#603,#604,#605));
#1575=EDGE_LOOP('',(#606,#607,#608,#609));
#1576=EDGE_LOOP('',(#610,#611,#612,#613));
#1577=EDGE_LOOP('',(#614,#615,#616,#617));
#1578=EDGE_LOOP('',(#618,#619,#620,#621));
#1579=EDGE_LOOP('',(#622,#623,#624,#625));
#1580=EDGE_LOOP('',(#626,#627,#628,#629));
#1581=EDGE_LOOP('',(#630,#631,#632,#633));
#1582=EDGE_LOOP('',(#634));
#1583=EDGE_LOOP('',(#635,#636,#637,#638,#639));
#1584=EDGE_LOOP('',(#640));
#1585=EDGE_LOOP('',(#641,#642,#643));
#1586=FACE_BOUND('',#1458,.T.);
#1587=FACE_BOUND('',#1459,.T.);
#1588=FACE_BOUND('',#1460,.T.);
#1589=FACE_BOUND('',#1461,.T.);
#1590=FACE_BOUND('',#1462,.T.);
#1591=FACE_BOUND('',#1463,.T.);
#1592=FACE_BOUND('',#1464,.T.);
#1593=FACE_BOUND('',#1465,.T.);
#1594=FACE_BOUND('',#1466,.T.);
#1595=FACE_BOUND('',#1467,.T.);
#1596=FACE_BOUND('',#1468,.T.);
#1597=FACE_BOUND('',#1469,.T.);
#1598=FACE_BOUND('',#1470,.T.);
#1599=FACE_BOUND('',#1471,.T.);
#1600=FACE_BOUND('',#1472,.T.);
#1601=FACE_BOUND('',#1473,.T.);
#1602=FACE_BOUND('',#1474,.T.);
#1603=FACE_BOUND('',#1475,.T.);
#1604=FACE_BOUND('',#1476,.T.);
#1605=FACE_BOUND('',#1477,.T.);
#1606=FACE_BOUND('',#1478,.T.);
#1607=FACE_BOUND('',#1479,.T.);
#1608=FACE_BOUND('',#1480,.T.);
#1609=FACE_BOUND('',#1481,.T.);
#1610=FACE_BOUND('',#1482,.T.);
#1611=FACE_BOUND('',#1483,.T.);
#1612=FACE_BOUND('',#1484,.T.);
#1613=FACE_BOUND('',#1485,.T.);
#1614=FACE_BOUND('',#1486,.T.);
#1615=FACE_BOUND('',#1487,.T.);
#1616=FACE_BOUND('',#1488,.T.);
#1617=FACE_BOUND('',#1489,.T.);
#1618=FACE_BOUND('',#1490,.T.);
#1619=FACE_BOUND('',#1491,.T.);
#1620=FACE_BOUND('',#1492,.T.);
#1621=FACE_BOUND('',#1493,.T.);
#1622=FACE_BOUND('',#1494,.T.);
#1623=FACE_BOUND('',#1495,.T.);
#1624=FACE_BOUND('',#1496,.T.);
#1625=FACE_BOUND('',#1497,.T.);
#1626=FACE_BOUND('',#1498,.T.);
#1627=FACE_BOUND('',#1499,.T.);
#1628=FACE_BOUND('',#1500,.T.);
#1629=FACE_BOUND('',#1501,.T.);
#1630=FACE_BOUND('',#1502,.T.);
#1631=FACE_BOUND('',#1503,.T.);
#1632=FACE_BOUND('',#1504,.T.);
#1633=FACE_BOUND('',#1505,.T.);
#1634=FACE_BOUND('',#1506,.T.);
#1635=FACE_BOUND('',#1507,.T.);
#1636=FACE_BOUND('',#1508,.T.);
#1637=FACE_BOUND('',#1509,.T.);
#1638=FACE_BOUND('',#1510,.T.);
#1639=FACE_BOUND('',#1511,.T.);
#1640=FACE_BOUND('',#1512,.T.);
#1641=FACE_BOUND('',#1513,.T.);
#1642=FACE_BOUND('',#1514,.T.);
#1643=FACE_BOUND('',#1515,.T.);
#1644=FACE_BOUND('',#1516,.T.);
#1645=FACE_BOUND('',#1517,.T.);
#1646=FACE_BOUND('',#1518,.T.);
#1647=FACE_BOUND('',#1519,.T.);
#1648=FACE_BOUND('',#1520,.T.);
#1649=FACE_BOUND('',#1521,.T.);
#1650=FACE_BOUND('',#1522,.T.);
#1651=FACE_BOUND('',#1523,.T.);
#1652=FACE_BOUND('',#1524,.T.);
#1653=FACE_BOUND('',#1525,.T.);
#1654=FACE_BOUND('',#1526,.T.);
#1655=FACE_BOUND('',#1527,.T.);
#1656=FACE_BOUND('',#1528,.T.);
#1657=FACE_BOUND('',#1529,.T.);
#1658=FACE_BOUND('',#1530,.T.);
#1659=FACE_BOUND('',#1531,.T.);
#1660=FACE_BOUND('',#1532,.T.);
#1661=FACE_BOUND('',#1533,.T.);
#1662=FACE_BOUND('',#1534,.T.);
#1663=FACE_BOUND('',#1535,.T.);
#1664=FACE_BOUND('',#1536,.T.);
#1665=FACE_BOUND('',#1537,.T.);
#1666=FACE_BOUND('',#1538,.T.);
#1667=FACE_BOUND('',#1539,.T.);
#1668=FACE_BOUND('',#1540,.T.);
#1669=FACE_BOUND('',#1541,.T.);
#1670=FACE_BOUND('',#1542,.T.);
#1671=FACE_BOUND('',#1543,.T.);
#1672=FACE_BOUND('',#1544,.T.);
#1673=FACE_BOUND('',#1545,.T.);
#1674=FACE_BOUND('',#1546,.T.);
#1675=FACE_BOUND('',#1547,.T.);
#1676=FACE_BOUND('',#1548,.T.);
#1677=FACE_BOUND('',#1549,.T.);
#1678=FACE_BOUND('',#1550,.T.);
#1679=FACE_BOUND('',#1551,.T.);
#1680=FACE_BOUND('',#1552,.T.);
#1681=FACE_BOUND('',#1553,.T.);
#1682=FACE_BOUND('',#1554,.T.);
#1683=FACE_BOUND('',#1555,.T.);
#1684=FACE_BOUND('',#1556,.T.);
#1685=FACE_BOUND('',#1557,.T.);
#1686=FACE_BOUND('',#1558,.T.);
#1687=FACE_BOUND('',#1559,.T.);
#1688=FACE_BOUND('',#1560,.T.);
#1689=FACE_BOUND('',#1561,.T.);
#1690=FACE_BOUND('',#1562,.T.);
#1691=FACE_BOUND('',#1563,.T.);
#1692=FACE_BOUND('',#1564,.T.);
#1693=FACE_BOUND('',#1565,.T.);
#1694=FACE_BOUND('',#1566,.T.);
#1695=FACE_BOUND('',#1567,.T.);
#1696=FACE_BOUND('',#1568,.T.);
#1697=FACE_BOUND('',#1569,.T.);
#1698=FACE_BOUND('',#1570,.T.);
#1699=FACE_BOUND('',#1571,.T.);
#1700=FACE_BOUND('',#1572,.T.);
#1701=FACE_BOUND('',#1573,.T.);
#1702=FACE_BOUND('',#1574,.T.);
#1703=FACE_BOUND('',#1575,.T.);
#1704=FACE_BOUND('',#1576,.T.);
#1705=FACE_BOUND('',#1577,.T.);
#1706=FACE_BOUND('',#1578,.T.);
#1707=FACE_BOUND('',#1579,.T.);
#1708=FACE_BOUND('',#1580,.T.);
#1709=FACE_BOUND('',#1581,.T.);
#1710=FACE_BOUND('',#1582,.T.);
#1711=FACE_BOUND('',#1583,.T.);
#1712=FACE_BOUND('',#1584,.T.);
#1713=FACE_BOUND('',#1585,.T.);
#1714=PLANE('',#1941);
#1715=PLANE('',#1942);
#1716=PLANE('',#1943);
#1717=PLANE('',#1944);
#1718=PLANE('',#1945);
#1719=PLANE('',#1946);
#1720=PLANE('',#1947);
#1721=PLANE('',#1948);
#1722=PLANE('',#1949);
#1723=PLANE('',#1950);
#1724=PLANE('',#1951);
#1725=PLANE('',#1952);
#1726=PLANE('',#1953);
#1727=PLANE('',#1955);
#1728=PLANE('',#1957);
#1729=PLANE('',#1959);
#1730=PLANE('',#1961);
#1731=PLANE('',#1963);
#1732=PLANE('',#1965);
#1733=PLANE('',#1967);
#1734=PLANE('',#1968);
#1735=PLANE('',#1969);
#1736=PLANE('',#1970);
#1737=PLANE('',#1971);
#1738=PLANE('',#1972);
#1739=PLANE('',#1973);
#1740=PLANE('',#1974);
#1741=PLANE('',#1975);
#1742=PLANE('',#1976);
#1743=PLANE('',#1977);
#1744=PLANE('',#1978);
#1745=PLANE('',#1979);
#1746=PLANE('',#1981);
#1747=PLANE('',#1983);
#1748=PLANE('',#1985);
#1749=PLANE('',#1987);
#1750=PLANE('',#1989);
#1751=PLANE('',#1991);
#1752=PLANE('',#1993);
#1753=PLANE('',#1994);
#1754=PLANE('',#1995);
#1755=PLANE('',#1996);
#1756=PLANE('',#1998);
#1757=PLANE('',#2000);
#1758=PLANE('',#2001);
#1759=PLANE('',#2002);
#1760=PLANE('',#2003);
#1761=PLANE('',#2009);
#1762=PLANE('',#2015);
#1763=PLANE('',#2020);
#1764=PLANE('',#2024);
#1765=PLANE('',#2025);
#1766=PLANE('',#2026);
#1767=PLANE('',#2027);
#1768=PLANE('',#2028);
#1769=PLANE('',#2029);
#1770=PLANE('',#2030);
#1771=PLANE('',#2031);
#1772=PLANE('',#2032);
#1773=PLANE('',#2033);
#1774=PLANE('',#2034);
#1775=PLANE('',#2035);
#1776=PLANE('',#2036);
#1777=PLANE('',#2037);
#1778=PLANE('',#2038);
#1779=PLANE('',#2039);
#1780=PLANE('',#2040);
#1781=PLANE('',#2041);
#1782=PLANE('',#2042);
#1783=PLANE('',#2043);
#1784=PLANE('',#2044);
#1785=PLANE('',#2045);
#1786=PLANE('',#2046);
#1787=PLANE('',#2047);
#1788=PLANE('',#2048);
#1789=PLANE('',#2049);
#1790=PLANE('',#2050);
#1791=PLANE('',#2051);
#1792=PLANE('',#2052);
#1793=PLANE('',#2053);
#1794=PLANE('',#2054);
#1795=PLANE('',#2055);
#1796=PLANE('',#2056);
#1797=PLANE('',#2057);
#1798=PLANE('',#2058);
#1799=PLANE('',#2059);
#1800=PLANE('',#2060);
#1801=PLANE('',#2062);
#1802=PLANE('',#2063);
#1803=PLANE('',#2064);
#1804=PLANE('',#2066);
#1805=PLANE('',#2068);
#1806=PLANE('',#2069);
#1807=PLANE('',#2070);
#1808=PLANE('',#2072);
#1809=ADVANCED_FACE('',(#1586),#1714,.T.);
#1810=ADVANCED_FACE('',(#1587),#1715,.T.);
#1811=ADVANCED_FACE('',(#1588),#1716,.F.);
#1812=ADVANCED_FACE('',(#1589),#1717,.F.);
#1813=ADVANCED_FACE('',(#1590),#1718,.F.);
#1814=ADVANCED_FACE('',(#1591),#1719,.F.);
#1815=ADVANCED_FACE('',(#1592),#1720,.T.);
#1816=ADVANCED_FACE('',(#1593),#1721,.F.);
#1817=ADVANCED_FACE('',(#1594),#1722,.T.);
#1818=ADVANCED_FACE('',(#1595),#1723,.T.);
#1819=ADVANCED_FACE('',(#1596),#1724,.T.);
#1820=ADVANCED_FACE('',(#1597),#1725,.F.);
#1821=ADVANCED_FACE('',(#1598),#1726,.T.);
#1822=ADVANCED_FACE('',(#1599),#1727,.T.);
#1823=ADVANCED_FACE('',(#1600),#1728,.T.);
#1824=ADVANCED_FACE('',(#1601),#1729,.T.);
#1825=ADVANCED_FACE('',(#1602),#1730,.T.);
#1826=ADVANCED_FACE('',(#1603),#1731,.T.);
#1827=ADVANCED_FACE('',(#1604),#1732,.T.);
#1828=ADVANCED_FACE('',(#1605),#1733,.T.);
#1829=ADVANCED_FACE('',(#1606),#1734,.T.);
#1830=ADVANCED_FACE('',(#1607),#1735,.F.);
#1831=ADVANCED_FACE('',(#1608),#1736,.F.);
#1832=ADVANCED_FACE('',(#1609),#1737,.F.);
#1833=ADVANCED_FACE('',(#1610),#1738,.F.);
#1834=ADVANCED_FACE('',(#1611),#1739,.T.);
#1835=ADVANCED_FACE('',(#1612),#1740,.F.);
#1836=ADVANCED_FACE('',(#1613),#1741,.T.);
#1837=ADVANCED_FACE('',(#1614),#1742,.T.);
#1838=ADVANCED_FACE('',(#1615),#1743,.T.);
#1839=ADVANCED_FACE('',(#1616),#1744,.F.);
#1840=ADVANCED_FACE('',(#1617),#1745,.T.);
#1841=ADVANCED_FACE('',(#1618),#1746,.T.);
#1842=ADVANCED_FACE('',(#1619),#1747,.T.);
#1843=ADVANCED_FACE('',(#1620),#1748,.T.);
#1844=ADVANCED_FACE('',(#1621),#1749,.T.);
#1845=ADVANCED_FACE('',(#1622),#1750,.T.);
#1846=ADVANCED_FACE('',(#1623),#1751,.T.);
#1847=ADVANCED_FACE('',(#1624),#1752,.T.);
#1848=ADVANCED_FACE('',(#1625),#1753,.F.);
#1849=ADVANCED_FACE('',(#1626),#1754,.T.);
#1850=ADVANCED_FACE('',(#1627),#1755,.T.);
#1851=ADVANCED_FACE('',(#1628),#75,.F.);
#1852=ADVANCED_FACE('',(#1629),#18,.T.);
#1853=ADVANCED_FACE('',(#1630),#1756,.T.);
#1854=ADVANCED_FACE('',(#1631),#19,.T.);
#1855=ADVANCED_FACE('',(#1632),#76,.F.);
#1856=ADVANCED_FACE('',(#1633),#1757,.T.);
#1857=ADVANCED_FACE('',(#1634),#20,.T.);
#1858=ADVANCED_FACE('',(#1635),#1758,.T.);
#1859=ADVANCED_FACE('',(#1636),#21,.T.);
#1860=ADVANCED_FACE('',(#1637),#1759,.F.);
#1861=ADVANCED_FACE('',(#1638),#1760,.T.);
#1862=ADVANCED_FACE('',(#1639,#1640,#1641,#1642),#1761,.F.);
#1863=ADVANCED_FACE('',(#1643,#1644),#77,.F.);
#1864=ADVANCED_FACE('',(#1645),#1762,.T.);
#1865=ADVANCED_FACE('',(#1646,#1647),#78,.F.);
#1866=ADVANCED_FACE('',(#1648,#1649),#79,.F.);
#1867=ADVANCED_FACE('',(#1650),#1763,.T.);
#1868=ADVANCED_FACE('',(#1651,#1652),#80,.F.);
#1869=ADVANCED_FACE('',(#1653),#1764,.T.);
#1870=ADVANCED_FACE('',(#1654),#1765,.F.);
#1871=ADVANCED_FACE('',(#1655),#1766,.T.);
#1872=ADVANCED_FACE('',(#1656),#1767,.T.);
#1873=ADVANCED_FACE('',(#1657),#1768,.F.);
#1874=ADVANCED_FACE('',(#1658),#1769,.T.);
#1875=ADVANCED_FACE('',(#1659),#1770,.T.);
#1876=ADVANCED_FACE('',(#1660),#1771,.T.);
#1877=ADVANCED_FACE('',(#1661),#1772,.T.);
#1878=ADVANCED_FACE('',(#1662),#1773,.F.);
#1879=ADVANCED_FACE('',(#1663),#1774,.T.);
#1880=ADVANCED_FACE('',(#1664),#1775,.T.);
#1881=ADVANCED_FACE('',(#1665),#1776,.T.);
#1882=ADVANCED_FACE('',(#1666),#1777,.T.);
#1883=ADVANCED_FACE('',(#1667),#1778,.F.);
#1884=ADVANCED_FACE('',(#1668),#1779,.F.);
#1885=ADVANCED_FACE('',(#1669),#1780,.T.);
#1886=ADVANCED_FACE('',(#1670),#1781,.T.);
#1887=ADVANCED_FACE('',(#1671),#1782,.T.);
#1888=ADVANCED_FACE('',(#1672),#1783,.F.);
#1889=ADVANCED_FACE('',(#1673),#1784,.T.);
#1890=ADVANCED_FACE('',(#1674),#1785,.T.);
#1891=ADVANCED_FACE('',(#1675),#1786,.T.);
#1892=ADVANCED_FACE('',(#1676),#1787,.T.);
#1893=ADVANCED_FACE('',(#1677),#1788,.T.);
#1894=ADVANCED_FACE('',(#1678),#1789,.T.);
#1895=ADVANCED_FACE('',(#1679),#1790,.F.);
#1896=ADVANCED_FACE('',(#1680),#1791,.T.);
#1897=ADVANCED_FACE('',(#1681),#1792,.T.);
#1898=ADVANCED_FACE('',(#1682),#1793,.T.);
#1899=ADVANCED_FACE('',(#1683),#1794,.F.);
#1900=ADVANCED_FACE('',(#1684),#1795,.F.);
#1901=ADVANCED_FACE('',(#1685),#1796,.F.);
#1902=ADVANCED_FACE('',(#1686),#1797,.F.);
#1903=ADVANCED_FACE('',(#1687),#1798,.T.);
#1904=ADVANCED_FACE('',(#1688),#1799,.T.);
#1905=ADVANCED_FACE('',(#1689),#1800,.F.);
#1906=ADVANCED_FACE('',(#1690),#81,.F.);
#1907=ADVANCED_FACE('',(#1691),#1801,.F.);
#1908=ADVANCED_FACE('',(#1692),#22,.T.);
#1909=ADVANCED_FACE('',(#1693),#23,.T.);
#1910=ADVANCED_FACE('',(#1694),#1802,.F.);
#1911=ADVANCED_FACE('',(#1695),#1803,.F.);
#1912=ADVANCED_FACE('',(#1696),#24,.T.);
#1913=ADVANCED_FACE('',(#1697),#25,.T.);
#1914=ADVANCED_FACE('',(#1698),#82,.F.);
#1915=ADVANCED_FACE('',(#1699),#1804,.F.);
#1916=ADVANCED_FACE('',(#1700),#83,.F.);
#1917=ADVANCED_FACE('',(#1701),#1805,.T.);
#1918=ADVANCED_FACE('',(#1702),#26,.T.);
#1919=ADVANCED_FACE('',(#1703),#27,.T.);
#1920=ADVANCED_FACE('',(#1704),#1806,.T.);
#1921=ADVANCED_FACE('',(#1705),#1807,.T.);
#1922=ADVANCED_FACE('',(#1706),#28,.T.);
#1923=ADVANCED_FACE('',(#1707),#29,.T.);
#1924=ADVANCED_FACE('',(#1708),#84,.F.);
#1925=ADVANCED_FACE('',(#1709),#1808,.T.);
#1926=ADVANCED_FACE('',(#1710,#1711),#12,.F.);
#1927=ADVANCED_FACE('',(#1712,#1713),#13,.F.);
#1928=CLOSED_SHELL('',(#1809,#1810,#1811,#1812,#1813,#1814,#1815,#1816,
#1817,#1818,#1819,#1820,#1821,#1822,#1823,#1824,#1825,#1826,#1827,#1828,
#1829,#1830,#1831,#1832,#1833,#1834,#1835,#1836,#1837,#1838,#1839,#1840,
#1841,#1842,#1843,#1844,#1845,#1846,#1847,#1848,#1849,#1850,#1851,#1852,
#1853,#1854,#1855,#1856,#1857,#1858,#1859,#1860,#1861,#1862,#1863,#1864,
#1865,#1866,#1867,#1868,#1869,#1870,#1871,#1872,#1873,#1874,#1875,#1876,
#1877,#1878,#1879,#1880,#1881,#1882,#1883,#1884,#1885,#1886,#1887,#1888,
#1889,#1890,#1891,#1892,#1893,#1894,#1895,#1896,#1897,#1898,#1899,#1900,
#1901,#1902,#1903,#1904,#1905,#1906,#1907,#1908,#1909,#1910,#1911,#1912,
#1913,#1914,#1915,#1916,#1917,#1918,#1919,#1920,#1921,#1922,#1923,#1924,
#1925,#1926,#1927));
#1929=STYLED_ITEM('',(#1930),#1937);
#1930=PRESENTATION_STYLE_ASSIGNMENT((#1931));
#1931=SURFACE_STYLE_USAGE(.BOTH.,#1932);
#1932=SURFACE_SIDE_STYLE('',(#1933));
#1933=SURFACE_STYLE_FILL_AREA(#1934);
#1934=FILL_AREA_STYLE('',(#1935));
#1935=FILL_AREA_STYLE_COLOUR('',#1936);
#1936=COLOUR_RGB('',0.647058823529412,0.647058823529412,0.647058823529412);
#1937=MANIFOLD_SOLID_BREP('Crossbow actuator',#1928);
#1938=SHAPE_DEFINITION_REPRESENTATION(#3329,#1939);
#1939=SHAPE_REPRESENTATION('Crossbow actuator',(#1940),#3324);
#1940=AXIS2_PLACEMENT_3D('',#2541,#2075,#2076);
#1941=AXIS2_PLACEMENT_3D('',#2542,#2077,#2078);
#1942=AXIS2_PLACEMENT_3D('',#2551,#2083,#2084);
#1943=AXIS2_PLACEMENT_3D('',#2557,#2088,#2089);
#1944=AXIS2_PLACEMENT_3D('',#2566,#2094,#2095);
#1945=AXIS2_PLACEMENT_3D('',#2572,#2099,#2100);
#1946=AXIS2_PLACEMENT_3D('',#2580,#2105,#2106);
#1947=AXIS2_PLACEMENT_3D('',#2585,#2110,#2111);
#1948=AXIS2_PLACEMENT_3D('',#2593,#2116,#2117);
#1949=AXIS2_PLACEMENT_3D('',#2599,#2121,#2122);
#1950=AXIS2_PLACEMENT_3D('',#2605,#2126,#2127);
#1951=AXIS2_PLACEMENT_3D('',#2610,#2131,#2132);
#1952=AXIS2_PLACEMENT_3D('',#2616,#2136,#2137);
#1953=AXIS2_PLACEMENT_3D('',#2622,#2141,#2142);
#1954=AXIS2_PLACEMENT_3D('',#2623,#2143,#2144);
#1955=AXIS2_PLACEMENT_3D('',#2624,#2145,#2146);
#1956=AXIS2_PLACEMENT_3D('',#2625,#2147,#2148);
#1957=AXIS2_PLACEMENT_3D('',#2626,#2149,#2150);
#1958=AXIS2_PLACEMENT_3D('',#2627,#2151,#2152);
#1959=AXIS2_PLACEMENT_3D('',#2628,#2153,#2154);
#1960=AXIS2_PLACEMENT_3D('',#2629,#2155,#2156);
#1961=AXIS2_PLACEMENT_3D('',#2630,#2157,#2158);
#1962=AXIS2_PLACEMENT_3D('',#2631,#2159,#2160);
#1963=AXIS2_PLACEMENT_3D('',#2632,#2161,#2162);
#1964=AXIS2_PLACEMENT_3D('',#2633,#2163,#2164);
#1965=AXIS2_PLACEMENT_3D('',#2634,#2165,#2166);
#1966=AXIS2_PLACEMENT_3D('',#2635,#2167,#2168);
#1967=AXIS2_PLACEMENT_3D('',#2636,#2169,#2170);
#1968=AXIS2_PLACEMENT_3D('',#2645,#2175,#2176);
#1969=AXIS2_PLACEMENT_3D('',#2651,#2180,#2181);
#1970=AXIS2_PLACEMENT_3D('',#2660,#2186,#2187);
#1971=AXIS2_PLACEMENT_3D('',#2666,#2191,#2192);
#1972=AXIS2_PLACEMENT_3D('',#2674,#2197,#2198);
#1973=AXIS2_PLACEMENT_3D('',#2679,#2202,#2203);
#1974=AXIS2_PLACEMENT_3D('',#2687,#2208,#2209);
#1975=AXIS2_PLACEMENT_3D('',#2693,#2213,#2214);
#1976=AXIS2_PLACEMENT_3D('',#2699,#2218,#2219);
#1977=AXIS2_PLACEMENT_3D('',#2704,#2223,#2224);
#1978=AXIS2_PLACEMENT_3D('',#2710,#2228,#2229);
#1979=AXIS2_PLACEMENT_3D('',#2716,#2233,#2234);
#1980=AXIS2_PLACEMENT_3D('',#2717,#2235,#2236);
#1981=AXIS2_PLACEMENT_3D('',#2718,#2237,#2238);
#1982=AXIS2_PLACEMENT_3D('',#2719,#2239,#2240);
#1983=AXIS2_PLACEMENT_3D('',#2720,#2241,#2242);
#1984=AXIS2_PLACEMENT_3D('',#2721,#2243,#2244);
#1985=AXIS2_PLACEMENT_3D('',#2722,#2245,#2246);
#1986=AXIS2_PLACEMENT_3D('',#2723,#2247,#2248);
#1987=AXIS2_PLACEMENT_3D('',#2724,#2249,#2250);
#1988=AXIS2_PLACEMENT_3D('',#2725,#2251,#2252);
#1989=AXIS2_PLACEMENT_3D('',#2726,#2253,#2254);
#1990=AXIS2_PLACEMENT_3D('',#2727,#2255,#2256);
#1991=AXIS2_PLACEMENT_3D('',#2728,#2257,#2258);
#1992=AXIS2_PLACEMENT_3D('',#2729,#2259,#2260);
#1993=AXIS2_PLACEMENT_3D('',#2730,#2261,#2262);
#1994=AXIS2_PLACEMENT_3D('',#2747,#2271,#2272);
#1995=AXIS2_PLACEMENT_3D('',#2757,#2278,#2279);
#1996=AXIS2_PLACEMENT_3D('',#2767,#2285,#2286);
#1997=AXIS2_PLACEMENT_3D('',#2776,#2291,#2292);
#1998=AXIS2_PLACEMENT_3D('',#2811,#2295,#2296);
#1999=AXIS2_PLACEMENT_3D('',#2840,#2301,#2302);
#2000=AXIS2_PLACEMENT_3D('',#2852,#2304,#2305);
#2001=AXIS2_PLACEMENT_3D('',#2881,#2310,#2311);
#2002=AXIS2_PLACEMENT_3D('',#2907,#2315,#2316);
#2003=AXIS2_PLACEMENT_3D('',#2916,#2321,#2322);
#2004=AXIS2_PLACEMENT_3D('',#2920,#2324,#2325);
#2005=AXIS2_PLACEMENT_3D('',#2924,#2327,#2328);
#2006=AXIS2_PLACEMENT_3D('',#2931,#2329,#2330);
#2007=AXIS2_PLACEMENT_3D('',#2949,#2334,#2335);
#2008=AXIS2_PLACEMENT_3D('',#2956,#2336,#2337);
#2009=AXIS2_PLACEMENT_3D('',#2973,#2346,#2347);
#2010=AXIS2_PLACEMENT_3D('',#2982,#2349,#2350);
#2011=AXIS2_PLACEMENT_3D('',#3000,#2352,#2353);
#2012=AXIS2_PLACEMENT_3D('',#3010,#2356,#2357);
#2013=AXIS2_PLACEMENT_3D('',#3012,#2358,#2359);
#2014=AXIS2_PLACEMENT_3D('',#3019,#2363,#2364);
#2015=AXIS2_PLACEMENT_3D('',#3020,#2365,#2366);
#2016=AXIS2_PLACEMENT_3D('',#3021,#2367,#2368);
#2017=AXIS2_PLACEMENT_3D('',#3022,#2369,#2370);
#2018=AXIS2_PLACEMENT_3D('',#3023,#2371,#2372);
#2019=AXIS2_PLACEMENT_3D('',#3025,#2373,#2374);
#2020=AXIS2_PLACEMENT_3D('',#3026,#2375,#2376);
#2021=AXIS2_PLACEMENT_3D('',#3027,#2377,#2378);
#2022=AXIS2_PLACEMENT_3D('',#3028,#2379,#2380);
#2023=AXIS2_PLACEMENT_3D('',#3029,#2381,#2382);
#2024=AXIS2_PLACEMENT_3D('',#3031,#2383,#2384);
#2025=AXIS2_PLACEMENT_3D('',#3037,#2388,#2389);
#2026=AXIS2_PLACEMENT_3D('',#3047,#2395,#2396);
#2027=AXIS2_PLACEMENT_3D('',#3053,#2400,#2401);
#2028=AXIS2_PLACEMENT_3D('',#3062,#2406,#2407);
#2029=AXIS2_PLACEMENT_3D('',#3068,#2411,#2412);
#2030=AXIS2_PLACEMENT_3D('',#3077,#2417,#2418);
#2031=AXIS2_PLACEMENT_3D('',#3079,#2420,#2421);
#2032=AXIS2_PLACEMENT_3D('',#3082,#2424,#2425);
#2033=AXIS2_PLACEMENT_3D('',#3084,#2427,#2428);
#2034=AXIS2_PLACEMENT_3D('',#3086,#2430,#2431);
#2035=AXIS2_PLACEMENT_3D('',#3088,#2433,#2434);
#2036=AXIS2_PLACEMENT_3D('',#3090,#2436,#2437);
#2037=AXIS2_PLACEMENT_3D('',#3093,#2440,#2441);
#2038=AXIS2_PLACEMENT_3D('',#3095,#2443,#2444);
#2039=AXIS2_PLACEMENT_3D('',#3097,#2446,#2447);
#2040=AXIS2_PLACEMENT_3D('',#3099,#2449,#2450);
#2041=AXIS2_PLACEMENT_3D('',#3101,#2452,#2453);
#2042=AXIS2_PLACEMENT_3D('',#3103,#2455,#2456);
#2043=AXIS2_PLACEMENT_3D('',#3106,#2459,#2460);
#2044=AXIS2_PLACEMENT_3D('',#3108,#2462,#2463);
#2045=AXIS2_PLACEMENT_3D('',#3110,#2465,#2466);
#2046=AXIS2_PLACEMENT_3D('',#3112,#2468,#2469);
#2047=AXIS2_PLACEMENT_3D('',#3115,#2472,#2473);
#2048=AXIS2_PLACEMENT_3D('',#3117,#2475,#2476);
#2049=AXIS2_PLACEMENT_3D('',#3119,#2478,#2479);
#2050=AXIS2_PLACEMENT_3D('',#3121,#2481,#2482);
#2051=AXIS2_PLACEMENT_3D('',#3123,#2484,#2485);
#2052=AXIS2_PLACEMENT_3D('',#3125,#2487,#2488);
#2053=AXIS2_PLACEMENT_3D('',#3127,#2490,#2491);
#2054=AXIS2_PLACEMENT_3D('',#3129,#2493,#2494);
#2055=AXIS2_PLACEMENT_3D('',#3136,#2496,#2497);
#2056=AXIS2_PLACEMENT_3D('',#3138,#2499,#2500);
#2057=AXIS2_PLACEMENT_3D('',#3140,#2502,#2503);
#2058=AXIS2_PLACEMENT_3D('',#3142,#2505,#2506);
#2059=AXIS2_PLACEMENT_3D('',#3144,#2508,#2509);
#2060=AXIS2_PLACEMENT_3D('',#3146,#2511,#2512);
#2061=AXIS2_PLACEMENT_3D('',#3147,#2513,#2514);
#2062=AXIS2_PLACEMENT_3D('',#3156,#2515,#2516);
#2063=AXIS2_PLACEMENT_3D('',#3190,#2517,#2518);
#2064=AXIS2_PLACEMENT_3D('',#3204,#2519,#2520);
#2065=AXIS2_PLACEMENT_3D('',#3237,#2521,#2522);
#2066=AXIS2_PLACEMENT_3D('',#3242,#2523,#2524);
#2067=AXIS2_PLACEMENT_3D('',#3243,#2525,#2526);
#2068=AXIS2_PLACEMENT_3D('',#3252,#2527,#2528);
#2069=AXIS2_PLACEMENT_3D('',#3281,#2529,#2530);
#2070=AXIS2_PLACEMENT_3D('',#3286,#2531,#2532);
#2071=AXIS2_PLACEMENT_3D('',#3315,#2533,#2534);
#2072=AXIS2_PLACEMENT_3D('',#3320,#2535,#2536);
#2073=AXIS2_PLACEMENT_3D('',#3321,#2537,#2538);
#2074=AXIS2_PLACEMENT_3D('',#3322,#2539,#2540);
#2075=DIRECTION('',(0.,0.,1.));
#2076=DIRECTION('',(1.,0.,0.));
#2077=DIRECTION('',(0.,-1.,0.));
#2078=DIRECTION('',(1.,0.,0.));
#2079=DIRECTION('',(1.,0.,0.));
#2080=DIRECTION('',(0.,0.,1.));
#2081=DIRECTION('',(1.,0.,0.));
#2082=DIRECTION('',(0.,0.,1.));
#2083=DIRECTION('',(0.,-1.,0.));
#2084=DIRECTION('',(1.,0.,0.));
#2085=DIRECTION('',(1.,0.,0.));
#2086=DIRECTION('',(0.,0.,1.));
#2087=DIRECTION('',(1.,0.,0.));
#2088=DIRECTION('',(0.,-1.,0.));
#2089=DIRECTION('',(1.,0.,0.));
#2090=DIRECTION('',(1.,0.,0.));
#2091=DIRECTION('',(0.,0.,1.));
#2092=DIRECTION('',(-1.,0.,0.));
#2093=DIRECTION('',(0.,0.,1.));
#2094=DIRECTION('',(0.,-1.,0.));
#2095=DIRECTION('',(1.,0.,0.));
#2096=DIRECTION('',(1.,0.,0.));
#2097=DIRECTION('',(-1.,0.,0.));
#2098=DIRECTION('',(0.,0.,1.));
#2099=DIRECTION('',(1.,0.,0.));
#2100=DIRECTION('',(0.,1.,0.));
#2101=DIRECTION('',(0.,1.,0.));
#2102=DIRECTION('',(0.,0.,1.));
#2103=DIRECTION('',(0.,1.,0.));
#2104=DIRECTION('',(0.,0.,1.));
#2105=DIRECTION('',(1.,0.,0.));
#2106=DIRECTION('',(0.,1.,0.));
#2107=DIRECTION('',(0.,1.,0.));
#2108=DIRECTION('',(0.,1.,0.));
#2109=DIRECTION('',(0.,0.,1.));
#2110=DIRECTION('',(1.,0.,0.));
#2111=DIRECTION('',(0.,1.,0.));
#2112=DIRECTION('',(0.,-1.,0.));
#2113=DIRECTION('',(0.,0.,-1.));
#2114=DIRECTION('',(0.,-1.,0.));
#2115=DIRECTION('',(0.,0.,1.));
#2116=DIRECTION('',(1.,0.,0.));
#2117=DIRECTION('',(0.,1.,0.));
#2118=DIRECTION('',(0.,1.,0.));
#2119=DIRECTION('',(0.,1.,0.));
#2120=DIRECTION('',(0.,0.,-1.));
#2121=DIRECTION('',(1.,0.,0.));
#2122=DIRECTION('',(0.,1.,0.));
#2123=DIRECTION('',(0.,1.,0.));
#2124=DIRECTION('',(0.,-1.,0.));
#2125=DIRECTION('',(0.,0.,1.));
#2126=DIRECTION('',(1.,0.,0.));
#2127=DIRECTION('',(0.,1.,0.));
#2128=DIRECTION('',(0.,1.,0.));
#2129=DIRECTION('',(0.,-1.,0.));
#2130=DIRECTION('',(0.,0.,1.));
#2131=DIRECTION('',(1.,0.,0.));
#2132=DIRECTION('',(0.,1.,0.));
#2133=DIRECTION('',(0.,-1.,0.));
#2134=DIRECTION('',(0.,-1.,0.));
#2135=DIRECTION('',(0.,0.,-1.));
#2136=DIRECTION('',(1.,0.,0.));
#2137=DIRECTION('',(0.,1.,0.));
#2138=DIRECTION('',(0.,1.,0.));
#2139=DIRECTION('',(0.,0.,-1.));
#2140=DIRECTION('',(0.,1.,0.));
#2141=DIRECTION('',(0.,0.,1.));
#2142=DIRECTION('',(1.,0.,0.));
#2143=DIRECTION('',(0.,0.,1.));
#2144=DIRECTION('',(1.,0.,0.));
#2145=DIRECTION('',(0.,0.,1.));
#2146=DIRECTION('',(1.,0.,0.));
#2147=DIRECTION('',(0.,0.,1.));
#2148=DIRECTION('',(1.,0.,0.));
#2149=DIRECTION('',(0.,0.,1.));
#2150=DIRECTION('',(1.,0.,0.));
#2151=DIRECTION('',(0.,0.,1.));
#2152=DIRECTION('',(1.,0.,0.));
#2153=DIRECTION('',(0.,0.,1.));
#2154=DIRECTION('',(1.,0.,0.));
#2155=DIRECTION('',(0.,0.,1.));
#2156=DIRECTION('',(1.,0.,0.));
#2157=DIRECTION('',(0.,0.,1.));
#2158=DIRECTION('',(1.,0.,0.));
#2159=DIRECTION('',(0.,0.,1.));
#2160=DIRECTION('',(1.,0.,0.));
#2161=DIRECTION('',(0.,0.,1.));
#2162=DIRECTION('',(1.,0.,0.));
#2163=DIRECTION('',(0.,0.,1.));
#2164=DIRECTION('',(1.,0.,0.));
#2165=DIRECTION('',(0.,0.,1.));
#2166=DIRECTION('',(1.,0.,0.));
#2167=DIRECTION('',(0.,0.,1.));
#2168=DIRECTION('',(1.,0.,0.));
#2169=DIRECTION('',(0.,-1.,0.));
#2170=DIRECTION('',(1.,0.,0.));
#2171=DIRECTION('',(1.,0.,0.));
#2172=DIRECTION('',(0.,0.,1.));
#2173=DIRECTION('',(1.,0.,0.));
#2174=DIRECTION('',(0.,0.,1.));
#2175=DIRECTION('',(0.,-1.,0.));
#2176=DIRECTION('',(1.,0.,0.));
#2177=DIRECTION('',(1.,0.,0.));
#2178=DIRECTION('',(0.,0.,1.));
#2179=DIRECTION('',(1.,0.,0.));
#2180=DIRECTION('',(0.,-1.,0.));
#2181=DIRECTION('',(1.,0.,0.));
#2182=DIRECTION('',(1.,0.,0.));
#2183=DIRECTION('',(0.,0.,1.));
#2184=DIRECTION('',(-1.,0.,0.));
#2185=DIRECTION('',(0.,0.,1.));
#2186=DIRECTION('',(0.,-1.,0.));
#2187=DIRECTION('',(1.,0.,0.));
#2188=DIRECTION('',(1.,0.,0.));
#2189=DIRECTION('',(-1.,0.,0.));
#2190=DIRECTION('',(0.,0.,1.));
#2191=DIRECTION('',(1.,0.,0.));
#2192=DIRECTION('',(0.,1.,0.));
#2193=DIRECTION('',(0.,1.,0.));
#2194=DIRECTION('',(0.,0.,1.));
#2195=DIRECTION('',(0.,1.,0.));
#2196=DIRECTION('',(0.,0.,1.));
#2197=DIRECTION('',(1.,0.,0.));
#2198=DIRECTION('',(0.,1.,0.));
#2199=DIRECTION('',(0.,1.,0.));
#2200=DIRECTION('',(0.,1.,0.));
#2201=DIRECTION('',(0.,0.,1.));
#2202=DIRECTION('',(1.,0.,0.));
#2203=DIRECTION('',(0.,1.,0.));
#2204=DIRECTION('',(0.,-1.,0.));
#2205=DIRECTION('',(0.,0.,-1.));
#2206=DIRECTION('',(0.,-1.,0.));
#2207=DIRECTION('',(0.,0.,1.));
#2208=DIRECTION('',(1.,0.,0.));
#2209=DIRECTION('',(0.,1.,0.));
#2210=DIRECTION('',(0.,1.,0.));
#2211=DIRECTION('',(0.,1.,0.));
#2212=DIRECTION('',(0.,0.,-1.));
#2213=DIRECTION('',(1.,0.,0.));
#2214=DIRECTION('',(0.,1.,0.));
#2215=DIRECTION('',(0.,1.,0.));
#2216=DIRECTION('',(0.,-1.,0.));
#2217=DIRECTION('',(0.,0.,1.));
#2218=DIRECTION('',(1.,0.,0.));
#2219=DIRECTION('',(0.,1.,0.));
#2220=DIRECTION('',(0.,1.,0.));
#2221=DIRECTION('',(0.,-1.,0.));
#2222=DIRECTION('',(0.,0.,1.));
#2223=DIRECTION('',(1.,0.,0.));
#2224=DIRECTION('',(0.,1.,0.));
#2225=DIRECTION('',(0.,-1.,0.));
#2226=DIRECTION('',(0.,-1.,0.));
#2227=DIRECTION('',(0.,0.,-1.));
#2228=DIRECTION('',(1.,0.,0.));
#2229=DIRECTION('',(0.,1.,0.));
#2230=DIRECTION('',(0.,1.,0.));
#2231=DIRECTION('',(0.,0.,-1.));
#2232=DIRECTION('',(0.,1.,0.));
#2233=DIRECTION('',(0.,0.,1.));
#2234=DIRECTION('',(1.,0.,0.));
#2235=DIRECTION('',(0.,0.,1.));
#2236=DIRECTION('',(1.,0.,0.));
#2237=DIRECTION('',(0.,0.,1.));
#2238=DIRECTION('',(1.,0.,0.));
#2239=DIRECTION('',(0.,0.,1.));
#2240=DIRECTION('',(1.,0.,0.));
#2241=DIRECTION('',(0.,0.,1.));
#2242=DIRECTION('',(1.,0.,0.));
#2243=DIRECTION('',(0.,0.,1.));
#2244=DIRECTION('',(1.,0.,0.));
#2245=DIRECTION('',(0.,0.,1.));
#2246=DIRECTION('',(1.,0.,0.));
#2247=DIRECTION('',(0.,0.,1.));
#2248=DIRECTION('',(1.,0.,0.));
#2249=DIRECTION('',(0.,0.,1.));
#2250=DIRECTION('',(1.,0.,0.));
#2251=DIRECTION('',(0.,0.,1.));
#2252=DIRECTION('',(1.,0.,0.));
#2253=DIRECTION('',(0.,0.,1.));
#2254=DIRECTION('',(1.,0.,0.));
#2255=DIRECTION('',(0.,0.,1.));
#2256=DIRECTION('',(1.,0.,0.));
#2257=DIRECTION('',(0.,0.,1.));
#2258=DIRECTION('',(1.,0.,0.));
#2259=DIRECTION('',(0.,0.,1.));
#2260=DIRECTION('',(1.,0.,0.));
#2261=DIRECTION('',(1.,0.,0.));
#2262=DIRECTION('',(0.,0.,-1.));
#2263=DIRECTION('',(0.,0.,1.));
#2264=DIRECTION('',(0.,-1.,0.));
#2265=DIRECTION('',(0.,0.,-1.));
#2266=DIRECTION('',(0.,1.,0.));
#2267=DIRECTION('',(0.,0.,-1.));
#2268=DIRECTION('',(0.,-0.707106781186545,-0.70710678118655));
#2269=DIRECTION('',(0.,-1.,0.));
#2270=DIRECTION('',(0.,-0.707106781186533,0.707106781186562));
#2271=DIRECTION('',(0.,-1.,0.));
#2272=DIRECTION('',(0.,0.,-1.));
#2273=DIRECTION('',(-0.707106781186545,0.,-0.70710678118655));
#2274=DIRECTION('',(-1.,0.,0.));
#2275=DIRECTION('',(-0.707106781186545,0.,0.70710678118655));
#2276=DIRECTION('',(0.,0.,-1.));
#2277=DIRECTION('',(1.,0.,0.));
#2278=DIRECTION('',(-1.,0.,0.));
#2279=DIRECTION('',(0.,0.,1.));
#2280=DIRECTION('',(0.,-0.707106781186545,-0.70710678118655));
#2281=DIRECTION('',(0.,-1.,0.));
#2282=DIRECTION('',(0.,0.,1.));
#2283=DIRECTION('',(0.,1.,0.));
#2284=DIRECTION('',(0.,0.,1.));
#2285=DIRECTION('',(0.,-1.,0.));
#2286=DIRECTION('',(0.,0.,-1.));
#2287=DIRECTION('',(0.,0.,-1.));
#2288=DIRECTION('',(-1.,0.,0.));
#2289=DIRECTION('',(0.,0.,-1.));
#2290=DIRECTION('',(1.,0.,0.));
#2291=DIRECTION('',(0.,0.,-1.));
#2292=DIRECTION('',(-0.999804636679027,0.0197658411184038,0.));
#2293=DIRECTION('',(0.,0.,-1.));
#2294=DIRECTION('',(0.,0.,-1.));
#2295=DIRECTION('',(-1.,-3.00000067492163E-9,0.));
#2296=DIRECTION('',(3.00000067492163E-9,-1.,0.));
#2297=DIRECTION('',(0.,0.,-1.));
#2298=DIRECTION('',(-3.00000067492163E-9,1.,0.));
#2299=DIRECTION('',(3.00000067492163E-9,-1.,0.));
#2300=DIRECTION('',(0.,0.,-1.));
#2301=DIRECTION('',(0.,0.,-1.));
#2302=DIRECTION('',(0.999804638664268,0.0197657406997993,0.));
#2303=DIRECTION('',(0.,0.,-1.));
#2304=DIRECTION('',(0.,1.,0.));
#2305=DIRECTION('',(0.,0.,1.));
#2306=DIRECTION('',(0.,0.,-1.));
#2307=DIRECTION('',(1.,0.,0.));
#2308=DIRECTION('',(-1.,0.,0.));
#2309=DIRECTION('',(0.,0.,-1.));
#2310=DIRECTION('',(1.,3.00000067653179E-9,0.));
#2311=DIRECTION('',(-3.00000067653179E-9,1.,0.));
#2312=DIRECTION('',(0.,0.,-1.));
#2313=DIRECTION('',(3.00000067653179E-9,-1.,0.));
#2314=DIRECTION('',(-3.00000067653179E-9,1.,0.));
#2315=DIRECTION('',(0.,1.,0.));
#2316=DIRECTION('',(0.,0.,1.));
#2317=DIRECTION('',(1.,0.,0.));
#2318=DIRECTION('',(0.,0.,1.));
#2319=DIRECTION('',(-1.,0.,0.));
#2320=DIRECTION('',(0.,0.,-1.));
#2321=DIRECTION('',(0.,0.,1.));
#2322=DIRECTION('',(1.,0.,0.));
#2323=DIRECTION('',(-1.,0.,0.));
#2324=DIRECTION('',(0.,0.,1.));
#2325=DIRECTION('',(1.,0.,0.));
#2326=DIRECTION('',(3.00000067492163E-9,-1.,0.));
#2327=DIRECTION('',(0.,0.,1.));
#2328=DIRECTION('',(1.,0.,0.));
#2329=DIRECTION('',(0.,0.,1.));
#2330=DIRECTION('',(0.0263697902856556,-0.999652256617415,0.));
#2331=DIRECTION('',(-1.,0.,0.));
#2332=DIRECTION('',(-3.00000067653179E-9,1.,0.));
#2333=DIRECTION('',(1.,0.,0.));
#2334=DIRECTION('',(0.,0.,1.));
#2335=DIRECTION('',(0.0526363923919235,0.998613744245473,0.));
#2336=DIRECTION('',(0.,0.,1.));
#2337=DIRECTION('',(1.,0.,0.));
#2338=DIRECTION('',(-1.,0.,0.));
#2339=DIRECTION('',(0.,-1.,0.));
#2340=DIRECTION('',(1.,0.,0.));
#2341=DIRECTION('',(0.,1.,0.));
#2342=DIRECTION('',(1.,0.,0.));
#2343=DIRECTION('',(0.,-1.,0.));
#2344=DIRECTION('',(1.,0.,0.));
#2345=DIRECTION('',(-1.00492341979547E-14,1.,0.));
#2346=DIRECTION('',(0.,0.,1.));
#2347=DIRECTION('',(1.,0.,0.));
#2348=DIRECTION('',(1.,0.,0.));
#2349=DIRECTION('',(0.,0.,1.));
#2350=DIRECTION('',(-0.0263697899734435,0.999652256625651,0.));
#2351=DIRECTION('',(-3.00000067492163E-9,1.,0.));
#2352=DIRECTION('',(0.,0.,1.));
#2353=DIRECTION('',(-0.0526363927061932,-0.998613744228908,0.));
#2354=DIRECTION('',(-1.,0.,0.));
#2355=DIRECTION('',(3.00000067653179E-9,-1.,0.));
#2356=DIRECTION('',(0.,0.,1.));
#2357=DIRECTION('',(1.,0.,0.));
#2358=DIRECTION('',(0.,0.,1.));
#2359=DIRECTION('',(1.,0.,0.));
#2360=DIRECTION('',(0.,-1.,0.));
#2361=DIRECTION('',(-1.,0.,0.));
#2362=DIRECTION('',(0.,1.,0.));
#2363=DIRECTION('',(0.,0.,-1.));
#2364=DIRECTION('',(-1.,0.,0.));
#2365=DIRECTION('',(0.,0.,1.));
#2366=DIRECTION('',(1.,0.,0.));
#2367=DIRECTION('',(0.,0.,1.));
#2368=DIRECTION('',(1.,0.,0.));
#2369=DIRECTION('',(0.,0.,-1.));
#2370=DIRECTION('',(-1.,0.,0.));
#2371=DIRECTION('',(0.,0.,1.));
#2372=DIRECTION('',(1.,0.,0.));
#2373=DIRECTION('',(0.,0.,-1.));
#2374=DIRECTION('',(-1.,0.,0.));
#2375=DIRECTION('',(0.,0.,1.));
#2376=DIRECTION('',(1.,0.,0.));
#2377=DIRECTION('',(0.,0.,1.));
#2378=DIRECTION('',(1.,0.,0.));
#2379=DIRECTION('',(0.,0.,-1.));
#2380=DIRECTION('',(-1.,0.,0.));
#2381=DIRECTION('',(0.,0.,1.));
#2382=DIRECTION('',(1.,0.,0.));
#2383=DIRECTION('',(0.,1.,0.));
#2384=DIRECTION('',(0.,0.,1.));
#2385=DIRECTION('',(-0.000880731419290376,0.,-0.999999612156008));
#2386=DIRECTION('',(-1.,0.,0.));
#2387=DIRECTION('',(1.,0.,0.));
#2388=DIRECTION('',(0.,0.,1.));
#2389=DIRECTION('',(1.,0.,0.));
#2390=DIRECTION('',(0.,1.,0.));
#2391=DIRECTION('',(-1.,0.,0.));
#2392=DIRECTION('',(1.,0.,0.));
#2393=DIRECTION('',(1.00492341979547E-14,-1.,0.));
#2394=DIRECTION('',(-1.,0.,0.));
#2395=DIRECTION('',(0.,-1.,0.));
#2396=DIRECTION('',(0.,0.,-1.));
#2397=DIRECTION('',(1.,0.,0.));
#2398=DIRECTION('',(0.,0.,-1.));
#2399=DIRECTION('',(-1.,0.,0.));
#2400=DIRECTION('',(0.999999612156008,1.00492303004196E-14,-0.000880731419290376));
#2401=DIRECTION('',(0.000880731419290376,-8.46810624498173E-14,0.999999612156008));
#2402=DIRECTION('',(1.00492341979547E-14,-1.,-1.5407456309333E-33));
#2403=DIRECTION('',(-0.000880731419290376,0.,-0.999999612156008));
#2404=DIRECTION('',(-1.00492341979547E-14,1.,1.3895503644914E-33));
#2405=DIRECTION('',(0.000880731419290376,0.,0.999999612156008));
#2406=DIRECTION('',(1.,0.,0.));
#2407=DIRECTION('',(0.,0.,-1.));
#2408=DIRECTION('',(0.,-1.,0.));
#2409=DIRECTION('',(0.,0.,1.));
#2410=DIRECTION('',(0.,1.,0.));
#2411=DIRECTION('',(0.,-1.,0.));
#2412=DIRECTION('',(1.,0.,0.));
#2413=DIRECTION('',(0.,0.,-1.));
#2414=DIRECTION('',(1.,0.,0.));
#2415=DIRECTION('',(0.000880731419290376,0.,0.999999612156008));
#2416=DIRECTION('',(-1.,0.,0.));
#2417=DIRECTION('',(0.70710678118655,0.,-0.707106781186545));
#2418=DIRECTION('',(0.,1.,0.));
#2419=DIRECTION('',(0.707106781186545,-1.23903709934807E-16,0.70710678118655));
#2420=DIRECTION('',(0.577350269189627,-0.577350269189627,-0.577350269189623));
#2421=DIRECTION('',(0.707106781186548,0.707106781186548,0.));
#2422=DIRECTION('',(1.23903709934807E-16,-0.707106781186545,0.70710678118655));
#2423=DIRECTION('',(-0.707106781186547,-0.707106781186547,0.));
#2424=DIRECTION('',(0.707106781186548,-0.707106781186548,0.));
#2425=DIRECTION('',(0.,0.,1.));
#2426=DIRECTION('',(0.707106781186547,0.707106781186547,0.));
#2427=DIRECTION('',(0.,0.70710678118655,0.707106781186545));
#2428=DIRECTION('',(1.,0.,0.));
#2429=DIRECTION('',(1.23903709934807E-16,0.707106781186545,-0.70710678118655));
#2430=DIRECTION('',(-0.70710678118655,0.,-0.707106781186545));
#2431=DIRECTION('',(0.,-1.,0.));
#2432=DIRECTION('',(0.707106781186545,1.23903709934807E-16,-0.70710678118655));
#2433=DIRECTION('',(0.,-0.707106781186562,-0.707106781186533));
#2434=DIRECTION('',(1.,0.,0.));
#2435=DIRECTION('',(-0.577350269189618,-0.577350269189618,0.577350269189641));
#2436=DIRECTION('',(0.577350269189627,-0.577350269189627,0.577350269189623));
#2437=DIRECTION('',(0.707106781186548,0.707106781186548,0.));
#2438=DIRECTION('',(1.23903709934807E-16,-0.707106781186545,-0.70710678118655));
#2439=DIRECTION('',(0.707106781186545,-1.23903709934807E-16,-0.70710678118655));
#2440=DIRECTION('',(-0.577350269189627,-0.577350269189627,-0.577350269189623));
#2441=DIRECTION('',(0.707106781186548,-0.707106781186548,0.));
#2442=DIRECTION('',(-0.707106781186547,0.707106781186547,0.));
#2443=DIRECTION('',(0.707106781186562,0.,0.707106781186533));
#2444=DIRECTION('',(0.,1.,0.));
#2445=DIRECTION('',(-0.707106781186533,-9.61481343191769E-17,0.707106781186562));
#2446=DIRECTION('',(-0.70710678118655,0.,-0.707106781186545));
#2447=DIRECTION('',(0.,-1.,0.));
#2448=DIRECTION('',(0.577350269189625,-0.577350269189625,-0.577350269189628));
#2449=DIRECTION('',(0.,-0.70710678118655,0.707106781186545));
#2450=DIRECTION('',(-1.,0.,0.));
#2451=DIRECTION('',(1.23903709934807E-16,0.707106781186545,0.70710678118655));
#2452=DIRECTION('',(-0.707106781186548,-0.707106781186548,0.));
#2453=DIRECTION('',(0.,0.,1.));
#2454=DIRECTION('',(0.707106781186547,-0.707106781186547,0.));
#2455=DIRECTION('',(-0.577350269189634,-0.577350269189634,-0.57735026918961));
#2456=DIRECTION('',(0.707106781186548,-0.707106781186548,0.));
#2457=DIRECTION('',(-0.707106781186548,0.707106781186548,0.));
#2458=DIRECTION('',(2.43938705414553E-14,-0.707106781186546,0.707106781186549));
#2459=DIRECTION('',(0.,0.70710678118655,-0.707106781186545));
#2460=DIRECTION('',(-1.,0.,0.));
#2461=DIRECTION('',(0.577350269189625,0.577350269189625,0.577350269189628));
#2462=DIRECTION('',(-0.577350269189627,-0.577350269189627,0.577350269189623));
#2463=DIRECTION('',(0.707106781186548,-0.707106781186548,0.));
#2464=DIRECTION('',(0.707106781186545,1.23903709934807E-16,0.70710678118655));
#2465=DIRECTION('',(0.,0.70710678118655,-0.707106781186545));
#2466=DIRECTION('',(-1.,0.,0.));
#2467=DIRECTION('',(0.000622497032669321,0.70710664418369,0.707106644183694));
#2468=DIRECTION('',(0.706795327015112,7.10275177119485E-15,-0.707418098234418));
#2469=DIRECTION('',(-1.00492341979547E-14,1.,0.));
#2470=DIRECTION('',(0.707418098234418,-1.05793965416003E-14,0.706795327015112));
#2471=DIRECTION('',(-0.707418098234418,-1.06755728737978E-14,-0.706795327015112));
#2472=DIRECTION('',(0.,-0.707106781186549,-0.707106781186546));
#2473=DIRECTION('',(1.,0.,0.));
#2474=DIRECTION('',(-0.000622497032571278,0.70710664418369,-0.707106644183694));
#2475=DIRECTION('',(-0.707106781186548,-0.707106781186548,0.));
#2476=DIRECTION('',(0.,0.,1.));
#2477=DIRECTION('',(0.707106781186547,-0.707106781186547,0.));
#2478=DIRECTION('',(-0.70710678118655,0.,0.707106781186545));
#2479=DIRECTION('',(0.,-1.,0.));
#2480=DIRECTION('',(-0.707106781186545,-1.23903709934807E-16,-0.70710678118655));
#2481=DIRECTION('',(0.70710678118655,0.,-0.707106781186545));
#2482=DIRECTION('',(0.,1.,0.));
#2483=DIRECTION('',(-0.577350269189625,0.577350269189625,-0.577350269189628));
#2484=DIRECTION('',(0.577180548522056,0.577180996234223,-0.577689113618951));
#2485=DIRECTION('',(0.,0.707417824108169,0.706795601382793));
#2486=DIRECTION('',(-0.707106918189314,0.707106644183701,2.74247054797196E-7));
#2487=DIRECTION('',(0.577180548522029,-0.577180996234275,-0.577689113618925));
#2488=DIRECTION('',(0.,0.70741782410812,-0.706795601382841));
#2489=DIRECTION('',(0.707106918189355,0.70710664418366,-2.74247069426644E-7));
#2490=DIRECTION('',(-0.577350269189627,-0.577350269189627,0.577350269189623));
#2491=DIRECTION('',(0.707106781186548,-0.707106781186548,0.));
#2492=DIRECTION('',(-1.23903709934807E-16,-0.707106781186545,-0.70710678118655));
#2493=DIRECTION('',(0.,-0.70710678118655,-0.707106781186545));
#2494=DIRECTION('',(1.,0.,0.));
#2495=DIRECTION('',(-0.000623045526916561,0.707106643942151,-0.707106643942156));
#2496=DIRECTION('',(-0.707106506939441,-0.707106781186538,0.000622771158984286));
#2497=DIRECTION('',(0.000880731419290376,0.,0.999999612156008));
#2498=DIRECTION('',(0.707106918430852,-0.707106643942163,2.74247062412537E-7));
#2499=DIRECTION('',(-0.707106506939399,0.707106781186579,0.00062277115898425));
#2500=DIRECTION('',(0.000880731419290376,0.,0.999999612156008));
#2501=DIRECTION('',(-0.707106918430893,-0.707106643942122,-2.7424707813269E-7));
#2502=DIRECTION('',(0.,0.70710678118655,-0.707106781186545));
#2503=DIRECTION('',(-1.,0.,0.));
#2504=DIRECTION('',(0.000623045527014701,0.707106643942151,0.707106643942156));
#2505=DIRECTION('',(0.577519542013503,0.577519989988629,0.577011126197794));
#2506=DIRECTION('',(-0.707107055433601,0.707106506939388,0.));
#2507=DIRECTION('',(-0.706795327015019,1.441798176519E-15,0.707418098234511));
#2508=DIRECTION('',(0.577519542013476,-0.577519989988683,0.577011126197768));
#2509=DIRECTION('',(0.70710705543365,0.707106506939339,0.));
#2510=DIRECTION('',(0.706795327015019,1.34567829808425E-15,-0.707418098234511));
#2511=DIRECTION('',(-0.707418098234511,-7.10901014503033E-15,-0.706795327015019));
#2512=DIRECTION('',(1.00492341979547E-14,-1.,0.));
#2513=DIRECTION('',(0.0372205793535537,0.706146079208522,0.707087224669643));
#2514=DIRECTION('',(0.,-0.707577523417168,0.70663572535984));
#2515=DIRECTION('',(0.,0.707106781186537,-0.707106781186558));
#2516=DIRECTION('',(-1.,0.,0.));
#2517=DIRECTION('',(0.707106781186531,2.12132082080125E-9,-0.707106781186565));
#2518=DIRECTION('',(-3.00000067492163E-9,1.,0.));
#2519=DIRECTION('',(-0.707106781186543,-2.12132082193985E-9,-0.707106781186552));
#2520=DIRECTION('',(3.00000067653179E-9,-1.,0.));
#2521=DIRECTION('',(0.0186467732168761,-0.706880438674674,0.707087224653153));
#2522=DIRECTION('',(0.,-0.70721018459378,-0.707003362655958));
#2523=DIRECTION('',(0.,-0.707106781186537,-0.707106781186558));
#2524=DIRECTION('',(1.,0.,0.));
#2525=DIRECTION('',(-0.0372205795758402,-0.706146079197909,0.707087224668541));
#2526=DIRECTION('',(0.,-0.707577523421927,-0.706635725355074));
#2527=DIRECTION('',(0.,-0.707106781186538,-0.707106781186558));
#2528=DIRECTION('',(1.,0.,0.));
#2529=DIRECTION('',(-0.707106781186531,-2.12132082080125E-9,-0.707106781186564));
#2530=DIRECTION('',(3.00000067492163E-9,-1.,0.));
#2531=DIRECTION('',(0.707106781186544,2.12132082193985E-9,-0.707106781186551));
#2532=DIRECTION('',(-3.00000067653179E-9,1.,0.));
#2533=DIRECTION('',(-0.0186467729961316,0.706880438681591,0.70708722465206));
#2534=DIRECTION('',(0.,-0.707210184589774,0.707003362659965));
#2535=DIRECTION('',(0.,0.707106781186538,-0.707106781186558));
#2536=DIRECTION('',(-1.,0.,0.));
#2537=DIRECTION('',(0.,0.,1.));
#2538=DIRECTION('',(1.,0.,0.));
#2539=DIRECTION('',(0.,0.,1.));
#2540=DIRECTION('',(1.,0.,0.));
#2541=CARTESIAN_POINT('',(0.,0.,0.));
#2542=CARTESIAN_POINT('',(-0.144409141637505,-0.125060124952468,0.00853642078135419));
#2543=CARTESIAN_POINT('',(-0.144409141637505,-0.125060124952468,0.00853642078135419));
#2544=CARTESIAN_POINT('',(-0.147409141637505,-0.125060124952468,0.00853642078135419));
#2545=CARTESIAN_POINT('',(-0.149109141637505,-0.125060124952468,0.00853642078135419));
#2546=CARTESIAN_POINT('',(-0.147409141637505,-0.125060124952468,0.00853642078135419));
#2547=CARTESIAN_POINT('',(-0.147409141637505,-0.125060124952468,0.00873642078135419));
#2548=CARTESIAN_POINT('',(-0.144409141637505,-0.125060124952468,0.00873642078135419));
#2549=CARTESIAN_POINT('',(-0.149109141637505,-0.125060124952468,0.00873642078135419));
#2550=CARTESIAN_POINT('',(-0.149109141637505,-0.125060124952468,0.00853642078135419));
#2551=CARTESIAN_POINT('',(-0.144409141637505,-0.125060124952468,0.00853642078135419));
#2552=CARTESIAN_POINT('',(-0.144409141637505,-0.125060124952468,0.00853642078135419));
#2553=CARTESIAN_POINT('',(-0.145709141637505,-0.125060124952468,0.00853642078135419));
#2554=CARTESIAN_POINT('',(-0.145709141637505,-0.125060124952468,0.00853642078135419));
#2555=CARTESIAN_POINT('',(-0.145709141637505,-0.125060124952468,0.00873642078135419));
#2556=CARTESIAN_POINT('',(-0.144409141637505,-0.125060124952468,0.00873642078135419));
#2557=CARTESIAN_POINT('',(-0.144409141637505,-0.128460124952468,0.00853642078135419));
#2558=CARTESIAN_POINT('',(-0.144409141637505,-0.128460124952468,0.00853642078135419));
#2559=CARTESIAN_POINT('',(-0.147409141637505,-0.128460124952468,0.00853642078135419));
#2560=CARTESIAN_POINT('',(-0.149109141637505,-0.128460124952468,0.00853642078135419));
#2561=CARTESIAN_POINT('',(-0.149109141637505,-0.128460124952468,0.00853642078135419));
#2562=CARTESIAN_POINT('',(-0.149109141637505,-0.128460124952468,0.00873642078135419));
#2563=CARTESIAN_POINT('',(-0.144409141637505,-0.128460124952468,0.00873642078135419));
#2564=CARTESIAN_POINT('',(-0.147409141637505,-0.128460124952468,0.00873642078135419));
#2565=CARTESIAN_POINT('',(-0.147409141637505,-0.128460124952468,0.00853642078135419));
#2566=CARTESIAN_POINT('',(-0.144409141637505,-0.128460124952468,0.00853642078135419));
#2567=CARTESIAN_POINT('',(-0.144409141637505,-0.128460124952468,0.00853642078135419));
#2568=CARTESIAN_POINT('',(-0.145709141637505,-0.128460124952468,0.00853642078135419));
#2569=CARTESIAN_POINT('',(-0.144409141637505,-0.128460124952468,0.00873642078135419));
#2570=CARTESIAN_POINT('',(-0.145709141637505,-0.128460124952468,0.00873642078135419));
#2571=CARTESIAN_POINT('',(-0.145709141637505,-0.128460124952468,0.00853642078135419));
#2572=CARTESIAN_POINT('',(-0.145709141637505,-0.126760124952468,0.00853642078135419));
#2573=CARTESIAN_POINT('',(-0.145709141637505,-0.126760124952468,0.00853642078135419));
#2574=CARTESIAN_POINT('',(-0.145709141637505,-0.126760124952468,0.00853642078135419));
#2575=CARTESIAN_POINT('',(-0.145709141637505,-0.128460124952468,0.00853642078135419));
#2576=CARTESIAN_POINT('',(-0.145709141637505,-0.128460124952468,0.00893642078135419));
#2577=CARTESIAN_POINT('',(-0.145709141637505,-0.126760124952468,0.00893642078135419));
#2578=CARTESIAN_POINT('',(-0.145709141637505,-0.126760124952468,0.00893642078135419));
#2579=CARTESIAN_POINT('',(-0.145709141637505,-0.126760124952468,0.00853642078135419));
#2580=CARTESIAN_POINT('',(-0.145709141637505,-0.126760124952468,0.00853642078135419));
#2581=CARTESIAN_POINT('',(-0.145709141637505,-0.126760124952468,0.00853642078135419));
#2582=CARTESIAN_POINT('',(-0.145709141637505,-0.126760124952468,0.00893642078135419));
#2583=CARTESIAN_POINT('',(-0.145709141637505,-0.125060124952468,0.00893642078135419));
#2584=CARTESIAN_POINT('',(-0.145709141637505,-0.125060124952468,0.00853642078135419));
#2585=CARTESIAN_POINT('',(-0.149109141637505,-0.126760124952468,0.00853642078135419));
#2586=CARTESIAN_POINT('',(-0.149109141637505,-0.126760124952468,0.00873642078135419));
#2587=CARTESIAN_POINT('',(-0.149109141637505,-0.124288283533606,0.00873642078135419));
#2588=CARTESIAN_POINT('',(-0.149109141637505,-0.124288283533606,0.0124364207813542));
#2589=CARTESIAN_POINT('',(-0.149109141637505,-0.124288283533606,0.00893642078135419));
#2590=CARTESIAN_POINT('',(-0.149109141637505,-0.126760124952468,0.00893642078135419));
#2591=CARTESIAN_POINT('',(-0.149109141637505,-0.125060124952468,0.00893642078135419));
#2592=CARTESIAN_POINT('',(-0.149109141637505,-0.125060124952468,0.00853642078135419));
#2593=CARTESIAN_POINT('',(-0.145709141637505,-0.126760124952468,0.00853642078135419));
#2594=CARTESIAN_POINT('',(-0.145709141637505,-0.126760124952468,0.00873642078135419));
#2595=CARTESIAN_POINT('',(-0.145709141637505,-0.124288283533606,0.00873642078135419));
#2596=CARTESIAN_POINT('',(-0.145709141637505,-0.126760124952468,0.00893642078135419));
#2597=CARTESIAN_POINT('',(-0.145709141637505,-0.124288283533606,0.00893642078135419));
#2598=CARTESIAN_POINT('',(-0.145709141637505,-0.124288283533606,0.0124364207813542));
#2599=CARTESIAN_POINT('',(-0.149109141637505,-0.126760124952468,0.00853642078135419));
#2600=CARTESIAN_POINT('',(-0.149109141637505,-0.126760124952468,0.00853642078135419));
#2601=CARTESIAN_POINT('',(-0.149109141637505,-0.126760124952468,0.00853642078135419));
#2602=CARTESIAN_POINT('',(-0.149109141637505,-0.126760124952468,0.00893642078135419));
#2603=CARTESIAN_POINT('',(-0.149109141637505,-0.126760124952468,0.00893642078135419));
#2604=CARTESIAN_POINT('',(-0.149109141637505,-0.126760124952468,0.00853642078135419));
#2605=CARTESIAN_POINT('',(-0.149109141637505,-0.126760124952468,0.00853642078135419));
#2606=CARTESIAN_POINT('',(-0.149109141637505,-0.126760124952468,0.00853642078135419));
#2607=CARTESIAN_POINT('',(-0.149109141637505,-0.126760124952468,0.00893642078135419));
#2608=CARTESIAN_POINT('',(-0.149109141637505,-0.128460124952468,0.00893642078135419));
#2609=CARTESIAN_POINT('',(-0.149109141637505,-0.128460124952468,0.00853642078135419));
#2610=CARTESIAN_POINT('',(-0.149109141637505,-0.126760124952468,0.00853642078135419));
#2611=CARTESIAN_POINT('',(-0.149109141637505,-0.126760124952468,0.00873642078135419));
#2612=CARTESIAN_POINT('',(-0.149109141637505,-0.12923196637133,0.00873642078135419));
#2613=CARTESIAN_POINT('',(-0.149109141637505,-0.126760124952468,0.00893642078135419));
#2614=CARTESIAN_POINT('',(-0.149109141637505,-0.12923196637133,0.00893642078135419));
#2615=CARTESIAN_POINT('',(-0.149109141637505,-0.12923196637133,0.0124364207813542));
#2616=CARTESIAN_POINT('',(-0.145709141637505,-0.126760124952468,0.00853642078135419));
#2617=CARTESIAN_POINT('',(-0.145709141637505,-0.126760124952468,0.00873642078135419));
#2618=CARTESIAN_POINT('',(-0.145709141637505,-0.12923196637133,0.00873642078135419));
#2619=CARTESIAN_POINT('',(-0.145709141637505,-0.12923196637133,0.0124364207813542));
#2620=CARTESIAN_POINT('',(-0.145709141637505,-0.12923196637133,0.00893642078135419));
#2621=CARTESIAN_POINT('',(-0.145709141637505,-0.126760124952468,0.00893642078135419));
#2622=CARTESIAN_POINT('',(-0.144409141637505,-0.126760124952468,0.00853642078135419));
#2623=CARTESIAN_POINT('',(-0.147409141637505,-0.126760124952468,0.00853642078135419));
#2624=CARTESIAN_POINT('',(-0.144409141637505,-0.126760124952468,0.00853642078135419));
#2625=CARTESIAN_POINT('',(-0.147409141637505,-0.126760124952468,0.00853642078135419));
#2626=CARTESIAN_POINT('',(-0.144409141637505,-0.126760124952468,0.00873642078135419));
#2627=CARTESIAN_POINT('',(-0.147409141637505,-0.126760124952468,0.00873642078135419));
#2628=CARTESIAN_POINT('',(-0.144409141637505,-0.126760124952468,0.00853642078135419));
#2629=CARTESIAN_POINT('',(-0.147409141637505,-0.126760124952468,0.00853642078135419));
#2630=CARTESIAN_POINT('',(-0.144409141637505,-0.126760124952468,0.00853642078135419));
#2631=CARTESIAN_POINT('',(-0.147409141637505,-0.126760124952468,0.00853642078135419));
#2632=CARTESIAN_POINT('',(-0.144409141637505,-0.126760124952468,0.00873642078135419));
#2633=CARTESIAN_POINT('',(-0.147409141637505,-0.126760124952468,0.00873642078135419));
#2634=CARTESIAN_POINT('',(-0.144409141637505,-0.126760124952468,0.00893642078135419));
#2635=CARTESIAN_POINT('',(-0.147409141637505,-0.126760124952468,0.00893642078135419));
#2636=CARTESIAN_POINT('',(-0.144397560919505,-0.113059507337468,0.00853642078135419));
#2637=CARTESIAN_POINT('',(-0.144397560919505,-0.113059507337468,0.00853642078135419));
#2638=CARTESIAN_POINT('',(-0.147397560919505,-0.113059507337468,0.00853642078135419));
#2639=CARTESIAN_POINT('',(-0.149097560919505,-0.113059507337468,0.00853642078135419));
#2640=CARTESIAN_POINT('',(-0.147397560919505,-0.113059507337468,0.00853642078135419));
#2641=CARTESIAN_POINT('',(-0.147397560919505,-0.113059507337468,0.00873642078135419));
#2642=CARTESIAN_POINT('',(-0.144397560919505,-0.113059507337468,0.00873642078135419));
#2643=CARTESIAN_POINT('',(-0.149097560919505,-0.113059507337468,0.00873642078135419));
#2644=CARTESIAN_POINT('',(-0.149097560919505,-0.113059507337468,0.00853642078135419));
#2645=CARTESIAN_POINT('',(-0.144397560919505,-0.113059507337468,0.00853642078135419));
#2646=CARTESIAN_POINT('',(-0.144397560919505,-0.113059507337468,0.00853642078135419));
#2647=CARTESIAN_POINT('',(-0.145697560919505,-0.113059507337468,0.00853642078135419));
#2648=CARTESIAN_POINT('',(-0.145697560919505,-0.113059507337468,0.00853642078135419));
#2649=CARTESIAN_POINT('',(-0.145697560919505,-0.113059507337468,0.00873642078135419));
#2650=CARTESIAN_POINT('',(-0.144397560919505,-0.113059507337468,0.00873642078135419));
#2651=CARTESIAN_POINT('',(-0.144397560919505,-0.116459507337468,0.00853642078135419));
#2652=CARTESIAN_POINT('',(-0.144397560919505,-0.116459507337468,0.00853642078135419));
#2653=CARTESIAN_POINT('',(-0.147397560919505,-0.116459507337468,0.00853642078135419));
#2654=CARTESIAN_POINT('',(-0.149097560919505,-0.116459507337468,0.00853642078135419));
#2655=CARTESIAN_POINT('',(-0.149097560919505,-0.116459507337468,0.00853642078135419));
#2656=CARTESIAN_POINT('',(-0.149097560919505,-0.116459507337468,0.00873642078135419));
#2657=CARTESIAN_POINT('',(-0.144397560919505,-0.116459507337468,0.00873642078135419));
#2658=CARTESIAN_POINT('',(-0.147397560919505,-0.116459507337468,0.00873642078135419));
#2659=CARTESIAN_POINT('',(-0.147397560919505,-0.116459507337468,0.00853642078135419));
#2660=CARTESIAN_POINT('',(-0.144397560919505,-0.116459507337468,0.00853642078135419));
#2661=CARTESIAN_POINT('',(-0.144397560919505,-0.116459507337468,0.00853642078135419));
#2662=CARTESIAN_POINT('',(-0.145697560919505,-0.116459507337468,0.00853642078135419));
#2663=CARTESIAN_POINT('',(-0.144397560919505,-0.116459507337468,0.00873642078135419));
#2664=CARTESIAN_POINT('',(-0.145697560919505,-0.116459507337468,0.00873642078135419));
#2665=CARTESIAN_POINT('',(-0.145697560919505,-0.116459507337468,0.00853642078135419));
#2666=CARTESIAN_POINT('',(-0.145697560919505,-0.114759507337468,0.00853642078135419));
#2667=CARTESIAN_POINT('',(-0.145697560919505,-0.114759507337468,0.00853642078135419));
#2668=CARTESIAN_POINT('',(-0.145697560919505,-0.114759507337468,0.00853642078135419));
#2669=CARTESIAN_POINT('',(-0.145697560919505,-0.116459507337468,0.00853642078135419));
#2670=CARTESIAN_POINT('',(-0.145697560919505,-0.116459507337468,0.00893642078135419));
#2671=CARTESIAN_POINT('',(-0.145697560919505,-0.114759507337468,0.00893642078135419));
#2672=CARTESIAN_POINT('',(-0.145697560919505,-0.114759507337468,0.00893642078135419));
#2673=CARTESIAN_POINT('',(-0.145697560919505,-0.114759507337468,0.00853642078135419));
#2674=CARTESIAN_POINT('',(-0.145697560919505,-0.114759507337468,0.00853642078135419));
#2675=CARTESIAN_POINT('',(-0.145697560919505,-0.114759507337468,0.00853642078135419));
#2676=CARTESIAN_POINT('',(-0.145697560919505,-0.114759507337468,0.00893642078135419));
#2677=CARTESIAN_POINT('',(-0.145697560919505,-0.113059507337468,0.00893642078135419));
#2678=CARTESIAN_POINT('',(-0.145697560919505,-0.113059507337468,0.00853642078135419));
#2679=CARTESIAN_POINT('',(-0.149097560919505,-0.114759507337468,0.00853642078135419));
#2680=CARTESIAN_POINT('',(-0.149097560919505,-0.114759507337468,0.00873642078135419));
#2681=CARTESIAN_POINT('',(-0.149097560919505,-0.112287665918606,0.00873642078135419));
#2682=CARTESIAN_POINT('',(-0.149097560919505,-0.112287665918606,0.0124364207813542));
#2683=CARTESIAN_POINT('',(-0.149097560919505,-0.112287665918606,0.00893642078135419));
#2684=CARTESIAN_POINT('',(-0.149097560919505,-0.114759507337468,0.00893642078135419));
#2685=CARTESIAN_POINT('',(-0.149097560919505,-0.113059507337468,0.00893642078135419));
#2686=CARTESIAN_POINT('',(-0.149097560919505,-0.113059507337468,0.00853642078135419));
#2687=CARTESIAN_POINT('',(-0.145697560919505,-0.114759507337468,0.00853642078135419));
#2688=CARTESIAN_POINT('',(-0.145697560919505,-0.114759507337468,0.00873642078135419));
#2689=CARTESIAN_POINT('',(-0.145697560919505,-0.112287665918606,0.00873642078135419));
#2690=CARTESIAN_POINT('',(-0.145697560919505,-0.114759507337468,0.00893642078135419));
#2691=CARTESIAN_POINT('',(-0.145697560919505,-0.112287665918606,0.00893642078135419));
#2692=CARTESIAN_POINT('',(-0.145697560919505,-0.112287665918606,0.0124364207813542));
#2693=CARTESIAN_POINT('',(-0.149097560919505,-0.114759507337468,0.00853642078135419));
#2694=CARTESIAN_POINT('',(-0.149097560919505,-0.114759507337468,0.00853642078135419));
#2695=CARTESIAN_POINT('',(-0.149097560919505,-0.114759507337468,0.00853642078135419));
#2696=CARTESIAN_POINT('',(-0.149097560919505,-0.114759507337468,0.00893642078135419));
#2697=CARTESIAN_POINT('',(-0.149097560919505,-0.114759507337468,0.00893642078135419));
#2698=CARTESIAN_POINT('',(-0.149097560919505,-0.114759507337468,0.00853642078135419));
#2699=CARTESIAN_POINT('',(-0.149097560919505,-0.114759507337468,0.00853642078135419));
#2700=CARTESIAN_POINT('',(-0.149097560919505,-0.114759507337468,0.00853642078135419));
#2701=CARTESIAN_POINT('',(-0.149097560919505,-0.114759507337468,0.00893642078135419));
#2702=CARTESIAN_POINT('',(-0.149097560919505,-0.116459507337468,0.00893642078135419));
#2703=CARTESIAN_POINT('',(-0.149097560919505,-0.116459507337468,0.00853642078135419));
#2704=CARTESIAN_POINT('',(-0.149097560919505,-0.114759507337468,0.00853642078135419));
#2705=CARTESIAN_POINT('',(-0.149097560919505,-0.114759507337468,0.00873642078135419));
#2706=CARTESIAN_POINT('',(-0.149097560919505,-0.11723134875633,0.00873642078135419));
#2707=CARTESIAN_POINT('',(-0.149097560919505,-0.114759507337468,0.00893642078135419));
#2708=CARTESIAN_POINT('',(-0.149097560919505,-0.11723134875633,0.00893642078135419));
#2709=CARTESIAN_POINT('',(-0.149097560919505,-0.11723134875633,0.0124364207813542));
#2710=CARTESIAN_POINT('',(-0.145697560919505,-0.114759507337468,0.00853642078135419));
#2711=CARTESIAN_POINT('',(-0.145697560919505,-0.114759507337468,0.00873642078135419));
#2712=CARTESIAN_POINT('',(-0.145697560919505,-0.11723134875633,0.00873642078135419));
#2713=CARTESIAN_POINT('',(-0.145697560919505,-0.11723134875633,0.0124364207813542));
#2714=CARTESIAN_POINT('',(-0.145697560919505,-0.11723134875633,0.00893642078135419));
#2715=CARTESIAN_POINT('',(-0.145697560919505,-0.114759507337468,0.00893642078135419));
#2716=CARTESIAN_POINT('',(-0.144397560919505,-0.114759507337468,0.00853642078135419));
#2717=CARTESIAN_POINT('',(-0.147397560919505,-0.114759507337468,0.00853642078135419));
#2718=CARTESIAN_POINT('',(-0.144397560919505,-0.114759507337468,0.00853642078135419));
#2719=CARTESIAN_POINT('',(-0.147397560919505,-0.114759507337468,0.00853642078135419));
#2720=CARTESIAN_POINT('',(-0.144397560919505,-0.114759507337468,0.00873642078135419));
#2721=CARTESIAN_POINT('',(-0.147397560919505,-0.114759507337468,0.00873642078135419));
#2722=CARTESIAN_POINT('',(-0.144397560919505,-0.114759507337468,0.00853642078135419));
#2723=CARTESIAN_POINT('',(-0.147397560919505,-0.114759507337468,0.00853642078135419));
#2724=CARTESIAN_POINT('',(-0.144397560919505,-0.114759507337468,0.00853642078135419));
#2725=CARTESIAN_POINT('',(-0.147397560919505,-0.114759507337468,0.00853642078135419));
#2726=CARTESIAN_POINT('',(-0.144397560919505,-0.114759507337468,0.00873642078135419));
#2727=CARTESIAN_POINT('',(-0.147397560919505,-0.114759507337468,0.00873642078135419));
#2728=CARTESIAN_POINT('',(-0.144397560919505,-0.114759507337468,0.00893642078135419));
#2729=CARTESIAN_POINT('',(-0.147397560919505,-0.114759507337468,0.00893642078135419));
#2730=CARTESIAN_POINT('',(-0.141482544548505,-0.121965845561468,0.0124364207813542));
#2731=CARTESIAN_POINT('',(-0.141482544548505,-0.117045307802485,0.00943642078135419));
#2732=CARTESIAN_POINT('',(-0.141482544548505,-0.117045307802485,0.00723642078135419));
#2733=CARTESIAN_POINT('',(-0.141482544548505,-0.117045307802485,0.0116364207813542));
#2734=CARTESIAN_POINT('',(-0.141482544548505,-0.121965845561468,0.0116364207813542));
#2735=CARTESIAN_POINT('',(-0.141482544548505,-0.131630335514468,0.0116364207813542));
#2736=CARTESIAN_POINT('',(-0.141482544548505,-0.131630335514468,0.00493642078135419));
#2737=CARTESIAN_POINT('',(-0.141482544548505,-0.131630335514468,0.00573642078135419));
#2738=CARTESIAN_POINT('',(-0.141482544548505,-0.111501355608468,0.00573642078135419));
#2739=CARTESIAN_POINT('',(-0.141482544548505,-0.111501355608468,0.00573642078135419));
#2740=CARTESIAN_POINT('',(-0.141482544548505,-0.111501355608468,0.0124364207813542));
#2741=CARTESIAN_POINT('',(-0.141482544548505,-0.111501355608468,0.00678037297537117));
#2742=CARTESIAN_POINT('',(-0.141482544548505,-0.111845307802485,0.00643642078135419));
#2743=CARTESIAN_POINT('',(-0.141482544548505,-0.111845307802485,0.00643642078135419));
#2744=CARTESIAN_POINT('',(-0.141482544548505,-0.111273331705476,0.00643642078135419));
#2745=CARTESIAN_POINT('',(-0.141482544548505,-0.116245307802485,0.00643642078135419));
#2746=CARTESIAN_POINT('',(-0.141482544548505,-0.116245307802485,0.00643642078135419));
#2747=CARTESIAN_POINT('',(-0.148204472737235,-0.111501355608468,0.0124364207813542));
#2748=CARTESIAN_POINT('',(-0.142282544548505,-0.111501355608468,0.00493642078135419));
#2749=CARTESIAN_POINT('',(-0.142282544548505,-0.111501355608468,0.00493642078135419));
#2750=CARTESIAN_POINT('',(-0.148204472737235,-0.111501355608468,0.00493642078135419));
#2751=CARTESIAN_POINT('',(-0.154126400925966,-0.111501355608468,0.00493642078135419));
#2752=CARTESIAN_POINT('',(-0.154126400925966,-0.111501355608468,0.00493642078135419));
#2753=CARTESIAN_POINT('',(-0.154926400925966,-0.111501355608468,0.00573642078135419));
#2754=CARTESIAN_POINT('',(-0.154926400925966,-0.111501355608468,0.0124364207813542));
#2755=CARTESIAN_POINT('',(-0.154926400925966,-0.111501355608468,0.00678037297537117));
#2756=CARTESIAN_POINT('',(-0.148204472737235,-0.111501355608468,0.00678037297537117));
#2757=CARTESIAN_POINT('',(-0.154926400925966,-0.121965845561468,0.0124364207813542));
#2758=CARTESIAN_POINT('',(-0.154926400925966,-0.113905576681976,0.00437615190186271));
#2759=CARTESIAN_POINT('',(-0.154926400925966,-0.111045307802485,0.00723642078135419));
#2760=CARTESIAN_POINT('',(-0.154926400925966,-0.132430335514468,0.00573642078135419));
#2761=CARTESIAN_POINT('',(-0.154926400925966,-0.131630335514468,0.00573642078135419));
#2762=CARTESIAN_POINT('',(-0.154926400925966,-0.131630335514468,0.0124364207813542));
#2763=CARTESIAN_POINT('',(-0.154926400925966,-0.131630335514468,0.0116364207813542));
#2764=CARTESIAN_POINT('',(-0.154926400925966,-0.121965845561468,0.0116364207813542));
#2765=CARTESIAN_POINT('',(-0.154926400925966,-0.111045307802485,0.0116364207813542));
#2766=CARTESIAN_POINT('',(-0.154926400925966,-0.111045307802485,0.00943642078135419));
#2767=CARTESIAN_POINT('',(-0.151485660207421,-0.115410626229938,0.0124364207813542));
#2768=CARTESIAN_POINT('',(-0.151468860050337,-0.115410626236469,0.0124364207813542));
#2769=CARTESIAN_POINT('',(-0.151468859769904,-0.115410550330738,0.0120364001907562));
#2770=CARTESIAN_POINT('',(-0.151468859616695,-0.115410558576884,0.00533648286442449));
#2771=CARTESIAN_POINT('',(-0.151485660207421,-0.115410626229938,0.0120364207813542));
#2772=CARTESIAN_POINT('',(-0.151594442121359,-0.115410626206049,0.0120364207813542));
#2773=CARTESIAN_POINT('',(-0.151594442121359,-0.115410626206049,0.0124364207813542));
#2774=CARTESIAN_POINT('',(-0.151594442121359,-0.115410626206049,0.00533642078135419));
#2775=CARTESIAN_POINT('',(-0.151468860050337,-0.115410626229938,0.00533642078135419));
#2776=CARTESIAN_POINT('',(-0.151468931012958,-0.116614633123287,0.0124364207813542));
#2777=CARTESIAN_POINT('',(-0.15137394623956,-0.11541437889664,0.0124364207813542));
#2778=CARTESIAN_POINT('',(-0.15137394623956,-0.11541437889664,0.0120364207813542));
#2779=CARTESIAN_POINT('',(-0.15137394623956,-0.11541437889664,0.00533642078135419));
#2780=CARTESIAN_POINT('',(-0.151373937319828,-0.115414268559796,0.0120365047279917));
#2781=CARTESIAN_POINT('',(-0.151405528852891,-0.115411768488993,0.0120365754103287));
#2782=CARTESIAN_POINT('',(-0.151437169552426,-0.115410517539413,0.0120365206565761));
#2783=CARTESIAN_POINT('',(-0.151468859411994,-0.115410515655025,0.0120363383348075));
#2784=CARTESIAN_POINT('',(-0.15146885866709,-0.115410515655069,0.00533656960366516));
#2785=CARTESIAN_POINT('',(-0.151437169285923,-0.115410517559033,0.00533627593155444));
#2786=CARTESIAN_POINT('',(-0.151405528821142,-0.115411768492365,0.0053362125176214));
#2787=CARTESIAN_POINT('',(-0.151373937281343,-0.115414268564724,0.00533637730157608));
#2788=CARTESIAN_POINT('',(-0.150319729111809,-0.116410626279282,0.0120364207813542));
#2789=CARTESIAN_POINT('',(-0.150319729111809,-0.116410626279282,0.00533642078135419));
#2790=CARTESIAN_POINT('',(-0.150319729101509,-0.116143722512372,0.0120364207813542));
#2791=CARTESIAN_POINT('',(-0.150319729101509,-0.116143722512372,0.00533642078135419));
#2792=CARTESIAN_POINT('',(-0.150598135510812,-0.115647031377576,0.0120364207813542));
#2793=CARTESIAN_POINT('',(-0.150598135510812,-0.115647031377576,0.00533642078135419));
#2794=CARTESIAN_POINT('',(-0.151108514518917,-0.115435354345667,0.0120364207813542));
#2795=CARTESIAN_POINT('',(-0.151108514518917,-0.115435354345667,0.00533642078135419));
#2796=CARTESIAN_POINT('',(-0.15137394623956,-0.11541437889664,0.0120364207813542));
#2797=CARTESIAN_POINT('',(-0.15137394623956,-0.11541437889664,0.00533642078135419));
#2798=CARTESIAN_POINT('',(-0.150319729506542,-0.11641062628067,0.0124364207813542));
#2799=CARTESIAN_POINT('',(-0.150319729506542,-0.11641062628067,0.0120364207813542));
#2800=CARTESIAN_POINT('',(-0.150319729506542,-0.11641062628067,0.00533642078135419));
#2801=CARTESIAN_POINT('',(-0.150319729111809,-0.116410626279282,0.0120364207813542));
#2802=CARTESIAN_POINT('',(-0.150319729101509,-0.116143722512372,0.0120364207813542));
#2803=CARTESIAN_POINT('',(-0.150598135510812,-0.115647031377576,0.0120364207813542));
#2804=CARTESIAN_POINT('',(-0.151108514518917,-0.115435354345667,0.0120364207813542));
#2805=CARTESIAN_POINT('',(-0.15137394623956,-0.11541437889664,0.0120364207813542));
#2806=CARTESIAN_POINT('',(-0.15137394623956,-0.11541437889664,0.0053364207813542));
#2807=CARTESIAN_POINT('',(-0.151108514518917,-0.115435354345667,0.0053364207813542));
#2808=CARTESIAN_POINT('',(-0.150598135510812,-0.115647031377576,0.0053364207813542));
#2809=CARTESIAN_POINT('',(-0.150319729101509,-0.116143722512372,0.0053364207813542));
#2810=CARTESIAN_POINT('',(-0.150319729111809,-0.116410626279282,0.0053364207813542));
#2811=CARTESIAN_POINT('',(-0.150319729493523,-0.120750126285173,0.0124364207813542));
#2812=CARTESIAN_POINT('',(-0.150319729508469,-0.125089626289675,0.0124364207813542));
#2813=CARTESIAN_POINT('',(-0.150319729508469,-0.125089626289675,0.0120364207813542));
#2814=CARTESIAN_POINT('',(-0.150319729508469,-0.125089626289675,0.00533642078135419));
#2815=CARTESIAN_POINT('',(-0.150319729493523,-0.120750126285173,0.0120364207813542));
#2816=CARTESIAN_POINT('',(-0.150319729480505,-0.125089626289675,0.00533642078135419));
#2817=CARTESIAN_POINT('',(-0.151373946652457,-0.126085873611327,0.0120364207813542));
#2818=CARTESIAN_POINT('',(-0.151373946652457,-0.126085873611327,0.00533642078135419));
#2819=CARTESIAN_POINT('',(-0.151108332999293,-0.126064883795368,0.0120364207813542));
#2820=CARTESIAN_POINT('',(-0.151108332999293,-0.126064883795368,0.00533642078135419));
#2821=CARTESIAN_POINT('',(-0.15059911928664,-0.12585346937749,0.0120364207813542));
#2822=CARTESIAN_POINT('',(-0.15059911928664,-0.12585346937749,0.00533642078135419));
#2823=CARTESIAN_POINT('',(-0.150319729518112,-0.125357633155858,0.0120364207813542));
#2824=CARTESIAN_POINT('',(-0.150319729518112,-0.125357633155858,0.00533642078135419));
#2825=CARTESIAN_POINT('',(-0.150319729508469,-0.125089626289675,0.0120364207813542));
#2826=CARTESIAN_POINT('',(-0.150319729508469,-0.125089626289675,0.00533642078135419));
#2827=CARTESIAN_POINT('',(-0.151373946653553,-0.126085873597472,0.0124364207813542));
#2828=CARTESIAN_POINT('',(-0.151373946653553,-0.126085873597472,0.0120364207813542));
#2829=CARTESIAN_POINT('',(-0.151373946653553,-0.126085873597472,0.00533642078135419));
#2830=CARTESIAN_POINT('',(-0.151373946652457,-0.126085873611327,0.0120364207813542));
#2831=CARTESIAN_POINT('',(-0.151108332999293,-0.126064883795368,0.0120364207813542));
#2832=CARTESIAN_POINT('',(-0.15059911928664,-0.12585346937749,0.0120364207813542));
#2833=CARTESIAN_POINT('',(-0.150319729518112,-0.125357633155858,0.0120364207813542));
#2834=CARTESIAN_POINT('',(-0.150319729508469,-0.125089626289675,0.0120364207813542));
#2835=CARTESIAN_POINT('',(-0.150319729508469,-0.125089626289675,0.0053364207813542));
#2836=CARTESIAN_POINT('',(-0.150319729518112,-0.125357633155858,0.0053364207813542));
#2837=CARTESIAN_POINT('',(-0.15059911928664,-0.12585346937749,0.0053364207813542));
#2838=CARTESIAN_POINT('',(-0.151108332999293,-0.126064883795368,0.0053364207813542));
#2839=CARTESIAN_POINT('',(-0.151373946652457,-0.126085873611327,0.0053364207813542));
#2840=CARTESIAN_POINT('',(-0.15146895056187,-0.124885620704284,0.0124364207813542));
#2841=CARTESIAN_POINT('',(-0.151468860467574,-0.126089626229531,0.0124364207813542));
#2842=CARTESIAN_POINT('',(-0.151468860463759,-0.126089681653284,0.0120364629674799));
#2843=CARTESIAN_POINT('',(-0.151468860447014,-0.126089681713475,0.00533642103135419));
#2844=CARTESIAN_POINT('',(-0.151468860645475,-0.126089737197638,0.0120365052452377));
#2845=CARTESIAN_POINT('',(-0.151437170330427,-0.12608973483119,0.0120365748594309));
#2846=CARTESIAN_POINT('',(-0.151405529544899,-0.126088483356463,0.0120365201572358));
#2847=CARTESIAN_POINT('',(-0.151373938476189,-0.126085982833284,0.0120363390057073));
#2848=CARTESIAN_POINT('',(-0.151373939366655,-0.126085982903767,0.00533656858547128));
#2849=CARTESIAN_POINT('',(-0.151405529939753,-0.126088483364135,0.00533627684020507));
#2850=CARTESIAN_POINT('',(-0.151437170374889,-0.126089734831687,0.00533621350463134));
#2851=CARTESIAN_POINT('',(-0.151468860671922,-0.126089737197437,0.00533637651458264));
#2852=CARTESIAN_POINT('',(-0.15148566062711,-0.126089626229531,0.0124364207813542));
#2853=CARTESIAN_POINT('',(-0.151594442554214,-0.126089626232469,0.0124364207813542));
#2854=CARTESIAN_POINT('',(-0.151594442554214,-0.126089626232469,0.0120364207813542));
#2855=CARTESIAN_POINT('',(-0.151594442554214,-0.126089626232469,0.00533642078135419));
#2856=CARTESIAN_POINT('',(-0.15148566062711,-0.126089626229531,0.0120364207813542));
#2857=CARTESIAN_POINT('',(-0.151594442554214,-0.126089626229531,0.00533642078135419));
#2858=CARTESIAN_POINT('',(-0.152661508833645,-0.125089626194377,0.0120364207813542));
#2859=CARTESIAN_POINT('',(-0.152661508833645,-0.125089626194377,0.0053364207813542));
#2860=CARTESIAN_POINT('',(-0.152661508837184,-0.125363082145891,0.0120364207813542));
#2861=CARTESIAN_POINT('',(-0.152661508837184,-0.125363082145891,0.0053364207813542));
#2862=CARTESIAN_POINT('',(-0.152411841082577,-0.125893694428276,0.0120364207813542));
#2863=CARTESIAN_POINT('',(-0.152411841082577,-0.125893694428276,0.0053364207813542));
#2864=CARTESIAN_POINT('',(-0.151867394983989,-0.126089626202118,0.0120364207813542));
#2865=CARTESIAN_POINT('',(-0.151867394983989,-0.126089626202118,0.0053364207813542));
#2866=CARTESIAN_POINT('',(-0.151594442554015,-0.126089626206041,0.0120364207813542));
#2867=CARTESIAN_POINT('',(-0.151594442554015,-0.126089626206041,0.0053364207813542));
#2868=CARTESIAN_POINT('',(-0.152661508833645,-0.125089626194377,0.0124364207813542));
#2869=CARTESIAN_POINT('',(-0.152661508833645,-0.125089626194377,0.0120364207813542));
#2870=CARTESIAN_POINT('',(-0.152661508833645,-0.125089626194377,0.00533642078135419));
#2871=CARTESIAN_POINT('',(-0.152661508833645,-0.125089626194377,0.0120364207813542));
#2872=CARTESIAN_POINT('',(-0.152661508837184,-0.125363082145891,0.0120364207813542));
#2873=CARTESIAN_POINT('',(-0.152411841082577,-0.125893694428276,0.0120364207813542));
#2874=CARTESIAN_POINT('',(-0.151867394983989,-0.126089626202118,0.0120364207813542));
#2875=CARTESIAN_POINT('',(-0.151594442554015,-0.126089626206041,0.0120364207813542));
#2876=CARTESIAN_POINT('',(-0.151594442554015,-0.126089626206041,0.0053364207813542));
#2877=CARTESIAN_POINT('',(-0.151867394983989,-0.126089626202118,0.0053364207813542));
#2878=CARTESIAN_POINT('',(-0.152411841082577,-0.125893694428276,0.0053364207813542));
#2879=CARTESIAN_POINT('',(-0.152661508837184,-0.125363082145891,0.0053364207813542));
#2880=CARTESIAN_POINT('',(-0.152661508833645,-0.125089626194377,0.0053364207813542));
#2881=CARTESIAN_POINT('',(-0.152661508469487,-0.120750126192203,0.0124364207813542));
#2882=CARTESIAN_POINT('',(-0.152661508482505,-0.11641062619003,0.0124364207813542));
#2883=CARTESIAN_POINT('',(-0.152661508482505,-0.11641062619003,0.0120364207813542));
#2884=CARTESIAN_POINT('',(-0.152661508482505,-0.11641062619003,0.00533642078135419));
#2885=CARTESIAN_POINT('',(-0.152661508469487,-0.120750126192203,0.0120364207813542));
#2886=CARTESIAN_POINT('',(-0.152661508482505,-0.11641062619003,0.00533642078135419));
#2887=CARTESIAN_POINT('',(-0.151594442121359,-0.115410626206049,0.0120364207813542));
#2888=CARTESIAN_POINT('',(-0.151594442121359,-0.115410626206049,0.0053364207813542));
#2889=CARTESIAN_POINT('',(-0.151867806729131,-0.115410626202449,0.0120364207813542));
#2890=CARTESIAN_POINT('',(-0.151867806729131,-0.115410626202449,0.0053364207813542));
#2891=CARTESIAN_POINT('',(-0.152411189961048,-0.115606150665535,0.0120364207813542));
#2892=CARTESIAN_POINT('',(-0.152411189961048,-0.115606150665535,0.00533642078135419));
#2893=CARTESIAN_POINT('',(-0.152661508460114,-0.116136890041023,0.0120364207813542));
#2894=CARTESIAN_POINT('',(-0.152661508460114,-0.116136890041023,0.0053364207813542));
#2895=CARTESIAN_POINT('',(-0.152661508469515,-0.116410626181999,0.0120364207813542));
#2896=CARTESIAN_POINT('',(-0.152661508469515,-0.116410626181999,0.0053364207813542));
#2897=CARTESIAN_POINT('',(-0.151594442121359,-0.115410626206049,0.0120364207813542));
#2898=CARTESIAN_POINT('',(-0.151867806729131,-0.115410626202449,0.0120364207813542));
#2899=CARTESIAN_POINT('',(-0.152411189961048,-0.115606150665535,0.0120364207813542));
#2900=CARTESIAN_POINT('',(-0.152661508460114,-0.116136890041023,0.0120364207813542));
#2901=CARTESIAN_POINT('',(-0.152661508469515,-0.116410626181999,0.0120364207813542));
#2902=CARTESIAN_POINT('',(-0.152661508469515,-0.116410626181999,0.0053364207813542));
#2903=CARTESIAN_POINT('',(-0.152661508460114,-0.116136890041023,0.0053364207813542));
#2904=CARTESIAN_POINT('',(-0.152411189961048,-0.115606150665535,0.0053364207813542));
#2905=CARTESIAN_POINT('',(-0.151867806729131,-0.115410626202449,0.0053364207813542));
#2906=CARTESIAN_POINT('',(-0.151594442121359,-0.115410626206049,0.0053364207813542));
#2907=CARTESIAN_POINT('',(-0.148204472737235,-0.132430335514468,0.0124364207813542));
#2908=CARTESIAN_POINT('',(-0.148204472737235,-0.132430335514468,0.00573642078135419));
#2909=CARTESIAN_POINT('',(-0.154126400925966,-0.132430335514468,0.00573642078135419));
#2910=CARTESIAN_POINT('',(-0.142282544548505,-0.132430335514468,0.00573642078135419));
#2911=CARTESIAN_POINT('',(-0.142282544548505,-0.132430335514468,0.0124364207813542));
#2912=CARTESIAN_POINT('',(-0.142282544548505,-0.132430335514468,0.0116364207813542));
#2913=CARTESIAN_POINT('',(-0.154926400925966,-0.132430335514468,0.0116364207813542));
#2914=CARTESIAN_POINT('',(-0.154126400925966,-0.132430335514468,0.0116364207813542));
#2915=CARTESIAN_POINT('',(-0.154126400925966,-0.132430335514468,0.00493642078135419));
#2916=CARTESIAN_POINT('',(-0.148204472737235,-0.121965845561468,0.0124364207813542));
#2917=CARTESIAN_POINT('',(-0.148204472737235,-0.111845307802485,0.0124364207813542));
#2918=CARTESIAN_POINT('',(-0.121776396442545,-0.111845307802485,0.0124364207813542));
#2919=CARTESIAN_POINT('',(-0.1456461497541,-0.111845307802485,0.0124364207813542));
#2920=CARTESIAN_POINT('',(-0.147397560919505,-0.114759507337468,0.0124364207813542));
#2921=CARTESIAN_POINT('',(-0.149919729504655,-0.117039565588496,0.0124364207813542));
#2922=CARTESIAN_POINT('',(-0.149919729489876,-0.121965845566614,0.0124364207813542));
#2923=CARTESIAN_POINT('',(-0.149919729482372,-0.124467321281587,0.0124364207813542));
#2924=CARTESIAN_POINT('',(-0.147409141637505,-0.126760124952468,0.0124364207813542));
#2925=CARTESIAN_POINT('',(-0.150782864806393,-0.126338238129892,0.0124364207813542));
#2926=CARTESIAN_POINT('',(-0.150782864977756,-0.126338237764916,0.0124364207813542));
#2927=CARTESIAN_POINT('',(-0.150963070536141,-0.126422847824259,0.0124364207813542));
#2928=CARTESIAN_POINT('',(-0.151151083428353,-0.126472350312773,0.0124364207813542));
#2929=CARTESIAN_POINT('',(-0.151342435346038,-0.126484630476557,0.0124364207813542));
#2930=CARTESIAN_POINT('',(-0.151342435347057,-0.12648463046367,0.0124364207813542));
#2931=CARTESIAN_POINT('',(-0.151496621845192,-0.1238147598541,0.0124364207813542));
#2932=CARTESIAN_POINT('',(-0.151468860315961,-0.126489599027345,0.012436447617963));
#2933=CARTESIAN_POINT('',(-0.148204472737235,-0.126489626229531,0.0124364207813542));
#2934=CARTESIAN_POINT('',(-0.151594442554214,-0.126489626229531,0.0124364207813542));
#2935=CARTESIAN_POINT('',(-0.151594442559764,-0.126489626206041,0.0124364207813542));
#2936=CARTESIAN_POINT('',(-0.152342405748807,-0.126514079664771,0.0124364207813542));
#2937=CARTESIAN_POINT('',(-0.153078496434867,-0.125845275761976,0.0124364207813542));
#2938=CARTESIAN_POINT('',(-0.153061508833645,-0.1250896261892,0.0124364207813542));
#2939=CARTESIAN_POINT('',(-0.153061508833645,-0.1250896261892,0.0124364207813542));
#2940=CARTESIAN_POINT('',(-0.153061508465839,-0.121965845576039,0.0124364207813542));
#2941=CARTESIAN_POINT('',(-0.153061508482505,-0.11641062619123,0.0124364207813542));
#2942=CARTESIAN_POINT('',(-0.153061508469514,-0.116410626185913,0.0124364207813542));
#2943=CARTESIAN_POINT('',(-0.153077575749515,-0.115652774679067,0.0124364207813542));
#2944=CARTESIAN_POINT('',(-0.152342465443745,-0.114987008223689,0.0124364207813542));
#2945=CARTESIAN_POINT('',(-0.151594442116092,-0.115010626206049,0.0124364207813542));
#2946=CARTESIAN_POINT('',(-0.151594442116092,-0.115010626206049,0.0124364207813542));
#2947=CARTESIAN_POINT('',(-0.148204472737235,-0.115010626229938,0.0124364207813542));
#2948=CARTESIAN_POINT('',(-0.151468857271824,-0.115010817464535,0.0124364207857177));
#2949=CARTESIAN_POINT('',(-0.151526021204655,-0.117686998961046,0.0124364207813542));
#2950=CARTESIAN_POINT('',(-0.151342395122232,-0.115015625166167,0.0124364207813542));
#2951=CARTESIAN_POINT('',(-0.151342395080885,-0.115015624498296,0.0124364207813542));
#2952=CARTESIAN_POINT('',(-0.151148049708395,-0.115027656119729,0.0124364207813542));
#2953=CARTESIAN_POINT('',(-0.150955397161847,-0.115079281464918,0.0124364207813542));
#2954=CARTESIAN_POINT('',(-0.150773134529696,-0.115166327457597,0.0124364207813542));
#2955=CARTESIAN_POINT('',(-0.150773135133599,-0.11516632872209,0.0124364207813542));
#2956=CARTESIAN_POINT('',(-0.147397560919505,-0.114759507337468,0.0124364207813542));
#2957=CARTESIAN_POINT('',(-0.14914897208491,-0.111845307802485,0.0124364207813542));
#2958=CARTESIAN_POINT('',(-0.148204472737235,-0.111845307802485,0.0124364207813542));
#2959=CARTESIAN_POINT('',(-0.154126400925966,-0.111845307802485,0.0124364207813542));
#2960=CARTESIAN_POINT('',(-0.154126400925966,-0.121965845561468,0.0124364207813542));
#2961=CARTESIAN_POINT('',(-0.154126400925966,-0.131630335514468,0.0124364207813542));
#2962=CARTESIAN_POINT('',(-0.141482544548505,-0.131630335514468,0.0124364207813542));
#2963=CARTESIAN_POINT('',(-0.142282544548505,-0.131630335514468,0.0124364207813542));
#2964=CARTESIAN_POINT('',(-0.142282544548505,-0.121965845561468,0.0124364207813542));
#2965=CARTESIAN_POINT('',(-0.142282544548505,-0.116245307802485,0.0124364207813542));
#2966=CARTESIAN_POINT('',(-0.148204472737235,-0.116245307802485,0.0124364207813542));
#2967=CARTESIAN_POINT('',(-0.126176396442545,-0.116245307802485,0.0124364207813542));
#2968=CARTESIAN_POINT('',(-0.126176396442545,-0.124045307802485,0.0124364207813542));
#2969=CARTESIAN_POINT('',(-0.126176396442545,-0.123245307802485,0.0124364207813542));
#2970=CARTESIAN_POINT('',(-0.148204472737235,-0.123245307802485,0.0124364207813542));
#2971=CARTESIAN_POINT('',(-0.121776396442544,-0.123245307802485,0.0124364207813542));
#2972=CARTESIAN_POINT('',(-0.121776396442544,-0.121965845561468,0.0124364207813542));
#2973=CARTESIAN_POINT('',(-0.148204472737235,-0.121965845561468,0.00493642078135419));
#2974=CARTESIAN_POINT('',(-0.153061508833645,-0.1250896261892,0.00493642078135419));
#2975=CARTESIAN_POINT('',(-0.153077469204082,-0.125847996047057,0.00493642078135419));
#2976=CARTESIAN_POINT('',(-0.152342234013237,-0.126513196885746,0.00493642078135419));
#2977=CARTESIAN_POINT('',(-0.151594442559764,-0.126489626206041,0.00493642078135419));
#2978=CARTESIAN_POINT('',(-0.153061508456468,-0.1250896261892,0.00493642078135419));
#2979=CARTESIAN_POINT('',(-0.151594442559764,-0.126489626206041,0.00493642078135419));
#2980=CARTESIAN_POINT('',(-0.151468860467574,-0.126489626229531,0.00493642078135419));
#2981=CARTESIAN_POINT('',(-0.151468860437378,-0.126489612808301,0.00493641768468762));
#2982=CARTESIAN_POINT('',(-0.151504775119453,-0.123548205808379,0.00493642078135419));
#2983=CARTESIAN_POINT('',(-0.151342435347057,-0.12648463046367,0.00493642078135419));
#2984=CARTESIAN_POINT('',(-0.151342435346038,-0.126484630476557,0.00493642078135419));
#2985=CARTESIAN_POINT('',(-0.150984383723919,-0.126462474335612,0.00493642078135419));
#2986=CARTESIAN_POINT('',(-0.150458447645375,-0.126234013601757,0.00493642078135419));
#2987=CARTESIAN_POINT('',(-0.149987965196031,-0.125611428732341,0.00493642078135419));
#2988=CARTESIAN_POINT('',(-0.14991965356677,-0.125272517541199,0.00493642078135419));
#2989=CARTESIAN_POINT('',(-0.149919729508469,-0.125089626304066,0.00493642078135419));
#2990=CARTESIAN_POINT('',(-0.149919729508469,-0.125089626304066,0.00493642078135419));
#2991=CARTESIAN_POINT('',(-0.149919729506542,-0.11641062627947,0.00493642078135419));
#2992=CARTESIAN_POINT('',(-0.149919729506542,-0.11641062629472,0.00493642078135419));
#2993=CARTESIAN_POINT('',(-0.149919729111809,-0.11641062629472,0.00493642078135419));
#2994=CARTESIAN_POINT('',(-0.149920070991156,-0.116226822152951,0.00493642078135419));
#2995=CARTESIAN_POINT('',(-0.14998898629436,-0.115886703127416,0.00493642078135419));
#2996=CARTESIAN_POINT('',(-0.150460780615817,-0.115264020900938,0.00493642078135419));
#2997=CARTESIAN_POINT('',(-0.150984333848953,-0.115038613608779,0.00493642078135419));
#2998=CARTESIAN_POINT('',(-0.151342395085206,-0.115015624589478,0.00493642078135419));
#2999=CARTESIAN_POINT('',(-0.151342395085206,-0.115015624589478,0.00493642078135419));
#3000=CARTESIAN_POINT('',(-0.151539067345925,-0.117956028319653,0.00493642078135419));
#3001=CARTESIAN_POINT('',(-0.151468859768574,-0.11501068329832,0.00493636415846435));
#3002=CARTESIAN_POINT('',(-0.151594442121359,-0.115010626229938,0.00493642078135419));
#3003=CARTESIAN_POINT('',(-0.151594442116092,-0.115010626229938,0.00493642078135419));
#3004=CARTESIAN_POINT('',(-0.151594442116092,-0.115010626206049,0.00493642078135419));
#3005=CARTESIAN_POINT('',(-0.152342358836531,-0.114986187001472,0.00493642078135419));
#3006=CARTESIAN_POINT('',(-0.153078345500462,-0.115654806899839,0.00493642078135419));
#3007=CARTESIAN_POINT('',(-0.153061508469514,-0.116410626179494,0.00493642078135419));
#3008=CARTESIAN_POINT('',(-0.153061508469514,-0.116410626179493,0.00493642078135419));
#3009=CARTESIAN_POINT('',(-0.153061508456468,-0.125089626195577,0.00493642078135419));
#3010=CARTESIAN_POINT('',(-0.147409141637505,-0.126760124952468,0.00493642078135419));
#3011=CARTESIAN_POINT('',(-0.145709141637505,-0.126760124952468,0.00493642078135419));
#3012=CARTESIAN_POINT('',(-0.147397560919505,-0.114759507337468,0.00493642078135419));
#3013=CARTESIAN_POINT('',(-0.145697560919505,-0.114759507337468,0.00493642078135419));
#3014=CARTESIAN_POINT('',(-0.142282544548505,-0.132430335514468,0.00493642078135419));
#3015=CARTESIAN_POINT('',(-0.142282544548505,-0.131630335514468,0.00493642078135419));
#3016=CARTESIAN_POINT('',(-0.148204472737235,-0.131630335514468,0.00493642078135419));
#3017=CARTESIAN_POINT('',(-0.154126400925966,-0.131630335514468,0.00493642078135419));
#3018=CARTESIAN_POINT('',(-0.154126400925966,-0.111501355608468,0.00493642078135419));
#3019=CARTESIAN_POINT('',(-0.147397560919505,-0.114759507337468,0.0124364207813542));
#3020=CARTESIAN_POINT('',(-0.144397560919505,-0.114759507337468,0.00893642078135419));
#3021=CARTESIAN_POINT('',(-0.147397560919505,-0.114759507337468,0.00893642078135419));
#3022=CARTESIAN_POINT('',(-0.147397560919505,-0.114759507337468,0.0124364207813542));
#3023=CARTESIAN_POINT('',(-0.147397560919505,-0.114759507337468,0.0120364207813542));
#3024=CARTESIAN_POINT('',(-0.144397560919505,-0.114759507337468,0.0120364207813542));
#3025=CARTESIAN_POINT('',(-0.147409141637505,-0.126760124952468,0.0124364207813542));
#3026=CARTESIAN_POINT('',(-0.144409141637505,-0.126760124952468,0.00893642078135419));
#3027=CARTESIAN_POINT('',(-0.147409141637505,-0.126760124952468,0.00893642078135419));
#3028=CARTESIAN_POINT('',(-0.147409141637505,-0.126760124952468,0.0124364207813542));
#3029=CARTESIAN_POINT('',(-0.147409141637505,-0.126760124952468,0.0120364207813542));
#3030=CARTESIAN_POINT('',(-0.144409141637505,-0.126760124952468,0.0120364207813542));
#3031=CARTESIAN_POINT('',(-0.154928400925966,-0.111045307802485,0.00943642078135419));
#3032=CARTESIAN_POINT('',(-0.121779064661659,-0.111045307802485,0.00940722510805423));
#3033=CARTESIAN_POINT('',(-0.121777101338229,-0.111045307802485,0.0116364207813542));
#3034=CARTESIAN_POINT('',(-0.121780976557977,-0.111045307802485,0.00723642078135419));
#3035=CARTESIAN_POINT('',(-0.154926400925966,-0.111045307802485,0.00723642078135419));
#3036=CARTESIAN_POINT('',(-0.154928400925966,-0.111045307802485,0.0116364207813542));
#3037=CARTESIAN_POINT('',(-0.154928400925966,-0.111273331705476,0.00643642078135419));
#3038=CARTESIAN_POINT('',(-0.126176396442545,-0.111273331705476,0.00643642078135419));
#3039=CARTESIAN_POINT('',(-0.126176396442545,-0.123245307802485,0.00643642078135419));
#3040=CARTESIAN_POINT('',(-0.126176396442545,-0.116245307802485,0.00643642078135419));
#3041=CARTESIAN_POINT('',(-0.141482544548505,-0.116245307802485,0.00643642078135419));
#3042=CARTESIAN_POINT('',(-0.12098168083311,-0.111845307802485,0.00643642078135419));
#3043=CARTESIAN_POINT('',(-0.12178168083311,-0.111845307802485,0.00643642078135419));
#3044=CARTESIAN_POINT('',(-0.12178168083311,-0.124045307802485,0.00643642078135419));
#3045=CARTESIAN_POINT('',(-0.12178168083311,-0.123245307802485,0.00643642078135419));
#3046=CARTESIAN_POINT('',(-0.126976396442545,-0.123245307802485,0.00643642078135419));
#3047=CARTESIAN_POINT('',(0.432256023880899,-0.117045307802485,0.00943642078135419));
#3048=CARTESIAN_POINT('',(-0.126976396442545,-0.117045307802485,0.00723642078135419));
#3049=CARTESIAN_POINT('',(-0.126976396442545,-0.117045307802485,0.00723642078135419));
#3050=CARTESIAN_POINT('',(-0.126976396442545,-0.117045307802485,0.00943642078135419));
#3051=CARTESIAN_POINT('',(-0.126976396442545,-0.117045307802485,0.0116364207813542));
#3052=CARTESIAN_POINT('',(0.432256023880899,-0.117045307802485,0.0116364207813542));
#3053=CARTESIAN_POINT('',(-0.12112898755993,-0.124045307802488,-0.160818506727398));
#3054=CARTESIAN_POINT('',(-0.12097710102768,-0.124045307802488,0.0116364210916293));
#3055=CARTESIAN_POINT('',(-0.12097710102768,-0.111845307802485,0.0116364210916294));
#3056=CARTESIAN_POINT('',(-0.12097710102768,-0.123245307802485,0.0116364210916294));
#3057=CARTESIAN_POINT('',(-0.12112898755993,-0.123245307802485,-0.160818506727398));
#3058=CARTESIAN_POINT('',(-0.120980976247974,-0.123245307802485,0.00723642047107901));
#3059=CARTESIAN_POINT('',(-0.120980976247975,-0.111045307802485,0.00723642047107901));
#3060=CARTESIAN_POINT('',(-0.120980976247975,-0.111845307802485,0.00723642047107901));
#3061=CARTESIAN_POINT('',(-0.12112898755993,-0.111845307802485,-0.160818506727398));
#3062=CARTESIAN_POINT('',(-0.126976396442545,-0.124045307802485,0.00943642078135419));
#3063=CARTESIAN_POINT('',(-0.126976396442545,-0.124045307802485,0.00723642078135419));
#3064=CARTESIAN_POINT('',(-0.126976396442545,-0.123245307802485,0.00723642078135419));
#3065=CARTESIAN_POINT('',(-0.126976396442545,-0.123245307802485,0.0124364207813542));
#3066=CARTESIAN_POINT('',(-0.126976396442545,-0.123245307802485,0.0116364207813542));
#3067=CARTESIAN_POINT('',(-0.126976396442545,-0.117045307802485,0.0116364207813542));
#3068=CARTESIAN_POINT('',(-0.131229470495525,-0.124045307802485,0.00943642078135419));
#3069=CARTESIAN_POINT('',(-0.126176396442545,-0.124045307802485,0.00643642078135419));
#3070=CARTESIAN_POINT('',(-0.126176396442545,-0.124045307802485,0.0116364207813542));
#3071=CARTESIAN_POINT('',(-0.126176396442545,-0.124045307802485,0.00723642078135419));
#3072=CARTESIAN_POINT('',(-0.12098168083311,-0.124045307802485,0.00723642078135419));
#3073=CARTESIAN_POINT('',(-0.121780976557977,-0.124045307802485,0.00723642078135419));
#3074=CARTESIAN_POINT('',(-0.121779046278687,-0.124045307802485,0.00942809749259266));
#3075=CARTESIAN_POINT('',(-0.121777101338229,-0.124045307802485,0.0116364207813542));
#3076=CARTESIAN_POINT('',(-0.131229470495525,-0.124045307802485,0.0116364207813542));
#3077=CARTESIAN_POINT('',(-0.142282544548505,-0.121965845561468,0.00493642078135419));
#3078=CARTESIAN_POINT('',(-0.141882544548505,-0.131630335514468,0.00533642078135419));
#3079=CARTESIAN_POINT('',(-0.142282544548505,-0.132430335514468,0.00573642078135419));
#3080=CARTESIAN_POINT('',(-0.142282544548505,-0.132430335514468,0.00573642078135419));
#3081=CARTESIAN_POINT('',(-0.142282544548505,-0.132430335514468,0.00573642078135419));
#3082=CARTESIAN_POINT('',(-0.141482544548505,-0.131630335514468,0.0124364207813542));
#3083=CARTESIAN_POINT('',(-0.141482544548505,-0.131630335514468,0.0116364207813542));
#3084=CARTESIAN_POINT('',(-0.148204472737235,-0.132430335514468,0.00573642078135419));
#3085=CARTESIAN_POINT('',(-0.154126400925966,-0.131630335514468,0.00493642078135419));
#3086=CARTESIAN_POINT('',(-0.154126400925966,-0.121965845561468,0.00493642078135419));
#3087=CARTESIAN_POINT('',(-0.154126400925966,-0.131630335514468,0.00493642078135419));
#3088=CARTESIAN_POINT('',(-0.154928400925966,-0.116245307802485,0.00643642078135419));
#3089=CARTESIAN_POINT('',(-0.135760397937018,-0.125829309296959,0.0160204222758281));
#3090=CARTESIAN_POINT('',(-0.141482544548505,-0.131630335514468,0.0116364207813542));
#3091=CARTESIAN_POINT('',(-0.142282544548505,-0.132030335514468,0.0120364207813542));
#3092=CARTESIAN_POINT('',(-0.141482544548505,-0.131630335514468,0.0116364207813542));
#3093=CARTESIAN_POINT('',(-0.154126400925966,-0.131630335514468,0.00493642078135419));
#3094=CARTESIAN_POINT('',(-0.154526400925966,-0.132030335514468,0.00573642078135419));
#3095=CARTESIAN_POINT('',(-0.126176396442545,-0.111273331705476,0.00643642078135419));
#3096=CARTESIAN_POINT('',(-0.126576396442545,-0.123245307802485,0.00683642078135419));
#3097=CARTESIAN_POINT('',(-0.141482544548505,-0.121965845561468,0.0116364207813542));
#3098=CARTESIAN_POINT('',(-0.139842365295511,-0.118685487055479,0.00999624152835985));
#3099=CARTESIAN_POINT('',(-0.148204472737235,-0.131630335514468,0.0124364207813542));
#3100=CARTESIAN_POINT('',(-0.154126400925966,-0.131630335514468,0.0124364207813542));
#3101=CARTESIAN_POINT('',(-0.154126400925966,-0.132430335514468,0.0124364207813542));
#3102=CARTESIAN_POINT('',(-0.154526400925966,-0.132030335514468,0.0116364207813542));
#3103=CARTESIAN_POINT('',(-0.126176396442545,-0.124045307802485,0.00723642078135419));
#3104=CARTESIAN_POINT('',(-0.126176396442545,-0.124045307802485,0.00723642078135419));
#3105=CARTESIAN_POINT('',(-0.126176396442545,-0.124045307802485,0.00723642078135419));
#3106=CARTESIAN_POINT('',(0.432256023880899,-0.117045307802485,0.0116364207813542));
#3107=CARTESIAN_POINT('',(0.0594344103319356,0.0693654989719953,0.198047227555836));
#3108=CARTESIAN_POINT('',(-0.154126400925966,-0.131630335514468,0.0124364207813542));
#3109=CARTESIAN_POINT('',(-0.154126400925966,-0.131630335514468,0.0124364207813542));
#3110=CARTESIAN_POINT('',(-0.154928400925966,-0.111845307802485,0.00643642078135419));
#3111=CARTESIAN_POINT('',(-0.121781328385541,-0.111444955665055,0.00683677291878437));
#3112=CARTESIAN_POINT('',(-0.12178168083311,-0.111273331705476,0.00643642078135419));
#3113=CARTESIAN_POINT('',(-0.12178168083311,-0.123245307802485,0.00643642078135419));
#3114=CARTESIAN_POINT('',(-0.120980976247975,-0.111845307802485,0.00723642047107901));
#3115=CARTESIAN_POINT('',(-0.154928400925966,-0.123245307802485,0.00643642078135419));
#3116=CARTESIAN_POINT('',(-0.12178168083311,-0.123245307802485,0.00643642078135419));
#3117=CARTESIAN_POINT('',(-0.126176396442545,-0.124045307802485,0.00943642078135419));
#3118=CARTESIAN_POINT('',(-0.126976396442545,-0.123245307802485,0.0116364207813542));
#3119=CARTESIAN_POINT('',(-0.126976396442545,-0.124045307802485,0.0116364207813542));
#3120=CARTESIAN_POINT('',(-0.126976396442545,-0.123245307802485,0.0116364207813542));
#3121=CARTESIAN_POINT('',(-0.154926400925966,-0.121965845561468,0.0116364207813542));
#3122=CARTESIAN_POINT('',(-0.151286221672971,-0.114685487055479,0.0152766000343485));
#3123=CARTESIAN_POINT('',(-0.120980976247975,-0.111845307802485,0.00723642047107901));
#3124=CARTESIAN_POINT('',(-0.120980976247975,-0.111845307802485,0.007236420471079));
#3125=CARTESIAN_POINT('',(-0.12178168083311,-0.123245307802485,0.00643642078135419));
#3126=CARTESIAN_POINT('',(-0.121381328540542,-0.123645659939915,0.00723642062635317));
#3127=CARTESIAN_POINT('',(-0.126976396442545,-0.123245307802485,0.0116364207813542));
#3128=CARTESIAN_POINT('',(-0.126176396442545,-0.123645307802485,0.0120364207813542));
#3129=CARTESIAN_POINT('',(-0.154928400925966,-0.111045307802485,0.0116364207813542));
#3130=CARTESIAN_POINT('',(-0.14914897208491,-0.111845307802485,0.0124364207813542));
#3131=CARTESIAN_POINT('',(-0.148587070709365,-0.111689449512367,0.0122805624912362));
#3132=CARTESIAN_POINT('',(-0.147400204717292,-0.111514859499317,0.0121059724781861));
#3133=CARTESIAN_POINT('',(-0.146204401543944,-0.111690461822021,0.0122815748008903));
#3134=CARTESIAN_POINT('',(-0.1456461497541,-0.111845307802485,0.0124364207813542));
#3135=CARTESIAN_POINT('',(-0.121776396442545,-0.111845307802485,0.0124364207813542));
#3136=CARTESIAN_POINT('',(-0.12112898755993,-0.111845307802485,-0.160818506727398));
#3137=CARTESIAN_POINT('',(-0.121376748735112,-0.11144566025019,0.0116364209366285));
#3138=CARTESIAN_POINT('',(-0.121779046278687,-0.124045307802485,0.00942809749259266));
#3139=CARTESIAN_POINT('',(-0.12097710102768,-0.123245307802485,0.0116364210916294));
#3140=CARTESIAN_POINT('',(-0.131229470495525,-0.124045307802485,0.0116364207813542));
#3141=CARTESIAN_POINT('',(-0.121776748579838,-0.12364495535478,0.0120367732290595));
#3142=CARTESIAN_POINT('',(-0.121776396442545,-0.111845307802485,0.0124364207813542));
#3143=CARTESIAN_POINT('',(-0.121776396442545,-0.111845307802485,0.0124364207813542));
#3144=CARTESIAN_POINT('',(-0.12097710102768,-0.123245307802485,0.0116364210916294));
#3145=CARTESIAN_POINT('',(-0.12097710102768,-0.123245307802485,0.0116364210916294));
#3146=CARTESIAN_POINT('',(-0.12097710102768,-0.124045307802488,0.0116364210916294));
#3147=CARTESIAN_POINT('',(-0.151472343924058,-0.116668637562751,0.0134561394430195));
#3148=CARTESIAN_POINT('',(-0.151373930039264,-0.115414366732805,0.0120364073819856));
#3149=CARTESIAN_POINT('',(-0.151363426003961,-0.115281463359868,0.012169756225097));
#3150=CARTESIAN_POINT('',(-0.151352922493195,-0.115148566807659,0.0123031119074682));
#3151=CARTESIAN_POINT('',(-0.151342419560395,-0.11501567707261,0.0124364744283494));
#3152=CARTESIAN_POINT('',(-0.151468860050337,-0.115410598575637,0.0120364484356553));
#3153=CARTESIAN_POINT('',(-0.151468860050337,-0.115277306332109,0.0121697406791827));
#3154=CARTESIAN_POINT('',(-0.151468860050337,-0.115144014088582,0.0123030329227101));
#3155=CARTESIAN_POINT('',(-0.151468860050337,-0.115010721845055,0.0124363251662375));
#3156=CARTESIAN_POINT('',(-0.151485660207421,-0.115410626229938,0.0120364207813542));
#3157=CARTESIAN_POINT('',(-0.151594442116093,-0.115010626217994,0.0124364207932985));
#3158=CARTESIAN_POINT('',(-0.151594442117848,-0.115143959551327,0.0123030874599652));
#3159=CARTESIAN_POINT('',(-0.151594442119604,-0.11527729288466,0.0121697541266318));
#3160=CARTESIAN_POINT('',(-0.151594442121359,-0.115410626217994,0.0120364207932985));
#3161=CARTESIAN_POINT('',(-0.150319729111809,-0.116410626279282,0.0120364207813542));
#3162=CARTESIAN_POINT('',(-0.150306555097426,-0.115920042907226,0.0120364207813542));
#3163=CARTESIAN_POINT('',(-0.150822622338831,-0.115444589931098,0.0120364207813542));
#3164=CARTESIAN_POINT('',(-0.15137394623956,-0.11541437889664,0.0120364207813542));
#3165=CARTESIAN_POINT('',(-0.149919729111809,-0.11641062629472,0.0124364207813542));
#3166=CARTESIAN_POINT('',(-0.149919418530062,-0.115659940992478,0.0124364207813542));
#3167=CARTESIAN_POINT('',(-0.150620017078874,-0.115060325354012,0.0124364207813542));
#3168=CARTESIAN_POINT('',(-0.151342434918101,-0.115015622032599,0.0124364207813542));
#3169=CARTESIAN_POINT('',(-0.150128476658546,-0.116410626286663,0.0122276736293503));
#3170=CARTESIAN_POINT('',(-0.150192227607878,-0.116410626284203,0.0121639226800183));
#3171=CARTESIAN_POINT('',(-0.15025597855721,-0.116410626281742,0.0121001717306862));
#3172=CARTESIAN_POINT('',(-0.150319729506542,-0.116410626279282,0.0120364207813542));
#3173=CARTESIAN_POINT('',(-0.150128476559863,-0.116410626286663,0.012227673530667));
#3174=CARTESIAN_POINT('',(-0.150128476484874,-0.116410626199756,0.012227673407296));
#3175=CARTESIAN_POINT('',(-0.15025275435587,-0.115954809026687,0.0120981894684449));
#3176=CARTESIAN_POINT('',(-0.150517220860365,-0.115523105432687,0.0122250353126725));
#3177=CARTESIAN_POINT('',(-0.15077313553191,-0.115166328830734,0.0124364219124213));
#3178=CARTESIAN_POINT('',(-0.151594442121359,-0.115410626206049,0.0120364207813542));
#3179=CARTESIAN_POINT('',(-0.152164729582605,-0.115396185253811,0.0120364207813542));
#3180=CARTESIAN_POINT('',(-0.152673741929257,-0.115865572556546,0.0120364207813542));
#3181=CARTESIAN_POINT('',(-0.152661508469515,-0.116410626199653,0.0120364207813542));
#3182=CARTESIAN_POINT('',(-0.151594442116092,-0.115010626206049,0.0124364207813542));
#3183=CARTESIAN_POINT('',(-0.152354158713179,-0.11498663902206,0.0124364207813542));
#3184=CARTESIAN_POINT('',(-0.153078017060541,-0.115631959194041,0.0124364207813542));
#3185=CARTESIAN_POINT('',(-0.153061508469514,-0.116410626185913,0.0124364207813542));
#3186=CARTESIAN_POINT('',(-0.152661508482505,-0.11641062619003,0.0120364207813542));
#3187=CARTESIAN_POINT('',(-0.152794841815838,-0.11641062619043,0.0121697541146875));
#3188=CARTESIAN_POINT('',(-0.152928175149172,-0.11641062619083,0.0123030874480209));
#3189=CARTESIAN_POINT('',(-0.153061508482505,-0.11641062619123,0.0124364207813542));
#3190=CARTESIAN_POINT('',(-0.150319729493523,-0.120750126285173,0.0120364207813542));
#3191=CARTESIAN_POINT('',(-0.149919729504655,-0.117039565588496,0.0124364207813542));
#3192=CARTESIAN_POINT('',(-0.149998716529826,-0.116834406585738,0.0123574337567984));
#3193=CARTESIAN_POINT('',(-0.150068719543581,-0.116624960823574,0.0122874307436725));
#3194=CARTESIAN_POINT('',(-0.150128476696596,-0.116410626205212,0.0122276735912998));
#3195=CARTESIAN_POINT('',(-0.150319729494487,-0.125089626289675,0.0120364207673722));
#3196=CARTESIAN_POINT('',(-0.150255943184885,-0.12508962629197,0.012100207076974));
#3197=CARTESIAN_POINT('',(-0.150192156875283,-0.125089626294265,0.0121639933865758));
#3198=CARTESIAN_POINT('',(-0.150128370565682,-0.12508962629656,0.0122277796961776));
#3199=CARTESIAN_POINT('',(-0.150128370572673,-0.12508962629656,0.0122277797031686));
#3200=CARTESIAN_POINT('',(-0.150128370566019,-0.125089626297755,0.0122277796958399));
#3201=CARTESIAN_POINT('',(-0.150067647486956,-0.124874774825744,0.0122885027755476));
#3202=CARTESIAN_POINT('',(-0.149997511597517,-0.124667834754331,0.0123586386656075));
#3203=CARTESIAN_POINT('',(-0.149919729482372,-0.124467321281587,0.0124364207813543));
#3204=CARTESIAN_POINT('',(-0.152661508469487,-0.120750126192203,0.0120364207813542));
#3205=CARTESIAN_POINT('',(-0.153061508645057,-0.1250896261892,0.0124364209699427));
#3206=CARTESIAN_POINT('',(-0.152928175311723,-0.125089626190926,0.0123030876366094));
#3207=CARTESIAN_POINT('',(-0.15279484197839,-0.125089626192651,0.012169754303276));
#3208=CARTESIAN_POINT('',(-0.152661508645057,-0.125089626194377,0.0120364209699427));
#3209=CARTESIAN_POINT('',(-0.151373946652457,-0.126085873611327,0.0120364207813542));
#3210=CARTESIAN_POINT('',(-0.150824702758026,-0.126054735169183,0.0120364207813542));
#3211=CARTESIAN_POINT('',(-0.150307692991467,-0.125584702232221,0.0120364207813542));
#3212=CARTESIAN_POINT('',(-0.150319729508469,-0.125089626289675,0.0120364207813542));
#3213=CARTESIAN_POINT('',(-0.151342435346038,-0.126484630476557,0.0124364207813542));
#3214=CARTESIAN_POINT('',(-0.150622683122537,-0.126438439796602,0.0124364207813542));
#3215=CARTESIAN_POINT('',(-0.149921138021531,-0.125846754307485,0.0124364207813542));
#3216=CARTESIAN_POINT('',(-0.149919729508469,-0.125089626304066,0.0124364207813542));
#3217=CARTESIAN_POINT('',(-0.150782864862728,-0.126338238100707,0.0124364203278394));
#3218=CARTESIAN_POINT('',(-0.150522055088508,-0.125979186749501,0.0122221788438298));
#3219=CARTESIAN_POINT('',(-0.150254041216612,-0.125542084373673,0.012098022013813));
#3220=CARTESIAN_POINT('',(-0.150128370580961,-0.12508962629721,0.0122277797088562));
#3221=CARTESIAN_POINT('',(-0.151342452466102,-0.126484438499269,0.0124366131539764));
#3222=CARTESIAN_POINT('',(-0.151352945896562,-0.126351642713844,0.0123031564143763));
#3223=CARTESIAN_POINT('',(-0.151363441766223,-0.12621881957621,0.0121697270833124));
#3224=CARTESIAN_POINT('',(-0.151373939645469,-0.126085969063246,0.0120363251725672));
#3225=CARTESIAN_POINT('',(-0.152661508833645,-0.125089626194377,0.0120364207813542));
#3226=CARTESIAN_POINT('',(-0.152674408737577,-0.125631624370286,0.0120364207813542));
#3227=CARTESIAN_POINT('',(-0.152166296155846,-0.126104762411664,0.0120364207813542));
#3228=CARTESIAN_POINT('',(-0.151594442554015,-0.126089626206041,0.0120364207813542));
#3229=CARTESIAN_POINT('',(-0.153061508833645,-0.1250896261892,0.0124364207813542));
#3230=CARTESIAN_POINT('',(-0.153078920340712,-0.125864132118808,0.0124364207813542));
#3231=CARTESIAN_POINT('',(-0.152356299285191,-0.126514533891695,0.0124364207813542));
#3232=CARTESIAN_POINT('',(-0.151594442559764,-0.126489626206041,0.0124364207813542));
#3233=CARTESIAN_POINT('',(-0.151594442554214,-0.126089626229531,0.0120364207813542));
#3234=CARTESIAN_POINT('',(-0.151594442554214,-0.126222959562864,0.0121697541146875));
#3235=CARTESIAN_POINT('',(-0.151594442554214,-0.126356292896198,0.0123030874480209));
#3236=CARTESIAN_POINT('',(-0.151594442554214,-0.126489626229531,0.0124364207813542));
#3237=CARTESIAN_POINT('',(-0.151469786851732,-0.124832047495675,0.013454006013312));
#3238=CARTESIAN_POINT('',(-0.151468860467574,-0.126489626046742,0.0124364205985654));
#3239=CARTESIAN_POINT('',(-0.151468860467574,-0.126356309042652,0.0123031035944748));
#3240=CARTESIAN_POINT('',(-0.151468860467574,-0.126222992038561,0.0121697865903842));
#3241=CARTESIAN_POINT('',(-0.151468860467574,-0.12608967503447,0.0120364695862936));
#3242=CARTESIAN_POINT('',(-0.15148566062711,-0.126089626229531,0.0120364207813542));
#3243=CARTESIAN_POINT('',(-0.15146554198658,-0.116561110647356,0.00353964397468256));
#3244=CARTESIAN_POINT('',(-0.151342416291739,-0.115015639220121,0.00493640453082705));
#3245=CARTESIAN_POINT('',(-0.151352919902305,-0.115148535460605,0.00506976071181307));
#3246=CARTESIAN_POINT('',(-0.151363424015211,-0.115281437897331,0.00520311067836261));
#3247=CARTESIAN_POINT('',(-0.151373928586336,-0.11541434653317,0.00533645442992998));
#3248=CARTESIAN_POINT('',(-0.151468860050337,-0.115010626452684,0.00493642100410041));
#3249=CARTESIAN_POINT('',(-0.151468860050337,-0.115143950539401,0.00506974509081669));
#3250=CARTESIAN_POINT('',(-0.151468860050337,-0.115277274626117,0.00520306917753297));
#3251=CARTESIAN_POINT('',(-0.151468860050337,-0.115410598712833,0.00533639326424925));
#3252=CARTESIAN_POINT('',(-0.148204472737235,-0.115010626229938,0.00493642078135419));
#3253=CARTESIAN_POINT('',(-0.151594442121359,-0.115410626217994,0.00533642076940989));
#3254=CARTESIAN_POINT('',(-0.151594442119603,-0.11527729288466,0.00520308743607655));
#3255=CARTESIAN_POINT('',(-0.151594442117848,-0.115143959551327,0.00506975410274322));
#3256=CARTESIAN_POINT('',(-0.151594442116092,-0.115010626217994,0.00493642076940989));
#3257=CARTESIAN_POINT('',(-0.149919729111809,-0.11641062629472,0.00493642078135419));
#3258=CARTESIAN_POINT('',(-0.149921137372434,-0.11565350499443,0.00493642078135419));
#3259=CARTESIAN_POINT('',(-0.150622669979032,-0.115061823847873,0.00493642078135419));
#3260=CARTESIAN_POINT('',(-0.151342415001649,-0.115015623310899,0.00493642078135419));
#3261=CARTESIAN_POINT('',(-0.150319729111809,-0.116410626279282,0.00533642078135419));
#3262=CARTESIAN_POINT('',(-0.150307693180146,-0.115915556387149,0.00533642078135419));
#3263=CARTESIAN_POINT('',(-0.15082469551192,-0.115445522388953,0.00533642078135419));
#3264=CARTESIAN_POINT('',(-0.151373931041364,-0.115414379758292,0.00533642078135419));
#3265=CARTESIAN_POINT('',(-0.150319729506542,-0.116410626279282,0.00533642078135419));
#3266=CARTESIAN_POINT('',(-0.150186396173209,-0.116410626284428,0.00520308744802086));
#3267=CARTESIAN_POINT('',(-0.150053062839875,-0.116410626289574,0.00506975411468753));
#3268=CARTESIAN_POINT('',(-0.149919729506542,-0.11641062629472,0.0049364207813542));
#3269=CARTESIAN_POINT('',(-0.151594442116092,-0.115010626206049,0.00493642078135419));
#3270=CARTESIAN_POINT('',(-0.152356233066091,-0.114985733641993,0.00493642078135419));
#3271=CARTESIAN_POINT('',(-0.153078765652463,-0.115635946152756,0.00493642078135419));
#3272=CARTESIAN_POINT('',(-0.153061508469514,-0.116410626179493,0.00493642078135419));
#3273=CARTESIAN_POINT('',(-0.151594442121359,-0.115410626206049,0.00533642078135419));
#3274=CARTESIAN_POINT('',(-0.15216626467959,-0.115395574390607,0.00533642078135419));
#3275=CARTESIAN_POINT('',(-0.152674245021237,-0.115868386511672,0.00533642078135419));
#3276=CARTESIAN_POINT('',(-0.152661508469515,-0.116410626193234,0.00533642078135419));
#3277=CARTESIAN_POINT('',(-0.153061508482505,-0.11641062619123,0.00493642078135419));
#3278=CARTESIAN_POINT('',(-0.152928175149172,-0.11641062619083,0.00506975411468752));
#3279=CARTESIAN_POINT('',(-0.152794841815838,-0.11641062619043,0.00520308744802086));
#3280=CARTESIAN_POINT('',(-0.152661508482505,-0.11641062619003,0.00533642078135419));
#3281=CARTESIAN_POINT('',(-0.149919729489876,-0.121965845566614,0.00493642078135419));
#3282=CARTESIAN_POINT('',(-0.149919729494487,-0.125089626304066,0.00493642079533621));
#3283=CARTESIAN_POINT('',(-0.15005306282782,-0.125089626299269,0.00506975412866954));
#3284=CARTESIAN_POINT('',(-0.150186396161154,-0.125089626294472,0.00520308746200287));
#3285=CARTESIAN_POINT('',(-0.150319729494487,-0.125089626289675,0.0053364207953362));
#3286=CARTESIAN_POINT('',(-0.153061508465839,-0.121965845576039,0.00493642078135419));
#3287=CARTESIAN_POINT('',(-0.152661508645057,-0.125089626194377,0.00533642059276569));
#3288=CARTESIAN_POINT('',(-0.15279484197839,-0.125089626192651,0.00520308725943235));
#3289=CARTESIAN_POINT('',(-0.152928175311723,-0.125089626190926,0.00506975392609901));
#3290=CARTESIAN_POINT('',(-0.153061508645057,-0.1250896261892,0.00493642059276568));
#3291=CARTESIAN_POINT('',(-0.151342435346038,-0.126484630476557,0.00493642078135418));
#3292=CARTESIAN_POINT('',(-0.150620013922315,-0.126439927227369,0.0049364207813542));
#3293=CARTESIAN_POINT('',(-0.149919417804371,-0.125840306746918,0.00493642078135418));
#3294=CARTESIAN_POINT('',(-0.149919729508469,-0.125089626304066,0.00493642078135419));
#3295=CARTESIAN_POINT('',(-0.151373946652457,-0.126085873611327,0.00533642078135419));
#3296=CARTESIAN_POINT('',(-0.150822617623694,-0.126055658644634,0.00533642078135419));
#3297=CARTESIAN_POINT('',(-0.150306554333439,-0.125580208447188,0.00533642078135418));
#3298=CARTESIAN_POINT('',(-0.150319729508469,-0.125089626289675,0.00533642078135419));
#3299=CARTESIAN_POINT('',(-0.151373937676546,-0.126086002015846,0.00533654938502776));
#3300=CARTESIAN_POINT('',(-0.151363438273956,-0.126218864680671,0.0052031596627618));
#3301=CARTESIAN_POINT('',(-0.151352940612162,-0.126351702442642,0.00506974499901809));
#3302=CARTESIAN_POINT('',(-0.151342445046586,-0.126484515320136,0.00493630540279549));
#3303=CARTESIAN_POINT('',(-0.153061508833645,-0.1250896261892,0.00493642078135419));
#3304=CARTESIAN_POINT('',(-0.153077908653466,-0.125868876838525,0.00493642078135419));
#3305=CARTESIAN_POINT('',(-0.152353836319093,-0.126513562594974,0.00493642078135419));
#3306=CARTESIAN_POINT('',(-0.151594442559764,-0.126489626206041,0.00493642078135419));
#3307=CARTESIAN_POINT('',(-0.152661508833645,-0.125089626194377,0.00533642078135419));
#3308=CARTESIAN_POINT('',(-0.152673730033307,-0.125634964229452,0.00533642078135418));
#3309=CARTESIAN_POINT('',(-0.152164470309459,-0.126104114835663,0.00533642078135419));
#3310=CARTESIAN_POINT('',(-0.151594442554015,-0.126089626206041,0.00533642078135419));
#3311=CARTESIAN_POINT('',(-0.151594442554214,-0.126489626229531,0.00493642078135419));
#3312=CARTESIAN_POINT('',(-0.151594442554214,-0.126356292896198,0.00506975411468752));
#3313=CARTESIAN_POINT('',(-0.151594442554214,-0.126222959562864,0.00520308744802086));
#3314=CARTESIAN_POINT('',(-0.151594442554214,-0.126089626229531,0.00533642078135419));
#3315=CARTESIAN_POINT('',(-0.151468095082661,-0.124938709168056,0.00354551065333192));
#3316=CARTESIAN_POINT('',(-0.151468860467574,-0.126089653846504,0.00533639316438165));
#3317=CARTESIAN_POINT('',(-0.151468860467574,-0.126222976253419,0.00520307075746649));
#3318=CARTESIAN_POINT('',(-0.151468860467574,-0.126356298660334,0.00506974835055132));
#3319=CARTESIAN_POINT('',(-0.151468860467574,-0.126489621067249,0.00493642594363615));
#3320=CARTESIAN_POINT('',(-0.148204472737235,-0.126489626229531,0.00493642078135419));
#3321=CARTESIAN_POINT('',(-0.147397560919505,-0.114759507337468,0.0124364207813542));
#3322=CARTESIAN_POINT('',(-0.147409141637505,-0.126760124952468,0.0124364207813542));
#3323=MECHANICAL_DESIGN_GEOMETRIC_PRESENTATION_REPRESENTATION('',(#1929),
#3324);
#3324=(
GEOMETRIC_REPRESENTATION_CONTEXT(3)
GLOBAL_UNCERTAINTY_ASSIGNED_CONTEXT((#3325))
GLOBAL_UNIT_ASSIGNED_CONTEXT((#3328,#3327,#3326))
REPRESENTATION_CONTEXT('Crossbow actuator','TOP_LEVEL_ASSEMBLY_PART')
);
#3325=UNCERTAINTY_MEASURE_WITH_UNIT(LENGTH_MEASURE(2.02E-5),#3328,
'DISTANCE_ACCURACY_VALUE','Maximum Tolerance applied to model');
#3326=(
NAMED_UNIT(*)
SI_UNIT($,.STERADIAN.)
SOLID_ANGLE_UNIT()
);
#3327=(
NAMED_UNIT(*)
PLANE_ANGLE_UNIT()
SI_UNIT($,.RADIAN.)
);
#3328=(
LENGTH_UNIT()
NAMED_UNIT(*)
SI_UNIT($,.METRE.)
);
#3329=PRODUCT_DEFINITION_SHAPE('','',#3330);
#3330=PRODUCT_DEFINITION('','',#3332,#3331);
#3331=PRODUCT_DEFINITION_CONTEXT('',#3338,'design');
#3332=PRODUCT_DEFINITION_FORMATION_WITH_SPECIFIED_SOURCE('','',#3334,
 .NOT_KNOWN.);
#3333=PRODUCT_RELATED_PRODUCT_CATEGORY('','',(#3334));
#3334=PRODUCT('Crossbow actuator','Crossbow actuator',
'Crossbow actuator',(#3336));
#3335=PRODUCT_CATEGORY('','');
#3336=PRODUCT_CONTEXT('',#3338,'mechanical');
#3337=APPLICATION_PROTOCOL_DEFINITION('international standard',
'ap242_managed_model_based_3d_engineering',2020,#3338);
#3338=APPLICATION_CONTEXT('managed model based 3d engineering');
ENDSEC;
END-ISO-10303-21;
