ISO-10303-21;
HEADER;
/* Generated by software containing ST-Developer
 * from STEP Tools, Inc. (www.steptools.com) 
 */
/* OPTION: using custom renumber hook */

FILE_DESCRIPTION(
/* description */ ('STEP AP242 Edition 2',
'CAx-IF Rec.Pracs.---Representation and Presentation of Product Manufa
cturing Information (PMI)---4.0---2014-10-13',
'CAx-IF Rec.Pracs.---3D Tessellated Geometry---0.4---2014-09-14','2;1',
'CAx-IF Rec.Pracs.---User Defined Attributes---1.5---2016-08-15'),
/* implementation_level */ '2;1');

FILE_NAME(
/* name */ '693bc6eb959ab2e18a212985',
/* time_stamp */ '2025-12-12T07:40:27Z',
/* author */ (''),
/* organization */ (''),
/* preprocessor_version */ 'ST-DEVELOPER v20',
/* originating_system */ 'ONSHAPE BY PTC INC, 1.207',
/* authorisation */ '  ');

FILE_SCHEMA (('AP242_MANAGED_MODEL_BASED_3D_ENGINEERING_MIM_LF { 1 0 10303 442 3 1 4 }'));
ENDSEC;

DATA;
#10=SHAPE_REPRESENTATION_RELATIONSHIP('','',#1598,#11);
#11=ADVANCED_BREP_SHAPE_REPRESENTATION('',(#1596),#2528);
#12=CYLINDRICAL_SURFACE('',#1604,0.001);
#13=CIRCLE('',#1601,0.001);
#14=CIRCLE('',#1605,0.001);
#15=ORIENTED_EDGE('',*,*,#453,.T.);
#16=ORIENTED_EDGE('',*,*,#454,.T.);
#17=ORIENTED_EDGE('',*,*,#455,.T.);
#18=ORIENTED_EDGE('',*,*,#456,.T.);
#19=ORIENTED_EDGE('',*,*,#457,.T.);
#20=ORIENTED_EDGE('',*,*,#458,.F.);
#21=ORIENTED_EDGE('',*,*,#459,.F.);
#22=ORIENTED_EDGE('',*,*,#460,.F.);
#23=ORIENTED_EDGE('',*,*,#461,.F.);
#24=ORIENTED_EDGE('',*,*,#462,.T.);
#25=ORIENTED_EDGE('',*,*,#463,.T.);
#26=ORIENTED_EDGE('',*,*,#464,.T.);
#27=ORIENTED_EDGE('',*,*,#465,.T.);
#28=ORIENTED_EDGE('',*,*,#466,.T.);
#29=ORIENTED_EDGE('',*,*,#467,.T.);
#30=ORIENTED_EDGE('',*,*,#468,.T.);
#31=ORIENTED_EDGE('',*,*,#469,.F.);
#32=ORIENTED_EDGE('',*,*,#470,.F.);
#33=ORIENTED_EDGE('',*,*,#471,.F.);
#34=ORIENTED_EDGE('',*,*,#472,.F.);
#35=ORIENTED_EDGE('',*,*,#473,.T.);
#36=ORIENTED_EDGE('',*,*,#474,.T.);
#37=ORIENTED_EDGE('',*,*,#475,.T.);
#38=ORIENTED_EDGE('',*,*,#476,.T.);
#39=ORIENTED_EDGE('',*,*,#477,.T.);
#40=ORIENTED_EDGE('',*,*,#478,.T.);
#41=ORIENTED_EDGE('',*,*,#479,.T.);
#42=ORIENTED_EDGE('',*,*,#480,.T.);
#43=ORIENTED_EDGE('',*,*,#481,.F.);
#44=ORIENTED_EDGE('',*,*,#482,.F.);
#45=ORIENTED_EDGE('',*,*,#483,.F.);
#46=ORIENTED_EDGE('',*,*,#484,.F.);
#47=ORIENTED_EDGE('',*,*,#485,.T.);
#48=ORIENTED_EDGE('',*,*,#486,.T.);
#49=ORIENTED_EDGE('',*,*,#487,.T.);
#50=ORIENTED_EDGE('',*,*,#488,.T.);
#51=ORIENTED_EDGE('',*,*,#489,.T.);
#52=ORIENTED_EDGE('',*,*,#490,.T.);
#53=ORIENTED_EDGE('',*,*,#491,.T.);
#54=ORIENTED_EDGE('',*,*,#492,.F.);
#55=ORIENTED_EDGE('',*,*,#493,.F.);
#56=ORIENTED_EDGE('',*,*,#494,.F.);
#57=ORIENTED_EDGE('',*,*,#495,.F.);
#58=ORIENTED_EDGE('',*,*,#496,.T.);
#59=ORIENTED_EDGE('',*,*,#497,.T.);
#60=ORIENTED_EDGE('',*,*,#498,.T.);
#61=ORIENTED_EDGE('',*,*,#499,.T.);
#62=ORIENTED_EDGE('',*,*,#500,.F.);
#63=ORIENTED_EDGE('',*,*,#501,.T.);
#64=ORIENTED_EDGE('',*,*,#502,.T.);
#65=ORIENTED_EDGE('',*,*,#480,.F.);
#66=ORIENTED_EDGE('',*,*,#503,.T.);
#67=ORIENTED_EDGE('',*,*,#504,.T.);
#68=ORIENTED_EDGE('',*,*,#505,.F.);
#69=ORIENTED_EDGE('',*,*,#490,.F.);
#70=ORIENTED_EDGE('',*,*,#506,.F.);
#71=ORIENTED_EDGE('',*,*,#507,.T.);
#72=ORIENTED_EDGE('',*,*,#508,.T.);
#73=ORIENTED_EDGE('',*,*,#468,.F.);
#74=ORIENTED_EDGE('',*,*,#509,.T.);
#75=ORIENTED_EDGE('',*,*,#510,.T.);
#76=ORIENTED_EDGE('',*,*,#511,.F.);
#77=ORIENTED_EDGE('',*,*,#478,.F.);
#78=ORIENTED_EDGE('',*,*,#512,.T.);
#79=ORIENTED_EDGE('',*,*,#503,.F.);
#80=ORIENTED_EDGE('',*,*,#479,.F.);
#81=ORIENTED_EDGE('',*,*,#511,.T.);
#82=ORIENTED_EDGE('',*,*,#513,.F.);
#83=ORIENTED_EDGE('',*,*,#514,.F.);
#84=ORIENTED_EDGE('',*,*,#504,.F.);
#85=ORIENTED_EDGE('',*,*,#512,.F.);
#86=ORIENTED_EDGE('',*,*,#510,.F.);
#87=ORIENTED_EDGE('',*,*,#515,.F.);
#88=ORIENTED_EDGE('',*,*,#516,.F.);
#89=ORIENTED_EDGE('',*,*,#517,.F.);
#90=ORIENTED_EDGE('',*,*,#518,.T.);
#91=ORIENTED_EDGE('',*,*,#519,.T.);
#92=ORIENTED_EDGE('',*,*,#453,.F.);
#93=ORIENTED_EDGE('',*,*,#520,.F.);
#94=ORIENTED_EDGE('',*,*,#521,.T.);
#95=ORIENTED_EDGE('',*,*,#517,.T.);
#96=ORIENTED_EDGE('',*,*,#499,.F.);
#97=ORIENTED_EDGE('',*,*,#522,.F.);
#98=ORIENTED_EDGE('',*,*,#523,.T.);
#99=ORIENTED_EDGE('',*,*,#520,.T.);
#100=ORIENTED_EDGE('',*,*,#498,.F.);
#101=ORIENTED_EDGE('',*,*,#524,.F.);
#102=ORIENTED_EDGE('',*,*,#525,.T.);
#103=ORIENTED_EDGE('',*,*,#522,.T.);
#104=ORIENTED_EDGE('',*,*,#497,.F.);
#105=ORIENTED_EDGE('',*,*,#526,.F.);
#106=ORIENTED_EDGE('',*,*,#527,.T.);
#107=ORIENTED_EDGE('',*,*,#524,.T.);
#108=ORIENTED_EDGE('',*,*,#496,.F.);
#109=ORIENTED_EDGE('',*,*,#528,.F.);
#110=ORIENTED_EDGE('',*,*,#529,.T.);
#111=ORIENTED_EDGE('',*,*,#526,.T.);
#112=ORIENTED_EDGE('',*,*,#495,.T.);
#113=ORIENTED_EDGE('',*,*,#530,.F.);
#114=ORIENTED_EDGE('',*,*,#531,.T.);
#115=ORIENTED_EDGE('',*,*,#528,.T.);
#116=ORIENTED_EDGE('',*,*,#494,.T.);
#117=ORIENTED_EDGE('',*,*,#532,.F.);
#118=ORIENTED_EDGE('',*,*,#533,.T.);
#119=ORIENTED_EDGE('',*,*,#530,.T.);
#120=ORIENTED_EDGE('',*,*,#493,.T.);
#121=ORIENTED_EDGE('',*,*,#534,.F.);
#122=ORIENTED_EDGE('',*,*,#535,.T.);
#123=ORIENTED_EDGE('',*,*,#532,.T.);
#124=ORIENTED_EDGE('',*,*,#492,.T.);
#125=ORIENTED_EDGE('',*,*,#536,.T.);
#126=ORIENTED_EDGE('',*,*,#537,.T.);
#127=ORIENTED_EDGE('',*,*,#538,.T.);
#128=ORIENTED_EDGE('',*,*,#539,.T.);
#129=ORIENTED_EDGE('',*,*,#540,.T.);
#130=ORIENTED_EDGE('',*,*,#541,.T.);
#131=ORIENTED_EDGE('',*,*,#542,.T.);
#132=ORIENTED_EDGE('',*,*,#543,.T.);
#133=ORIENTED_EDGE('',*,*,#544,.T.);
#134=ORIENTED_EDGE('',*,*,#545,.T.);
#135=ORIENTED_EDGE('',*,*,#508,.F.);
#136=ORIENTED_EDGE('',*,*,#546,.T.);
#137=ORIENTED_EDGE('',*,*,#547,.T.);
#138=ORIENTED_EDGE('',*,*,#469,.T.);
#139=ORIENTED_EDGE('',*,*,#548,.F.);
#140=ORIENTED_EDGE('',*,*,#549,.T.);
#141=ORIENTED_EDGE('',*,*,#506,.T.);
#142=ORIENTED_EDGE('',*,*,#477,.F.);
#143=ORIENTED_EDGE('',*,*,#550,.F.);
#144=ORIENTED_EDGE('',*,*,#551,.T.);
#145=ORIENTED_EDGE('',*,*,#548,.T.);
#146=ORIENTED_EDGE('',*,*,#476,.F.);
#147=ORIENTED_EDGE('',*,*,#552,.F.);
#148=ORIENTED_EDGE('',*,*,#553,.T.);
#149=ORIENTED_EDGE('',*,*,#550,.T.);
#150=ORIENTED_EDGE('',*,*,#475,.F.);
#151=ORIENTED_EDGE('',*,*,#554,.F.);
#152=ORIENTED_EDGE('',*,*,#555,.T.);
#153=ORIENTED_EDGE('',*,*,#552,.T.);
#154=ORIENTED_EDGE('',*,*,#474,.F.);
#155=ORIENTED_EDGE('',*,*,#556,.F.);
#156=ORIENTED_EDGE('',*,*,#557,.T.);
#157=ORIENTED_EDGE('',*,*,#554,.T.);
#158=ORIENTED_EDGE('',*,*,#473,.F.);
#159=ORIENTED_EDGE('',*,*,#558,.F.);
#160=ORIENTED_EDGE('',*,*,#559,.T.);
#161=ORIENTED_EDGE('',*,*,#556,.T.);
#162=ORIENTED_EDGE('',*,*,#472,.T.);
#163=ORIENTED_EDGE('',*,*,#560,.F.);
#164=ORIENTED_EDGE('',*,*,#561,.T.);
#165=ORIENTED_EDGE('',*,*,#558,.T.);
#166=ORIENTED_EDGE('',*,*,#471,.T.);
#167=ORIENTED_EDGE('',*,*,#547,.F.);
#168=ORIENTED_EDGE('',*,*,#562,.T.);
#169=ORIENTED_EDGE('',*,*,#560,.T.);
#170=ORIENTED_EDGE('',*,*,#470,.T.);
#171=ORIENTED_EDGE('',*,*,#563,.T.);
#172=ORIENTED_EDGE('',*,*,#564,.T.);
#173=ORIENTED_EDGE('',*,*,#565,.T.);
#174=ORIENTED_EDGE('',*,*,#566,.T.);
#175=ORIENTED_EDGE('',*,*,#567,.T.);
#176=ORIENTED_EDGE('',*,*,#568,.T.);
#177=ORIENTED_EDGE('',*,*,#569,.T.);
#178=ORIENTED_EDGE('',*,*,#570,.T.);
#179=ORIENTED_EDGE('',*,*,#571,.T.);
#180=ORIENTED_EDGE('',*,*,#572,.T.);
#181=ORIENTED_EDGE('',*,*,#502,.F.);
#182=ORIENTED_EDGE('',*,*,#573,.T.);
#183=ORIENTED_EDGE('',*,*,#574,.T.);
#184=ORIENTED_EDGE('',*,*,#481,.T.);
#185=ORIENTED_EDGE('',*,*,#575,.F.);
#186=ORIENTED_EDGE('',*,*,#576,.T.);
#187=ORIENTED_EDGE('',*,*,#500,.T.);
#188=ORIENTED_EDGE('',*,*,#489,.F.);
#189=ORIENTED_EDGE('',*,*,#577,.F.);
#190=ORIENTED_EDGE('',*,*,#578,.T.);
#191=ORIENTED_EDGE('',*,*,#575,.T.);
#192=ORIENTED_EDGE('',*,*,#488,.F.);
#193=ORIENTED_EDGE('',*,*,#579,.F.);
#194=ORIENTED_EDGE('',*,*,#580,.T.);
#195=ORIENTED_EDGE('',*,*,#577,.T.);
#196=ORIENTED_EDGE('',*,*,#487,.F.);
#197=ORIENTED_EDGE('',*,*,#581,.F.);
#198=ORIENTED_EDGE('',*,*,#582,.T.);
#199=ORIENTED_EDGE('',*,*,#579,.T.);
#200=ORIENTED_EDGE('',*,*,#486,.F.);
#201=ORIENTED_EDGE('',*,*,#583,.F.);
#202=ORIENTED_EDGE('',*,*,#584,.T.);
#203=ORIENTED_EDGE('',*,*,#581,.T.);
#204=ORIENTED_EDGE('',*,*,#485,.F.);
#205=ORIENTED_EDGE('',*,*,#585,.F.);
#206=ORIENTED_EDGE('',*,*,#586,.T.);
#207=ORIENTED_EDGE('',*,*,#583,.T.);
#208=ORIENTED_EDGE('',*,*,#484,.T.);
#209=ORIENTED_EDGE('',*,*,#587,.F.);
#210=ORIENTED_EDGE('',*,*,#588,.T.);
#211=ORIENTED_EDGE('',*,*,#585,.T.);
#212=ORIENTED_EDGE('',*,*,#483,.T.);
#213=ORIENTED_EDGE('',*,*,#574,.F.);
#214=ORIENTED_EDGE('',*,*,#589,.T.);
#215=ORIENTED_EDGE('',*,*,#587,.T.);
#216=ORIENTED_EDGE('',*,*,#482,.T.);
#217=ORIENTED_EDGE('',*,*,#590,.T.);
#218=ORIENTED_EDGE('',*,*,#591,.T.);
#219=ORIENTED_EDGE('',*,*,#592,.T.);
#220=ORIENTED_EDGE('',*,*,#593,.T.);
#221=ORIENTED_EDGE('',*,*,#594,.T.);
#222=ORIENTED_EDGE('',*,*,#595,.T.);
#223=ORIENTED_EDGE('',*,*,#596,.T.);
#224=ORIENTED_EDGE('',*,*,#597,.T.);
#225=ORIENTED_EDGE('',*,*,#598,.T.);
#226=ORIENTED_EDGE('',*,*,#599,.T.);
#227=ORIENTED_EDGE('',*,*,#600,.F.);
#228=ORIENTED_EDGE('',*,*,#601,.T.);
#229=ORIENTED_EDGE('',*,*,#602,.T.);
#230=ORIENTED_EDGE('',*,*,#466,.F.);
#231=ORIENTED_EDGE('',*,*,#603,.F.);
#232=ORIENTED_EDGE('',*,*,#604,.T.);
#233=ORIENTED_EDGE('',*,*,#600,.T.);
#234=ORIENTED_EDGE('',*,*,#465,.F.);
#235=ORIENTED_EDGE('',*,*,#605,.F.);
#236=ORIENTED_EDGE('',*,*,#606,.T.);
#237=ORIENTED_EDGE('',*,*,#603,.T.);
#238=ORIENTED_EDGE('',*,*,#464,.F.);
#239=ORIENTED_EDGE('',*,*,#607,.F.);
#240=ORIENTED_EDGE('',*,*,#608,.T.);
#241=ORIENTED_EDGE('',*,*,#605,.T.);
#242=ORIENTED_EDGE('',*,*,#463,.F.);
#243=ORIENTED_EDGE('',*,*,#609,.F.);
#244=ORIENTED_EDGE('',*,*,#610,.T.);
#245=ORIENTED_EDGE('',*,*,#607,.T.);
#246=ORIENTED_EDGE('',*,*,#462,.F.);
#247=ORIENTED_EDGE('',*,*,#611,.F.);
#248=ORIENTED_EDGE('',*,*,#612,.T.);
#249=ORIENTED_EDGE('',*,*,#609,.T.);
#250=ORIENTED_EDGE('',*,*,#461,.T.);
#251=ORIENTED_EDGE('',*,*,#613,.F.);
#252=ORIENTED_EDGE('',*,*,#614,.T.);
#253=ORIENTED_EDGE('',*,*,#611,.T.);
#254=ORIENTED_EDGE('',*,*,#460,.T.);
#255=ORIENTED_EDGE('',*,*,#615,.F.);
#256=ORIENTED_EDGE('',*,*,#616,.T.);
#257=ORIENTED_EDGE('',*,*,#613,.T.);
#258=ORIENTED_EDGE('',*,*,#459,.T.);
#259=ORIENTED_EDGE('',*,*,#617,.F.);
#260=ORIENTED_EDGE('',*,*,#618,.T.);
#261=ORIENTED_EDGE('',*,*,#615,.T.);
#262=ORIENTED_EDGE('',*,*,#458,.T.);
#263=ORIENTED_EDGE('',*,*,#619,.T.);
#264=ORIENTED_EDGE('',*,*,#620,.T.);
#265=ORIENTED_EDGE('',*,*,#621,.T.);
#266=ORIENTED_EDGE('',*,*,#622,.T.);
#267=ORIENTED_EDGE('',*,*,#623,.T.);
#268=ORIENTED_EDGE('',*,*,#624,.T.);
#269=ORIENTED_EDGE('',*,*,#625,.T.);
#270=ORIENTED_EDGE('',*,*,#626,.T.);
#271=ORIENTED_EDGE('',*,*,#627,.T.);
#272=ORIENTED_EDGE('',*,*,#628,.T.);
#273=ORIENTED_EDGE('',*,*,#519,.F.);
#274=ORIENTED_EDGE('',*,*,#629,.T.);
#275=ORIENTED_EDGE('',*,*,#536,.F.);
#276=ORIENTED_EDGE('',*,*,#630,.T.);
#277=ORIENTED_EDGE('',*,*,#534,.T.);
#278=ORIENTED_EDGE('',*,*,#491,.F.);
#279=ORIENTED_EDGE('',*,*,#505,.T.);
#280=ORIENTED_EDGE('',*,*,#514,.T.);
#281=ORIENTED_EDGE('',*,*,#631,.F.);
#282=ORIENTED_EDGE('',*,*,#454,.F.);
#283=ORIENTED_EDGE('',*,*,#455,.F.);
#284=ORIENTED_EDGE('',*,*,#631,.T.);
#285=ORIENTED_EDGE('',*,*,#513,.T.);
#286=ORIENTED_EDGE('',*,*,#632,.F.);
#287=ORIENTED_EDGE('',*,*,#456,.F.);
#288=ORIENTED_EDGE('',*,*,#632,.T.);
#289=ORIENTED_EDGE('',*,*,#516,.T.);
#290=ORIENTED_EDGE('',*,*,#633,.F.);
#291=ORIENTED_EDGE('',*,*,#602,.F.);
#292=ORIENTED_EDGE('',*,*,#634,.T.);
#293=ORIENTED_EDGE('',*,*,#619,.F.);
#294=ORIENTED_EDGE('',*,*,#635,.T.);
#295=ORIENTED_EDGE('',*,*,#617,.T.);
#296=ORIENTED_EDGE('',*,*,#457,.F.);
#297=ORIENTED_EDGE('',*,*,#633,.T.);
#298=ORIENTED_EDGE('',*,*,#515,.T.);
#299=ORIENTED_EDGE('',*,*,#509,.F.);
#300=ORIENTED_EDGE('',*,*,#467,.F.);
#301=ORIENTED_EDGE('',*,*,#635,.F.);
#302=ORIENTED_EDGE('',*,*,#628,.F.);
#303=ORIENTED_EDGE('',*,*,#636,.F.);
#304=ORIENTED_EDGE('',*,*,#618,.F.);
#305=ORIENTED_EDGE('',*,*,#636,.T.);
#306=ORIENTED_EDGE('',*,*,#627,.F.);
#307=ORIENTED_EDGE('',*,*,#637,.F.);
#308=ORIENTED_EDGE('',*,*,#616,.F.);
#309=ORIENTED_EDGE('',*,*,#637,.T.);
#310=ORIENTED_EDGE('',*,*,#626,.F.);
#311=ORIENTED_EDGE('',*,*,#638,.F.);
#312=ORIENTED_EDGE('',*,*,#614,.F.);
#313=ORIENTED_EDGE('',*,*,#638,.T.);
#314=ORIENTED_EDGE('',*,*,#625,.F.);
#315=ORIENTED_EDGE('',*,*,#639,.F.);
#316=ORIENTED_EDGE('',*,*,#612,.F.);
#317=ORIENTED_EDGE('',*,*,#639,.T.);
#318=ORIENTED_EDGE('',*,*,#624,.F.);
#319=ORIENTED_EDGE('',*,*,#640,.F.);
#320=ORIENTED_EDGE('',*,*,#610,.F.);
#321=ORIENTED_EDGE('',*,*,#640,.T.);
#322=ORIENTED_EDGE('',*,*,#623,.F.);
#323=ORIENTED_EDGE('',*,*,#641,.F.);
#324=ORIENTED_EDGE('',*,*,#608,.F.);
#325=ORIENTED_EDGE('',*,*,#641,.T.);
#326=ORIENTED_EDGE('',*,*,#622,.F.);
#327=ORIENTED_EDGE('',*,*,#642,.F.);
#328=ORIENTED_EDGE('',*,*,#606,.F.);
#329=ORIENTED_EDGE('',*,*,#642,.T.);
#330=ORIENTED_EDGE('',*,*,#621,.F.);
#331=ORIENTED_EDGE('',*,*,#643,.F.);
#332=ORIENTED_EDGE('',*,*,#604,.F.);
#333=ORIENTED_EDGE('',*,*,#634,.F.);
#334=ORIENTED_EDGE('',*,*,#601,.F.);
#335=ORIENTED_EDGE('',*,*,#643,.T.);
#336=ORIENTED_EDGE('',*,*,#620,.F.);
#337=ORIENTED_EDGE('',*,*,#630,.F.);
#338=ORIENTED_EDGE('',*,*,#545,.F.);
#339=ORIENTED_EDGE('',*,*,#644,.F.);
#340=ORIENTED_EDGE('',*,*,#535,.F.);
#341=ORIENTED_EDGE('',*,*,#644,.T.);
#342=ORIENTED_EDGE('',*,*,#544,.F.);
#343=ORIENTED_EDGE('',*,*,#645,.F.);
#344=ORIENTED_EDGE('',*,*,#533,.F.);
#345=ORIENTED_EDGE('',*,*,#645,.T.);
#346=ORIENTED_EDGE('',*,*,#543,.F.);
#347=ORIENTED_EDGE('',*,*,#646,.F.);
#348=ORIENTED_EDGE('',*,*,#531,.F.);
#349=ORIENTED_EDGE('',*,*,#646,.T.);
#350=ORIENTED_EDGE('',*,*,#542,.F.);
#351=ORIENTED_EDGE('',*,*,#647,.F.);
#352=ORIENTED_EDGE('',*,*,#529,.F.);
#353=ORIENTED_EDGE('',*,*,#647,.T.);
#354=ORIENTED_EDGE('',*,*,#541,.F.);
#355=ORIENTED_EDGE('',*,*,#648,.F.);
#356=ORIENTED_EDGE('',*,*,#527,.F.);
#357=ORIENTED_EDGE('',*,*,#648,.T.);
#358=ORIENTED_EDGE('',*,*,#540,.F.);
#359=ORIENTED_EDGE('',*,*,#649,.F.);
#360=ORIENTED_EDGE('',*,*,#525,.F.);
#361=ORIENTED_EDGE('',*,*,#649,.T.);
#362=ORIENTED_EDGE('',*,*,#539,.F.);
#363=ORIENTED_EDGE('',*,*,#650,.F.);
#364=ORIENTED_EDGE('',*,*,#523,.F.);
#365=ORIENTED_EDGE('',*,*,#650,.T.);
#366=ORIENTED_EDGE('',*,*,#538,.F.);
#367=ORIENTED_EDGE('',*,*,#651,.F.);
#368=ORIENTED_EDGE('',*,*,#521,.F.);
#369=ORIENTED_EDGE('',*,*,#629,.F.);
#370=ORIENTED_EDGE('',*,*,#518,.F.);
#371=ORIENTED_EDGE('',*,*,#651,.T.);
#372=ORIENTED_EDGE('',*,*,#537,.F.);
#373=ORIENTED_EDGE('',*,*,#652,.F.);
#374=ORIENTED_EDGE('',*,*,#559,.F.);
#375=ORIENTED_EDGE('',*,*,#653,.F.);
#376=ORIENTED_EDGE('',*,*,#569,.F.);
#377=ORIENTED_EDGE('',*,*,#653,.T.);
#378=ORIENTED_EDGE('',*,*,#561,.F.);
#379=ORIENTED_EDGE('',*,*,#654,.F.);
#380=ORIENTED_EDGE('',*,*,#570,.F.);
#381=ORIENTED_EDGE('',*,*,#652,.T.);
#382=ORIENTED_EDGE('',*,*,#568,.F.);
#383=ORIENTED_EDGE('',*,*,#655,.F.);
#384=ORIENTED_EDGE('',*,*,#557,.F.);
#385=ORIENTED_EDGE('',*,*,#654,.T.);
#386=ORIENTED_EDGE('',*,*,#562,.F.);
#387=ORIENTED_EDGE('',*,*,#656,.F.);
#388=ORIENTED_EDGE('',*,*,#571,.F.);
#389=ORIENTED_EDGE('',*,*,#655,.T.);
#390=ORIENTED_EDGE('',*,*,#567,.F.);
#391=ORIENTED_EDGE('',*,*,#657,.F.);
#392=ORIENTED_EDGE('',*,*,#555,.F.);
#393=ORIENTED_EDGE('',*,*,#656,.T.);
#394=ORIENTED_EDGE('',*,*,#546,.F.);
#395=ORIENTED_EDGE('',*,*,#658,.F.);
#396=ORIENTED_EDGE('',*,*,#572,.F.);
#397=ORIENTED_EDGE('',*,*,#657,.T.);
#398=ORIENTED_EDGE('',*,*,#566,.F.);
#399=ORIENTED_EDGE('',*,*,#659,.F.);
#400=ORIENTED_EDGE('',*,*,#553,.F.);
#401=ORIENTED_EDGE('',*,*,#658,.T.);
#402=ORIENTED_EDGE('',*,*,#507,.F.);
#403=ORIENTED_EDGE('',*,*,#660,.F.);
#404=ORIENTED_EDGE('',*,*,#563,.F.);
#405=ORIENTED_EDGE('',*,*,#659,.T.);
#406=ORIENTED_EDGE('',*,*,#565,.F.);
#407=ORIENTED_EDGE('',*,*,#661,.F.);
#408=ORIENTED_EDGE('',*,*,#551,.F.);
#409=ORIENTED_EDGE('',*,*,#660,.T.);
#410=ORIENTED_EDGE('',*,*,#549,.F.);
#411=ORIENTED_EDGE('',*,*,#661,.T.);
#412=ORIENTED_EDGE('',*,*,#564,.F.);
#413=ORIENTED_EDGE('',*,*,#662,.F.);
#414=ORIENTED_EDGE('',*,*,#586,.F.);
#415=ORIENTED_EDGE('',*,*,#663,.F.);
#416=ORIENTED_EDGE('',*,*,#596,.F.);
#417=ORIENTED_EDGE('',*,*,#663,.T.);
#418=ORIENTED_EDGE('',*,*,#588,.F.);
#419=ORIENTED_EDGE('',*,*,#664,.F.);
#420=ORIENTED_EDGE('',*,*,#597,.F.);
#421=ORIENTED_EDGE('',*,*,#662,.T.);
#422=ORIENTED_EDGE('',*,*,#595,.F.);
#423=ORIENTED_EDGE('',*,*,#665,.F.);
#424=ORIENTED_EDGE('',*,*,#584,.F.);
#425=ORIENTED_EDGE('',*,*,#664,.T.);
#426=ORIENTED_EDGE('',*,*,#589,.F.);
#427=ORIENTED_EDGE('',*,*,#666,.F.);
#428=ORIENTED_EDGE('',*,*,#598,.F.);
#429=ORIENTED_EDGE('',*,*,#665,.T.);
#430=ORIENTED_EDGE('',*,*,#594,.F.);
#431=ORIENTED_EDGE('',*,*,#667,.F.);
#432=ORIENTED_EDGE('',*,*,#582,.F.);
#433=ORIENTED_EDGE('',*,*,#666,.T.);
#434=ORIENTED_EDGE('',*,*,#573,.F.);
#435=ORIENTED_EDGE('',*,*,#668,.F.);
#436=ORIENTED_EDGE('',*,*,#599,.F.);
#437=ORIENTED_EDGE('',*,*,#667,.T.);
#438=ORIENTED_EDGE('',*,*,#593,.F.);
#439=ORIENTED_EDGE('',*,*,#669,.F.);
#440=ORIENTED_EDGE('',*,*,#580,.F.);
#441=ORIENTED_EDGE('',*,*,#668,.T.);
#442=ORIENTED_EDGE('',*,*,#501,.F.);
#443=ORIENTED_EDGE('',*,*,#670,.F.);
#444=ORIENTED_EDGE('',*,*,#590,.F.);
#445=ORIENTED_EDGE('',*,*,#669,.T.);
#446=ORIENTED_EDGE('',*,*,#592,.F.);
#447=ORIENTED_EDGE('',*,*,#671,.F.);
#448=ORIENTED_EDGE('',*,*,#578,.F.);
#449=ORIENTED_EDGE('',*,*,#670,.T.);
#450=ORIENTED_EDGE('',*,*,#576,.F.);
#451=ORIENTED_EDGE('',*,*,#671,.T.);
#452=ORIENTED_EDGE('',*,*,#591,.F.);
#453=EDGE_CURVE('',#672,#673,#806,.T.);
#454=EDGE_CURVE('',#673,#674,#807,.T.);
#455=EDGE_CURVE('',#674,#675,#808,.T.);
#456=EDGE_CURVE('',#675,#676,#809,.T.);
#457=EDGE_CURVE('',#676,#677,#810,.T.);
#458=EDGE_CURVE('',#678,#677,#811,.T.);
#459=EDGE_CURVE('',#679,#678,#812,.T.);
#460=EDGE_CURVE('',#680,#679,#813,.T.);
#461=EDGE_CURVE('',#681,#680,#814,.T.);
#462=EDGE_CURVE('',#681,#682,#815,.T.);
#463=EDGE_CURVE('',#682,#683,#816,.T.);
#464=EDGE_CURVE('',#683,#684,#817,.T.);
#465=EDGE_CURVE('',#684,#685,#818,.T.);
#466=EDGE_CURVE('',#685,#686,#819,.T.);
#467=EDGE_CURVE('',#686,#687,#820,.T.);
#468=EDGE_CURVE('',#687,#688,#821,.T.);
#469=EDGE_CURVE('',#689,#688,#822,.T.);
#470=EDGE_CURVE('',#690,#689,#823,.T.);
#471=EDGE_CURVE('',#691,#690,#824,.T.);
#472=EDGE_CURVE('',#692,#691,#825,.T.);
#473=EDGE_CURVE('',#692,#693,#826,.T.);
#474=EDGE_CURVE('',#693,#694,#827,.T.);
#475=EDGE_CURVE('',#694,#695,#828,.T.);
#476=EDGE_CURVE('',#695,#696,#829,.T.);
#477=EDGE_CURVE('',#696,#697,#830,.T.);
#478=EDGE_CURVE('',#697,#698,#831,.T.);
#479=EDGE_CURVE('',#698,#699,#13,.T.);
#480=EDGE_CURVE('',#699,#700,#832,.T.);
#481=EDGE_CURVE('',#701,#700,#833,.T.);
#482=EDGE_CURVE('',#702,#701,#834,.T.);
#483=EDGE_CURVE('',#703,#702,#835,.T.);
#484=EDGE_CURVE('',#704,#703,#836,.T.);
#485=EDGE_CURVE('',#704,#705,#837,.T.);
#486=EDGE_CURVE('',#705,#706,#838,.T.);
#487=EDGE_CURVE('',#706,#707,#839,.T.);
#488=EDGE_CURVE('',#707,#708,#840,.T.);
#489=EDGE_CURVE('',#708,#709,#841,.T.);
#490=EDGE_CURVE('',#709,#710,#842,.T.);
#491=EDGE_CURVE('',#710,#711,#843,.T.);
#492=EDGE_CURVE('',#712,#711,#844,.T.);
#493=EDGE_CURVE('',#713,#712,#845,.T.);
#494=EDGE_CURVE('',#714,#713,#846,.T.);
#495=EDGE_CURVE('',#715,#714,#847,.T.);
#496=EDGE_CURVE('',#715,#716,#848,.T.);
#497=EDGE_CURVE('',#716,#717,#849,.T.);
#498=EDGE_CURVE('',#717,#718,#850,.T.);
#499=EDGE_CURVE('',#718,#672,#851,.T.);
#500=EDGE_CURVE('',#719,#709,#852,.T.);
#501=EDGE_CURVE('',#719,#720,#853,.T.);
#502=EDGE_CURVE('',#720,#700,#854,.T.);
#503=EDGE_CURVE('',#699,#721,#855,.T.);
#504=EDGE_CURVE('',#721,#722,#856,.T.);
#505=EDGE_CURVE('',#710,#722,#857,.T.);
#506=EDGE_CURVE('',#723,#697,#858,.T.);
#507=EDGE_CURVE('',#723,#724,#859,.T.);
#508=EDGE_CURVE('',#724,#688,#860,.T.);
#509=EDGE_CURVE('',#687,#725,#861,.T.);
#510=EDGE_CURVE('',#725,#726,#862,.T.);
#511=EDGE_CURVE('',#698,#726,#863,.T.);
#512=EDGE_CURVE('',#726,#721,#14,.T.);
#513=EDGE_CURVE('',#727,#728,#864,.T.);
#514=EDGE_CURVE('',#722,#727,#865,.T.);
#515=EDGE_CURVE('',#729,#725,#866,.T.);
#516=EDGE_CURVE('',#728,#729,#867,.T.);
#517=EDGE_CURVE('',#730,#672,#868,.T.);
#518=EDGE_CURVE('',#730,#731,#869,.T.);
#519=EDGE_CURVE('',#731,#673,#870,.T.);
#520=EDGE_CURVE('',#732,#718,#871,.T.);
#521=EDGE_CURVE('',#732,#730,#872,.T.);
#522=EDGE_CURVE('',#733,#717,#873,.T.);
#523=EDGE_CURVE('',#733,#732,#874,.T.);
#524=EDGE_CURVE('',#734,#716,#875,.T.);
#525=EDGE_CURVE('',#734,#733,#876,.T.);
#526=EDGE_CURVE('',#735,#715,#877,.T.);
#527=EDGE_CURVE('',#735,#734,#878,.T.);
#528=EDGE_CURVE('',#736,#714,#879,.T.);
#529=EDGE_CURVE('',#736,#735,#880,.T.);
#530=EDGE_CURVE('',#737,#713,#881,.T.);
#531=EDGE_CURVE('',#737,#736,#882,.T.);
#532=EDGE_CURVE('',#738,#712,#883,.T.);
#533=EDGE_CURVE('',#738,#737,#884,.T.);
#534=EDGE_CURVE('',#739,#711,#885,.T.);
#535=EDGE_CURVE('',#739,#738,#886,.T.);
#536=EDGE_CURVE('',#740,#741,#887,.T.);
#537=EDGE_CURVE('',#741,#742,#888,.T.);
#538=EDGE_CURVE('',#742,#743,#889,.T.);
#539=EDGE_CURVE('',#743,#744,#890,.T.);
#540=EDGE_CURVE('',#744,#745,#891,.T.);
#541=EDGE_CURVE('',#745,#746,#892,.T.);
#542=EDGE_CURVE('',#746,#747,#893,.T.);
#543=EDGE_CURVE('',#747,#748,#894,.T.);
#544=EDGE_CURVE('',#748,#749,#895,.T.);
#545=EDGE_CURVE('',#749,#740,#896,.T.);
#546=EDGE_CURVE('',#724,#750,#897,.T.);
#547=EDGE_CURVE('',#750,#689,#898,.T.);
#548=EDGE_CURVE('',#751,#696,#899,.T.);
#549=EDGE_CURVE('',#751,#723,#900,.T.);
#550=EDGE_CURVE('',#752,#695,#901,.T.);
#551=EDGE_CURVE('',#752,#751,#902,.T.);
#552=EDGE_CURVE('',#753,#694,#903,.T.);
#553=EDGE_CURVE('',#753,#752,#904,.T.);
#554=EDGE_CURVE('',#754,#693,#905,.T.);
#555=EDGE_CURVE('',#754,#753,#906,.T.);
#556=EDGE_CURVE('',#755,#692,#907,.T.);
#557=EDGE_CURVE('',#755,#754,#908,.T.);
#558=EDGE_CURVE('',#756,#691,#909,.T.);
#559=EDGE_CURVE('',#756,#755,#910,.T.);
#560=EDGE_CURVE('',#757,#690,#911,.T.);
#561=EDGE_CURVE('',#757,#756,#912,.T.);
#562=EDGE_CURVE('',#750,#757,#913,.T.);
#563=EDGE_CURVE('',#758,#759,#914,.T.);
#564=EDGE_CURVE('',#759,#760,#915,.T.);
#565=EDGE_CURVE('',#760,#761,#916,.T.);
#566=EDGE_CURVE('',#761,#762,#917,.T.);
#567=EDGE_CURVE('',#762,#763,#918,.T.);
#568=EDGE_CURVE('',#763,#764,#919,.T.);
#569=EDGE_CURVE('',#764,#765,#920,.T.);
#570=EDGE_CURVE('',#765,#766,#921,.T.);
#571=EDGE_CURVE('',#766,#767,#922,.T.);
#572=EDGE_CURVE('',#767,#758,#923,.T.);
#573=EDGE_CURVE('',#720,#768,#924,.T.);
#574=EDGE_CURVE('',#768,#701,#925,.T.);
#575=EDGE_CURVE('',#769,#708,#926,.T.);
#576=EDGE_CURVE('',#769,#719,#927,.T.);
#577=EDGE_CURVE('',#770,#707,#928,.T.);
#578=EDGE_CURVE('',#770,#769,#929,.T.);
#579=EDGE_CURVE('',#771,#706,#930,.T.);
#580=EDGE_CURVE('',#771,#770,#931,.T.);
#581=EDGE_CURVE('',#772,#705,#932,.T.);
#582=EDGE_CURVE('',#772,#771,#933,.T.);
#583=EDGE_CURVE('',#773,#704,#934,.T.);
#584=EDGE_CURVE('',#773,#772,#935,.T.);
#585=EDGE_CURVE('',#774,#703,#936,.T.);
#586=EDGE_CURVE('',#774,#773,#937,.T.);
#587=EDGE_CURVE('',#775,#702,#938,.T.);
#588=EDGE_CURVE('',#775,#774,#939,.T.);
#589=EDGE_CURVE('',#768,#775,#940,.T.);
#590=EDGE_CURVE('',#776,#777,#941,.T.);
#591=EDGE_CURVE('',#777,#778,#942,.T.);
#592=EDGE_CURVE('',#778,#779,#943,.T.);
#593=EDGE_CURVE('',#779,#780,#944,.T.);
#594=EDGE_CURVE('',#780,#781,#945,.T.);
#595=EDGE_CURVE('',#781,#782,#946,.T.);
#596=EDGE_CURVE('',#782,#783,#947,.T.);
#597=EDGE_CURVE('',#783,#784,#948,.T.);
#598=EDGE_CURVE('',#784,#785,#949,.T.);
#599=EDGE_CURVE('',#785,#776,#950,.T.);
#600=EDGE_CURVE('',#786,#685,#951,.T.);
#601=EDGE_CURVE('',#786,#787,#952,.T.);
#602=EDGE_CURVE('',#787,#686,#953,.T.);
#603=EDGE_CURVE('',#788,#684,#954,.T.);
#604=EDGE_CURVE('',#788,#786,#955,.T.);
#605=EDGE_CURVE('',#789,#683,#956,.T.);
#606=EDGE_CURVE('',#789,#788,#957,.T.);
#607=EDGE_CURVE('',#790,#682,#958,.T.);
#608=EDGE_CURVE('',#790,#789,#959,.T.);
#609=EDGE_CURVE('',#791,#681,#960,.T.);
#610=EDGE_CURVE('',#791,#790,#961,.T.);
#611=EDGE_CURVE('',#792,#680,#962,.T.);
#612=EDGE_CURVE('',#792,#791,#963,.T.);
#613=EDGE_CURVE('',#793,#679,#964,.T.);
#614=EDGE_CURVE('',#793,#792,#965,.T.);
#615=EDGE_CURVE('',#794,#678,#966,.T.);
#616=EDGE_CURVE('',#794,#793,#967,.T.);
#617=EDGE_CURVE('',#795,#677,#968,.T.);
#618=EDGE_CURVE('',#795,#794,#969,.T.);
#619=EDGE_CURVE('',#796,#797,#970,.T.);
#620=EDGE_CURVE('',#797,#798,#971,.T.);
#621=EDGE_CURVE('',#798,#799,#972,.T.);
#622=EDGE_CURVE('',#799,#800,#973,.T.);
#623=EDGE_CURVE('',#800,#801,#974,.T.);
#624=EDGE_CURVE('',#801,#802,#975,.T.);
#625=EDGE_CURVE('',#802,#803,#976,.T.);
#626=EDGE_CURVE('',#803,#804,#977,.T.);
#627=EDGE_CURVE('',#804,#805,#978,.T.);
#628=EDGE_CURVE('',#805,#796,#979,.T.);
#629=EDGE_CURVE('',#731,#741,#980,.T.);
#630=EDGE_CURVE('',#740,#739,#981,.F.);
#631=EDGE_CURVE('',#674,#727,#982,.T.);
#632=EDGE_CURVE('',#675,#728,#983,.T.);
#633=EDGE_CURVE('',#676,#729,#984,.T.);
#634=EDGE_CURVE('',#787,#797,#985,.T.);
#635=EDGE_CURVE('',#796,#795,#986,.F.);
#636=EDGE_CURVE('',#794,#805,#987,.F.);
#637=EDGE_CURVE('',#793,#804,#988,.F.);
#638=EDGE_CURVE('',#792,#803,#989,.F.);
#639=EDGE_CURVE('',#791,#802,#990,.T.);
#640=EDGE_CURVE('',#790,#801,#991,.F.);
#641=EDGE_CURVE('',#789,#800,#992,.F.);
#642=EDGE_CURVE('',#788,#799,#993,.F.);
#643=EDGE_CURVE('',#786,#798,#994,.F.);
#644=EDGE_CURVE('',#738,#749,#995,.F.);
#645=EDGE_CURVE('',#737,#748,#996,.F.);
#646=EDGE_CURVE('',#736,#747,#997,.F.);
#647=EDGE_CURVE('',#735,#746,#998,.T.);
#648=EDGE_CURVE('',#734,#745,#999,.F.);
#649=EDGE_CURVE('',#733,#744,#1000,.F.);
#650=EDGE_CURVE('',#732,#743,#1001,.F.);
#651=EDGE_CURVE('',#730,#742,#1002,.F.);
#652=EDGE_CURVE('',#755,#764,#1003,.F.);
#653=EDGE_CURVE('',#765,#756,#1004,.F.);
#654=EDGE_CURVE('',#766,#757,#1005,.F.);
#655=EDGE_CURVE('',#754,#763,#1006,.T.);
#656=EDGE_CURVE('',#767,#750,#1007,.F.);
#657=EDGE_CURVE('',#753,#762,#1008,.T.);
#658=EDGE_CURVE('',#758,#724,#1009,.T.);
#659=EDGE_CURVE('',#752,#761,#1010,.T.);
#660=EDGE_CURVE('',#759,#723,#1011,.F.);
#661=EDGE_CURVE('',#751,#760,#1012,.F.);
#662=EDGE_CURVE('',#773,#782,#1013,.F.);
#663=EDGE_CURVE('',#783,#774,#1014,.F.);
#664=EDGE_CURVE('',#784,#775,#1015,.F.);
#665=EDGE_CURVE('',#772,#781,#1016,.T.);
#666=EDGE_CURVE('',#785,#768,#1017,.F.);
#667=EDGE_CURVE('',#771,#780,#1018,.T.);
#668=EDGE_CURVE('',#776,#720,#1019,.T.);
#669=EDGE_CURVE('',#770,#779,#1020,.T.);
#670=EDGE_CURVE('',#777,#719,#1021,.F.);
#671=EDGE_CURVE('',#769,#778,#1022,.F.);
#672=VERTEX_POINT('',#2089);
#673=VERTEX_POINT('',#2090);
#674=VERTEX_POINT('',#2092);
#675=VERTEX_POINT('',#2094);
#676=VERTEX_POINT('',#2096);
#677=VERTEX_POINT('',#2098);
#678=VERTEX_POINT('',#2100);
#679=VERTEX_POINT('',#2102);
#680=VERTEX_POINT('',#2104);
#681=VERTEX_POINT('',#2106);
#682=VERTEX_POINT('',#2108);
#683=VERTEX_POINT('',#2110);
#684=VERTEX_POINT('',#2112);
#685=VERTEX_POINT('',#2114);
#686=VERTEX_POINT('',#2116);
#687=VERTEX_POINT('',#2118);
#688=VERTEX_POINT('',#2120);
#689=VERTEX_POINT('',#2122);
#690=VERTEX_POINT('',#2124);
#691=VERTEX_POINT('',#2126);
#692=VERTEX_POINT('',#2128);
#693=VERTEX_POINT('',#2130);
#694=VERTEX_POINT('',#2132);
#695=VERTEX_POINT('',#2134);
#696=VERTEX_POINT('',#2136);
#697=VERTEX_POINT('',#2138);
#698=VERTEX_POINT('',#2140);
#699=VERTEX_POINT('',#2142);
#700=VERTEX_POINT('',#2144);
#701=VERTEX_POINT('',#2146);
#702=VERTEX_POINT('',#2148);
#703=VERTEX_POINT('',#2150);
#704=VERTEX_POINT('',#2152);
#705=VERTEX_POINT('',#2154);
#706=VERTEX_POINT('',#2156);
#707=VERTEX_POINT('',#2158);
#708=VERTEX_POINT('',#2160);
#709=VERTEX_POINT('',#2162);
#710=VERTEX_POINT('',#2164);
#711=VERTEX_POINT('',#2166);
#712=VERTEX_POINT('',#2168);
#713=VERTEX_POINT('',#2170);
#714=VERTEX_POINT('',#2172);
#715=VERTEX_POINT('',#2174);
#716=VERTEX_POINT('',#2176);
#717=VERTEX_POINT('',#2178);
#718=VERTEX_POINT('',#2180);
#719=VERTEX_POINT('',#2184);
#720=VERTEX_POINT('',#2186);
#721=VERTEX_POINT('',#2189);
#722=VERTEX_POINT('',#2191);
#723=VERTEX_POINT('',#2195);
#724=VERTEX_POINT('',#2197);
#725=VERTEX_POINT('',#2200);
#726=VERTEX_POINT('',#2202);
#727=VERTEX_POINT('',#2208);
#728=VERTEX_POINT('',#2209);
#729=VERTEX_POINT('',#2212);
#730=VERTEX_POINT('',#2216);
#731=VERTEX_POINT('',#2218);
#732=VERTEX_POINT('',#2222);
#733=VERTEX_POINT('',#2226);
#734=VERTEX_POINT('',#2230);
#735=VERTEX_POINT('',#2234);
#736=VERTEX_POINT('',#2238);
#737=VERTEX_POINT('',#2242);
#738=VERTEX_POINT('',#2246);
#739=VERTEX_POINT('',#2250);
#740=VERTEX_POINT('',#2254);
#741=VERTEX_POINT('',#2255);
#742=VERTEX_POINT('',#2257);
#743=VERTEX_POINT('',#2259);
#744=VERTEX_POINT('',#2261);
#745=VERTEX_POINT('',#2263);
#746=VERTEX_POINT('',#2265);
#747=VERTEX_POINT('',#2267);
#748=VERTEX_POINT('',#2269);
#749=VERTEX_POINT('',#2271);
#750=VERTEX_POINT('',#2275);
#751=VERTEX_POINT('',#2279);
#752=VERTEX_POINT('',#2283);
#753=VERTEX_POINT('',#2287);
#754=VERTEX_POINT('',#2291);
#755=VERTEX_POINT('',#2295);
#756=VERTEX_POINT('',#2299);
#757=VERTEX_POINT('',#2303);
#758=VERTEX_POINT('',#2309);
#759=VERTEX_POINT('',#2310);
#760=VERTEX_POINT('',#2312);
#761=VERTEX_POINT('',#2314);
#762=VERTEX_POINT('',#2316);
#763=VERTEX_POINT('',#2318);
#764=VERTEX_POINT('',#2320);
#765=VERTEX_POINT('',#2322);
#766=VERTEX_POINT('',#2324);
#767=VERTEX_POINT('',#2326);
#768=VERTEX_POINT('',#2330);
#769=VERTEX_POINT('',#2334);
#770=VERTEX_POINT('',#2338);
#771=VERTEX_POINT('',#2342);
#772=VERTEX_POINT('',#2346);
#773=VERTEX_POINT('',#2350);
#774=VERTEX_POINT('',#2354);
#775=VERTEX_POINT('',#2358);
#776=VERTEX_POINT('',#2364);
#777=VERTEX_POINT('',#2365);
#778=VERTEX_POINT('',#2367);
#779=VERTEX_POINT('',#2369);
#780=VERTEX_POINT('',#2371);
#781=VERTEX_POINT('',#2373);
#782=VERTEX_POINT('',#2375);
#783=VERTEX_POINT('',#2377);
#784=VERTEX_POINT('',#2379);
#785=VERTEX_POINT('',#2381);
#786=VERTEX_POINT('',#2385);
#787=VERTEX_POINT('',#2387);
#788=VERTEX_POINT('',#2391);
#789=VERTEX_POINT('',#2395);
#790=VERTEX_POINT('',#2399);
#791=VERTEX_POINT('',#2403);
#792=VERTEX_POINT('',#2407);
#793=VERTEX_POINT('',#2411);
#794=VERTEX_POINT('',#2415);
#795=VERTEX_POINT('',#2419);
#796=VERTEX_POINT('',#2423);
#797=VERTEX_POINT('',#2424);
#798=VERTEX_POINT('',#2426);
#799=VERTEX_POINT('',#2428);
#800=VERTEX_POINT('',#2430);
#801=VERTEX_POINT('',#2432);
#802=VERTEX_POINT('',#2434);
#803=VERTEX_POINT('',#2436);
#804=VERTEX_POINT('',#2438);
#805=VERTEX_POINT('',#2440);
#806=LINE('',#2088,#1023);
#807=LINE('',#2091,#1024);
#808=LINE('',#2093,#1025);
#809=LINE('',#2095,#1026);
#810=LINE('',#2097,#1027);
#811=LINE('',#2099,#1028);
#812=LINE('',#2101,#1029);
#813=LINE('',#2103,#1030);
#814=LINE('',#2105,#1031);
#815=LINE('',#2107,#1032);
#816=LINE('',#2109,#1033);
#817=LINE('',#2111,#1034);
#818=LINE('',#2113,#1035);
#819=LINE('',#2115,#1036);
#820=LINE('',#2117,#1037);
#821=LINE('',#2119,#1038);
#822=LINE('',#2121,#1039);
#823=LINE('',#2123,#1040);
#824=LINE('',#2125,#1041);
#825=LINE('',#2127,#1042);
#826=LINE('',#2129,#1043);
#827=LINE('',#2131,#1044);
#828=LINE('',#2133,#1045);
#829=LINE('',#2135,#1046);
#830=LINE('',#2137,#1047);
#831=LINE('',#2139,#1048);
#832=LINE('',#2143,#1049);
#833=LINE('',#2145,#1050);
#834=LINE('',#2147,#1051);
#835=LINE('',#2149,#1052);
#836=LINE('',#2151,#1053);
#837=LINE('',#2153,#1054);
#838=LINE('',#2155,#1055);
#839=LINE('',#2157,#1056);
#840=LINE('',#2159,#1057);
#841=LINE('',#2161,#1058);
#842=LINE('',#2163,#1059);
#843=LINE('',#2165,#1060);
#844=LINE('',#2167,#1061);
#845=LINE('',#2169,#1062);
#846=LINE('',#2171,#1063);
#847=LINE('',#2173,#1064);
#848=LINE('',#2175,#1065);
#849=LINE('',#2177,#1066);
#850=LINE('',#2179,#1067);
#851=LINE('',#2181,#1068);
#852=LINE('',#2183,#1069);
#853=LINE('',#2185,#1070);
#854=LINE('',#2187,#1071);
#855=LINE('',#2188,#1072);
#856=LINE('',#2190,#1073);
#857=LINE('',#2192,#1074);
#858=LINE('',#2194,#1075);
#859=LINE('',#2196,#1076);
#860=LINE('',#2198,#1077);
#861=LINE('',#2199,#1078);
#862=LINE('',#2201,#1079);
#863=LINE('',#2203,#1080);
#864=LINE('',#2207,#1081);
#865=LINE('',#2210,#1082);
#866=LINE('',#2211,#1083);
#867=LINE('',#2213,#1084);
#868=LINE('',#2215,#1085);
#869=LINE('',#2217,#1086);
#870=LINE('',#2219,#1087);
#871=LINE('',#2221,#1088);
#872=LINE('',#2223,#1089);
#873=LINE('',#2225,#1090);
#874=LINE('',#2227,#1091);
#875=LINE('',#2229,#1092);
#876=LINE('',#2231,#1093);
#877=LINE('',#2233,#1094);
#878=LINE('',#2235,#1095);
#879=LINE('',#2237,#1096);
#880=LINE('',#2239,#1097);
#881=LINE('',#2241,#1098);
#882=LINE('',#2243,#1099);
#883=LINE('',#2245,#1100);
#884=LINE('',#2247,#1101);
#885=LINE('',#2249,#1102);
#886=LINE('',#2251,#1103);
#887=LINE('',#2253,#1104);
#888=LINE('',#2256,#1105);
#889=LINE('',#2258,#1106);
#890=LINE('',#2260,#1107);
#891=LINE('',#2262,#1108);
#892=LINE('',#2264,#1109);
#893=LINE('',#2266,#1110);
#894=LINE('',#2268,#1111);
#895=LINE('',#2270,#1112);
#896=LINE('',#2272,#1113);
#897=LINE('',#2274,#1114);
#898=LINE('',#2276,#1115);
#899=LINE('',#2278,#1116);
#900=LINE('',#2280,#1117);
#901=LINE('',#2282,#1118);
#902=LINE('',#2284,#1119);
#903=LINE('',#2286,#1120);
#904=LINE('',#2288,#1121);
#905=LINE('',#2290,#1122);
#906=LINE('',#2292,#1123);
#907=LINE('',#2294,#1124);
#908=LINE('',#2296,#1125);
#909=LINE('',#2298,#1126);
#910=LINE('',#2300,#1127);
#911=LINE('',#2302,#1128);
#912=LINE('',#2304,#1129);
#913=LINE('',#2306,#1130);
#914=LINE('',#2308,#1131);
#915=LINE('',#2311,#1132);
#916=LINE('',#2313,#1133);
#917=LINE('',#2315,#1134);
#918=LINE('',#2317,#1135);
#919=LINE('',#2319,#1136);
#920=LINE('',#2321,#1137);
#921=LINE('',#2323,#1138);
#922=LINE('',#2325,#1139);
#923=LINE('',#2327,#1140);
#924=LINE('',#2329,#1141);
#925=LINE('',#2331,#1142);
#926=LINE('',#2333,#1143);
#927=LINE('',#2335,#1144);
#928=LINE('',#2337,#1145);
#929=LINE('',#2339,#1146);
#930=LINE('',#2341,#1147);
#931=LINE('',#2343,#1148);
#932=LINE('',#2345,#1149);
#933=LINE('',#2347,#1150);
#934=LINE('',#2349,#1151);
#935=LINE('',#2351,#1152);
#936=LINE('',#2353,#1153);
#937=LINE('',#2355,#1154);
#938=LINE('',#2357,#1155);
#939=LINE('',#2359,#1156);
#940=LINE('',#2361,#1157);
#941=LINE('',#2363,#1158);
#942=LINE('',#2366,#1159);
#943=LINE('',#2368,#1160);
#944=LINE('',#2370,#1161);
#945=LINE('',#2372,#1162);
#946=LINE('',#2374,#1163);
#947=LINE('',#2376,#1164);
#948=LINE('',#2378,#1165);
#949=LINE('',#2380,#1166);
#950=LINE('',#2382,#1167);
#951=LINE('',#2384,#1168);
#952=LINE('',#2386,#1169);
#953=LINE('',#2388,#1170);
#954=LINE('',#2390,#1171);
#955=LINE('',#2392,#1172);
#956=LINE('',#2394,#1173);
#957=LINE('',#2396,#1174);
#958=LINE('',#2398,#1175);
#959=LINE('',#2400,#1176);
#960=LINE('',#2402,#1177);
#961=LINE('',#2404,#1178);
#962=LINE('',#2406,#1179);
#963=LINE('',#2408,#1180);
#964=LINE('',#2410,#1181);
#965=LINE('',#2412,#1182);
#966=LINE('',#2414,#1183);
#967=LINE('',#2416,#1184);
#968=LINE('',#2418,#1185);
#969=LINE('',#2420,#1186);
#970=LINE('',#2422,#1187);
#971=LINE('',#2425,#1188);
#972=LINE('',#2427,#1189);
#973=LINE('',#2429,#1190);
#974=LINE('',#2431,#1191);
#975=LINE('',#2433,#1192);
#976=LINE('',#2435,#1193);
#977=LINE('',#2437,#1194);
#978=LINE('',#2439,#1195);
#979=LINE('',#2441,#1196);
#980=LINE('',#2443,#1197);
#981=LINE('',#2444,#1198);
#982=LINE('',#2445,#1199);
#983=LINE('',#2447,#1200);
#984=LINE('',#2449,#1201);
#985=LINE('',#2451,#1202);
#986=LINE('',#2452,#1203);
#987=LINE('',#2454,#1204);
#988=LINE('',#2456,#1205);
#989=LINE('',#2458,#1206);
#990=LINE('',#2460,#1207);
#991=LINE('',#2462,#1208);
#992=LINE('',#2464,#1209);
#993=LINE('',#2466,#1210);
#994=LINE('',#2468,#1211);
#995=LINE('',#2471,#1212);
#996=LINE('',#2473,#1213);
#997=LINE('',#2475,#1214);
#998=LINE('',#2477,#1215);
#999=LINE('',#2479,#1216);
#1000=LINE('',#2481,#1217);
#1001=LINE('',#2483,#1218);
#1002=LINE('',#2485,#1219);
#1003=LINE('',#2488,#1220);
#1004=LINE('',#2489,#1221);
#1005=LINE('',#2491,#1222);
#1006=LINE('',#2493,#1223);
#1007=LINE('',#2495,#1224);
#1008=LINE('',#2497,#1225);
#1009=LINE('',#2499,#1226);
#1010=LINE('',#2501,#1227);
#1011=LINE('',#2503,#1228);
#1012=LINE('',#2505,#1229);
#1013=LINE('',#2508,#1230);
#1014=LINE('',#2509,#1231);
#1015=LINE('',#2511,#1232);
#1016=LINE('',#2513,#1233);
#1017=LINE('',#2515,#1234);
#1018=LINE('',#2517,#1235);
#1019=LINE('',#2519,#1236);
#1020=LINE('',#2521,#1237);
#1021=LINE('',#2523,#1238);
#1022=LINE('',#2525,#1239);
#1023=VECTOR('',#1693,1.);
#1024=VECTOR('',#1694,1.);
#1025=VECTOR('',#1695,1.);
#1026=VECTOR('',#1696,1.);
#1027=VECTOR('',#1697,1.);
#1028=VECTOR('',#1698,1.);
#1029=VECTOR('',#1699,1.);
#1030=VECTOR('',#1700,1.);
#1031=VECTOR('',#1701,1.);
#1032=VECTOR('',#1702,1.);
#1033=VECTOR('',#1703,1.);
#1034=VECTOR('',#1704,1.);
#1035=VECTOR('',#1705,1.);
#1036=VECTOR('',#1706,1.);
#1037=VECTOR('',#1707,1.);
#1038=VECTOR('',#1708,1.);
#1039=VECTOR('',#1709,1.);
#1040=VECTOR('',#1710,1.);
#1041=VECTOR('',#1711,1.);
#1042=VECTOR('',#1712,1.);
#1043=VECTOR('',#1713,1.);
#1044=VECTOR('',#1714,1.);
#1045=VECTOR('',#1715,1.);
#1046=VECTOR('',#1716,1.);
#1047=VECTOR('',#1717,1.);
#1048=VECTOR('',#1718,1.);
#1049=VECTOR('',#1721,1.);
#1050=VECTOR('',#1722,1.);
#1051=VECTOR('',#1723,1.);
#1052=VECTOR('',#1724,1.);
#1053=VECTOR('',#1725,1.);
#1054=VECTOR('',#1726,1.);
#1055=VECTOR('',#1727,1.);
#1056=VECTOR('',#1728,1.);
#1057=VECTOR('',#1729,1.);
#1058=VECTOR('',#1730,1.);
#1059=VECTOR('',#1731,1.);
#1060=VECTOR('',#1732,1.);
#1061=VECTOR('',#1733,1.);
#1062=VECTOR('',#1734,1.);
#1063=VECTOR('',#1735,1.);
#1064=VECTOR('',#1736,1.);
#1065=VECTOR('',#1737,1.);
#1066=VECTOR('',#1738,1.);
#1067=VECTOR('',#1739,1.);
#1068=VECTOR('',#1740,1.);
#1069=VECTOR('',#1743,1.);
#1070=VECTOR('',#1744,1.);
#1071=VECTOR('',#1745,1.);
#1072=VECTOR('',#1746,1.);
#1073=VECTOR('',#1747,1.);
#1074=VECTOR('',#1748,1.);
#1075=VECTOR('',#1751,1.);
#1076=VECTOR('',#1752,1.);
#1077=VECTOR('',#1753,1.);
#1078=VECTOR('',#1754,1.);
#1079=VECTOR('',#1755,1.);
#1080=VECTOR('',#1756,1.);
#1081=VECTOR('',#1763,1.);
#1082=VECTOR('',#1764,1.);
#1083=VECTOR('',#1765,1.);
#1084=VECTOR('',#1766,1.);
#1085=VECTOR('',#1769,1.);
#1086=VECTOR('',#1770,1.);
#1087=VECTOR('',#1771,1.);
#1088=VECTOR('',#1774,1.);
#1089=VECTOR('',#1775,1.);
#1090=VECTOR('',#1778,1.);
#1091=VECTOR('',#1779,1.);
#1092=VECTOR('',#1782,1.);
#1093=VECTOR('',#1783,1.);
#1094=VECTOR('',#1786,1.);
#1095=VECTOR('',#1787,1.);
#1096=VECTOR('',#1790,1.);
#1097=VECTOR('',#1791,1.);
#1098=VECTOR('',#1794,1.);
#1099=VECTOR('',#1795,1.);
#1100=VECTOR('',#1798,1.);
#1101=VECTOR('',#1799,1.);
#1102=VECTOR('',#1802,1.);
#1103=VECTOR('',#1803,1.);
#1104=VECTOR('',#1806,1.);
#1105=VECTOR('',#1807,1.);
#1106=VECTOR('',#1808,1.);
#1107=VECTOR('',#1809,1.);
#1108=VECTOR('',#1810,1.);
#1109=VECTOR('',#1811,1.);
#1110=VECTOR('',#1812,1.);
#1111=VECTOR('',#1813,1.);
#1112=VECTOR('',#1814,1.);
#1113=VECTOR('',#1815,1.);
#1114=VECTOR('',#1818,1.);
#1115=VECTOR('',#1819,1.);
#1116=VECTOR('',#1822,1.);
#1117=VECTOR('',#1823,1.);
#1118=VECTOR('',#1826,1.);
#1119=VECTOR('',#1827,1.);
#1120=VECTOR('',#1830,1.);
#1121=VECTOR('',#1831,1.);
#1122=VECTOR('',#1834,1.);
#1123=VECTOR('',#1835,1.);
#1124=VECTOR('',#1838,1.);
#1125=VECTOR('',#1839,1.);
#1126=VECTOR('',#1842,1.);
#1127=VECTOR('',#1843,1.);
#1128=VECTOR('',#1846,1.);
#1129=VECTOR('',#1847,1.);
#1130=VECTOR('',#1850,1.);
#1131=VECTOR('',#1853,1.);
#1132=VECTOR('',#1854,1.);
#1133=VECTOR('',#1855,1.);
#1134=VECTOR('',#1856,1.);
#1135=VECTOR('',#1857,1.);
#1136=VECTOR('',#1858,1.);
#1137=VECTOR('',#1859,1.);
#1138=VECTOR('',#1860,1.);
#1139=VECTOR('',#1861,1.);
#1140=VECTOR('',#1862,1.);
#1141=VECTOR('',#1865,1.);
#1142=VECTOR('',#1866,1.);
#1143=VECTOR('',#1869,1.);
#1144=VECTOR('',#1870,1.);
#1145=VECTOR('',#1873,1.);
#1146=VECTOR('',#1874,1.);
#1147=VECTOR('',#1877,1.);
#1148=VECTOR('',#1878,1.);
#1149=VECTOR('',#1881,1.);
#1150=VECTOR('',#1882,1.);
#1151=VECTOR('',#1885,1.);
#1152=VECTOR('',#1886,1.);
#1153=VECTOR('',#1889,1.);
#1154=VECTOR('',#1890,1.);
#1155=VECTOR('',#1893,1.);
#1156=VECTOR('',#1894,1.);
#1157=VECTOR('',#1897,1.);
#1158=VECTOR('',#1900,1.);
#1159=VECTOR('',#1901,1.);
#1160=VECTOR('',#1902,1.);
#1161=VECTOR('',#1903,1.);
#1162=VECTOR('',#1904,1.);
#1163=VECTOR('',#1905,1.);
#1164=VECTOR('',#1906,1.);
#1165=VECTOR('',#1907,1.);
#1166=VECTOR('',#1908,1.);
#1167=VECTOR('',#1909,1.);
#1168=VECTOR('',#1912,1.);
#1169=VECTOR('',#1913,1.);
#1170=VECTOR('',#1914,1.);
#1171=VECTOR('',#1917,1.);
#1172=VECTOR('',#1918,1.);
#1173=VECTOR('',#1921,1.);
#1174=VECTOR('',#1922,1.);
#1175=VECTOR('',#1925,1.);
#1176=VECTOR('',#1926,1.);
#1177=VECTOR('',#1929,1.);
#1178=VECTOR('',#1930,1.);
#1179=VECTOR('',#1933,1.);
#1180=VECTOR('',#1934,1.);
#1181=VECTOR('',#1937,1.);
#1182=VECTOR('',#1938,1.);
#1183=VECTOR('',#1941,1.);
#1184=VECTOR('',#1942,1.);
#1185=VECTOR('',#1945,1.);
#1186=VECTOR('',#1946,1.);
#1187=VECTOR('',#1949,1.);
#1188=VECTOR('',#1950,1.);
#1189=VECTOR('',#1951,1.);
#1190=VECTOR('',#1952,1.);
#1191=VECTOR('',#1953,1.);
#1192=VECTOR('',#1954,1.);
#1193=VECTOR('',#1955,1.);
#1194=VECTOR('',#1956,1.);
#1195=VECTOR('',#1957,1.);
#1196=VECTOR('',#1958,1.);
#1197=VECTOR('',#1961,1.);
#1198=VECTOR('',#1962,1.);
#1199=VECTOR('',#1963,1.);
#1200=VECTOR('',#1966,1.);
#1201=VECTOR('',#1969,1.);
#1202=VECTOR('',#1972,1.);
#1203=VECTOR('',#1973,1.);
#1204=VECTOR('',#1976,1.);
#1205=VECTOR('',#1979,1.);
#1206=VECTOR('',#1982,1.);
#1207=VECTOR('',#1985,1.);
#1208=VECTOR('',#1988,1.);
#1209=VECTOR('',#1991,1.);
#1210=VECTOR('',#1994,1.);
#1211=VECTOR('',#1997,1.);
#1212=VECTOR('',#2002,1.);
#1213=VECTOR('',#2005,1.);
#1214=VECTOR('',#2008,1.);
#1215=VECTOR('',#2011,1.);
#1216=VECTOR('',#2014,1.);
#1217=VECTOR('',#2017,1.);
#1218=VECTOR('',#2020,1.);
#1219=VECTOR('',#2023,1.);
#1220=VECTOR('',#2028,1.);
#1221=VECTOR('',#2029,1.);
#1222=VECTOR('',#2032,1.);
#1223=VECTOR('',#2035,1.);
#1224=VECTOR('',#2038,1.);
#1225=VECTOR('',#2041,1.);
#1226=VECTOR('',#2044,1.);
#1227=VECTOR('',#2047,1.);
#1228=VECTOR('',#2050,1.);
#1229=VECTOR('',#2053,1.);
#1230=VECTOR('',#2058,1.);
#1231=VECTOR('',#2059,1.);
#1232=VECTOR('',#2062,1.);
#1233=VECTOR('',#2065,1.);
#1234=VECTOR('',#2068,1.);
#1235=VECTOR('',#2071,1.);
#1236=VECTOR('',#2074,1.);
#1237=VECTOR('',#2077,1.);
#1238=VECTOR('',#2080,1.);
#1239=VECTOR('',#2083,1.);
#1240=EDGE_LOOP('',(#15,#16,#17,#18,#19,#20,#21,#22,#23,#24,#25,#26,#27,
#28,#29,#30,#31,#32,#33,#34,#35,#36,#37,#38,#39,#40,#41,#42,#43,#44,#45,
#46,#47,#48,#49,#50,#51,#52,#53,#54,#55,#56,#57,#58,#59,#60,#61));
#1241=EDGE_LOOP('',(#62,#63,#64,#65,#66,#67,#68,#69));
#1242=EDGE_LOOP('',(#70,#71,#72,#73,#74,#75,#76,#77));
#1243=EDGE_LOOP('',(#78,#79,#80,#81));
#1244=EDGE_LOOP('',(#82,#83,#84,#85,#86,#87,#88));
#1245=EDGE_LOOP('',(#89,#90,#91,#92));
#1246=EDGE_LOOP('',(#93,#94,#95,#96));
#1247=EDGE_LOOP('',(#97,#98,#99,#100));
#1248=EDGE_LOOP('',(#101,#102,#103,#104));
#1249=EDGE_LOOP('',(#105,#106,#107,#108));
#1250=EDGE_LOOP('',(#109,#110,#111,#112));
#1251=EDGE_LOOP('',(#113,#114,#115,#116));
#1252=EDGE_LOOP('',(#117,#118,#119,#120));
#1253=EDGE_LOOP('',(#121,#122,#123,#124));
#1254=EDGE_LOOP('',(#125,#126,#127,#128,#129,#130,#131,#132,#133,#134));
#1255=EDGE_LOOP('',(#135,#136,#137,#138));
#1256=EDGE_LOOP('',(#139,#140,#141,#142));
#1257=EDGE_LOOP('',(#143,#144,#145,#146));
#1258=EDGE_LOOP('',(#147,#148,#149,#150));
#1259=EDGE_LOOP('',(#151,#152,#153,#154));
#1260=EDGE_LOOP('',(#155,#156,#157,#158));
#1261=EDGE_LOOP('',(#159,#160,#161,#162));
#1262=EDGE_LOOP('',(#163,#164,#165,#166));
#1263=EDGE_LOOP('',(#167,#168,#169,#170));
#1264=EDGE_LOOP('',(#171,#172,#173,#174,#175,#176,#177,#178,#179,#180));
#1265=EDGE_LOOP('',(#181,#182,#183,#184));
#1266=EDGE_LOOP('',(#185,#186,#187,#188));
#1267=EDGE_LOOP('',(#189,#190,#191,#192));
#1268=EDGE_LOOP('',(#193,#194,#195,#196));
#1269=EDGE_LOOP('',(#197,#198,#199,#200));
#1270=EDGE_LOOP('',(#201,#202,#203,#204));
#1271=EDGE_LOOP('',(#205,#206,#207,#208));
#1272=EDGE_LOOP('',(#209,#210,#211,#212));
#1273=EDGE_LOOP('',(#213,#214,#215,#216));
#1274=EDGE_LOOP('',(#217,#218,#219,#220,#221,#222,#223,#224,#225,#226));
#1275=EDGE_LOOP('',(#227,#228,#229,#230));
#1276=EDGE_LOOP('',(#231,#232,#233,#234));
#1277=EDGE_LOOP('',(#235,#236,#237,#238));
#1278=EDGE_LOOP('',(#239,#240,#241,#242));
#1279=EDGE_LOOP('',(#243,#244,#245,#246));
#1280=EDGE_LOOP('',(#247,#248,#249,#250));
#1281=EDGE_LOOP('',(#251,#252,#253,#254));
#1282=EDGE_LOOP('',(#255,#256,#257,#258));
#1283=EDGE_LOOP('',(#259,#260,#261,#262));
#1284=EDGE_LOOP('',(#263,#264,#265,#266,#267,#268,#269,#270,#271,#272));
#1285=EDGE_LOOP('',(#273,#274,#275,#276,#277,#278,#279,#280,#281,#282));
#1286=EDGE_LOOP('',(#283,#284,#285,#286));
#1287=EDGE_LOOP('',(#287,#288,#289,#290));
#1288=EDGE_LOOP('',(#291,#292,#293,#294,#295,#296,#297,#298,#299,#300));
#1289=EDGE_LOOP('',(#301,#302,#303,#304));
#1290=EDGE_LOOP('',(#305,#306,#307,#308));
#1291=EDGE_LOOP('',(#309,#310,#311,#312));
#1292=EDGE_LOOP('',(#313,#314,#315,#316));
#1293=EDGE_LOOP('',(#317,#318,#319,#320));
#1294=EDGE_LOOP('',(#321,#322,#323,#324));
#1295=EDGE_LOOP('',(#325,#326,#327,#328));
#1296=EDGE_LOOP('',(#329,#330,#331,#332));
#1297=EDGE_LOOP('',(#333,#334,#335,#336));
#1298=EDGE_LOOP('',(#337,#338,#339,#340));
#1299=EDGE_LOOP('',(#341,#342,#343,#344));
#1300=EDGE_LOOP('',(#345,#346,#347,#348));
#1301=EDGE_LOOP('',(#349,#350,#351,#352));
#1302=EDGE_LOOP('',(#353,#354,#355,#356));
#1303=EDGE_LOOP('',(#357,#358,#359,#360));
#1304=EDGE_LOOP('',(#361,#362,#363,#364));
#1305=EDGE_LOOP('',(#365,#366,#367,#368));
#1306=EDGE_LOOP('',(#369,#370,#371,#372));
#1307=EDGE_LOOP('',(#373,#374,#375,#376));
#1308=EDGE_LOOP('',(#377,#378,#379,#380));
#1309=EDGE_LOOP('',(#381,#382,#383,#384));
#1310=EDGE_LOOP('',(#385,#386,#387,#388));
#1311=EDGE_LOOP('',(#389,#390,#391,#392));
#1312=EDGE_LOOP('',(#393,#394,#395,#396));
#1313=EDGE_LOOP('',(#397,#398,#399,#400));
#1314=EDGE_LOOP('',(#401,#402,#403,#404));
#1315=EDGE_LOOP('',(#405,#406,#407,#408));
#1316=EDGE_LOOP('',(#409,#410,#411,#412));
#1317=EDGE_LOOP('',(#413,#414,#415,#416));
#1318=EDGE_LOOP('',(#417,#418,#419,#420));
#1319=EDGE_LOOP('',(#421,#422,#423,#424));
#1320=EDGE_LOOP('',(#425,#426,#427,#428));
#1321=EDGE_LOOP('',(#429,#430,#431,#432));
#1322=EDGE_LOOP('',(#433,#434,#435,#436));
#1323=EDGE_LOOP('',(#437,#438,#439,#440));
#1324=EDGE_LOOP('',(#441,#442,#443,#444));
#1325=EDGE_LOOP('',(#445,#446,#447,#448));
#1326=EDGE_LOOP('',(#449,#450,#451,#452));
#1327=FACE_BOUND('',#1240,.T.);
#1328=FACE_BOUND('',#1241,.T.);
#1329=FACE_BOUND('',#1242,.T.);
#1330=FACE_BOUND('',#1243,.T.);
#1331=FACE_BOUND('',#1244,.T.);
#1332=FACE_BOUND('',#1245,.T.);
#1333=FACE_BOUND('',#1246,.T.);
#1334=FACE_BOUND('',#1247,.T.);
#1335=FACE_BOUND('',#1248,.T.);
#1336=FACE_BOUND('',#1249,.T.);
#1337=FACE_BOUND('',#1250,.T.);
#1338=FACE_BOUND('',#1251,.T.);
#1339=FACE_BOUND('',#1252,.T.);
#1340=FACE_BOUND('',#1253,.T.);
#1341=FACE_BOUND('',#1254,.T.);
#1342=FACE_BOUND('',#1255,.T.);
#1343=FACE_BOUND('',#1256,.T.);
#1344=FACE_BOUND('',#1257,.T.);
#1345=FACE_BOUND('',#1258,.T.);
#1346=FACE_BOUND('',#1259,.T.);
#1347=FACE_BOUND('',#1260,.T.);
#1348=FACE_BOUND('',#1261,.T.);
#1349=FACE_BOUND('',#1262,.T.);
#1350=FACE_BOUND('',#1263,.T.);
#1351=FACE_BOUND('',#1264,.T.);
#1352=FACE_BOUND('',#1265,.T.);
#1353=FACE_BOUND('',#1266,.T.);
#1354=FACE_BOUND('',#1267,.T.);
#1355=FACE_BOUND('',#1268,.T.);
#1356=FACE_BOUND('',#1269,.T.);
#1357=FACE_BOUND('',#1270,.T.);
#1358=FACE_BOUND('',#1271,.T.);
#1359=FACE_BOUND('',#1272,.T.);
#1360=FACE_BOUND('',#1273,.T.);
#1361=FACE_BOUND('',#1274,.T.);
#1362=FACE_BOUND('',#1275,.T.);
#1363=FACE_BOUND('',#1276,.T.);
#1364=FACE_BOUND('',#1277,.T.);
#1365=FACE_BOUND('',#1278,.T.);
#1366=FACE_BOUND('',#1279,.T.);
#1367=FACE_BOUND('',#1280,.T.);
#1368=FACE_BOUND('',#1281,.T.);
#1369=FACE_BOUND('',#1282,.T.);
#1370=FACE_BOUND('',#1283,.T.);
#1371=FACE_BOUND('',#1284,.T.);
#1372=FACE_BOUND('',#1285,.T.);
#1373=FACE_BOUND('',#1286,.T.);
#1374=FACE_BOUND('',#1287,.T.);
#1375=FACE_BOUND('',#1288,.T.);
#1376=FACE_BOUND('',#1289,.T.);
#1377=FACE_BOUND('',#1290,.T.);
#1378=FACE_BOUND('',#1291,.T.);
#1379=FACE_BOUND('',#1292,.T.);
#1380=FACE_BOUND('',#1293,.T.);
#1381=FACE_BOUND('',#1294,.T.);
#1382=FACE_BOUND('',#1295,.T.);
#1383=FACE_BOUND('',#1296,.T.);
#1384=FACE_BOUND('',#1297,.T.);
#1385=FACE_BOUND('',#1298,.T.);
#1386=FACE_BOUND('',#1299,.T.);
#1387=FACE_BOUND('',#1300,.T.);
#1388=FACE_BOUND('',#1301,.T.);
#1389=FACE_BOUND('',#1302,.T.);
#1390=FACE_BOUND('',#1303,.T.);
#1391=FACE_BOUND('',#1304,.T.);
#1392=FACE_BOUND('',#1305,.T.);
#1393=FACE_BOUND('',#1306,.T.);
#1394=FACE_BOUND('',#1307,.T.);
#1395=FACE_BOUND('',#1308,.T.);
#1396=FACE_BOUND('',#1309,.T.);
#1397=FACE_BOUND('',#1310,.T.);
#1398=FACE_BOUND('',#1311,.T.);
#1399=FACE_BOUND('',#1312,.T.);
#1400=FACE_BOUND('',#1313,.T.);
#1401=FACE_BOUND('',#1314,.T.);
#1402=FACE_BOUND('',#1315,.T.);
#1403=FACE_BOUND('',#1316,.T.);
#1404=FACE_BOUND('',#1317,.T.);
#1405=FACE_BOUND('',#1318,.T.);
#1406=FACE_BOUND('',#1319,.T.);
#1407=FACE_BOUND('',#1320,.T.);
#1408=FACE_BOUND('',#1321,.T.);
#1409=FACE_BOUND('',#1322,.T.);
#1410=FACE_BOUND('',#1323,.T.);
#1411=FACE_BOUND('',#1324,.T.);
#1412=FACE_BOUND('',#1325,.T.);
#1413=FACE_BOUND('',#1326,.T.);
#1414=PLANE('',#1600);
#1415=PLANE('',#1602);
#1416=PLANE('',#1603);
#1417=PLANE('',#1606);
#1418=PLANE('',#1607);
#1419=PLANE('',#1608);
#1420=PLANE('',#1609);
#1421=PLANE('',#1610);
#1422=PLANE('',#1611);
#1423=PLANE('',#1612);
#1424=PLANE('',#1613);
#1425=PLANE('',#1614);
#1426=PLANE('',#1615);
#1427=PLANE('',#1616);
#1428=PLANE('',#1617);
#1429=PLANE('',#1618);
#1430=PLANE('',#1619);
#1431=PLANE('',#1620);
#1432=PLANE('',#1621);
#1433=PLANE('',#1622);
#1434=PLANE('',#1623);
#1435=PLANE('',#1624);
#1436=PLANE('',#1625);
#1437=PLANE('',#1626);
#1438=PLANE('',#1627);
#1439=PLANE('',#1628);
#1440=PLANE('',#1629);
#1441=PLANE('',#1630);
#1442=PLANE('',#1631);
#1443=PLANE('',#1632);
#1444=PLANE('',#1633);
#1445=PLANE('',#1634);
#1446=PLANE('',#1635);
#1447=PLANE('',#1636);
#1448=PLANE('',#1637);
#1449=PLANE('',#1638);
#1450=PLANE('',#1639);
#1451=PLANE('',#1640);
#1452=PLANE('',#1641);
#1453=PLANE('',#1642);
#1454=PLANE('',#1643);
#1455=PLANE('',#1644);
#1456=PLANE('',#1645);
#1457=PLANE('',#1646);
#1458=PLANE('',#1647);
#1459=PLANE('',#1648);
#1460=PLANE('',#1649);
#1461=PLANE('',#1650);
#1462=PLANE('',#1651);
#1463=PLANE('',#1652);
#1464=PLANE('',#1653);
#1465=PLANE('',#1654);
#1466=PLANE('',#1655);
#1467=PLANE('',#1656);
#1468=PLANE('',#1657);
#1469=PLANE('',#1658);
#1470=PLANE('',#1659);
#1471=PLANE('',#1660);
#1472=PLANE('',#1661);
#1473=PLANE('',#1662);
#1474=PLANE('',#1663);
#1475=PLANE('',#1664);
#1476=PLANE('',#1665);
#1477=PLANE('',#1666);
#1478=PLANE('',#1667);
#1479=PLANE('',#1668);
#1480=PLANE('',#1669);
#1481=PLANE('',#1670);
#1482=PLANE('',#1671);
#1483=PLANE('',#1672);
#1484=PLANE('',#1673);
#1485=PLANE('',#1674);
#1486=PLANE('',#1675);
#1487=PLANE('',#1676);
#1488=PLANE('',#1677);
#1489=PLANE('',#1678);
#1490=PLANE('',#1679);
#1491=PLANE('',#1680);
#1492=PLANE('',#1681);
#1493=PLANE('',#1682);
#1494=PLANE('',#1683);
#1495=PLANE('',#1684);
#1496=PLANE('',#1685);
#1497=PLANE('',#1686);
#1498=PLANE('',#1687);
#1499=PLANE('',#1688);
#1500=ADVANCED_FACE('',(#1327),#1414,.T.);
#1501=ADVANCED_FACE('',(#1328),#1415,.F.);
#1502=ADVANCED_FACE('',(#1329),#1416,.F.);
#1503=ADVANCED_FACE('',(#1330),#12,.T.);
#1504=ADVANCED_FACE('',(#1331),#1417,.F.);
#1505=ADVANCED_FACE('',(#1332),#1418,.F.);
#1506=ADVANCED_FACE('',(#1333),#1419,.F.);
#1507=ADVANCED_FACE('',(#1334),#1420,.F.);
#1508=ADVANCED_FACE('',(#1335),#1421,.F.);
#1509=ADVANCED_FACE('',(#1336),#1422,.F.);
#1510=ADVANCED_FACE('',(#1337),#1423,.T.);
#1511=ADVANCED_FACE('',(#1338),#1424,.T.);
#1512=ADVANCED_FACE('',(#1339),#1425,.T.);
#1513=ADVANCED_FACE('',(#1340),#1426,.T.);
#1514=ADVANCED_FACE('',(#1341),#1427,.T.);
#1515=ADVANCED_FACE('',(#1342),#1428,.T.);
#1516=ADVANCED_FACE('',(#1343),#1429,.F.);
#1517=ADVANCED_FACE('',(#1344),#1430,.F.);
#1518=ADVANCED_FACE('',(#1345),#1431,.F.);
#1519=ADVANCED_FACE('',(#1346),#1432,.F.);
#1520=ADVANCED_FACE('',(#1347),#1433,.F.);
#1521=ADVANCED_FACE('',(#1348),#1434,.T.);
#1522=ADVANCED_FACE('',(#1349),#1435,.T.);
#1523=ADVANCED_FACE('',(#1350),#1436,.T.);
#1524=ADVANCED_FACE('',(#1351),#1437,.T.);
#1525=ADVANCED_FACE('',(#1352),#1438,.T.);
#1526=ADVANCED_FACE('',(#1353),#1439,.F.);
#1527=ADVANCED_FACE('',(#1354),#1440,.F.);
#1528=ADVANCED_FACE('',(#1355),#1441,.F.);
#1529=ADVANCED_FACE('',(#1356),#1442,.F.);
#1530=ADVANCED_FACE('',(#1357),#1443,.F.);
#1531=ADVANCED_FACE('',(#1358),#1444,.T.);
#1532=ADVANCED_FACE('',(#1359),#1445,.T.);
#1533=ADVANCED_FACE('',(#1360),#1446,.T.);
#1534=ADVANCED_FACE('',(#1361),#1447,.T.);
#1535=ADVANCED_FACE('',(#1362),#1448,.F.);
#1536=ADVANCED_FACE('',(#1363),#1449,.F.);
#1537=ADVANCED_FACE('',(#1364),#1450,.F.);
#1538=ADVANCED_FACE('',(#1365),#1451,.F.);
#1539=ADVANCED_FACE('',(#1366),#1452,.F.);
#1540=ADVANCED_FACE('',(#1367),#1453,.T.);
#1541=ADVANCED_FACE('',(#1368),#1454,.T.);
#1542=ADVANCED_FACE('',(#1369),#1455,.T.);
#1543=ADVANCED_FACE('',(#1370),#1456,.T.);
#1544=ADVANCED_FACE('',(#1371),#1457,.T.);
#1545=ADVANCED_FACE('',(#1372),#1458,.F.);
#1546=ADVANCED_FACE('',(#1373),#1459,.F.);
#1547=ADVANCED_FACE('',(#1374),#1460,.F.);
#1548=ADVANCED_FACE('',(#1375),#1461,.F.);
#1549=ADVANCED_FACE('',(#1376),#1462,.F.);
#1550=ADVANCED_FACE('',(#1377),#1463,.F.);
#1551=ADVANCED_FACE('',(#1378),#1464,.F.);
#1552=ADVANCED_FACE('',(#1379),#1465,.F.);
#1553=ADVANCED_FACE('',(#1380),#1466,.T.);
#1554=ADVANCED_FACE('',(#1381),#1467,.T.);
#1555=ADVANCED_FACE('',(#1382),#1468,.T.);
#1556=ADVANCED_FACE('',(#1383),#1469,.T.);
#1557=ADVANCED_FACE('',(#1384),#1470,.T.);
#1558=ADVANCED_FACE('',(#1385),#1471,.F.);
#1559=ADVANCED_FACE('',(#1386),#1472,.F.);
#1560=ADVANCED_FACE('',(#1387),#1473,.F.);
#1561=ADVANCED_FACE('',(#1388),#1474,.F.);
#1562=ADVANCED_FACE('',(#1389),#1475,.T.);
#1563=ADVANCED_FACE('',(#1390),#1476,.T.);
#1564=ADVANCED_FACE('',(#1391),#1477,.T.);
#1565=ADVANCED_FACE('',(#1392),#1478,.T.);
#1566=ADVANCED_FACE('',(#1393),#1479,.T.);
#1567=ADVANCED_FACE('',(#1394),#1480,.F.);
#1568=ADVANCED_FACE('',(#1395),#1481,.F.);
#1569=ADVANCED_FACE('',(#1396),#1482,.T.);
#1570=ADVANCED_FACE('',(#1397),#1483,.F.);
#1571=ADVANCED_FACE('',(#1398),#1484,.T.);
#1572=ADVANCED_FACE('',(#1399),#1485,.F.);
#1573=ADVANCED_FACE('',(#1400),#1486,.T.);
#1574=ADVANCED_FACE('',(#1401),#1487,.T.);
#1575=ADVANCED_FACE('',(#1402),#1488,.T.);
#1576=ADVANCED_FACE('',(#1403),#1489,.T.);
#1577=ADVANCED_FACE('',(#1404),#1490,.F.);
#1578=ADVANCED_FACE('',(#1405),#1491,.F.);
#1579=ADVANCED_FACE('',(#1406),#1492,.T.);
#1580=ADVANCED_FACE('',(#1407),#1493,.F.);
#1581=ADVANCED_FACE('',(#1408),#1494,.T.);
#1582=ADVANCED_FACE('',(#1409),#1495,.F.);
#1583=ADVANCED_FACE('',(#1410),#1496,.T.);
#1584=ADVANCED_FACE('',(#1411),#1497,.T.);
#1585=ADVANCED_FACE('',(#1412),#1498,.T.);
#1586=ADVANCED_FACE('',(#1413),#1499,.T.);
#1587=CLOSED_SHELL('',(#1500,#1501,#1502,#1503,#1504,#1505,#1506,#1507,
#1508,#1509,#1510,#1511,#1512,#1513,#1514,#1515,#1516,#1517,#1518,#1519,
#1520,#1521,#1522,#1523,#1524,#1525,#1526,#1527,#1528,#1529,#1530,#1531,
#1532,#1533,#1534,#1535,#1536,#1537,#1538,#1539,#1540,#1541,#1542,#1543,
#1544,#1545,#1546,#1547,#1548,#1549,#1550,#1551,#1552,#1553,#1554,#1555,
#1556,#1557,#1558,#1559,#1560,#1561,#1562,#1563,#1564,#1565,#1566,#1567,
#1568,#1569,#1570,#1571,#1572,#1573,#1574,#1575,#1576,#1577,#1578,#1579,
#1580,#1581,#1582,#1583,#1584,#1585,#1586));
#1588=STYLED_ITEM('',(#1589),#1596);
#1589=PRESENTATION_STYLE_ASSIGNMENT((#1590));
#1590=SURFACE_STYLE_USAGE(.BOTH.,#1591);
#1591=SURFACE_SIDE_STYLE('',(#1592));
#1592=SURFACE_STYLE_FILL_AREA(#1593);
#1593=FILL_AREA_STYLE('',(#1594));
#1594=FILL_AREA_STYLE_COLOUR('',#1595);
#1595=COLOUR_RGB('',0.615686274509804,0.811764705882353,0.929411764705882);
#1596=MANIFOLD_SOLID_BREP('1515cap',#1587);
#1597=SHAPE_DEFINITION_REPRESENTATION(#2533,#1598);
#1598=SHAPE_REPRESENTATION('1515cap',(#1599),#2528);
#1599=AXIS2_PLACEMENT_3D('',#2086,#1689,#1690);
#1600=AXIS2_PLACEMENT_3D('',#2087,#1691,#1692);
#1601=AXIS2_PLACEMENT_3D('',#2141,#1719,#1720);
#1602=AXIS2_PLACEMENT_3D('',#2182,#1741,#1742);
#1603=AXIS2_PLACEMENT_3D('',#2193,#1749,#1750);
#1604=AXIS2_PLACEMENT_3D('',#2204,#1757,#1758);
#1605=AXIS2_PLACEMENT_3D('',#2205,#1759,#1760);
#1606=AXIS2_PLACEMENT_3D('',#2206,#1761,#1762);
#1607=AXIS2_PLACEMENT_3D('',#2214,#1767,#1768);
#1608=AXIS2_PLACEMENT_3D('',#2220,#1772,#1773);
#1609=AXIS2_PLACEMENT_3D('',#2224,#1776,#1777);
#1610=AXIS2_PLACEMENT_3D('',#2228,#1780,#1781);
#1611=AXIS2_PLACEMENT_3D('',#2232,#1784,#1785);
#1612=AXIS2_PLACEMENT_3D('',#2236,#1788,#1789);
#1613=AXIS2_PLACEMENT_3D('',#2240,#1792,#1793);
#1614=AXIS2_PLACEMENT_3D('',#2244,#1796,#1797);
#1615=AXIS2_PLACEMENT_3D('',#2248,#1800,#1801);
#1616=AXIS2_PLACEMENT_3D('',#2252,#1804,#1805);
#1617=AXIS2_PLACEMENT_3D('',#2273,#1816,#1817);
#1618=AXIS2_PLACEMENT_3D('',#2277,#1820,#1821);
#1619=AXIS2_PLACEMENT_3D('',#2281,#1824,#1825);
#1620=AXIS2_PLACEMENT_3D('',#2285,#1828,#1829);
#1621=AXIS2_PLACEMENT_3D('',#2289,#1832,#1833);
#1622=AXIS2_PLACEMENT_3D('',#2293,#1836,#1837);
#1623=AXIS2_PLACEMENT_3D('',#2297,#1840,#1841);
#1624=AXIS2_PLACEMENT_3D('',#2301,#1844,#1845);
#1625=AXIS2_PLACEMENT_3D('',#2305,#1848,#1849);
#1626=AXIS2_PLACEMENT_3D('',#2307,#1851,#1852);
#1627=AXIS2_PLACEMENT_3D('',#2328,#1863,#1864);
#1628=AXIS2_PLACEMENT_3D('',#2332,#1867,#1868);
#1629=AXIS2_PLACEMENT_3D('',#2336,#1871,#1872);
#1630=AXIS2_PLACEMENT_3D('',#2340,#1875,#1876);
#1631=AXIS2_PLACEMENT_3D('',#2344,#1879,#1880);
#1632=AXIS2_PLACEMENT_3D('',#2348,#1883,#1884);
#1633=AXIS2_PLACEMENT_3D('',#2352,#1887,#1888);
#1634=AXIS2_PLACEMENT_3D('',#2356,#1891,#1892);
#1635=AXIS2_PLACEMENT_3D('',#2360,#1895,#1896);
#1636=AXIS2_PLACEMENT_3D('',#2362,#1898,#1899);
#1637=AXIS2_PLACEMENT_3D('',#2383,#1910,#1911);
#1638=AXIS2_PLACEMENT_3D('',#2389,#1915,#1916);
#1639=AXIS2_PLACEMENT_3D('',#2393,#1919,#1920);
#1640=AXIS2_PLACEMENT_3D('',#2397,#1923,#1924);
#1641=AXIS2_PLACEMENT_3D('',#2401,#1927,#1928);
#1642=AXIS2_PLACEMENT_3D('',#2405,#1931,#1932);
#1643=AXIS2_PLACEMENT_3D('',#2409,#1935,#1936);
#1644=AXIS2_PLACEMENT_3D('',#2413,#1939,#1940);
#1645=AXIS2_PLACEMENT_3D('',#2417,#1943,#1944);
#1646=AXIS2_PLACEMENT_3D('',#2421,#1947,#1948);
#1647=AXIS2_PLACEMENT_3D('',#2442,#1959,#1960);
#1648=AXIS2_PLACEMENT_3D('',#2446,#1964,#1965);
#1649=AXIS2_PLACEMENT_3D('',#2448,#1967,#1968);
#1650=AXIS2_PLACEMENT_3D('',#2450,#1970,#1971);
#1651=AXIS2_PLACEMENT_3D('',#2453,#1974,#1975);
#1652=AXIS2_PLACEMENT_3D('',#2455,#1977,#1978);
#1653=AXIS2_PLACEMENT_3D('',#2457,#1980,#1981);
#1654=AXIS2_PLACEMENT_3D('',#2459,#1983,#1984);
#1655=AXIS2_PLACEMENT_3D('',#2461,#1986,#1987);
#1656=AXIS2_PLACEMENT_3D('',#2463,#1989,#1990);
#1657=AXIS2_PLACEMENT_3D('',#2465,#1992,#1993);
#1658=AXIS2_PLACEMENT_3D('',#2467,#1995,#1996);
#1659=AXIS2_PLACEMENT_3D('',#2469,#1998,#1999);
#1660=AXIS2_PLACEMENT_3D('',#2470,#2000,#2001);
#1661=AXIS2_PLACEMENT_3D('',#2472,#2003,#2004);
#1662=AXIS2_PLACEMENT_3D('',#2474,#2006,#2007);
#1663=AXIS2_PLACEMENT_3D('',#2476,#2009,#2010);
#1664=AXIS2_PLACEMENT_3D('',#2478,#2012,#2013);
#1665=AXIS2_PLACEMENT_3D('',#2480,#2015,#2016);
#1666=AXIS2_PLACEMENT_3D('',#2482,#2018,#2019);
#1667=AXIS2_PLACEMENT_3D('',#2484,#2021,#2022);
#1668=AXIS2_PLACEMENT_3D('',#2486,#2024,#2025);
#1669=AXIS2_PLACEMENT_3D('',#2487,#2026,#2027);
#1670=AXIS2_PLACEMENT_3D('',#2490,#2030,#2031);
#1671=AXIS2_PLACEMENT_3D('',#2492,#2033,#2034);
#1672=AXIS2_PLACEMENT_3D('',#2494,#2036,#2037);
#1673=AXIS2_PLACEMENT_3D('',#2496,#2039,#2040);
#1674=AXIS2_PLACEMENT_3D('',#2498,#2042,#2043);
#1675=AXIS2_PLACEMENT_3D('',#2500,#2045,#2046);
#1676=AXIS2_PLACEMENT_3D('',#2502,#2048,#2049);
#1677=AXIS2_PLACEMENT_3D('',#2504,#2051,#2052);
#1678=AXIS2_PLACEMENT_3D('',#2506,#2054,#2055);
#1679=AXIS2_PLACEMENT_3D('',#2507,#2056,#2057);
#1680=AXIS2_PLACEMENT_3D('',#2510,#2060,#2061);
#1681=AXIS2_PLACEMENT_3D('',#2512,#2063,#2064);
#1682=AXIS2_PLACEMENT_3D('',#2514,#2066,#2067);
#1683=AXIS2_PLACEMENT_3D('',#2516,#2069,#2070);
#1684=AXIS2_PLACEMENT_3D('',#2518,#2072,#2073);
#1685=AXIS2_PLACEMENT_3D('',#2520,#2075,#2076);
#1686=AXIS2_PLACEMENT_3D('',#2522,#2078,#2079);
#1687=AXIS2_PLACEMENT_3D('',#2524,#2081,#2082);
#1688=AXIS2_PLACEMENT_3D('',#2526,#2084,#2085);
#1689=DIRECTION('',(0.,0.,1.));
#1690=DIRECTION('',(1.,0.,0.));
#1691=DIRECTION('',(0.,0.,1.));
#1692=DIRECTION('',(1.,0.,0.));
#1693=DIRECTION('',(1.,1.97127667724637E-16,0.));
#1694=DIRECTION('',(0.,1.,0.));
#1695=DIRECTION('',(-1.,-2.89120579329468E-16,0.));
#1696=DIRECTION('',(0.,1.,0.));
#1697=DIRECTION('',(-1.,-2.9909025447876E-16,0.));
#1698=DIRECTION('',(-1.97127667724637E-16,1.,0.));
#1699=DIRECTION('',(-1.,0.,0.));
#1700=DIRECTION('',(-1.8454505063583E-16,1.,0.));
#1701=DIRECTION('',(0.707106781186548,0.707106781186547,0.));
#1702=DIRECTION('',(-1.,-3.82659590289002E-16,0.));
#1703=DIRECTION('',(-0.707106781186548,0.707106781186547,0.));
#1704=DIRECTION('',(-1.8454505063583E-16,1.,0.));
#1705=DIRECTION('',(1.,7.54227598250786E-16,0.));
#1706=DIRECTION('',(-1.97127667724637E-16,1.,0.));
#1707=DIRECTION('',(-1.,-2.9909025447876E-16,0.));
#1708=DIRECTION('',(-1.80700362080918E-16,-1.,0.));
#1709=DIRECTION('',(-1.,0.,0.));
#1710=DIRECTION('',(7.54227598250786E-16,-1.,0.));
#1711=DIRECTION('',(-1.,-1.8454505063583E-16,0.));
#1712=DIRECTION('',(-0.707106781186548,0.707106781186548,0.));
#1713=DIRECTION('',(2.55106393526001E-16,-1.,0.));
#1714=DIRECTION('',(-0.707106781186548,-0.707106781186548,0.));
#1715=DIRECTION('',(-1.,-1.8454505063583E-16,0.));
#1716=DIRECTION('',(0.,1.,0.));
#1717=DIRECTION('',(-1.,0.,0.));
#1718=DIRECTION('',(-1.80700362080918E-16,-1.,0.));
#1719=DIRECTION('',(0.,0.,1.));
#1720=DIRECTION('',(1.,0.,0.));
#1721=DIRECTION('',(1.,0.,0.));
#1722=DIRECTION('',(0.,-1.,0.));
#1723=DIRECTION('',(1.,7.54227598250786E-16,0.));
#1724=DIRECTION('',(0.,-1.,0.));
#1725=DIRECTION('',(-0.707106781186548,-0.707106781186548,0.));
#1726=DIRECTION('',(1.,2.55106393526001E-16,0.));
#1727=DIRECTION('',(0.707106781186548,-0.707106781186548,0.));
#1728=DIRECTION('',(0.,-1.,0.));
#1729=DIRECTION('',(-1.,-7.54227598250786E-16,0.));
#1730=DIRECTION('',(0.,-1.,0.));
#1731=DIRECTION('',(1.,0.,0.));
#1732=DIRECTION('',(0.,1.,0.));
#1733=DIRECTION('',(1.,0.,0.));
#1734=DIRECTION('',(0.,1.,0.));
#1735=DIRECTION('',(1.,0.,0.));
#1736=DIRECTION('',(0.707106781186548,-0.707106781186548,0.));
#1737=DIRECTION('',(7.65319180578002E-16,1.,0.));
#1738=DIRECTION('',(0.707106781186547,0.707106781186548,0.));
#1739=DIRECTION('',(1.,0.,0.));
#1740=DIRECTION('',(0.,-1.,0.));
#1741=DIRECTION('',(0.,1.,0.));
#1742=DIRECTION('',(0.,0.,1.));
#1743=DIRECTION('',(0.,0.,-1.));
#1744=DIRECTION('',(-1.,0.,0.));
#1745=DIRECTION('',(0.,0.,-1.));
#1746=DIRECTION('',(0.,0.,-1.));
#1747=DIRECTION('',(1.,0.,0.));
#1748=DIRECTION('',(0.,0.,-1.));
#1749=DIRECTION('',(1.,-1.80700362080918E-16,0.));
#1750=DIRECTION('',(1.80700362080918E-16,1.,0.));
#1751=DIRECTION('',(0.,0.,-1.));
#1752=DIRECTION('',(1.80700362080918E-16,1.,0.));
#1753=DIRECTION('',(0.,0.,-1.));
#1754=DIRECTION('',(0.,0.,-1.));
#1755=DIRECTION('',(-1.80700362080918E-16,-1.,0.));
#1756=DIRECTION('',(0.,0.,-1.));
#1757=DIRECTION('',(0.,0.,-1.));
#1758=DIRECTION('',(-1.,0.,0.));
#1759=DIRECTION('',(0.,0.,1.));
#1760=DIRECTION('',(1.,0.,0.));
#1761=DIRECTION('',(0.,0.,1.));
#1762=DIRECTION('',(1.,0.,0.));
#1763=DIRECTION('',(-1.,-2.89120579329468E-16,0.));
#1764=DIRECTION('',(0.,1.,0.));
#1765=DIRECTION('',(-1.,-2.9909025447876E-16,0.));
#1766=DIRECTION('',(0.,1.,0.));
#1767=DIRECTION('',(1.97127667724637E-16,-1.,0.));
#1768=DIRECTION('',(1.,1.97127667724637E-16,0.));
#1769=DIRECTION('',(0.,0.,-1.));
#1770=DIRECTION('',(1.,1.97127667724637E-16,0.));
#1771=DIRECTION('',(0.,0.,-1.));
#1772=DIRECTION('',(-1.,0.,0.));
#1773=DIRECTION('',(0.,0.,1.));
#1774=DIRECTION('',(0.,0.,-1.));
#1775=DIRECTION('',(0.,-1.,0.));
#1776=DIRECTION('',(0.,-1.,0.));
#1777=DIRECTION('',(0.,0.,-1.));
#1778=DIRECTION('',(0.,0.,-1.));
#1779=DIRECTION('',(1.,0.,0.));
#1780=DIRECTION('',(0.707106781186548,-0.707106781186547,0.));
#1781=DIRECTION('',(0.707106781186547,0.707106781186548,0.));
#1782=DIRECTION('',(0.,0.,-1.));
#1783=DIRECTION('',(0.707106781186547,0.707106781186548,0.));
#1784=DIRECTION('',(1.,-7.65319180578002E-16,0.));
#1785=DIRECTION('',(7.65319180578002E-16,1.,0.));
#1786=DIRECTION('',(0.,0.,-1.));
#1787=DIRECTION('',(7.65319180578002E-16,1.,0.));
#1788=DIRECTION('',(-0.707106781186548,-0.707106781186548,0.));
#1789=DIRECTION('',(0.707106781186548,-0.707106781186548,0.));
#1790=DIRECTION('',(0.,0.,-1.));
#1791=DIRECTION('',(-0.707106781186548,0.707106781186548,0.));
#1792=DIRECTION('',(0.,-1.,0.));
#1793=DIRECTION('',(0.,0.,-1.));
#1794=DIRECTION('',(0.,0.,-1.));
#1795=DIRECTION('',(-1.,0.,0.));
#1796=DIRECTION('',(1.,0.,0.));
#1797=DIRECTION('',(0.,0.,-1.));
#1798=DIRECTION('',(0.,0.,-1.));
#1799=DIRECTION('',(0.,-1.,0.));
#1800=DIRECTION('',(0.,-1.,0.));
#1801=DIRECTION('',(0.,0.,-1.));
#1802=DIRECTION('',(0.,0.,-1.));
#1803=DIRECTION('',(-1.,0.,0.));
#1804=DIRECTION('',(0.,0.,1.));
#1805=DIRECTION('',(1.,0.,0.));
#1806=DIRECTION('',(0.,1.,0.));
#1807=DIRECTION('',(-1.,-1.97127667724637E-16,0.));
#1808=DIRECTION('',(0.,1.,0.));
#1809=DIRECTION('',(-1.,0.,0.));
#1810=DIRECTION('',(-0.707106781186547,-0.707106781186548,0.));
#1811=DIRECTION('',(-7.65319180578002E-16,-1.,0.));
#1812=DIRECTION('',(0.707106781186548,-0.707106781186548,0.));
#1813=DIRECTION('',(1.,0.,0.));
#1814=DIRECTION('',(0.,1.,0.));
#1815=DIRECTION('',(1.,0.,0.));
#1816=DIRECTION('',(0.,1.,0.));
#1817=DIRECTION('',(0.,0.,1.));
#1818=DIRECTION('',(1.,0.,0.));
#1819=DIRECTION('',(0.,0.,-1.));
#1820=DIRECTION('',(0.,1.,0.));
#1821=DIRECTION('',(0.,0.,1.));
#1822=DIRECTION('',(0.,0.,-1.));
#1823=DIRECTION('',(-1.,0.,0.));
#1824=DIRECTION('',(1.,0.,0.));
#1825=DIRECTION('',(0.,0.,-1.));
#1826=DIRECTION('',(0.,0.,-1.));
#1827=DIRECTION('',(0.,1.,0.));
#1828=DIRECTION('',(-1.8454505063583E-16,1.,0.));
#1829=DIRECTION('',(-1.,-1.8454505063583E-16,0.));
#1830=DIRECTION('',(0.,0.,-1.));
#1831=DIRECTION('',(-1.,-1.8454505063583E-16,0.));
#1832=DIRECTION('',(-0.707106781186548,0.707106781186548,0.));
#1833=DIRECTION('',(-0.707106781186548,-0.707106781186548,0.));
#1834=DIRECTION('',(0.,0.,-1.));
#1835=DIRECTION('',(-0.707106781186548,-0.707106781186548,0.));
#1836=DIRECTION('',(-1.,-2.55106393526001E-16,0.));
#1837=DIRECTION('',(2.55106393526001E-16,-1.,0.));
#1838=DIRECTION('',(0.,0.,-1.));
#1839=DIRECTION('',(2.55106393526001E-16,-1.,0.));
#1840=DIRECTION('',(0.707106781186548,0.707106781186548,0.));
#1841=DIRECTION('',(-0.707106781186548,0.707106781186548,0.));
#1842=DIRECTION('',(0.,0.,-1.));
#1843=DIRECTION('',(0.707106781186548,-0.707106781186548,0.));
#1844=DIRECTION('',(-1.8454505063583E-16,1.,0.));
#1845=DIRECTION('',(-1.,-1.8454505063583E-16,0.));
#1846=DIRECTION('',(0.,0.,-1.));
#1847=DIRECTION('',(1.,1.8454505063583E-16,0.));
#1848=DIRECTION('',(-1.,-7.54227598250786E-16,0.));
#1849=DIRECTION('',(7.54227598250786E-16,-1.,0.));
#1850=DIRECTION('',(-7.54227598250786E-16,1.,0.));
#1851=DIRECTION('',(0.,0.,1.));
#1852=DIRECTION('',(1.,0.,0.));
#1853=DIRECTION('',(-1.80700362080918E-16,-1.,0.));
#1854=DIRECTION('',(1.,0.,0.));
#1855=DIRECTION('',(0.,-1.,0.));
#1856=DIRECTION('',(1.,1.8454505063583E-16,0.));
#1857=DIRECTION('',(0.707106781186548,0.707106781186548,0.));
#1858=DIRECTION('',(-2.55106393526001E-16,1.,0.));
#1859=DIRECTION('',(-0.707106781186548,0.707106781186548,0.));
#1860=DIRECTION('',(-1.,-1.8454505063583E-16,0.));
#1861=DIRECTION('',(7.54227598250786E-16,-1.,0.));
#1862=DIRECTION('',(-1.,0.,0.));
#1863=DIRECTION('',(-1.,0.,0.));
#1864=DIRECTION('',(0.,0.,1.));
#1865=DIRECTION('',(0.,1.,0.));
#1866=DIRECTION('',(0.,0.,-1.));
#1867=DIRECTION('',(-1.,0.,0.));
#1868=DIRECTION('',(0.,0.,1.));
#1869=DIRECTION('',(0.,0.,-1.));
#1870=DIRECTION('',(0.,-1.,0.));
#1871=DIRECTION('',(-7.54227598250786E-16,1.,0.));
#1872=DIRECTION('',(-1.,-7.54227598250786E-16,0.));
#1873=DIRECTION('',(0.,0.,-1.));
#1874=DIRECTION('',(-1.,-7.54227598250786E-16,0.));
#1875=DIRECTION('',(-1.,0.,0.));
#1876=DIRECTION('',(0.,0.,1.));
#1877=DIRECTION('',(0.,0.,-1.));
#1878=DIRECTION('',(0.,-1.,0.));
#1879=DIRECTION('',(-0.707106781186548,-0.707106781186548,0.));
#1880=DIRECTION('',(0.707106781186548,-0.707106781186548,0.));
#1881=DIRECTION('',(0.,0.,-1.));
#1882=DIRECTION('',(0.707106781186548,-0.707106781186548,0.));
#1883=DIRECTION('',(2.55106393526001E-16,-1.,0.));
#1884=DIRECTION('',(1.,2.55106393526001E-16,0.));
#1885=DIRECTION('',(0.,0.,-1.));
#1886=DIRECTION('',(1.,2.55106393526001E-16,0.));
#1887=DIRECTION('',(-0.707106781186548,0.707106781186548,0.));
#1888=DIRECTION('',(-0.707106781186548,-0.707106781186548,0.));
#1889=DIRECTION('',(0.,0.,-1.));
#1890=DIRECTION('',(0.707106781186548,0.707106781186548,0.));
#1891=DIRECTION('',(-1.,0.,0.));
#1892=DIRECTION('',(0.,0.,1.));
#1893=DIRECTION('',(0.,0.,-1.));
#1894=DIRECTION('',(0.,1.,0.));
#1895=DIRECTION('',(7.54227598250786E-16,-1.,0.));
#1896=DIRECTION('',(1.,7.54227598250786E-16,0.));
#1897=DIRECTION('',(-1.,-7.54227598250786E-16,0.));
#1898=DIRECTION('',(0.,0.,1.));
#1899=DIRECTION('',(1.,0.,0.));
#1900=DIRECTION('',(1.,0.,0.));
#1901=DIRECTION('',(0.,1.,0.));
#1902=DIRECTION('',(1.,7.54227598250786E-16,0.));
#1903=DIRECTION('',(0.,1.,0.));
#1904=DIRECTION('',(-0.707106781186548,0.707106781186548,0.));
#1905=DIRECTION('',(-1.,-2.55106393526001E-16,0.));
#1906=DIRECTION('',(-0.707106781186548,-0.707106781186548,0.));
#1907=DIRECTION('',(0.,-1.,0.));
#1908=DIRECTION('',(1.,7.54227598250786E-16,0.));
#1909=DIRECTION('',(0.,-1.,0.));
#1910=DIRECTION('',(1.,1.97127667724637E-16,0.));
#1911=DIRECTION('',(-1.97127667724637E-16,1.,0.));
#1912=DIRECTION('',(0.,0.,-1.));
#1913=DIRECTION('',(-1.97127667724637E-16,1.,0.));
#1914=DIRECTION('',(0.,0.,-1.));
#1915=DIRECTION('',(7.54227598250786E-16,-1.,0.));
#1916=DIRECTION('',(1.,7.54227598250786E-16,0.));
#1917=DIRECTION('',(0.,0.,-1.));
#1918=DIRECTION('',(1.,7.54227598250786E-16,0.));
#1919=DIRECTION('',(1.,1.8454505063583E-16,0.));
#1920=DIRECTION('',(-1.8454505063583E-16,1.,0.));
#1921=DIRECTION('',(0.,0.,-1.));
#1922=DIRECTION('',(-1.8454505063583E-16,1.,0.));
#1923=DIRECTION('',(0.707106781186547,0.707106781186548,0.));
#1924=DIRECTION('',(-0.707106781186548,0.707106781186547,0.));
#1925=DIRECTION('',(0.,0.,-1.));
#1926=DIRECTION('',(-0.707106781186548,0.707106781186547,0.));
#1927=DIRECTION('',(-3.82659590289002E-16,1.,0.));
#1928=DIRECTION('',(-1.,-3.82659590289002E-16,0.));
#1929=DIRECTION('',(0.,0.,-1.));
#1930=DIRECTION('',(-1.,-3.82659590289002E-16,0.));
#1931=DIRECTION('',(0.707106781186547,-0.707106781186548,0.));
#1932=DIRECTION('',(0.707106781186548,0.707106781186547,0.));
#1933=DIRECTION('',(0.,0.,-1.));
#1934=DIRECTION('',(-0.707106781186548,-0.707106781186547,0.));
#1935=DIRECTION('',(1.,1.8454505063583E-16,0.));
#1936=DIRECTION('',(-1.8454505063583E-16,1.,0.));
#1937=DIRECTION('',(0.,0.,-1.));
#1938=DIRECTION('',(1.8454505063583E-16,-1.,0.));
#1939=DIRECTION('',(0.,1.,0.));
#1940=DIRECTION('',(0.,0.,1.));
#1941=DIRECTION('',(0.,0.,-1.));
#1942=DIRECTION('',(1.,0.,0.));
#1943=DIRECTION('',(1.,1.97127667724637E-16,0.));
#1944=DIRECTION('',(-1.97127667724637E-16,1.,0.));
#1945=DIRECTION('',(0.,0.,-1.));
#1946=DIRECTION('',(1.97127667724637E-16,-1.,0.));
#1947=DIRECTION('',(0.,0.,1.));
#1948=DIRECTION('',(1.,0.,0.));
#1949=DIRECTION('',(-1.,0.,0.));
#1950=DIRECTION('',(1.97127667724637E-16,-1.,0.));
#1951=DIRECTION('',(-1.,-7.54227598250786E-16,0.));
#1952=DIRECTION('',(1.8454505063583E-16,-1.,0.));
#1953=DIRECTION('',(0.707106781186548,-0.707106781186547,0.));
#1954=DIRECTION('',(1.,3.82659590289002E-16,0.));
#1955=DIRECTION('',(0.707106781186548,0.707106781186547,0.));
#1956=DIRECTION('',(-1.8454505063583E-16,1.,0.));
#1957=DIRECTION('',(-1.,0.,0.));
#1958=DIRECTION('',(-1.97127667724637E-16,1.,0.));
#1959=DIRECTION('',(-1.,0.,0.));
#1960=DIRECTION('',(0.,0.,1.));
#1961=DIRECTION('',(0.,-0.707106781186547,0.707106781186548));
#1962=DIRECTION('',(0.,0.707106781186547,0.707106781186548));
#1963=DIRECTION('',(0.,0.,-1.));
#1964=DIRECTION('',(2.89120579329468E-16,-1.,0.));
#1965=DIRECTION('',(1.,2.89120579329468E-16,0.));
#1966=DIRECTION('',(0.,0.,-1.));
#1967=DIRECTION('',(-1.,0.,0.));
#1968=DIRECTION('',(0.,0.,1.));
#1969=DIRECTION('',(0.,0.,-1.));
#1970=DIRECTION('',(2.9909025447876E-16,-1.,0.));
#1971=DIRECTION('',(1.,2.9909025447876E-16,0.));
#1972=DIRECTION('',(0.707106781186547,2.11488747128741E-16,0.707106781186548));
#1973=DIRECTION('',(-0.707106781186548,-2.11488747128741E-16,0.707106781186548));
#1974=DIRECTION('',(-0.707106781186548,-1.39390310607579E-16,-0.707106781186548));
#1975=DIRECTION('',(1.97127667724637E-16,-1.,0.));
#1976=DIRECTION('',(0.577350269189626,0.577350269189626,-0.577350269189626));
#1977=DIRECTION('',(0.,-0.707106781186548,-0.707106781186548));
#1978=DIRECTION('',(1.,0.,0.));
#1979=DIRECTION('',(0.577350269189626,0.577350269189626,-0.577350269189626));
#1980=DIRECTION('',(-0.707106781186548,-1.3049305673901E-16,-0.707106781186548));
#1981=DIRECTION('',(1.8454505063583E-16,-1.,0.));
#1982=DIRECTION('',(0.678598344545847,-0.28108463771482,-0.678598344545847));
#1983=DIRECTION('',(-0.5,0.5,-0.707106781186547));
#1984=DIRECTION('',(-0.707106781186548,-0.707106781186547,0.));
#1985=DIRECTION('',(-0.28108463771482,0.678598344545847,0.678598344545847));
#1986=DIRECTION('',(2.70581191179419E-16,-0.707106781186548,0.707106781186548));
#1987=DIRECTION('',(-1.,-3.82659590289002E-16,0.));
#1988=DIRECTION('',(-0.281084637714818,-0.678598344545847,-0.678598344545847));
#1989=DIRECTION('',(-0.5,-0.5,0.707106781186547));
#1990=DIRECTION('',(-0.707106781186548,0.707106781186547,0.));
#1991=DIRECTION('',(-0.678598344545847,-0.281084637714819,-0.678598344545847));
#1992=DIRECTION('',(-0.707106781186548,-1.30493056739011E-16,0.707106781186547));
#1993=DIRECTION('',(-1.8454505063583E-16,1.,0.));
#1994=DIRECTION('',(-0.577350269189626,0.577350269189626,-0.577350269189626));
#1995=DIRECTION('',(-5.33319449281174E-16,0.707106781186548,0.707106781186548));
#1996=DIRECTION('',(1.,7.54227598250786E-16,0.));
#1997=DIRECTION('',(-0.577350269189626,0.577350269189626,-0.577350269189626));
#1998=DIRECTION('',(-0.707106781186548,-1.39390310607579E-16,0.707106781186547));
#1999=DIRECTION('',(-1.97127667724637E-16,1.,0.));
#2000=DIRECTION('',(0.,0.707106781186548,-0.707106781186547));
#2001=DIRECTION('',(-1.,0.,0.));
#2002=DIRECTION('',(0.577350269189626,-0.577350269189626,-0.577350269189626));
#2003=DIRECTION('',(-0.707106781186548,0.,-0.707106781186548));
#2004=DIRECTION('',(0.,-1.,0.));
#2005=DIRECTION('',(0.577350269189626,-0.577350269189626,-0.577350269189626));
#2006=DIRECTION('',(0.,0.707106781186548,-0.707106781186548));
#2007=DIRECTION('',(-1.,0.,0.));
#2008=DIRECTION('',(-0.28108463771482,-0.678598344545847,-0.678598344545847));
#2009=DIRECTION('',(0.5,0.5,-0.707106781186548));
#2010=DIRECTION('',(-0.707106781186548,0.707106781186548,0.));
#2011=DIRECTION('',(0.678598344545847,0.28108463771482,0.678598344545847));
#2012=DIRECTION('',(-0.707106781186548,5.41162382358837E-16,0.707106781186548));
#2013=DIRECTION('',(7.65319180578002E-16,1.,0.));
#2014=DIRECTION('',(-0.678598344545847,0.28108463771482,-0.678598344545847));
#2015=DIRECTION('',(-0.5,0.5,0.707106781186547));
#2016=DIRECTION('',(0.707106781186547,0.707106781186548,0.));
#2017=DIRECTION('',(-0.28108463771482,0.678598344545847,-0.678598344545847));
#2018=DIRECTION('',(0.,0.707106781186548,0.707106781186548));
#2019=DIRECTION('',(1.,0.,0.));
#2020=DIRECTION('',(0.577350269189626,0.577350269189626,-0.577350269189626));
#2021=DIRECTION('',(0.707106781186548,0.,0.707106781186548));
#2022=DIRECTION('',(0.,-1.,0.));
#2023=DIRECTION('',(0.577350269189626,0.577350269189626,-0.577350269189626));
#2024=DIRECTION('',(-1.39390310607579E-16,0.707106781186548,0.707106781186547));
#2025=DIRECTION('',(1.,1.97127667724637E-16,0.));
#2026=DIRECTION('',(-0.5,-0.5,-0.707106781186547));
#2027=DIRECTION('',(0.707106781186548,-0.707106781186548,0.));
#2028=DIRECTION('',(0.678598344545846,0.28108463771482,-0.678598344545848));
#2029=DIRECTION('',(-0.28108463771482,-0.678598344545846,0.678598344545848));
#2030=DIRECTION('',(1.30493056739011E-16,-0.707106781186548,-0.707106781186547));
#2031=DIRECTION('',(1.,1.8454505063583E-16,0.));
#2032=DIRECTION('',(0.577350269189626,-0.577350269189625,0.577350269189627));
#2033=DIRECTION('',(0.707106781186548,1.80387460786279E-16,0.707106781186547));
#2034=DIRECTION('',(2.55106393526001E-16,-1.,0.));
#2035=DIRECTION('',(-0.678598344545846,0.28108463771482,0.678598344545848));
#2036=DIRECTION('',(0.707106781186548,5.33319449281175E-16,-0.707106781186547));
#2037=DIRECTION('',(-7.54227598250786E-16,1.,0.));
#2038=DIRECTION('',(0.577350269189626,-0.577350269189625,0.577350269189627));
#2039=DIRECTION('',(0.5,-0.5,0.707106781186547));
#2040=DIRECTION('',(-0.707106781186548,-0.707106781186548,0.));
#2041=DIRECTION('',(-0.28108463771482,0.678598344545846,0.678598344545848));
#2042=DIRECTION('',(0.,-0.707106781186548,-0.707106781186547));
#2043=DIRECTION('',(1.,0.,0.));
#2044=DIRECTION('',(-0.577350269189625,0.577350269189625,-0.577350269189627));
#2045=DIRECTION('',(1.30493056739011E-16,-0.707106781186548,0.707106781186547));
#2046=DIRECTION('',(-1.,-1.8454505063583E-16,0.));
#2047=DIRECTION('',(0.577350269189625,0.577350269189625,0.577350269189627));
#2048=DIRECTION('',(-0.707106781186548,1.27774451390282E-16,0.707106781186547));
#2049=DIRECTION('',(1.80700362080918E-16,1.,0.));
#2050=DIRECTION('',(0.577350269189625,0.577350269189625,0.577350269189627));
#2051=DIRECTION('',(-0.707106781186548,0.,0.707106781186547));
#2052=DIRECTION('',(0.,1.,0.));
#2053=DIRECTION('',(-0.577350269189625,-0.577350269189625,-0.577350269189627));
#2054=DIRECTION('',(0.,-0.707106781186548,0.707106781186547));
#2055=DIRECTION('',(-1.,0.,0.));
#2056=DIRECTION('',(0.5,-0.5,-0.707106781186547));
#2057=DIRECTION('',(0.707106781186548,0.707106781186548,0.));
#2058=DIRECTION('',(-0.281084637714819,0.678598344545847,-0.678598344545847));
#2059=DIRECTION('',(0.678598344545847,-0.281084637714819,0.678598344545847));
#2060=DIRECTION('',(0.707106781186548,0.,-0.707106781186548));
#2061=DIRECTION('',(0.,1.,0.));
#2062=DIRECTION('',(0.577350269189626,0.577350269189626,0.577350269189626));
#2063=DIRECTION('',(-1.80387460786279E-16,0.707106781186548,0.707106781186548));
#2064=DIRECTION('',(1.,2.55106393526001E-16,0.));
#2065=DIRECTION('',(-0.281084637714821,-0.678598344545847,0.678598344545847));
#2066=DIRECTION('',(-5.33319449281174E-16,0.707106781186548,-0.707106781186548));
#2067=DIRECTION('',(-1.,-7.54227598250786E-16,0.));
#2068=DIRECTION('',(0.577350269189626,0.577350269189626,0.577350269189626));
#2069=DIRECTION('',(0.5,0.5,0.707106781186548));
#2070=DIRECTION('',(0.707106781186548,-0.707106781186548,0.));
#2071=DIRECTION('',(-0.678598344545847,-0.281084637714821,0.678598344545847));
#2072=DIRECTION('',(0.707106781186548,0.,-0.707106781186548));
#2073=DIRECTION('',(0.,1.,0.));
#2074=DIRECTION('',(-0.577350269189626,-0.577350269189626,-0.577350269189626));
#2075=DIRECTION('',(0.707106781186548,0.,0.707106781186548));
#2076=DIRECTION('',(0.,-1.,0.));
#2077=DIRECTION('',(-0.577350269189626,0.577350269189626,0.577350269189626));
#2078=DIRECTION('',(0.,-0.707106781186548,0.707106781186548));
#2079=DIRECTION('',(-1.,0.,0.));
#2080=DIRECTION('',(-0.577350269189626,0.577350269189626,0.577350269189626));
#2081=DIRECTION('',(5.33319449281174E-16,-0.707106781186548,0.707106781186548));
#2082=DIRECTION('',(-1.,-7.54227598250786E-16,0.));
#2083=DIRECTION('',(0.577350269189626,-0.577350269189626,-0.577350269189626));
#2084=DIRECTION('',(0.707106781186548,0.,0.707106781186548));
#2085=DIRECTION('',(0.,-1.,0.));
#2086=CARTESIAN_POINT('',(0.,0.,0.));
#2087=CARTESIAN_POINT('',(0.,-3.46944695195361E-18,0.0004));
#2088=CARTESIAN_POINT('',(-3.35117035131883E-19,0.0017,0.0004));
#2089=CARTESIAN_POINT('',(0.0064,0.0017,0.0004));
#2090=CARTESIAN_POINT('',(0.0105,0.0017,0.0004));
#2091=CARTESIAN_POINT('',(0.0105,0.0046,0.0004));
#2092=CARTESIAN_POINT('',(0.0105,0.0075,0.0004));
#2093=CARTESIAN_POINT('',(0.009,0.0075,0.0004));
#2094=CARTESIAN_POINT('',(0.0075,0.0075,0.0004));
#2095=CARTESIAN_POINT('',(0.0075,0.009,0.0004));
#2096=CARTESIAN_POINT('',(0.0075,0.0105,0.0004));
#2097=CARTESIAN_POINT('',(-0.0046,0.0105,0.0004));
#2098=CARTESIAN_POINT('',(0.0017,0.0105,0.0004));
#2099=CARTESIAN_POINT('',(0.0017,-3.13432991682173E-18,0.0004));
#2100=CARTESIAN_POINT('',(0.0017,0.0064,0.0004));
#2101=CARTESIAN_POINT('',(0.,0.0064,0.0004));
#2102=CARTESIAN_POINT('',(0.00285,0.0064,0.0004));
#2103=CARTESIAN_POINT('',(0.00285,-2.94349355764149E-18,0.0004));
#2104=CARTESIAN_POINT('',(0.00285,0.00405,0.0004));
#2105=CARTESIAN_POINT('',(-0.000599999999999989,0.000599999999999985,0.0004));
#2106=CARTESIAN_POINT('',(0.0017,0.0029,0.0004));
#2107=CARTESIAN_POINT('',(-1.10971281183809E-18,0.0029,0.0004));
#2108=CARTESIAN_POINT('',(-0.0017,0.0029,0.0004));
#2109=CARTESIAN_POINT('',(0.000599999999999988,0.000599999999999986,0.0004));
#2110=CARTESIAN_POINT('',(-0.00285,0.00405,0.0004));
#2111=CARTESIAN_POINT('',(-0.00285,-3.99540034626573E-18,0.0004));
#2112=CARTESIAN_POINT('',(-0.00285,0.0064,0.0004));
#2113=CARTESIAN_POINT('',(-4.82705662880502E-18,0.0064,0.0004));
#2114=CARTESIAN_POINT('',(-0.0017,0.0064,0.0004));
#2115=CARTESIAN_POINT('',(-0.0017,-3.80456398708549E-18,0.0004));
#2116=CARTESIAN_POINT('',(-0.0017,0.0105,0.0004));
#2117=CARTESIAN_POINT('',(-0.0046,0.0105,0.0004));
#2118=CARTESIAN_POINT('',(-0.0075,0.0105,0.0004));
#2119=CARTESIAN_POINT('',(-0.0075,0.0041,0.0004));
#2120=CARTESIAN_POINT('',(-0.0075,0.0017,0.0004));
#2121=CARTESIAN_POINT('',(0.,0.0017,0.0004));
#2122=CARTESIAN_POINT('',(-0.0064,0.0017,0.0004));
#2123=CARTESIAN_POINT('',(-0.0064,-8.29650358075862E-18,0.0004));
#2124=CARTESIAN_POINT('',(-0.0064,0.00285,0.0004));
#2125=CARTESIAN_POINT('',(-5.25953394312118E-19,0.00285,0.0004));
#2126=CARTESIAN_POINT('',(-0.00405,0.00285,0.0004));
#2127=CARTESIAN_POINT('',(-0.000599999999999984,-0.000599999999999988,0.0004));
#2128=CARTESIAN_POINT('',(-0.0029,0.0017,0.0004));
#2129=CARTESIAN_POINT('',(-0.0029,-4.20925549317901E-18,0.0004));
#2130=CARTESIAN_POINT('',(-0.0029,-0.0017,0.0004));
#2131=CARTESIAN_POINT('',(-0.000599999999999988,0.000599999999999984,0.0004));
#2132=CARTESIAN_POINT('',(-0.00405,-0.00285,0.0004));
#2133=CARTESIAN_POINT('',(5.25953394312116E-19,-0.00285,0.0004));
#2134=CARTESIAN_POINT('',(-0.0064,-0.00285,0.0004));
#2135=CARTESIAN_POINT('',(-0.0064,-3.46944695195361E-18,0.0004));
#2136=CARTESIAN_POINT('',(-0.0064,-0.0017,0.0004));
#2137=CARTESIAN_POINT('',(0.,-0.0017,0.0004));
#2138=CARTESIAN_POINT('',(-0.0075,-0.0017,0.0004));
#2139=CARTESIAN_POINT('',(-0.0075,0.0041,0.0004));
#2140=CARTESIAN_POINT('',(-0.0075,-0.0065,0.0004));
#2141=CARTESIAN_POINT('',(-0.0065,-0.0065,0.0004));
#2142=CARTESIAN_POINT('',(-0.0065,-0.0075,0.0004));
#2143=CARTESIAN_POINT('',(-0.0041,-0.0075,0.0004));
#2144=CARTESIAN_POINT('',(-0.0017,-0.0075,0.0004));
#2145=CARTESIAN_POINT('',(-0.0017,-3.46944695195361E-18,0.0004));
#2146=CARTESIAN_POINT('',(-0.0017,-0.0064,0.0004));
#2147=CARTESIAN_POINT('',(4.827056628805E-18,-0.0064,0.0004));
#2148=CARTESIAN_POINT('',(-0.00285,-0.0064,0.0004));
#2149=CARTESIAN_POINT('',(-0.00285,-3.46944695195361E-18,0.0004));
#2150=CARTESIAN_POINT('',(-0.00285,-0.00405,0.0004));
#2151=CARTESIAN_POINT('',(0.000599999999999985,-0.000599999999999988,0.0004));
#2152=CARTESIAN_POINT('',(-0.0017,-0.0029,0.0004));
#2153=CARTESIAN_POINT('',(7.39808541225395E-19,-0.0029,0.0004));
#2154=CARTESIAN_POINT('',(0.0017,-0.0029,0.0004));
#2155=CARTESIAN_POINT('',(-0.000599999999999984,-0.000599999999999988,0.0004));
#2156=CARTESIAN_POINT('',(0.00285,-0.00405,0.0004));
#2157=CARTESIAN_POINT('',(0.00285,-3.46944695195361E-18,0.0004));
#2158=CARTESIAN_POINT('',(0.00285,-0.0064,0.0004));
#2159=CARTESIAN_POINT('',(4.82705662880501E-18,-0.0064,0.0004));
#2160=CARTESIAN_POINT('',(0.0017,-0.0064,0.0004));
#2161=CARTESIAN_POINT('',(0.0017,-3.46944695195361E-18,0.0004));
#2162=CARTESIAN_POINT('',(0.0017,-0.0075,0.0004));
#2163=CARTESIAN_POINT('',(-0.0041,-0.0075,0.0004));
#2164=CARTESIAN_POINT('',(0.0105,-0.0075,0.0004));
#2165=CARTESIAN_POINT('',(0.0105,0.0046,0.0004));
#2166=CARTESIAN_POINT('',(0.0105,-0.0017,0.0004));
#2167=CARTESIAN_POINT('',(0.,-0.0017,0.0004));
#2168=CARTESIAN_POINT('',(0.0064,-0.0017,0.0004));
#2169=CARTESIAN_POINT('',(0.0064,-3.46944695195361E-18,0.0004));
#2170=CARTESIAN_POINT('',(0.0064,-0.00285,0.0004));
#2171=CARTESIAN_POINT('',(0.,-0.00285,0.0004));
#2172=CARTESIAN_POINT('',(0.00405,-0.00285,0.0004));
#2173=CARTESIAN_POINT('',(0.000599999999999988,0.000599999999999985,0.0004));
#2174=CARTESIAN_POINT('',(0.0029,-0.0017,0.0004));
#2175=CARTESIAN_POINT('',(0.0029,-5.68887257562983E-18,0.0004));
#2176=CARTESIAN_POINT('',(0.0029,0.0017,0.0004));
#2177=CARTESIAN_POINT('',(0.000599999999999986,-0.000599999999999989,0.0004));
#2178=CARTESIAN_POINT('',(0.00405,0.00285,0.0004));
#2179=CARTESIAN_POINT('',(0.,0.00285,0.0004));
#2180=CARTESIAN_POINT('',(0.0064,0.00285,0.0004));
#2181=CARTESIAN_POINT('',(0.0064,-3.46944695195361E-18,0.0004));
#2182=CARTESIAN_POINT('',(-0.0041,-0.0075,0.0004));
#2183=CARTESIAN_POINT('',(0.0017,-0.0075,0.003));
#2184=CARTESIAN_POINT('',(0.0017,-0.0075,0.0026));
#2185=CARTESIAN_POINT('',(-0.0017,-0.0075,0.0026));
#2186=CARTESIAN_POINT('',(-0.0017,-0.0075,0.0026));
#2187=CARTESIAN_POINT('',(-0.0017,-0.0075,0.003));
#2188=CARTESIAN_POINT('',(-0.0065,-0.0075,0.0004));
#2189=CARTESIAN_POINT('',(-0.0065,-0.0075,0.));
#2190=CARTESIAN_POINT('',(-0.0041,-0.0075,0.));
#2191=CARTESIAN_POINT('',(0.0105,-0.0075,0.));
#2192=CARTESIAN_POINT('',(0.0105,-0.0075,0.000402));
#2193=CARTESIAN_POINT('',(-0.0075,0.0041,0.0004));
#2194=CARTESIAN_POINT('',(-0.0075,-0.0017,0.003));
#2195=CARTESIAN_POINT('',(-0.0075,-0.0017,0.0026));
#2196=CARTESIAN_POINT('',(-0.0075,0.0017,0.0026));
#2197=CARTESIAN_POINT('',(-0.0075,0.0017,0.0026));
#2198=CARTESIAN_POINT('',(-0.0075,0.0017,0.003));
#2199=CARTESIAN_POINT('',(-0.0075,0.0105,0.000402));
#2200=CARTESIAN_POINT('',(-0.0075,0.0105,0.));
#2201=CARTESIAN_POINT('',(-0.0075,0.0041,0.));
#2202=CARTESIAN_POINT('',(-0.0075,-0.0065,0.));
#2203=CARTESIAN_POINT('',(-0.0075,-0.0065,0.0004));
#2204=CARTESIAN_POINT('',(-0.0065,-0.0065,0.0004));
#2205=CARTESIAN_POINT('',(-0.0065,-0.0065,0.));
#2206=CARTESIAN_POINT('',(0.,-3.46944695195361E-18,0.));
#2207=CARTESIAN_POINT('',(0.009,0.0075,0.));
#2208=CARTESIAN_POINT('',(0.0105,0.0075,0.));
#2209=CARTESIAN_POINT('',(0.0075,0.0075,0.));
#2210=CARTESIAN_POINT('',(0.0105,0.0046,0.));
#2211=CARTESIAN_POINT('',(-0.0046,0.0105,0.));
#2212=CARTESIAN_POINT('',(0.0075,0.0105,0.));
#2213=CARTESIAN_POINT('',(0.0075,0.009,0.));
#2214=CARTESIAN_POINT('',(0.00695,0.0017,0.003));
#2215=CARTESIAN_POINT('',(0.0064,0.0017,0.003));
#2216=CARTESIAN_POINT('',(0.0064,0.0017,0.0026));
#2217=CARTESIAN_POINT('',(0.0105,0.0017,0.0026));
#2218=CARTESIAN_POINT('',(0.0105,0.0017,0.0026));
#2219=CARTESIAN_POINT('',(0.0105,0.0017,0.003002));
#2220=CARTESIAN_POINT('',(0.0064,0.002275,0.003));
#2221=CARTESIAN_POINT('',(0.0064,0.00285,0.003));
#2222=CARTESIAN_POINT('',(0.0064,0.00285,0.0026));
#2223=CARTESIAN_POINT('',(0.0064,0.0017,0.0026));
#2224=CARTESIAN_POINT('',(0.005225,0.00285,0.003));
#2225=CARTESIAN_POINT('',(0.00405,0.00285,0.003));
#2226=CARTESIAN_POINT('',(0.00405,0.00285,0.0026));
#2227=CARTESIAN_POINT('',(0.0064,0.00285,0.0026));
#2228=CARTESIAN_POINT('',(0.003475,0.002275,0.003));
#2229=CARTESIAN_POINT('',(0.0029,0.0017,0.003));
#2230=CARTESIAN_POINT('',(0.0029,0.0017,0.0026));
#2231=CARTESIAN_POINT('',(0.00405,0.00285,0.0026));
#2232=CARTESIAN_POINT('',(0.0029,-4.33680868994202E-19,0.003));
#2233=CARTESIAN_POINT('',(0.0029,-0.0017,0.003));
#2234=CARTESIAN_POINT('',(0.0029,-0.0017,0.0026));
#2235=CARTESIAN_POINT('',(0.0029,0.0017,0.0026));
#2236=CARTESIAN_POINT('',(0.003475,-0.002275,0.003));
#2237=CARTESIAN_POINT('',(0.00405,-0.00285,0.003));
#2238=CARTESIAN_POINT('',(0.00405,-0.00285,0.0026));
#2239=CARTESIAN_POINT('',(0.003475,-0.002275,0.0026));
#2240=CARTESIAN_POINT('',(0.005225,-0.00285,0.003));
#2241=CARTESIAN_POINT('',(0.0064,-0.00285,0.003));
#2242=CARTESIAN_POINT('',(0.0064,-0.00285,0.0026));
#2243=CARTESIAN_POINT('',(0.005225,-0.00285,0.0026));
#2244=CARTESIAN_POINT('',(0.0064,-0.002275,0.003));
#2245=CARTESIAN_POINT('',(0.0064,-0.0017,0.003));
#2246=CARTESIAN_POINT('',(0.0064,-0.0017,0.0026));
#2247=CARTESIAN_POINT('',(0.0064,-0.002275,0.0026));
#2248=CARTESIAN_POINT('',(0.00695,-0.0017,0.003));
#2249=CARTESIAN_POINT('',(0.0105,-0.0017,0.003002));
#2250=CARTESIAN_POINT('',(0.0105,-0.0017,0.0026));
#2251=CARTESIAN_POINT('',(0.00695,-0.0017,0.0026));
#2252=CARTESIAN_POINT('',(0.,-3.46944695195361E-18,0.003));
#2253=CARTESIAN_POINT('',(0.0105,4.33680868994202E-19,0.003));
#2254=CARTESIAN_POINT('',(0.0105,-0.0013,0.003));
#2255=CARTESIAN_POINT('',(0.0105,0.0013,0.003));
#2256=CARTESIAN_POINT('',(0.0064,0.0013,0.003));
#2257=CARTESIAN_POINT('',(0.006,0.0013,0.003));
#2258=CARTESIAN_POINT('',(0.006,0.00285,0.003));
#2259=CARTESIAN_POINT('',(0.006,0.00245,0.003));
#2260=CARTESIAN_POINT('',(0.00405,0.00245,0.003));
#2261=CARTESIAN_POINT('',(0.00421568542494921,0.00245,0.003));
#2262=CARTESIAN_POINT('',(0.00318284271247461,0.0014171572875254,0.003));
#2263=CARTESIAN_POINT('',(0.0033,0.0015343145750508,0.003));
#2264=CARTESIAN_POINT('',(0.0033,-0.0017,0.003));
#2265=CARTESIAN_POINT('',(0.0033,-0.0015343145750508,0.003));
#2266=CARTESIAN_POINT('',(0.000882842712474607,0.000882842712474604,0.003));
#2267=CARTESIAN_POINT('',(0.00421568542494921,-0.00245,0.003));
#2268=CARTESIAN_POINT('',(0.,-0.00245,0.003));
#2269=CARTESIAN_POINT('',(0.006,-0.00245,0.003));
#2270=CARTESIAN_POINT('',(0.006,-3.46944695195361E-18,0.003));
#2271=CARTESIAN_POINT('',(0.006,-0.0013,0.003));
#2272=CARTESIAN_POINT('',(0.,-0.0013,0.003));
#2273=CARTESIAN_POINT('',(-0.00695,0.0017,0.003));
#2274=CARTESIAN_POINT('',(-0.00695,0.0017,0.0026));
#2275=CARTESIAN_POINT('',(-0.0064,0.0017,0.0026));
#2276=CARTESIAN_POINT('',(-0.0064,0.0017,0.003));
#2277=CARTESIAN_POINT('',(-0.00695,-0.0017,0.003));
#2278=CARTESIAN_POINT('',(-0.0064,-0.0017,0.003));
#2279=CARTESIAN_POINT('',(-0.0064,-0.0017,0.0026));
#2280=CARTESIAN_POINT('',(-0.0075,-0.0017,0.0026));
#2281=CARTESIAN_POINT('',(-0.0064,-0.002275,0.003));
#2282=CARTESIAN_POINT('',(-0.0064,-0.00285,0.003));
#2283=CARTESIAN_POINT('',(-0.0064,-0.00285,0.0026));
#2284=CARTESIAN_POINT('',(-0.0064,-0.0017,0.0026));
#2285=CARTESIAN_POINT('',(-0.005225,-0.00285,0.003));
#2286=CARTESIAN_POINT('',(-0.00405,-0.00285,0.003));
#2287=CARTESIAN_POINT('',(-0.00405,-0.00285,0.0026));
#2288=CARTESIAN_POINT('',(-0.0064,-0.00285,0.0026));
#2289=CARTESIAN_POINT('',(-0.003475,-0.002275,0.003));
#2290=CARTESIAN_POINT('',(-0.0029,-0.0017,0.003));
#2291=CARTESIAN_POINT('',(-0.0029,-0.0017,0.0026));
#2292=CARTESIAN_POINT('',(-0.00405,-0.00285,0.0026));
#2293=CARTESIAN_POINT('',(-0.0029,-4.33680868994202E-19,0.003));
#2294=CARTESIAN_POINT('',(-0.0029,0.0017,0.003));
#2295=CARTESIAN_POINT('',(-0.0029,0.0017,0.0026));
#2296=CARTESIAN_POINT('',(-0.0029,-0.0017,0.0026));
#2297=CARTESIAN_POINT('',(-0.003475,0.002275,0.003));
#2298=CARTESIAN_POINT('',(-0.00405,0.00285,0.003));
#2299=CARTESIAN_POINT('',(-0.00405,0.00285,0.0026));
#2300=CARTESIAN_POINT('',(-0.003475,0.002275,0.0026));
#2301=CARTESIAN_POINT('',(-0.005225,0.00285,0.003));
#2302=CARTESIAN_POINT('',(-0.0064,0.00285,0.003));
#2303=CARTESIAN_POINT('',(-0.0064,0.00285,0.0026));
#2304=CARTESIAN_POINT('',(-0.005225,0.00285,0.0026));
#2305=CARTESIAN_POINT('',(-0.0064,0.002275,0.003));
#2306=CARTESIAN_POINT('',(-0.0064,0.002275,0.0026));
#2307=CARTESIAN_POINT('',(0.,-3.46944695195361E-18,0.003));
#2308=CARTESIAN_POINT('',(-0.0071,-0.0017,0.003));
#2309=CARTESIAN_POINT('',(-0.0071,0.0013,0.003));
#2310=CARTESIAN_POINT('',(-0.0071,-0.0013,0.003));
#2311=CARTESIAN_POINT('',(-0.0064,-0.0013,0.003));
#2312=CARTESIAN_POINT('',(-0.006,-0.0013,0.003));
#2313=CARTESIAN_POINT('',(-0.006,-0.00285,0.003));
#2314=CARTESIAN_POINT('',(-0.006,-0.00245,0.003));
#2315=CARTESIAN_POINT('',(-0.00405,-0.00245,0.003));
#2316=CARTESIAN_POINT('',(-0.00421568542494921,-0.00245,0.003));
#2317=CARTESIAN_POINT('',(-0.00318284271247459,-0.00141715728752538,0.003));
#2318=CARTESIAN_POINT('',(-0.0033,-0.00153431457505076,0.003));
#2319=CARTESIAN_POINT('',(-0.0033,0.0017,0.003));
#2320=CARTESIAN_POINT('',(-0.0033,0.00153431457505076,0.003));
#2321=CARTESIAN_POINT('',(-0.000882842712474603,-0.000882842712474606,0.003));
#2322=CARTESIAN_POINT('',(-0.00421568542494921,0.00245,0.003));
#2323=CARTESIAN_POINT('',(-4.52135374057786E-19,0.00245,0.003));
#2324=CARTESIAN_POINT('',(-0.006,0.00245,0.003));
#2325=CARTESIAN_POINT('',(-0.006,-7.99481254145831E-18,0.003));
#2326=CARTESIAN_POINT('',(-0.006,0.0013,0.003));
#2327=CARTESIAN_POINT('',(0.,0.0013,0.003));
#2328=CARTESIAN_POINT('',(-0.0017,-0.00695,0.003));
#2329=CARTESIAN_POINT('',(-0.0017,-0.00695,0.0026));
#2330=CARTESIAN_POINT('',(-0.0017,-0.0064,0.0026));
#2331=CARTESIAN_POINT('',(-0.0017,-0.0064,0.003));
#2332=CARTESIAN_POINT('',(0.0017,-0.00695,0.003));
#2333=CARTESIAN_POINT('',(0.0017,-0.0064,0.003));
#2334=CARTESIAN_POINT('',(0.0017,-0.0064,0.0026));
#2335=CARTESIAN_POINT('',(0.0017,-0.0075,0.0026));
#2336=CARTESIAN_POINT('',(0.002275,-0.0064,0.003));
#2337=CARTESIAN_POINT('',(0.00285,-0.0064,0.003));
#2338=CARTESIAN_POINT('',(0.00285,-0.0064,0.0026));
#2339=CARTESIAN_POINT('',(0.0017,-0.0064,0.0026));
#2340=CARTESIAN_POINT('',(0.00285,-0.005225,0.003));
#2341=CARTESIAN_POINT('',(0.00285,-0.00405,0.003));
#2342=CARTESIAN_POINT('',(0.00285,-0.00405,0.0026));
#2343=CARTESIAN_POINT('',(0.00285,-0.0064,0.0026));
#2344=CARTESIAN_POINT('',(0.002275,-0.003475,0.003));
#2345=CARTESIAN_POINT('',(0.0017,-0.0029,0.003));
#2346=CARTESIAN_POINT('',(0.0017,-0.0029,0.0026));
#2347=CARTESIAN_POINT('',(0.00285,-0.00405,0.0026));
#2348=CARTESIAN_POINT('',(4.33680868994202E-19,-0.0029,0.003));
#2349=CARTESIAN_POINT('',(-0.0017,-0.0029,0.003));
#2350=CARTESIAN_POINT('',(-0.0017,-0.0029,0.0026));
#2351=CARTESIAN_POINT('',(0.0017,-0.0029,0.0026));
#2352=CARTESIAN_POINT('',(-0.002275,-0.003475,0.003));
#2353=CARTESIAN_POINT('',(-0.00285,-0.00405,0.003));
#2354=CARTESIAN_POINT('',(-0.00285,-0.00405,0.0026));
#2355=CARTESIAN_POINT('',(-0.002275,-0.003475,0.0026));
#2356=CARTESIAN_POINT('',(-0.00285,-0.005225,0.003));
#2357=CARTESIAN_POINT('',(-0.00285,-0.0064,0.003));
#2358=CARTESIAN_POINT('',(-0.00285,-0.0064,0.0026));
#2359=CARTESIAN_POINT('',(-0.00285,-0.005225,0.0026));
#2360=CARTESIAN_POINT('',(-0.002275,-0.0064,0.003));
#2361=CARTESIAN_POINT('',(-0.002275,-0.0064,0.0026));
#2362=CARTESIAN_POINT('',(0.,-3.46944695195361E-18,0.003));
#2363=CARTESIAN_POINT('',(0.0017,-0.0071,0.003));
#2364=CARTESIAN_POINT('',(-0.0013,-0.0071,0.003));
#2365=CARTESIAN_POINT('',(0.0013,-0.0071,0.003));
#2366=CARTESIAN_POINT('',(0.0013,-0.0064,0.003));
#2367=CARTESIAN_POINT('',(0.0013,-0.006,0.003));
#2368=CARTESIAN_POINT('',(0.00285,-0.006,0.003));
#2369=CARTESIAN_POINT('',(0.00245,-0.006,0.003));
#2370=CARTESIAN_POINT('',(0.00245,-0.00405,0.003));
#2371=CARTESIAN_POINT('',(0.00245,-0.00421568542494921,0.003));
#2372=CARTESIAN_POINT('',(0.00141715728752538,-0.00318284271247459,0.003));
#2373=CARTESIAN_POINT('',(0.00153431457505076,-0.0033,0.003));
#2374=CARTESIAN_POINT('',(-0.0017,-0.0033,0.003));
#2375=CARTESIAN_POINT('',(-0.00153431457505076,-0.0033,0.003));
#2376=CARTESIAN_POINT('',(0.000882842712474603,-0.000882842712474607,0.003));
#2377=CARTESIAN_POINT('',(-0.00245,-0.00421568542494921,0.003));
#2378=CARTESIAN_POINT('',(-0.00245,-3.46944695195361E-18,0.003));
#2379=CARTESIAN_POINT('',(-0.00245,-0.006,0.003));
#2380=CARTESIAN_POINT('',(4.52536558950469E-18,-0.006,0.003));
#2381=CARTESIAN_POINT('',(-0.0013,-0.006,0.003));
#2382=CARTESIAN_POINT('',(-0.0013,-3.46944695195361E-18,0.003));
#2383=CARTESIAN_POINT('',(-0.0017,0.00695,0.003));
#2384=CARTESIAN_POINT('',(-0.0017,0.0064,0.003));
#2385=CARTESIAN_POINT('',(-0.0017,0.0064,0.0026));
#2386=CARTESIAN_POINT('',(-0.0017,0.0105,0.0026));
#2387=CARTESIAN_POINT('',(-0.0017,0.0105,0.0026));
#2388=CARTESIAN_POINT('',(-0.0017,0.0105,0.003002));
#2389=CARTESIAN_POINT('',(-0.002275,0.0064,0.003));
#2390=CARTESIAN_POINT('',(-0.00285,0.0064,0.003));
#2391=CARTESIAN_POINT('',(-0.00285,0.0064,0.0026));
#2392=CARTESIAN_POINT('',(-0.0017,0.0064,0.0026));
#2393=CARTESIAN_POINT('',(-0.00285,0.005225,0.003));
#2394=CARTESIAN_POINT('',(-0.00285,0.00405,0.003));
#2395=CARTESIAN_POINT('',(-0.00285,0.00405,0.0026));
#2396=CARTESIAN_POINT('',(-0.00285,0.0064,0.0026));
#2397=CARTESIAN_POINT('',(-0.002275,0.003475,0.003));
#2398=CARTESIAN_POINT('',(-0.0017,0.0029,0.003));
#2399=CARTESIAN_POINT('',(-0.0017,0.0029,0.0026));
#2400=CARTESIAN_POINT('',(-0.00285,0.00405,0.0026));
#2401=CARTESIAN_POINT('',(-2.16840434497101E-19,0.0029,0.003));
#2402=CARTESIAN_POINT('',(0.0017,0.0029,0.003));
#2403=CARTESIAN_POINT('',(0.0017,0.0029,0.0026));
#2404=CARTESIAN_POINT('',(-0.0017,0.0029,0.0026));
#2405=CARTESIAN_POINT('',(0.002275,0.003475,0.003));
#2406=CARTESIAN_POINT('',(0.00285,0.00405,0.003));
#2407=CARTESIAN_POINT('',(0.00285,0.00405,0.0026));
#2408=CARTESIAN_POINT('',(0.002275,0.003475,0.0026));
#2409=CARTESIAN_POINT('',(0.00285,0.005225,0.003));
#2410=CARTESIAN_POINT('',(0.00285,0.0064,0.003));
#2411=CARTESIAN_POINT('',(0.00285,0.0064,0.0026));
#2412=CARTESIAN_POINT('',(0.00285,0.005225,0.0026));
#2413=CARTESIAN_POINT('',(0.002275,0.0064,0.003));
#2414=CARTESIAN_POINT('',(0.0017,0.0064,0.003));
#2415=CARTESIAN_POINT('',(0.0017,0.0064,0.0026));
#2416=CARTESIAN_POINT('',(0.002275,0.0064,0.0026));
#2417=CARTESIAN_POINT('',(0.0017,0.00695,0.003));
#2418=CARTESIAN_POINT('',(0.0017,0.0105,0.003002));
#2419=CARTESIAN_POINT('',(0.0017,0.0105,0.0026));
#2420=CARTESIAN_POINT('',(0.0017,0.00695,0.0026));
#2421=CARTESIAN_POINT('',(0.,-3.46944695195361E-18,0.003));
#2422=CARTESIAN_POINT('',(-1.7347234759768E-18,0.0105,0.003));
#2423=CARTESIAN_POINT('',(0.0013,0.0105,0.003));
#2424=CARTESIAN_POINT('',(-0.0013,0.0105,0.003));
#2425=CARTESIAN_POINT('',(-0.0013,0.0064,0.003));
#2426=CARTESIAN_POINT('',(-0.0013,0.006,0.003));
#2427=CARTESIAN_POINT('',(-0.00285,0.006,0.003));
#2428=CARTESIAN_POINT('',(-0.00245,0.006,0.003));
#2429=CARTESIAN_POINT('',(-0.00245,0.00405,0.003));
#2430=CARTESIAN_POINT('',(-0.00245,0.00421568542494921,0.003));
#2431=CARTESIAN_POINT('',(-0.00141715728752538,0.00318284271247459,0.003));
#2432=CARTESIAN_POINT('',(-0.00153431457505076,0.0033,0.003));
#2433=CARTESIAN_POINT('',(0.0017,0.0033,0.003));
#2434=CARTESIAN_POINT('',(0.00153431457505076,0.0033,0.003));
#2435=CARTESIAN_POINT('',(-0.000882842712474608,0.000882842712474605,0.003));
#2436=CARTESIAN_POINT('',(0.00245,0.00421568542494921,0.003));
#2437=CARTESIAN_POINT('',(0.00245,-3.01731157789583E-18,0.003));
#2438=CARTESIAN_POINT('',(0.00245,0.006,0.003));
#2439=CARTESIAN_POINT('',(0.,0.006,0.003));
#2440=CARTESIAN_POINT('',(0.0013,0.006,0.003));
#2441=CARTESIAN_POINT('',(0.0013,-3.21318098391158E-18,0.003));
#2442=CARTESIAN_POINT('',(0.0105,0.0046,0.000402));
#2443=CARTESIAN_POINT('',(0.0105,0.0013,0.003));
#2444=CARTESIAN_POINT('',(0.0105,-0.0017,0.0026));
#2445=CARTESIAN_POINT('',(0.0105,0.0075,0.000402));
#2446=CARTESIAN_POINT('',(0.009,0.0075,0.000402));
#2447=CARTESIAN_POINT('',(0.0075,0.0075,0.000402));
#2448=CARTESIAN_POINT('',(0.0075,0.009,0.000402));
#2449=CARTESIAN_POINT('',(0.0075,0.0105,0.000402));
#2450=CARTESIAN_POINT('',(-0.0046,0.0105,0.000402));
#2451=CARTESIAN_POINT('',(-0.0013,0.0105,0.003));
#2452=CARTESIAN_POINT('',(0.0017,0.0105,0.0026));
#2453=CARTESIAN_POINT('',(0.0017,0.00695,0.0026));
#2454=CARTESIAN_POINT('',(0.00189166666666666,0.00659166666666664,0.00240833333333333));
#2455=CARTESIAN_POINT('',(0.002275,0.0064,0.0026));
#2456=CARTESIAN_POINT('',(0.00265833333333333,0.0062083333333333,0.00279166666666666));
#2457=CARTESIAN_POINT('',(0.00285,0.005225,0.0026));
#2458=CARTESIAN_POINT('',(0.00262587630544911,0.00414283507393211,0.00282412369455089));
#2459=CARTESIAN_POINT('',(0.002275,0.003475,0.0026));
#2460=CARTESIAN_POINT('',(0.00163575237714402,0.00305510748244912,0.00275510748244914));
#2461=CARTESIAN_POINT('',(-1.2627766479537E-18,0.0033,0.003));
#2462=CARTESIAN_POINT('',(-0.0014130905690848,0.00359266063928819,0.00329266063928822));
#2463=CARTESIAN_POINT('',(0.000882842712474607,0.000882842712474604,0.003));
#2464=CARTESIAN_POINT('',(-0.00155095853472884,0.0045880805930003,0.00389904146527117));
#2465=CARTESIAN_POINT('',(-0.00245,-3.9215823260114E-18,0.003));
#2466=CARTESIAN_POINT('',(-0.00045000000000001,0.004,0.005));
#2467=CARTESIAN_POINT('',(-4.5253655895047E-18,0.006,0.003));
#2468=CARTESIAN_POINT('',(0.000699999999999991,0.004,0.005));
#2469=CARTESIAN_POINT('',(-0.0013,-3.72571291999564E-18,0.003));
#2470=CARTESIAN_POINT('',(0.00695,-0.0017,0.0026));
#2471=CARTESIAN_POINT('',(0.00659166666666666,-0.00189166666666666,0.00240833333333333));
#2472=CARTESIAN_POINT('',(0.0064,-0.002275,0.0026));
#2473=CARTESIAN_POINT('',(0.00620833333333332,-0.00265833333333334,0.00279166666666666));
#2474=CARTESIAN_POINT('',(0.005225,-0.00285,0.0026));
#2475=CARTESIAN_POINT('',(0.00414283507393212,-0.00262587630544911,0.0028241236945509));
#2476=CARTESIAN_POINT('',(0.003475,-0.002275,0.0026));
#2477=CARTESIAN_POINT('',(0.00305510748244915,-0.00163575237714406,0.00275510748244914));
#2478=CARTESIAN_POINT('',(0.0033,-5.99500024786103E-18,0.003));
#2479=CARTESIAN_POINT('',(0.00359266063928824,0.00141309056908483,0.00329266063928822));
#2480=CARTESIAN_POINT('',(0.000882842712474605,-0.000882842712474608,0.003));
#2481=CARTESIAN_POINT('',(0.00458808059300031,0.00155095853472884,0.00389904146527117));
#2482=CARTESIAN_POINT('',(0.,0.00245,0.003));
#2483=CARTESIAN_POINT('',(0.004,0.00045,0.005));
#2484=CARTESIAN_POINT('',(0.006,-3.46944695195361E-18,0.003));
#2485=CARTESIAN_POINT('',(0.004,-0.0007,0.005));
#2486=CARTESIAN_POINT('',(-2.56265968042029E-19,0.0013,0.003));
#2487=CARTESIAN_POINT('',(-0.003475,0.002275,0.0026));
#2488=CARTESIAN_POINT('',(-0.00359266063928819,0.0014130905690848,0.00329266063928822));
#2489=CARTESIAN_POINT('',(-0.00411424762285595,0.00269489251755085,0.00275510748244914));
#2490=CARTESIAN_POINT('',(-0.005225,0.00285,0.0026));
#2491=CARTESIAN_POINT('',(-0.00600833333333331,0.00245833333333333,0.00299166666666667));
#2492=CARTESIAN_POINT('',(-0.0033,-4.31129805058941E-18,0.003));
#2493=CARTESIAN_POINT('',(-0.00264796664077968,-0.00180439563555949,0.00234796664077971));
#2494=CARTESIAN_POINT('',(-0.0064,0.002275,0.0026));
#2495=CARTESIAN_POINT('',(-0.00658333333333331,0.00188333333333333,0.00241666666666667));
#2496=CARTESIAN_POINT('',(-0.000882842712474606,0.000882842712474602,0.003));
#2497=CARTESIAN_POINT('',(-0.00388261013294936,-0.00325411488723742,0.00219588511276258));
#2498=CARTESIAN_POINT('',(-0.00695,0.0017,0.0026));
#2499=CARTESIAN_POINT('',(-0.00731666666666666,0.00151666666666666,0.00278333333333334));
#2500=CARTESIAN_POINT('',(4.52135374057784E-19,-0.00245,0.003));
#2501=CARTESIAN_POINT('',(-0.00518333333333331,-0.00163333333333333,0.00381666666666667));
#2502=CARTESIAN_POINT('',(-0.0071,-2.18647438117909E-18,0.003));
#2503=CARTESIAN_POINT('',(-0.00666666666666667,-0.000866666666666669,0.00343333333333334));
#2504=CARTESIAN_POINT('',(-0.006,-3.46944695195361E-18,0.003));
#2505=CARTESIAN_POINT('',(-0.004,0.000699999999999987,0.005));
#2506=CARTESIAN_POINT('',(0.,-0.0013,0.003));
#2507=CARTESIAN_POINT('',(-0.002275,-0.003475,0.0026));
#2508=CARTESIAN_POINT('',(-0.0014130905690848,-0.00359266063928819,0.00329266063928822));
#2509=CARTESIAN_POINT('',(-0.00269489251755085,-0.00411424762285595,0.00275510748244914));
#2510=CARTESIAN_POINT('',(-0.00285,-0.005225,0.0026));
#2511=CARTESIAN_POINT('',(-0.00245833333333333,-0.00600833333333331,0.00299166666666667));
#2512=CARTESIAN_POINT('',(8.41851098635796E-19,-0.0033,0.003));
#2513=CARTESIAN_POINT('',(0.00180439563555949,-0.00264796664077968,0.00234796664077971));
#2514=CARTESIAN_POINT('',(-0.002275,-0.0064,0.0026));
#2515=CARTESIAN_POINT('',(-0.00188333333333333,-0.00658333333333331,0.00241666666666667));
#2516=CARTESIAN_POINT('',(-0.000882842712474603,-0.000882842712474607,0.003));
#2517=CARTESIAN_POINT('',(0.00325411488723742,-0.00388261013294936,0.00219588511276258));
#2518=CARTESIAN_POINT('',(-0.0017,-0.00695,0.0026));
#2519=CARTESIAN_POINT('',(-0.00151666666666666,-0.00731666666666666,0.00278333333333334));
#2520=CARTESIAN_POINT('',(0.00245,-3.46944695195361E-18,0.003));
#2521=CARTESIAN_POINT('',(0.00163333333333333,-0.00518333333333331,0.00381666666666667));
#2522=CARTESIAN_POINT('',(0.,-0.0071,0.003));
#2523=CARTESIAN_POINT('',(0.000866666666666667,-0.00666666666666668,0.00343333333333334));
#2524=CARTESIAN_POINT('',(4.52536558950469E-18,-0.006,0.003));
#2525=CARTESIAN_POINT('',(-0.000699999999999989,-0.004,0.005));
#2526=CARTESIAN_POINT('',(0.0013,-3.46944695195361E-18,0.003));
#2527=MECHANICAL_DESIGN_GEOMETRIC_PRESENTATION_REPRESENTATION('',(#1588),
#2528);
#2528=(
GEOMETRIC_REPRESENTATION_CONTEXT(3)
GLOBAL_UNCERTAINTY_ASSIGNED_CONTEXT((#2529))
GLOBAL_UNIT_ASSIGNED_CONTEXT((#2532,#2531,#2530))
REPRESENTATION_CONTEXT('1515cap','TOP_LEVEL_ASSEMBLY_PART')
);
#2529=UNCERTAINTY_MEASURE_WITH_UNIT(LENGTH_MEASURE(1.E-8),#2532,
'DISTANCE_ACCURACY_VALUE','Maximum Tolerance applied to model');
#2530=(
NAMED_UNIT(*)
SI_UNIT($,.STERADIAN.)
SOLID_ANGLE_UNIT()
);
#2531=(
NAMED_UNIT(*)
PLANE_ANGLE_UNIT()
SI_UNIT($,.RADIAN.)
);
#2532=(
LENGTH_UNIT()
NAMED_UNIT(*)
SI_UNIT($,.METRE.)
);
#2533=PRODUCT_DEFINITION_SHAPE('','',#2534);
#2534=PRODUCT_DEFINITION('','',#2536,#2535);
#2535=PRODUCT_DEFINITION_CONTEXT('',#2542,'design');
#2536=PRODUCT_DEFINITION_FORMATION_WITH_SPECIFIED_SOURCE('','',#2538,
 .NOT_KNOWN.);
#2537=PRODUCT_RELATED_PRODUCT_CATEGORY('','',(#2538));
#2538=PRODUCT('1515cap','1515cap','1515cap',(#2540));
#2539=PRODUCT_CATEGORY('','');
#2540=PRODUCT_CONTEXT('',#2542,'mechanical');
#2541=APPLICATION_PROTOCOL_DEFINITION('international standard',
'ap242_managed_model_based_3d_engineering',2020,#2542);
#2542=APPLICATION_CONTEXT('managed model based 3d engineering');
ENDSEC;
END-ISO-10303-21;
