ISO-10303-21;
HEADER;
/* Generated by software containing ST-Developer
 * from STEP Tools, Inc. (www.steptools.com) 
 */
/* OPTION: using custom renumber hook */

FILE_DESCRIPTION(
/* description */ ('STEP AP242 Edition 2',
'CAx-IF Rec.Pracs.---Representation and Presentation of Product Manufa
cturing Information (PMI)---4.0---2014-10-13',
'CAx-IF Rec.Pracs.---3D Tessellated Geometry---0.4---2014-09-14','2;1',
'CAx-IF Rec.Pracs.---User Defined Attributes---1.5---2016-08-15'),
/* implementation_level */ '2;1');

FILE_NAME(
/* name */ '695809caee2be908a0dc9211',
/* time_stamp */ '2026-01-02T18:09:15Z',
/* author */ (''),
/* organization */ (''),
/* preprocessor_version */ 'ST-DEVELOPER v20',
/* originating_system */ 'ONSHAPE BY PTC INC, 1.208',
/* authorisation */ '  ');

FILE_SCHEMA (('AP242_MANAGED_MODEL_BASED_3D_ENGINEERING_MIM_LF { 1 0 10303 442 3 1 4 }'));
ENDSEC;

DATA;
#10=SHAPE_REPRESENTATION_RELATIONSHIP('','',#1362,#11);
#11=ADVANCED_BREP_SHAPE_REPRESENTATION('',(#1360),#2238);
#12=VERTEX_LOOP('',#788);
#13=CONICAL_SURFACE('',#1464,0.00125,1.02974425867666);
#14=CONICAL_SURFACE('',#1468,0.00165,0.785398163397422);
#15=B_SPLINE_CURVE_WITH_KNOTS('',3,(#2064,#2065,#2066,#2067),
 .UNSPECIFIED.,.F.,.F.,(4,4),(0.,1.),.UNSPECIFIED.);
#16=CIRCLE('',#1367,0.000600000000043738);
#17=CIRCLE('',#1368,0.000600000000043738);
#18=CIRCLE('',#1369,0.00060000000000194);
#19=CIRCLE('',#1371,0.000600000000043738);
#20=CIRCLE('',#1372,0.00060000000000194);
#21=CIRCLE('',#1373,0.000600000000043738);
#22=CIRCLE('',#1381,0.000599999999965174);
#23=CIRCLE('',#1382,0.000599999999965174);
#24=CIRCLE('',#1384,0.000600000000003984);
#25=CIRCLE('',#1385,0.000599999999976982);
#26=CIRCLE('',#1386,0.000599999999984144);
#27=CIRCLE('',#1387,0.000599999999999455);
#28=CIRCLE('',#1388,0.000600000000002554);
#29=CIRCLE('',#1390,0.000600000000003984);
#30=CIRCLE('',#1391,0.000600000000003984);
#31=CIRCLE('',#1392,0.000600000000003984);
#32=CIRCLE('',#1394,0.000599999999976982);
#33=CIRCLE('',#1397,0.000599999999984144);
#34=CIRCLE('',#1399,0.000599999999999455);
#35=CIRCLE('',#1405,0.000600000000002554);
#36=CIRCLE('',#1408,0.000600000000005711);
#37=CIRCLE('',#1409,0.000600000000005711);
#38=CIRCLE('',#1414,0.000599999999997632);
#39=CIRCLE('',#1415,0.000599999999997632);
#40=CIRCLE('',#1418,0.000599999999995975);
#41=CIRCLE('',#1419,0.000599999999995975);
#42=CIRCLE('',#1421,0.000599999999997962);
#43=CIRCLE('',#1422,0.000599999999997962);
#44=CIRCLE('',#1430,0.000599999999965174);
#45=CIRCLE('',#1431,0.000999985028857804);
#46=CIRCLE('',#1432,0.000600000000000789);
#47=CIRCLE('',#1433,0.000599999999989984);
#48=CIRCLE('',#1435,0.000599999999989984);
#49=CIRCLE('',#1436,0.000600000000000789);
#50=CIRCLE('',#1437,0.000999985028857804);
#51=CIRCLE('',#1441,0.000599999999965174);
#52=CIRCLE('',#1444,0.000599999999989984);
#53=CIRCLE('',#1445,0.000599999999989984);
#54=CIRCLE('',#1462,0.00165);
#55=CIRCLE('',#1465,0.00125);
#56=CIRCLE('',#1467,0.00125);
#57=CYLINDRICAL_SURFACE('',#1366,0.000600000000043738);
#58=CYLINDRICAL_SURFACE('',#1370,0.000600000000043738);
#59=CYLINDRICAL_SURFACE('',#1380,0.000599999999965174);
#60=CYLINDRICAL_SURFACE('',#1389,0.000600000000003984);
#61=CYLINDRICAL_SURFACE('',#1393,0.000599999999976982);
#62=CYLINDRICAL_SURFACE('',#1396,0.000599999999984144);
#63=CYLINDRICAL_SURFACE('',#1398,0.000599999999999455);
#64=CYLINDRICAL_SURFACE('',#1404,0.000600000000002554);
#65=CYLINDRICAL_SURFACE('',#1407,0.000599999999894218);
#66=CYLINDRICAL_SURFACE('',#1413,0.000599999999997632);
#67=CYLINDRICAL_SURFACE('',#1417,0.000599999999995975);
#68=CYLINDRICAL_SURFACE('',#1420,0.000599999999997962);
#69=CYLINDRICAL_SURFACE('',#1439,0.000999985028857804);
#70=CYLINDRICAL_SURFACE('',#1440,0.000599999999965174);
#71=CYLINDRICAL_SURFACE('',#1443,0.000599999999989984);
#72=CYLINDRICAL_SURFACE('',#1447,0.000600000000000789);
#73=CYLINDRICAL_SURFACE('',#1466,0.00125);
#74=ORIENTED_EDGE('',*,*,#464,.T.);
#75=ORIENTED_EDGE('',*,*,#465,.T.);
#76=ORIENTED_EDGE('',*,*,#466,.T.);
#77=ORIENTED_EDGE('',*,*,#467,.F.);
#78=ORIENTED_EDGE('',*,*,#468,.T.);
#79=ORIENTED_EDGE('',*,*,#469,.F.);
#80=ORIENTED_EDGE('',*,*,#470,.T.);
#81=ORIENTED_EDGE('',*,*,#471,.T.);
#82=ORIENTED_EDGE('',*,*,#472,.F.);
#83=ORIENTED_EDGE('',*,*,#473,.T.);
#84=ORIENTED_EDGE('',*,*,#474,.F.);
#85=ORIENTED_EDGE('',*,*,#475,.F.);
#86=ORIENTED_EDGE('',*,*,#476,.F.);
#87=ORIENTED_EDGE('',*,*,#477,.T.);
#88=ORIENTED_EDGE('',*,*,#478,.F.);
#89=ORIENTED_EDGE('',*,*,#479,.F.);
#90=ORIENTED_EDGE('',*,*,#480,.T.);
#91=ORIENTED_EDGE('',*,*,#481,.F.);
#92=ORIENTED_EDGE('',*,*,#482,.F.);
#93=ORIENTED_EDGE('',*,*,#483,.T.);
#94=ORIENTED_EDGE('',*,*,#484,.F.);
#95=ORIENTED_EDGE('',*,*,#485,.T.);
#96=ORIENTED_EDGE('',*,*,#486,.T.);
#97=ORIENTED_EDGE('',*,*,#487,.T.);
#98=ORIENTED_EDGE('',*,*,#488,.F.);
#99=ORIENTED_EDGE('',*,*,#489,.T.);
#100=ORIENTED_EDGE('',*,*,#476,.T.);
#101=ORIENTED_EDGE('',*,*,#490,.F.);
#102=ORIENTED_EDGE('',*,*,#491,.F.);
#103=ORIENTED_EDGE('',*,*,#492,.F.);
#104=ORIENTED_EDGE('',*,*,#484,.T.);
#105=ORIENTED_EDGE('',*,*,#493,.T.);
#106=ORIENTED_EDGE('',*,*,#494,.F.);
#107=ORIENTED_EDGE('',*,*,#495,.T.);
#108=ORIENTED_EDGE('',*,*,#496,.F.);
#109=ORIENTED_EDGE('',*,*,#497,.T.);
#110=ORIENTED_EDGE('',*,*,#498,.F.);
#111=ORIENTED_EDGE('',*,*,#499,.F.);
#112=ORIENTED_EDGE('',*,*,#500,.F.);
#113=ORIENTED_EDGE('',*,*,#501,.T.);
#114=ORIENTED_EDGE('',*,*,#502,.T.);
#115=ORIENTED_EDGE('',*,*,#503,.F.);
#116=ORIENTED_EDGE('',*,*,#504,.F.);
#117=ORIENTED_EDGE('',*,*,#505,.T.);
#118=ORIENTED_EDGE('',*,*,#506,.F.);
#119=ORIENTED_EDGE('',*,*,#507,.F.);
#120=ORIENTED_EDGE('',*,*,#508,.F.);
#121=ORIENTED_EDGE('',*,*,#509,.T.);
#122=ORIENTED_EDGE('',*,*,#510,.F.);
#123=ORIENTED_EDGE('',*,*,#511,.F.);
#124=ORIENTED_EDGE('',*,*,#512,.F.);
#125=ORIENTED_EDGE('',*,*,#513,.T.);
#126=ORIENTED_EDGE('',*,*,#506,.T.);
#127=ORIENTED_EDGE('',*,*,#514,.F.);
#128=ORIENTED_EDGE('',*,*,#515,.F.);
#129=ORIENTED_EDGE('',*,*,#516,.T.);
#130=ORIENTED_EDGE('',*,*,#517,.T.);
#131=ORIENTED_EDGE('',*,*,#486,.F.);
#132=ORIENTED_EDGE('',*,*,#518,.F.);
#133=ORIENTED_EDGE('',*,*,#519,.F.);
#134=ORIENTED_EDGE('',*,*,#520,.T.);
#135=ORIENTED_EDGE('',*,*,#521,.F.);
#136=ORIENTED_EDGE('',*,*,#500,.T.);
#137=ORIENTED_EDGE('',*,*,#522,.T.);
#138=ORIENTED_EDGE('',*,*,#523,.T.);
#139=ORIENTED_EDGE('',*,*,#524,.F.);
#140=ORIENTED_EDGE('',*,*,#525,.T.);
#141=ORIENTED_EDGE('',*,*,#526,.F.);
#142=ORIENTED_EDGE('',*,*,#527,.T.);
#143=ORIENTED_EDGE('',*,*,#528,.F.);
#144=ORIENTED_EDGE('',*,*,#504,.T.);
#145=ORIENTED_EDGE('',*,*,#523,.F.);
#146=ORIENTED_EDGE('',*,*,#529,.T.);
#147=ORIENTED_EDGE('',*,*,#468,.F.);
#148=ORIENTED_EDGE('',*,*,#530,.T.);
#149=ORIENTED_EDGE('',*,*,#531,.F.);
#150=ORIENTED_EDGE('',*,*,#469,.T.);
#151=ORIENTED_EDGE('',*,*,#532,.F.);
#152=ORIENTED_EDGE('',*,*,#496,.T.);
#153=ORIENTED_EDGE('',*,*,#533,.T.);
#154=ORIENTED_EDGE('',*,*,#534,.T.);
#155=ORIENTED_EDGE('',*,*,#535,.T.);
#156=ORIENTED_EDGE('',*,*,#536,.T.);
#157=ORIENTED_EDGE('',*,*,#510,.T.);
#158=ORIENTED_EDGE('',*,*,#537,.T.);
#159=ORIENTED_EDGE('',*,*,#538,.T.);
#160=ORIENTED_EDGE('',*,*,#539,.T.);
#161=ORIENTED_EDGE('',*,*,#540,.T.);
#162=ORIENTED_EDGE('',*,*,#541,.T.);
#163=ORIENTED_EDGE('',*,*,#542,.T.);
#164=ORIENTED_EDGE('',*,*,#543,.T.);
#165=ORIENTED_EDGE('',*,*,#544,.F.);
#166=ORIENTED_EDGE('',*,*,#545,.T.);
#167=ORIENTED_EDGE('',*,*,#495,.F.);
#168=ORIENTED_EDGE('',*,*,#546,.T.);
#169=ORIENTED_EDGE('',*,*,#547,.F.);
#170=ORIENTED_EDGE('',*,*,#548,.T.);
#171=ORIENTED_EDGE('',*,*,#549,.F.);
#172=ORIENTED_EDGE('',*,*,#550,.F.);
#173=ORIENTED_EDGE('',*,*,#551,.T.);
#174=ORIENTED_EDGE('',*,*,#533,.F.);
#175=ORIENTED_EDGE('',*,*,#552,.T.);
#176=ORIENTED_EDGE('',*,*,#553,.T.);
#177=ORIENTED_EDGE('',*,*,#534,.F.);
#178=ORIENTED_EDGE('',*,*,#551,.F.);
#179=ORIENTED_EDGE('',*,*,#554,.F.);
#180=ORIENTED_EDGE('',*,*,#555,.T.);
#181=ORIENTED_EDGE('',*,*,#535,.F.);
#182=ORIENTED_EDGE('',*,*,#553,.F.);
#183=ORIENTED_EDGE('',*,*,#556,.T.);
#184=ORIENTED_EDGE('',*,*,#511,.T.);
#185=ORIENTED_EDGE('',*,*,#536,.F.);
#186=ORIENTED_EDGE('',*,*,#555,.F.);
#187=ORIENTED_EDGE('',*,*,#557,.T.);
#188=ORIENTED_EDGE('',*,*,#558,.T.);
#189=ORIENTED_EDGE('',*,*,#537,.F.);
#190=ORIENTED_EDGE('',*,*,#509,.F.);
#191=ORIENTED_EDGE('',*,*,#559,.F.);
#192=ORIENTED_EDGE('',*,*,#560,.T.);
#193=ORIENTED_EDGE('',*,*,#538,.F.);
#194=ORIENTED_EDGE('',*,*,#558,.F.);
#195=ORIENTED_EDGE('',*,*,#561,.F.);
#196=ORIENTED_EDGE('',*,*,#562,.T.);
#197=ORIENTED_EDGE('',*,*,#539,.F.);
#198=ORIENTED_EDGE('',*,*,#560,.F.);
#199=ORIENTED_EDGE('',*,*,#563,.F.);
#200=ORIENTED_EDGE('',*,*,#564,.T.);
#201=ORIENTED_EDGE('',*,*,#540,.F.);
#202=ORIENTED_EDGE('',*,*,#562,.F.);
#203=ORIENTED_EDGE('',*,*,#565,.F.);
#204=ORIENTED_EDGE('',*,*,#566,.T.);
#205=ORIENTED_EDGE('',*,*,#541,.F.);
#206=ORIENTED_EDGE('',*,*,#564,.F.);
#207=ORIENTED_EDGE('',*,*,#567,.F.);
#208=ORIENTED_EDGE('',*,*,#568,.T.);
#209=ORIENTED_EDGE('',*,*,#542,.F.);
#210=ORIENTED_EDGE('',*,*,#566,.F.);
#211=ORIENTED_EDGE('',*,*,#569,.F.);
#212=ORIENTED_EDGE('',*,*,#545,.F.);
#213=ORIENTED_EDGE('',*,*,#570,.T.);
#214=ORIENTED_EDGE('',*,*,#571,.F.);
#215=ORIENTED_EDGE('',*,*,#480,.F.);
#216=ORIENTED_EDGE('',*,*,#572,.F.);
#217=ORIENTED_EDGE('',*,*,#573,.T.);
#218=ORIENTED_EDGE('',*,*,#491,.T.);
#219=ORIENTED_EDGE('',*,*,#574,.F.);
#220=ORIENTED_EDGE('',*,*,#575,.F.);
#221=ORIENTED_EDGE('',*,*,#576,.T.);
#222=ORIENTED_EDGE('',*,*,#575,.T.);
#223=ORIENTED_EDGE('',*,*,#577,.F.);
#224=ORIENTED_EDGE('',*,*,#578,.F.);
#225=ORIENTED_EDGE('',*,*,#543,.F.);
#226=ORIENTED_EDGE('',*,*,#568,.F.);
#227=ORIENTED_EDGE('',*,*,#579,.F.);
#228=ORIENTED_EDGE('',*,*,#544,.T.);
#229=ORIENTED_EDGE('',*,*,#578,.T.);
#230=ORIENTED_EDGE('',*,*,#580,.F.);
#231=ORIENTED_EDGE('',*,*,#570,.F.);
#232=ORIENTED_EDGE('',*,*,#580,.T.);
#233=ORIENTED_EDGE('',*,*,#577,.T.);
#234=ORIENTED_EDGE('',*,*,#574,.T.);
#235=ORIENTED_EDGE('',*,*,#490,.T.);
#236=ORIENTED_EDGE('',*,*,#481,.T.);
#237=ORIENTED_EDGE('',*,*,#571,.T.);
#238=ORIENTED_EDGE('',*,*,#581,.T.);
#239=ORIENTED_EDGE('',*,*,#582,.T.);
#240=ORIENTED_EDGE('',*,*,#583,.F.);
#241=ORIENTED_EDGE('',*,*,#584,.F.);
#242=ORIENTED_EDGE('',*,*,#585,.F.);
#243=ORIENTED_EDGE('',*,*,#586,.T.);
#244=ORIENTED_EDGE('',*,*,#587,.F.);
#245=ORIENTED_EDGE('',*,*,#582,.F.);
#246=ORIENTED_EDGE('',*,*,#588,.T.);
#247=ORIENTED_EDGE('',*,*,#589,.T.);
#248=ORIENTED_EDGE('',*,*,#590,.F.);
#249=ORIENTED_EDGE('',*,*,#586,.F.);
#250=ORIENTED_EDGE('',*,*,#591,.F.);
#251=ORIENTED_EDGE('',*,*,#592,.T.);
#252=ORIENTED_EDGE('',*,*,#593,.F.);
#253=ORIENTED_EDGE('',*,*,#594,.F.);
#254=ORIENTED_EDGE('',*,*,#595,.F.);
#255=ORIENTED_EDGE('',*,*,#596,.T.);
#256=ORIENTED_EDGE('',*,*,#597,.F.);
#257=ORIENTED_EDGE('',*,*,#592,.F.);
#258=ORIENTED_EDGE('',*,*,#598,.F.);
#259=ORIENTED_EDGE('',*,*,#599,.T.);
#260=ORIENTED_EDGE('',*,*,#600,.F.);
#261=ORIENTED_EDGE('',*,*,#596,.F.);
#262=ORIENTED_EDGE('',*,*,#601,.F.);
#263=ORIENTED_EDGE('',*,*,#584,.T.);
#264=ORIENTED_EDGE('',*,*,#602,.F.);
#265=ORIENTED_EDGE('',*,*,#599,.F.);
#266=ORIENTED_EDGE('',*,*,#603,.F.);
#267=ORIENTED_EDGE('',*,*,#604,.T.);
#268=ORIENTED_EDGE('',*,*,#593,.T.);
#269=ORIENTED_EDGE('',*,*,#597,.T.);
#270=ORIENTED_EDGE('',*,*,#600,.T.);
#271=ORIENTED_EDGE('',*,*,#602,.T.);
#272=ORIENTED_EDGE('',*,*,#583,.T.);
#273=ORIENTED_EDGE('',*,*,#587,.T.);
#274=ORIENTED_EDGE('',*,*,#590,.T.);
#275=ORIENTED_EDGE('',*,*,#605,.T.);
#276=ORIENTED_EDGE('',*,*,#603,.T.);
#277=ORIENTED_EDGE('',*,*,#606,.T.);
#278=ORIENTED_EDGE('',*,*,#607,.F.);
#279=ORIENTED_EDGE('',*,*,#608,.F.);
#280=ORIENTED_EDGE('',*,*,#532,.T.);
#281=ORIENTED_EDGE('',*,*,#475,.T.);
#282=ORIENTED_EDGE('',*,*,#609,.F.);
#283=ORIENTED_EDGE('',*,*,#497,.F.);
#284=ORIENTED_EDGE('',*,*,#609,.T.);
#285=ORIENTED_EDGE('',*,*,#474,.T.);
#286=ORIENTED_EDGE('',*,*,#610,.T.);
#287=ORIENTED_EDGE('',*,*,#526,.T.);
#288=ORIENTED_EDGE('',*,*,#611,.T.);
#289=ORIENTED_EDGE('',*,*,#612,.T.);
#290=ORIENTED_EDGE('',*,*,#607,.T.);
#291=ORIENTED_EDGE('',*,*,#613,.T.);
#292=ORIENTED_EDGE('',*,*,#614,.T.);
#293=ORIENTED_EDGE('',*,*,#615,.T.);
#294=ORIENTED_EDGE('',*,*,#616,.T.);
#295=ORIENTED_EDGE('',*,*,#498,.T.);
#296=ORIENTED_EDGE('',*,*,#617,.F.);
#297=ORIENTED_EDGE('',*,*,#518,.T.);
#298=ORIENTED_EDGE('',*,*,#485,.F.);
#299=ORIENTED_EDGE('',*,*,#492,.T.);
#300=ORIENTED_EDGE('',*,*,#576,.F.);
#301=ORIENTED_EDGE('',*,*,#579,.T.);
#302=ORIENTED_EDGE('',*,*,#567,.T.);
#303=ORIENTED_EDGE('',*,*,#565,.T.);
#304=ORIENTED_EDGE('',*,*,#563,.T.);
#305=ORIENTED_EDGE('',*,*,#561,.T.);
#306=ORIENTED_EDGE('',*,*,#559,.T.);
#307=ORIENTED_EDGE('',*,*,#557,.F.);
#308=ORIENTED_EDGE('',*,*,#508,.T.);
#309=ORIENTED_EDGE('',*,*,#556,.F.);
#310=ORIENTED_EDGE('',*,*,#554,.T.);
#311=ORIENTED_EDGE('',*,*,#552,.F.);
#312=ORIENTED_EDGE('',*,*,#550,.T.);
#313=ORIENTED_EDGE('',*,*,#618,.T.);
#314=ORIENTED_EDGE('',*,*,#619,.T.);
#315=ORIENTED_EDGE('',*,*,#620,.T.);
#316=ORIENTED_EDGE('',*,*,#621,.T.);
#317=ORIENTED_EDGE('',*,*,#622,.T.);
#318=ORIENTED_EDGE('',*,*,#588,.F.);
#319=ORIENTED_EDGE('',*,*,#585,.T.);
#320=ORIENTED_EDGE('',*,*,#581,.F.);
#321=ORIENTED_EDGE('',*,*,#601,.T.);
#322=ORIENTED_EDGE('',*,*,#598,.T.);
#323=ORIENTED_EDGE('',*,*,#595,.T.);
#324=ORIENTED_EDGE('',*,*,#591,.T.);
#325=ORIENTED_EDGE('',*,*,#623,.T.);
#326=ORIENTED_EDGE('',*,*,#624,.F.);
#327=ORIENTED_EDGE('',*,*,#524,.T.);
#328=ORIENTED_EDGE('',*,*,#530,.F.);
#329=ORIENTED_EDGE('',*,*,#467,.T.);
#330=ORIENTED_EDGE('',*,*,#625,.T.);
#331=ORIENTED_EDGE('',*,*,#623,.F.);
#332=ORIENTED_EDGE('',*,*,#594,.T.);
#333=ORIENTED_EDGE('',*,*,#604,.F.);
#334=ORIENTED_EDGE('',*,*,#608,.T.);
#335=ORIENTED_EDGE('',*,*,#612,.F.);
#336=ORIENTED_EDGE('',*,*,#624,.T.);
#337=ORIENTED_EDGE('',*,*,#625,.F.);
#338=ORIENTED_EDGE('',*,*,#611,.F.);
#339=ORIENTED_EDGE('',*,*,#525,.F.);
#340=ORIENTED_EDGE('',*,*,#626,.F.);
#341=ORIENTED_EDGE('',*,*,#527,.F.);
#342=ORIENTED_EDGE('',*,*,#610,.F.);
#343=ORIENTED_EDGE('',*,*,#473,.F.);
#344=ORIENTED_EDGE('',*,*,#627,.F.);
#345=ORIENTED_EDGE('',*,*,#628,.F.);
#346=ORIENTED_EDGE('',*,*,#618,.F.);
#347=ORIENTED_EDGE('',*,*,#549,.T.);
#348=ORIENTED_EDGE('',*,*,#629,.F.);
#349=ORIENTED_EDGE('',*,*,#630,.T.);
#350=ORIENTED_EDGE('',*,*,#499,.T.);
#351=ORIENTED_EDGE('',*,*,#616,.F.);
#352=ORIENTED_EDGE('',*,*,#631,.F.);
#353=ORIENTED_EDGE('',*,*,#619,.F.);
#354=ORIENTED_EDGE('',*,*,#628,.T.);
#355=ORIENTED_EDGE('',*,*,#632,.T.);
#356=ORIENTED_EDGE('',*,*,#620,.F.);
#357=ORIENTED_EDGE('',*,*,#631,.T.);
#358=ORIENTED_EDGE('',*,*,#615,.F.);
#359=ORIENTED_EDGE('',*,*,#633,.F.);
#360=ORIENTED_EDGE('',*,*,#621,.F.);
#361=ORIENTED_EDGE('',*,*,#633,.T.);
#362=ORIENTED_EDGE('',*,*,#614,.F.);
#363=ORIENTED_EDGE('',*,*,#634,.F.);
#364=ORIENTED_EDGE('',*,*,#622,.F.);
#365=ORIENTED_EDGE('',*,*,#634,.T.);
#366=ORIENTED_EDGE('',*,*,#613,.F.);
#367=ORIENTED_EDGE('',*,*,#606,.F.);
#368=ORIENTED_EDGE('',*,*,#605,.F.);
#369=ORIENTED_EDGE('',*,*,#589,.F.);
#370=ORIENTED_EDGE('',*,*,#517,.F.);
#371=ORIENTED_EDGE('',*,*,#635,.T.);
#372=ORIENTED_EDGE('',*,*,#464,.F.);
#373=ORIENTED_EDGE('',*,*,#529,.F.);
#374=ORIENTED_EDGE('',*,*,#522,.F.);
#375=ORIENTED_EDGE('',*,*,#507,.T.);
#376=ORIENTED_EDGE('',*,*,#513,.F.);
#377=ORIENTED_EDGE('',*,*,#636,.F.);
#378=ORIENTED_EDGE('',*,*,#487,.F.);
#379=ORIENTED_EDGE('',*,*,#478,.T.);
#380=ORIENTED_EDGE('',*,*,#637,.T.);
#381=ORIENTED_EDGE('',*,*,#638,.F.);
#382=ORIENTED_EDGE('',*,*,#639,.F.);
#383=ORIENTED_EDGE('',*,*,#482,.T.);
#384=ORIENTED_EDGE('',*,*,#636,.T.);
#385=ORIENTED_EDGE('',*,*,#512,.T.);
#386=ORIENTED_EDGE('',*,*,#640,.F.);
#387=ORIENTED_EDGE('',*,*,#472,.T.);
#388=ORIENTED_EDGE('',*,*,#641,.T.);
#389=ORIENTED_EDGE('',*,*,#572,.T.);
#390=ORIENTED_EDGE('',*,*,#479,.T.);
#391=ORIENTED_EDGE('',*,*,#640,.T.);
#392=ORIENTED_EDGE('',*,*,#514,.T.);
#393=ORIENTED_EDGE('',*,*,#505,.F.);
#394=ORIENTED_EDGE('',*,*,#528,.T.);
#395=ORIENTED_EDGE('',*,*,#626,.T.);
#396=ORIENTED_EDGE('',*,*,#519,.T.);
#397=ORIENTED_EDGE('',*,*,#503,.T.);
#398=ORIENTED_EDGE('',*,*,#642,.T.);
#399=ORIENTED_EDGE('',*,*,#643,.F.);
#400=ORIENTED_EDGE('',*,*,#546,.F.);
#401=ORIENTED_EDGE('',*,*,#494,.T.);
#402=ORIENTED_EDGE('',*,*,#630,.F.);
#403=ORIENTED_EDGE('',*,*,#644,.F.);
#404=ORIENTED_EDGE('',*,*,#547,.T.);
#405=ORIENTED_EDGE('',*,*,#643,.T.);
#406=ORIENTED_EDGE('',*,*,#645,.F.);
#407=ORIENTED_EDGE('',*,*,#646,.F.);
#408=ORIENTED_EDGE('',*,*,#644,.T.);
#409=ORIENTED_EDGE('',*,*,#629,.T.);
#410=ORIENTED_EDGE('',*,*,#647,.F.);
#411=ORIENTED_EDGE('',*,*,#520,.F.);
#412=ORIENTED_EDGE('',*,*,#521,.T.);
#413=ORIENTED_EDGE('',*,*,#647,.T.);
#414=ORIENTED_EDGE('',*,*,#632,.F.);
#415=ORIENTED_EDGE('',*,*,#627,.T.);
#416=ORIENTED_EDGE('',*,*,#548,.F.);
#417=ORIENTED_EDGE('',*,*,#646,.T.);
#418=ORIENTED_EDGE('',*,*,#648,.T.);
#419=ORIENTED_EDGE('',*,*,#501,.F.);
#420=ORIENTED_EDGE('',*,*,#502,.F.);
#421=ORIENTED_EDGE('',*,*,#648,.F.);
#422=ORIENTED_EDGE('',*,*,#645,.T.);
#423=ORIENTED_EDGE('',*,*,#642,.F.);
#424=ORIENTED_EDGE('',*,*,#489,.F.);
#425=ORIENTED_EDGE('',*,*,#649,.T.);
#426=ORIENTED_EDGE('',*,*,#650,.F.);
#427=ORIENTED_EDGE('',*,*,#637,.F.);
#428=ORIENTED_EDGE('',*,*,#477,.F.);
#429=ORIENTED_EDGE('',*,*,#639,.T.);
#430=ORIENTED_EDGE('',*,*,#651,.F.);
#431=ORIENTED_EDGE('',*,*,#652,.F.);
#432=ORIENTED_EDGE('',*,*,#493,.F.);
#433=ORIENTED_EDGE('',*,*,#483,.F.);
#434=ORIENTED_EDGE('',*,*,#488,.T.);
#435=ORIENTED_EDGE('',*,*,#652,.T.);
#436=ORIENTED_EDGE('',*,*,#653,.T.);
#437=ORIENTED_EDGE('',*,*,#649,.F.);
#438=ORIENTED_EDGE('',*,*,#650,.T.);
#439=ORIENTED_EDGE('',*,*,#653,.F.);
#440=ORIENTED_EDGE('',*,*,#651,.T.);
#441=ORIENTED_EDGE('',*,*,#638,.T.);
#442=ORIENTED_EDGE('',*,*,#654,.T.);
#443=ORIENTED_EDGE('',*,*,#569,.T.);
#444=ORIENTED_EDGE('',*,*,#655,.T.);
#445=ORIENTED_EDGE('',*,*,#470,.F.);
#446=ORIENTED_EDGE('',*,*,#531,.T.);
#447=ORIENTED_EDGE('',*,*,#466,.F.);
#448=ORIENTED_EDGE('',*,*,#656,.T.);
#449=ORIENTED_EDGE('',*,*,#515,.T.);
#450=ORIENTED_EDGE('',*,*,#617,.T.);
#451=ORIENTED_EDGE('',*,*,#657,.F.);
#452=ORIENTED_EDGE('',*,*,#658,.T.);
#453=ORIENTED_EDGE('',*,*,#657,.T.);
#454=ORIENTED_EDGE('',*,*,#658,.F.);
#455=ORIENTED_EDGE('',*,*,#654,.F.);
#456=ORIENTED_EDGE('',*,*,#465,.F.);
#457=ORIENTED_EDGE('',*,*,#635,.F.);
#458=ORIENTED_EDGE('',*,*,#516,.F.);
#459=ORIENTED_EDGE('',*,*,#656,.F.);
#460=ORIENTED_EDGE('',*,*,#573,.F.);
#461=ORIENTED_EDGE('',*,*,#641,.F.);
#462=ORIENTED_EDGE('',*,*,#471,.F.);
#463=ORIENTED_EDGE('',*,*,#655,.F.);
#464=EDGE_CURVE('',#659,#660,#791,.T.);
#465=EDGE_CURVE('',#660,#661,#792,.T.);
#466=EDGE_CURVE('',#661,#662,#793,.T.);
#467=EDGE_CURVE('',#663,#662,#794,.T.);
#468=EDGE_CURVE('',#663,#659,#795,.T.);
#469=EDGE_CURVE('',#664,#665,#796,.T.);
#470=EDGE_CURVE('',#664,#666,#797,.T.);
#471=EDGE_CURVE('',#666,#667,#798,.F.);
#472=EDGE_CURVE('',#668,#667,#799,.T.);
#473=EDGE_CURVE('',#668,#669,#800,.T.);
#474=EDGE_CURVE('',#670,#669,#801,.T.);
#475=EDGE_CURVE('',#665,#670,#802,.T.);
#476=EDGE_CURVE('',#671,#672,#803,.T.);
#477=EDGE_CURVE('',#671,#673,#16,.F.);
#478=EDGE_CURVE('',#674,#673,#804,.F.);
#479=EDGE_CURVE('',#675,#674,#17,.F.);
#480=EDGE_CURVE('',#675,#676,#805,.T.);
#481=EDGE_CURVE('',#672,#676,#18,.T.);
#482=EDGE_CURVE('',#677,#678,#806,.F.);
#483=EDGE_CURVE('',#677,#679,#19,.F.);
#484=EDGE_CURVE('',#680,#679,#807,.T.);
#485=EDGE_CURVE('',#680,#681,#20,.T.);
#486=EDGE_CURVE('',#681,#682,#808,.T.);
#487=EDGE_CURVE('',#682,#678,#21,.F.);
#488=EDGE_CURVE('',#683,#684,#809,.T.);
#489=EDGE_CURVE('',#683,#671,#810,.T.);
#490=EDGE_CURVE('',#685,#672,#811,.T.);
#491=EDGE_CURVE('',#686,#685,#812,.T.);
#492=EDGE_CURVE('',#680,#686,#813,.T.);
#493=EDGE_CURVE('',#679,#684,#814,.T.);
#494=EDGE_CURVE('',#687,#688,#815,.T.);
#495=EDGE_CURVE('',#687,#689,#816,.T.);
#496=EDGE_CURVE('',#690,#689,#817,.T.);
#497=EDGE_CURVE('',#690,#691,#818,.T.);
#498=EDGE_CURVE('',#692,#691,#819,.T.);
#499=EDGE_CURVE('',#688,#692,#820,.T.);
#500=EDGE_CURVE('',#693,#694,#821,.T.);
#501=EDGE_CURVE('',#693,#695,#822,.T.);
#502=EDGE_CURVE('',#695,#696,#823,.T.);
#503=EDGE_CURVE('',#697,#696,#824,.T.);
#504=EDGE_CURVE('',#698,#697,#825,.T.);
#505=EDGE_CURVE('',#698,#699,#826,.T.);
#506=EDGE_CURVE('',#700,#699,#827,.T.);
#507=EDGE_CURVE('',#694,#700,#828,.T.);
#508=EDGE_CURVE('',#701,#702,#829,.T.);
#509=EDGE_CURVE('',#701,#703,#830,.T.);
#510=EDGE_CURVE('',#704,#703,#831,.T.);
#511=EDGE_CURVE('',#702,#704,#832,.T.);
#512=EDGE_CURVE('',#705,#706,#833,.T.);
#513=EDGE_CURVE('',#705,#700,#834,.T.);
#514=EDGE_CURVE('',#706,#699,#835,.T.);
#515=EDGE_CURVE('',#707,#708,#836,.T.);
#516=EDGE_CURVE('',#707,#709,#837,.T.);
#517=EDGE_CURVE('',#709,#682,#838,.T.);
#518=EDGE_CURVE('',#708,#681,#839,.T.);
#519=EDGE_CURVE('',#710,#697,#840,.T.);
#520=EDGE_CURVE('',#710,#711,#841,.T.);
#521=EDGE_CURVE('',#693,#711,#842,.T.);
#522=EDGE_CURVE('',#694,#712,#843,.T.);
#523=EDGE_CURVE('',#712,#713,#844,.F.);
#524=EDGE_CURVE('',#714,#713,#845,.T.);
#525=EDGE_CURVE('',#714,#715,#846,.T.);
#526=EDGE_CURVE('',#716,#715,#847,.T.);
#527=EDGE_CURVE('',#716,#717,#848,.F.);
#528=EDGE_CURVE('',#698,#717,#849,.T.);
#529=EDGE_CURVE('',#712,#659,#22,.F.);
#530=EDGE_CURVE('',#663,#713,#23,.T.);
#531=EDGE_CURVE('',#664,#718,#850,.T.);
#532=EDGE_CURVE('',#690,#665,#851,.T.);
#533=EDGE_CURVE('',#689,#719,#24,.T.);
#534=EDGE_CURVE('',#719,#720,#25,.T.);
#535=EDGE_CURVE('',#720,#721,#852,.T.);
#536=EDGE_CURVE('',#721,#704,#26,.T.);
#537=EDGE_CURVE('',#703,#722,#27,.T.);
#538=EDGE_CURVE('',#722,#723,#853,.T.);
#539=EDGE_CURVE('',#723,#724,#854,.T.);
#540=EDGE_CURVE('',#724,#725,#855,.T.);
#541=EDGE_CURVE('',#725,#726,#856,.T.);
#542=EDGE_CURVE('',#726,#727,#28,.T.);
#543=EDGE_CURVE('',#727,#728,#857,.T.);
#544=EDGE_CURVE('',#729,#728,#858,.T.);
#545=EDGE_CURVE('',#729,#718,#859,.T.);
#546=EDGE_CURVE('',#687,#730,#29,.F.);
#547=EDGE_CURVE('',#731,#730,#860,.T.);
#548=EDGE_CURVE('',#731,#732,#30,.F.);
#549=EDGE_CURVE('',#733,#732,#861,.T.);
#550=EDGE_CURVE('',#734,#733,#31,.T.);
#551=EDGE_CURVE('',#734,#719,#862,.T.);
#552=EDGE_CURVE('',#734,#735,#32,.T.);
#553=EDGE_CURVE('',#735,#720,#863,.T.);
#554=EDGE_CURVE('',#736,#735,#864,.T.);
#555=EDGE_CURVE('',#736,#721,#865,.T.);
#556=EDGE_CURVE('',#736,#702,#33,.T.);
#557=EDGE_CURVE('',#701,#737,#34,.T.);
#558=EDGE_CURVE('',#737,#722,#866,.T.);
#559=EDGE_CURVE('',#738,#737,#867,.T.);
#560=EDGE_CURVE('',#738,#723,#868,.T.);
#561=EDGE_CURVE('',#739,#738,#869,.T.);
#562=EDGE_CURVE('',#739,#724,#870,.T.);
#563=EDGE_CURVE('',#740,#739,#871,.T.);
#564=EDGE_CURVE('',#740,#725,#872,.T.);
#565=EDGE_CURVE('',#741,#740,#873,.T.);
#566=EDGE_CURVE('',#741,#726,#874,.T.);
#567=EDGE_CURVE('',#742,#741,#35,.T.);
#568=EDGE_CURVE('',#742,#727,#875,.T.);
#569=EDGE_CURVE('',#718,#743,#876,.T.);
#570=EDGE_CURVE('',#729,#744,#877,.T.);
#571=EDGE_CURVE('',#676,#744,#878,.T.);
#572=EDGE_CURVE('',#745,#675,#879,.T.);
#573=EDGE_CURVE('',#745,#743,#880,.F.);
#574=EDGE_CURVE('',#746,#685,#36,.T.);
#575=EDGE_CURVE('',#747,#746,#15,.T.);
#576=EDGE_CURVE('',#747,#686,#37,.T.);
#577=EDGE_CURVE('',#748,#746,#881,.T.);
#578=EDGE_CURVE('',#728,#748,#882,.T.);
#579=EDGE_CURVE('',#747,#742,#883,.T.);
#580=EDGE_CURVE('',#744,#748,#884,.T.);
#581=EDGE_CURVE('',#749,#750,#38,.T.);
#582=EDGE_CURVE('',#750,#751,#885,.T.);
#583=EDGE_CURVE('',#752,#751,#39,.T.);
#584=EDGE_CURVE('',#749,#752,#886,.T.);
#585=EDGE_CURVE('',#753,#750,#887,.T.);
#586=EDGE_CURVE('',#753,#754,#888,.T.);
#587=EDGE_CURVE('',#751,#754,#889,.T.);
#588=EDGE_CURVE('',#753,#755,#40,.T.);
#589=EDGE_CURVE('',#755,#756,#890,.T.);
#590=EDGE_CURVE('',#754,#756,#41,.T.);
#591=EDGE_CURVE('',#757,#758,#42,.T.);
#592=EDGE_CURVE('',#757,#759,#891,.T.);
#593=EDGE_CURVE('',#760,#759,#43,.T.);
#594=EDGE_CURVE('',#758,#760,#892,.T.);
#595=EDGE_CURVE('',#761,#757,#893,.T.);
#596=EDGE_CURVE('',#761,#762,#894,.T.);
#597=EDGE_CURVE('',#759,#762,#895,.T.);
#598=EDGE_CURVE('',#763,#761,#896,.T.);
#599=EDGE_CURVE('',#763,#764,#897,.T.);
#600=EDGE_CURVE('',#762,#764,#898,.T.);
#601=EDGE_CURVE('',#749,#763,#899,.T.);
#602=EDGE_CURVE('',#764,#752,#900,.T.);
#603=EDGE_CURVE('',#765,#766,#901,.T.);
#604=EDGE_CURVE('',#765,#760,#902,.T.);
#605=EDGE_CURVE('',#756,#766,#903,.T.);
#606=EDGE_CURVE('',#766,#767,#904,.T.);
#607=EDGE_CURVE('',#768,#767,#905,.T.);
#608=EDGE_CURVE('',#765,#768,#906,.T.);
#609=EDGE_CURVE('',#691,#670,#907,.T.);
#610=EDGE_CURVE('',#669,#716,#44,.T.);
#611=EDGE_CURVE('',#715,#769,#45,.T.);
#612=EDGE_CURVE('',#769,#768,#908,.T.);
#613=EDGE_CURVE('',#767,#770,#909,.T.);
#614=EDGE_CURVE('',#770,#771,#46,.T.);
#615=EDGE_CURVE('',#771,#772,#910,.T.);
#616=EDGE_CURVE('',#772,#692,#47,.T.);
#617=EDGE_CURVE('',#708,#662,#911,.T.);
#618=EDGE_CURVE('',#733,#773,#912,.T.);
#619=EDGE_CURVE('',#773,#774,#48,.T.);
#620=EDGE_CURVE('',#774,#775,#913,.T.);
#621=EDGE_CURVE('',#775,#776,#49,.T.);
#622=EDGE_CURVE('',#776,#755,#914,.T.);
#623=EDGE_CURVE('',#758,#777,#915,.T.);
#624=EDGE_CURVE('',#714,#777,#50,.T.);
#625=EDGE_CURVE('',#769,#777,#916,.F.);
#626=EDGE_CURVE('',#717,#668,#51,.F.);
#627=EDGE_CURVE('',#778,#732,#917,.T.);
#628=EDGE_CURVE('',#773,#778,#918,.T.);
#629=EDGE_CURVE('',#779,#780,#919,.F.);
#630=EDGE_CURVE('',#779,#688,#52,.F.);
#631=EDGE_CURVE('',#774,#772,#920,.T.);
#632=EDGE_CURVE('',#778,#780,#53,.F.);
#633=EDGE_CURVE('',#775,#771,#921,.T.);
#634=EDGE_CURVE('',#776,#770,#922,.T.);
#635=EDGE_CURVE('',#709,#660,#923,.T.);
#636=EDGE_CURVE('',#678,#705,#924,.T.);
#637=EDGE_CURVE('',#673,#781,#925,.T.);
#638=EDGE_CURVE('',#782,#781,#926,.T.);
#639=EDGE_CURVE('',#677,#782,#927,.T.);
#640=EDGE_CURVE('',#674,#706,#928,.T.);
#641=EDGE_CURVE('',#667,#745,#929,.T.);
#642=EDGE_CURVE('',#696,#783,#930,.T.);
#643=EDGE_CURVE('',#730,#783,#931,.T.);
#644=EDGE_CURVE('',#710,#779,#932,.T.);
#645=EDGE_CURVE('',#784,#783,#933,.T.);
#646=EDGE_CURVE('',#731,#784,#934,.T.);
#647=EDGE_CURVE('',#711,#780,#935,.T.);
#648=EDGE_CURVE('',#784,#695,#936,.T.);
#649=EDGE_CURVE('',#683,#785,#937,.T.);
#650=EDGE_CURVE('',#781,#785,#938,.T.);
#651=EDGE_CURVE('',#786,#782,#939,.T.);
#652=EDGE_CURVE('',#684,#786,#940,.T.);
#653=EDGE_CURVE('',#786,#785,#941,.T.);
#654=EDGE_CURVE('',#787,#787,#54,.T.);
#655=EDGE_CURVE('',#743,#666,#942,.T.);
#656=EDGE_CURVE('',#661,#707,#943,.T.);
#657=EDGE_CURVE('',#789,#789,#55,.T.);
#658=EDGE_CURVE('',#790,#790,#56,.F.);
#659=VERTEX_POINT('',#1843);
#660=VERTEX_POINT('',#1844);
#661=VERTEX_POINT('',#1846);
#662=VERTEX_POINT('',#1848);
#663=VERTEX_POINT('',#1850);
#664=VERTEX_POINT('',#1854);
#665=VERTEX_POINT('',#1855);
#666=VERTEX_POINT('',#1857);
#667=VERTEX_POINT('',#1859);
#668=VERTEX_POINT('',#1861);
#669=VERTEX_POINT('',#1863);
#670=VERTEX_POINT('',#1865);
#671=VERTEX_POINT('',#1869);
#672=VERTEX_POINT('',#1870);
#673=VERTEX_POINT('',#1872);
#674=VERTEX_POINT('',#1874);
#675=VERTEX_POINT('',#1876);
#676=VERTEX_POINT('',#1878);
#677=VERTEX_POINT('',#1882);
#678=VERTEX_POINT('',#1883);
#679=VERTEX_POINT('',#1885);
#680=VERTEX_POINT('',#1887);
#681=VERTEX_POINT('',#1889);
#682=VERTEX_POINT('',#1891);
#683=VERTEX_POINT('',#1895);
#684=VERTEX_POINT('',#1896);
#685=VERTEX_POINT('',#1899);
#686=VERTEX_POINT('',#1901);
#687=VERTEX_POINT('',#1906);
#688=VERTEX_POINT('',#1907);
#689=VERTEX_POINT('',#1909);
#690=VERTEX_POINT('',#1911);
#691=VERTEX_POINT('',#1913);
#692=VERTEX_POINT('',#1915);
#693=VERTEX_POINT('',#1919);
#694=VERTEX_POINT('',#1920);
#695=VERTEX_POINT('',#1922);
#696=VERTEX_POINT('',#1924);
#697=VERTEX_POINT('',#1926);
#698=VERTEX_POINT('',#1928);
#699=VERTEX_POINT('',#1930);
#700=VERTEX_POINT('',#1932);
#701=VERTEX_POINT('',#1936);
#702=VERTEX_POINT('',#1937);
#703=VERTEX_POINT('',#1939);
#704=VERTEX_POINT('',#1941);
#705=VERTEX_POINT('',#1944);
#706=VERTEX_POINT('',#1945);
#707=VERTEX_POINT('',#1950);
#708=VERTEX_POINT('',#1951);
#709=VERTEX_POINT('',#1953);
#710=VERTEX_POINT('',#1958);
#711=VERTEX_POINT('',#1960);
#712=VERTEX_POINT('',#1963);
#713=VERTEX_POINT('',#1965);
#714=VERTEX_POINT('',#1967);
#715=VERTEX_POINT('',#1969);
#716=VERTEX_POINT('',#1971);
#717=VERTEX_POINT('',#1973);
#718=VERTEX_POINT('',#1980);
#719=VERTEX_POINT('',#1983);
#720=VERTEX_POINT('',#1985);
#721=VERTEX_POINT('',#1987);
#722=VERTEX_POINT('',#1990);
#723=VERTEX_POINT('',#1992);
#724=VERTEX_POINT('',#1994);
#725=VERTEX_POINT('',#1996);
#726=VERTEX_POINT('',#1998);
#727=VERTEX_POINT('',#2000);
#728=VERTEX_POINT('',#2002);
#729=VERTEX_POINT('',#2004);
#730=VERTEX_POINT('',#2008);
#731=VERTEX_POINT('',#2010);
#732=VERTEX_POINT('',#2012);
#733=VERTEX_POINT('',#2014);
#734=VERTEX_POINT('',#2016);
#735=VERTEX_POINT('',#2020);
#736=VERTEX_POINT('',#2024);
#737=VERTEX_POINT('',#2030);
#738=VERTEX_POINT('',#2034);
#739=VERTEX_POINT('',#2038);
#740=VERTEX_POINT('',#2042);
#741=VERTEX_POINT('',#2046);
#742=VERTEX_POINT('',#2050);
#743=VERTEX_POINT('',#2054);
#744=VERTEX_POINT('',#2056);
#745=VERTEX_POINT('',#2059);
#746=VERTEX_POINT('',#2063);
#747=VERTEX_POINT('',#2068);
#748=VERTEX_POINT('',#2072);
#749=VERTEX_POINT('',#2080);
#750=VERTEX_POINT('',#2081);
#751=VERTEX_POINT('',#2083);
#752=VERTEX_POINT('',#2085);
#753=VERTEX_POINT('',#2089);
#754=VERTEX_POINT('',#2091);
#755=VERTEX_POINT('',#2095);
#756=VERTEX_POINT('',#2097);
#757=VERTEX_POINT('',#2101);
#758=VERTEX_POINT('',#2102);
#759=VERTEX_POINT('',#2104);
#760=VERTEX_POINT('',#2106);
#761=VERTEX_POINT('',#2110);
#762=VERTEX_POINT('',#2112);
#763=VERTEX_POINT('',#2116);
#764=VERTEX_POINT('',#2118);
#765=VERTEX_POINT('',#2125);
#766=VERTEX_POINT('',#2126);
#767=VERTEX_POINT('',#2131);
#768=VERTEX_POINT('',#2133);
#769=VERTEX_POINT('',#2140);
#770=VERTEX_POINT('',#2143);
#771=VERTEX_POINT('',#2145);
#772=VERTEX_POINT('',#2147);
#773=VERTEX_POINT('',#2152);
#774=VERTEX_POINT('',#2154);
#775=VERTEX_POINT('',#2156);
#776=VERTEX_POINT('',#2158);
#777=VERTEX_POINT('',#2161);
#778=VERTEX_POINT('',#2170);
#779=VERTEX_POINT('',#2174);
#780=VERTEX_POINT('',#2175);
#781=VERTEX_POINT('',#2189);
#782=VERTEX_POINT('',#2191);
#783=VERTEX_POINT('',#2198);
#784=VERTEX_POINT('',#2203);
#785=VERTEX_POINT('',#2212);
#786=VERTEX_POINT('',#2216);
#787=VERTEX_POINT('',#2223);
#788=VERTEX_POINT('',#2228);
#789=VERTEX_POINT('',#2230);
#790=VERTEX_POINT('',#2233);
#791=LINE('',#1842,#944);
#792=LINE('',#1845,#945);
#793=LINE('',#1847,#946);
#794=LINE('',#1849,#947);
#795=LINE('',#1851,#948);
#796=LINE('',#1853,#949);
#797=LINE('',#1856,#950);
#798=LINE('',#1858,#951);
#799=LINE('',#1860,#952);
#800=LINE('',#1862,#953);
#801=LINE('',#1864,#954);
#802=LINE('',#1866,#955);
#803=LINE('',#1868,#956);
#804=LINE('',#1873,#957);
#805=LINE('',#1877,#958);
#806=LINE('',#1881,#959);
#807=LINE('',#1886,#960);
#808=LINE('',#1890,#961);
#809=LINE('',#1894,#962);
#810=LINE('',#1897,#963);
#811=LINE('',#1898,#964);
#812=LINE('',#1900,#965);
#813=LINE('',#1902,#966);
#814=LINE('',#1903,#967);
#815=LINE('',#1905,#968);
#816=LINE('',#1908,#969);
#817=LINE('',#1910,#970);
#818=LINE('',#1912,#971);
#819=LINE('',#1914,#972);
#820=LINE('',#1916,#973);
#821=LINE('',#1918,#974);
#822=LINE('',#1921,#975);
#823=LINE('',#1923,#976);
#824=LINE('',#1925,#977);
#825=LINE('',#1927,#978);
#826=LINE('',#1929,#979);
#827=LINE('',#1931,#980);
#828=LINE('',#1933,#981);
#829=LINE('',#1935,#982);
#830=LINE('',#1938,#983);
#831=LINE('',#1940,#984);
#832=LINE('',#1942,#985);
#833=LINE('',#1943,#986);
#834=LINE('',#1946,#987);
#835=LINE('',#1947,#988);
#836=LINE('',#1949,#989);
#837=LINE('',#1952,#990);
#838=LINE('',#1954,#991);
#839=LINE('',#1955,#992);
#840=LINE('',#1957,#993);
#841=LINE('',#1959,#994);
#842=LINE('',#1961,#995);
#843=LINE('',#1962,#996);
#844=LINE('',#1964,#997);
#845=LINE('',#1966,#998);
#846=LINE('',#1968,#999);
#847=LINE('',#1970,#1000);
#848=LINE('',#1972,#1001);
#849=LINE('',#1974,#1002);
#850=LINE('',#1979,#1003);
#851=LINE('',#1981,#1004);
#852=LINE('',#1986,#1005);
#853=LINE('',#1991,#1006);
#854=LINE('',#1993,#1007);
#855=LINE('',#1995,#1008);
#856=LINE('',#1997,#1009);
#857=LINE('',#2001,#1010);
#858=LINE('',#2003,#1011);
#859=LINE('',#2005,#1012);
#860=LINE('',#2009,#1013);
#861=LINE('',#2013,#1014);
#862=LINE('',#2017,#1015);
#863=LINE('',#2021,#1016);
#864=LINE('',#2023,#1017);
#865=LINE('',#2025,#1018);
#866=LINE('',#2031,#1019);
#867=LINE('',#2033,#1020);
#868=LINE('',#2035,#1021);
#869=LINE('',#2037,#1022);
#870=LINE('',#2039,#1023);
#871=LINE('',#2041,#1024);
#872=LINE('',#2043,#1025);
#873=LINE('',#2045,#1026);
#874=LINE('',#2047,#1027);
#875=LINE('',#2051,#1028);
#876=LINE('',#2053,#1029);
#877=LINE('',#2055,#1030);
#878=LINE('',#2057,#1031);
#879=LINE('',#2058,#1032);
#880=LINE('',#2060,#1033);
#881=LINE('',#2071,#1034);
#882=LINE('',#2073,#1035);
#883=LINE('',#2074,#1036);
#884=LINE('',#2076,#1037);
#885=LINE('',#2082,#1038);
#886=LINE('',#2086,#1039);
#887=LINE('',#2088,#1040);
#888=LINE('',#2090,#1041);
#889=LINE('',#2092,#1042);
#890=LINE('',#2096,#1043);
#891=LINE('',#2103,#1044);
#892=LINE('',#2107,#1045);
#893=LINE('',#2109,#1046);
#894=LINE('',#2111,#1047);
#895=LINE('',#2113,#1048);
#896=LINE('',#2115,#1049);
#897=LINE('',#2117,#1050);
#898=LINE('',#2119,#1051);
#899=LINE('',#2121,#1052);
#900=LINE('',#2122,#1053);
#901=LINE('',#2124,#1054);
#902=LINE('',#2127,#1055);
#903=LINE('',#2128,#1056);
#904=LINE('',#2130,#1057);
#905=LINE('',#2132,#1058);
#906=LINE('',#2134,#1059);
#907=LINE('',#2136,#1060);
#908=LINE('',#2141,#1061);
#909=LINE('',#2142,#1062);
#910=LINE('',#2146,#1063);
#911=LINE('',#2150,#1064);
#912=LINE('',#2151,#1065);
#913=LINE('',#2155,#1066);
#914=LINE('',#2159,#1067);
#915=LINE('',#2160,#1068);
#916=LINE('',#2164,#1069);
#917=LINE('',#2169,#1070);
#918=LINE('',#2171,#1071);
#919=LINE('',#2173,#1072);
#920=LINE('',#2177,#1073);
#921=LINE('',#2180,#1074);
#922=LINE('',#2182,#1075);
#923=LINE('',#2185,#1076);
#924=LINE('',#2186,#1077);
#925=LINE('',#2188,#1078);
#926=LINE('',#2190,#1079);
#927=LINE('',#2192,#1080);
#928=LINE('',#2193,#1081);
#929=LINE('',#2195,#1082);
#930=LINE('',#2197,#1083);
#931=LINE('',#2199,#1084);
#932=LINE('',#2200,#1085);
#933=LINE('',#2202,#1086);
#934=LINE('',#2204,#1087);
#935=LINE('',#2206,#1088);
#936=LINE('',#2208,#1089);
#937=LINE('',#2211,#1090);
#938=LINE('',#2213,#1091);
#939=LINE('',#2215,#1092);
#940=LINE('',#2217,#1093);
#941=LINE('',#2219,#1094);
#942=LINE('',#2224,#1095);
#943=LINE('',#2226,#1096);
#944=VECTOR('',#1475,1.);
#945=VECTOR('',#1476,1.);
#946=VECTOR('',#1477,1.);
#947=VECTOR('',#1478,1.);
#948=VECTOR('',#1479,1.);
#949=VECTOR('',#1482,1.);
#950=VECTOR('',#1483,1.);
#951=VECTOR('',#1484,1.);
#952=VECTOR('',#1485,1.);
#953=VECTOR('',#1486,1.);
#954=VECTOR('',#1487,1.);
#955=VECTOR('',#1488,1.);
#956=VECTOR('',#1491,1.);
#957=VECTOR('',#1494,1.);
#958=VECTOR('',#1497,1.);
#959=VECTOR('',#1502,1.);
#960=VECTOR('',#1505,1.);
#961=VECTOR('',#1508,1.);
#962=VECTOR('',#1513,1.);
#963=VECTOR('',#1514,1.);
#964=VECTOR('',#1515,1.);
#965=VECTOR('',#1516,1.);
#966=VECTOR('',#1517,1.);
#967=VECTOR('',#1518,1.);
#968=VECTOR('',#1521,1.);
#969=VECTOR('',#1522,1.);
#970=VECTOR('',#1523,1.);
#971=VECTOR('',#1524,1.);
#972=VECTOR('',#1525,1.);
#973=VECTOR('',#1526,1.);
#974=VECTOR('',#1529,1.);
#975=VECTOR('',#1530,1.);
#976=VECTOR('',#1531,1.);
#977=VECTOR('',#1532,1.);
#978=VECTOR('',#1533,1.);
#979=VECTOR('',#1534,1.);
#980=VECTOR('',#1535,1.);
#981=VECTOR('',#1536,1.);
#982=VECTOR('',#1539,1.);
#983=VECTOR('',#1540,1.);
#984=VECTOR('',#1541,1.);
#985=VECTOR('',#1542,1.);
#986=VECTOR('',#1543,1.);
#987=VECTOR('',#1544,1.);
#988=VECTOR('',#1545,1.);
#989=VECTOR('',#1548,1.);
#990=VECTOR('',#1549,1.);
#991=VECTOR('',#1550,1.);
#992=VECTOR('',#1551,1.);
#993=VECTOR('',#1554,1.);
#994=VECTOR('',#1555,1.);
#995=VECTOR('',#1556,1.);
#996=VECTOR('',#1557,1.);
#997=VECTOR('',#1558,1.);
#998=VECTOR('',#1559,1.);
#999=VECTOR('',#1560,1.);
#1000=VECTOR('',#1561,1.);
#1001=VECTOR('',#1562,1.);
#1002=VECTOR('',#1563,1.);
#1003=VECTOR('',#1572,1.);
#1004=VECTOR('',#1573,1.);
#1005=VECTOR('',#1578,1.);
#1006=VECTOR('',#1583,1.);
#1007=VECTOR('',#1584,1.);
#1008=VECTOR('',#1585,1.);
#1009=VECTOR('',#1586,1.);
#1010=VECTOR('',#1589,1.);
#1011=VECTOR('',#1590,1.);
#1012=VECTOR('',#1591,1.);
#1013=VECTOR('',#1596,1.);
#1014=VECTOR('',#1599,1.);
#1015=VECTOR('',#1602,1.);
#1016=VECTOR('',#1607,1.);
#1017=VECTOR('',#1610,1.);
#1018=VECTOR('',#1611,1.);
#1019=VECTOR('',#1620,1.);
#1020=VECTOR('',#1623,1.);
#1021=VECTOR('',#1624,1.);
#1022=VECTOR('',#1627,1.);
#1023=VECTOR('',#1628,1.);
#1024=VECTOR('',#1631,1.);
#1025=VECTOR('',#1632,1.);
#1026=VECTOR('',#1635,1.);
#1027=VECTOR('',#1636,1.);
#1028=VECTOR('',#1641,1.);
#1029=VECTOR('',#1644,1.);
#1030=VECTOR('',#1645,1.);
#1031=VECTOR('',#1646,1.);
#1032=VECTOR('',#1647,1.);
#1033=VECTOR('',#1648,1.);
#1034=VECTOR('',#1657,1.);
#1035=VECTOR('',#1658,1.);
#1036=VECTOR('',#1659,1.);
#1037=VECTOR('',#1662,1.);
#1038=VECTOR('',#1669,1.);
#1039=VECTOR('',#1672,1.);
#1040=VECTOR('',#1675,1.);
#1041=VECTOR('',#1676,1.);
#1042=VECTOR('',#1677,1.);
#1043=VECTOR('',#1682,1.);
#1044=VECTOR('',#1689,1.);
#1045=VECTOR('',#1692,1.);
#1046=VECTOR('',#1695,1.);
#1047=VECTOR('',#1696,1.);
#1048=VECTOR('',#1697,1.);
#1049=VECTOR('',#1700,1.);
#1050=VECTOR('',#1701,1.);
#1051=VECTOR('',#1702,1.);
#1052=VECTOR('',#1705,1.);
#1053=VECTOR('',#1706,1.);
#1054=VECTOR('',#1709,1.);
#1055=VECTOR('',#1710,1.);
#1056=VECTOR('',#1711,1.);
#1057=VECTOR('',#1714,1.);
#1058=VECTOR('',#1715,1.);
#1059=VECTOR('',#1716,1.);
#1060=VECTOR('',#1719,1.);
#1061=VECTOR('',#1726,1.);
#1062=VECTOR('',#1727,1.);
#1063=VECTOR('',#1730,1.);
#1064=VECTOR('',#1735,1.);
#1065=VECTOR('',#1736,1.);
#1066=VECTOR('',#1739,1.);
#1067=VECTOR('',#1742,1.);
#1068=VECTOR('',#1743,1.);
#1069=VECTOR('',#1748,1.);
#1070=VECTOR('',#1757,1.);
#1071=VECTOR('',#1758,1.);
#1072=VECTOR('',#1761,1.);
#1073=VECTOR('',#1764,1.);
#1074=VECTOR('',#1769,1.);
#1075=VECTOR('',#1772,1.);
#1076=VECTOR('',#1777,1.);
#1077=VECTOR('',#1778,1.);
#1078=VECTOR('',#1781,1.);
#1079=VECTOR('',#1782,1.);
#1080=VECTOR('',#1783,1.);
#1081=VECTOR('',#1784,1.);
#1082=VECTOR('',#1787,1.);
#1083=VECTOR('',#1790,1.);
#1084=VECTOR('',#1791,1.);
#1085=VECTOR('',#1792,1.);
#1086=VECTOR('',#1795,1.);
#1087=VECTOR('',#1796,1.);
#1088=VECTOR('',#1799,1.);
#1089=VECTOR('',#1802,1.);
#1090=VECTOR('',#1807,1.);
#1091=VECTOR('',#1808,1.);
#1092=VECTOR('',#1811,1.);
#1093=VECTOR('',#1812,1.);
#1094=VECTOR('',#1815,1.);
#1095=VECTOR('',#1822,1.);
#1096=VECTOR('',#1825,1.);
#1097=EDGE_LOOP('',(#74,#75,#76,#77,#78));
#1098=EDGE_LOOP('',(#79,#80,#81,#82,#83,#84,#85));
#1099=EDGE_LOOP('',(#86,#87,#88,#89,#90,#91));
#1100=EDGE_LOOP('',(#92,#93,#94,#95,#96,#97));
#1101=EDGE_LOOP('',(#98,#99,#100,#101,#102,#103,#104,#105));
#1102=EDGE_LOOP('',(#106,#107,#108,#109,#110,#111));
#1103=EDGE_LOOP('',(#112,#113,#114,#115,#116,#117,#118,#119));
#1104=EDGE_LOOP('',(#120,#121,#122,#123));
#1105=EDGE_LOOP('',(#124,#125,#126,#127));
#1106=EDGE_LOOP('',(#128,#129,#130,#131,#132));
#1107=EDGE_LOOP('',(#133,#134,#135,#136,#137,#138,#139,#140,#141,#142,#143,
#144));
#1108=EDGE_LOOP('',(#145,#146,#147,#148));
#1109=EDGE_LOOP('',(#149,#150,#151,#152,#153,#154,#155,#156,#157,#158,#159,
#160,#161,#162,#163,#164,#165,#166));
#1110=EDGE_LOOP('',(#167,#168,#169,#170,#171,#172,#173,#174));
#1111=EDGE_LOOP('',(#175,#176,#177,#178));
#1112=EDGE_LOOP('',(#179,#180,#181,#182));
#1113=EDGE_LOOP('',(#183,#184,#185,#186));
#1114=EDGE_LOOP('',(#187,#188,#189,#190));
#1115=EDGE_LOOP('',(#191,#192,#193,#194));
#1116=EDGE_LOOP('',(#195,#196,#197,#198));
#1117=EDGE_LOOP('',(#199,#200,#201,#202));
#1118=EDGE_LOOP('',(#203,#204,#205,#206));
#1119=EDGE_LOOP('',(#207,#208,#209,#210));
#1120=EDGE_LOOP('',(#211,#212,#213,#214,#215,#216,#217));
#1121=EDGE_LOOP('',(#218,#219,#220,#221));
#1122=EDGE_LOOP('',(#222,#223,#224,#225,#226,#227));
#1123=EDGE_LOOP('',(#228,#229,#230,#231));
#1124=EDGE_LOOP('',(#232,#233,#234,#235,#236,#237));
#1125=EDGE_LOOP('',(#238,#239,#240,#241));
#1126=EDGE_LOOP('',(#242,#243,#244,#245));
#1127=EDGE_LOOP('',(#246,#247,#248,#249));
#1128=EDGE_LOOP('',(#250,#251,#252,#253));
#1129=EDGE_LOOP('',(#254,#255,#256,#257));
#1130=EDGE_LOOP('',(#258,#259,#260,#261));
#1131=EDGE_LOOP('',(#262,#263,#264,#265));
#1132=EDGE_LOOP('',(#266,#267,#268,#269,#270,#271,#272,#273,#274,#275));
#1133=EDGE_LOOP('',(#276,#277,#278,#279));
#1134=EDGE_LOOP('',(#280,#281,#282,#283));
#1135=EDGE_LOOP('',(#284,#285,#286,#287,#288,#289,#290,#291,#292,#293,#294,
#295));
#1136=EDGE_LOOP('',(#296,#297,#298,#299,#300,#301,#302,#303,#304,#305,#306,
#307,#308,#309,#310,#311,#312,#313,#314,#315,#316,#317,#318,#319,#320,#321,
#322,#323,#324,#325,#326,#327,#328,#329));
#1137=EDGE_LOOP('',(#330,#331,#332,#333,#334,#335));
#1138=EDGE_LOOP('',(#336,#337,#338,#339));
#1139=EDGE_LOOP('',(#340,#341,#342,#343));
#1140=EDGE_LOOP('',(#344,#345,#346,#347));
#1141=EDGE_LOOP('',(#348,#349,#350,#351,#352,#353,#354,#355));
#1142=EDGE_LOOP('',(#356,#357,#358,#359));
#1143=EDGE_LOOP('',(#360,#361,#362,#363));
#1144=EDGE_LOOP('',(#364,#365,#366,#367,#368,#369));
#1145=EDGE_LOOP('',(#370,#371,#372,#373,#374,#375,#376,#377,#378));
#1146=EDGE_LOOP('',(#379,#380,#381,#382,#383,#384,#385,#386));
#1147=EDGE_LOOP('',(#387,#388,#389,#390,#391,#392,#393,#394,#395));
#1148=EDGE_LOOP('',(#396,#397,#398,#399,#400,#401,#402,#403));
#1149=EDGE_LOOP('',(#404,#405,#406,#407));
#1150=EDGE_LOOP('',(#408,#409,#410,#411));
#1151=EDGE_LOOP('',(#412,#413,#414,#415,#416,#417,#418,#419));
#1152=EDGE_LOOP('',(#420,#421,#422,#423));
#1153=EDGE_LOOP('',(#424,#425,#426,#427,#428));
#1154=EDGE_LOOP('',(#429,#430,#431,#432,#433));
#1155=EDGE_LOOP('',(#434,#435,#436,#437));
#1156=EDGE_LOOP('',(#438,#439,#440,#441));
#1157=EDGE_LOOP('',(#442));
#1158=EDGE_LOOP('',(#443,#444,#445,#446));
#1159=EDGE_LOOP('',(#447,#448,#449,#450));
#1160=EDGE_LOOP('',(#451));
#1161=EDGE_LOOP('',(#452));
#1162=EDGE_LOOP('',(#453));
#1163=EDGE_LOOP('',(#454));
#1164=EDGE_LOOP('',(#455));
#1165=EDGE_LOOP('',(#456,#457,#458,#459));
#1166=EDGE_LOOP('',(#460,#461,#462,#463));
#1167=FACE_BOUND('',#1097,.T.);
#1168=FACE_BOUND('',#1098,.T.);
#1169=FACE_BOUND('',#1099,.T.);
#1170=FACE_BOUND('',#1100,.T.);
#1171=FACE_BOUND('',#1101,.T.);
#1172=FACE_BOUND('',#1102,.T.);
#1173=FACE_BOUND('',#1103,.T.);
#1174=FACE_BOUND('',#1104,.T.);
#1175=FACE_BOUND('',#1105,.T.);
#1176=FACE_BOUND('',#1106,.T.);
#1177=FACE_BOUND('',#1107,.T.);
#1178=FACE_BOUND('',#1108,.T.);
#1179=FACE_BOUND('',#1109,.T.);
#1180=FACE_BOUND('',#1110,.T.);
#1181=FACE_BOUND('',#1111,.T.);
#1182=FACE_BOUND('',#1112,.T.);
#1183=FACE_BOUND('',#1113,.T.);
#1184=FACE_BOUND('',#1114,.T.);
#1185=FACE_BOUND('',#1115,.T.);
#1186=FACE_BOUND('',#1116,.T.);
#1187=FACE_BOUND('',#1117,.T.);
#1188=FACE_BOUND('',#1118,.T.);
#1189=FACE_BOUND('',#1119,.T.);
#1190=FACE_BOUND('',#1120,.T.);
#1191=FACE_BOUND('',#1121,.T.);
#1192=FACE_BOUND('',#1122,.T.);
#1193=FACE_BOUND('',#1123,.T.);
#1194=FACE_BOUND('',#1124,.T.);
#1195=FACE_BOUND('',#1125,.T.);
#1196=FACE_BOUND('',#1126,.T.);
#1197=FACE_BOUND('',#1127,.T.);
#1198=FACE_BOUND('',#1128,.T.);
#1199=FACE_BOUND('',#1129,.T.);
#1200=FACE_BOUND('',#1130,.T.);
#1201=FACE_BOUND('',#1131,.T.);
#1202=FACE_BOUND('',#1132,.T.);
#1203=FACE_BOUND('',#1133,.T.);
#1204=FACE_BOUND('',#1134,.T.);
#1205=FACE_BOUND('',#1135,.T.);
#1206=FACE_BOUND('',#1136,.T.);
#1207=FACE_BOUND('',#1137,.T.);
#1208=FACE_BOUND('',#1138,.T.);
#1209=FACE_BOUND('',#1139,.T.);
#1210=FACE_BOUND('',#1140,.T.);
#1211=FACE_BOUND('',#1141,.T.);
#1212=FACE_BOUND('',#1142,.T.);
#1213=FACE_BOUND('',#1143,.T.);
#1214=FACE_BOUND('',#1144,.T.);
#1215=FACE_BOUND('',#1145,.T.);
#1216=FACE_BOUND('',#1146,.T.);
#1217=FACE_BOUND('',#1147,.T.);
#1218=FACE_BOUND('',#1148,.T.);
#1219=FACE_BOUND('',#1149,.T.);
#1220=FACE_BOUND('',#1150,.T.);
#1221=FACE_BOUND('',#1151,.T.);
#1222=FACE_BOUND('',#1152,.T.);
#1223=FACE_BOUND('',#1153,.T.);
#1224=FACE_BOUND('',#1154,.T.);
#1225=FACE_BOUND('',#1155,.T.);
#1226=FACE_BOUND('',#1156,.T.);
#1227=FACE_BOUND('',#1157,.T.);
#1228=FACE_BOUND('',#1158,.T.);
#1229=FACE_BOUND('',#1159,.T.);
#1230=FACE_BOUND('',#12,.T.);
#1231=FACE_BOUND('',#1160,.T.);
#1232=FACE_BOUND('',#1161,.T.);
#1233=FACE_BOUND('',#1162,.T.);
#1234=FACE_BOUND('',#1163,.T.);
#1235=FACE_BOUND('',#1164,.T.);
#1236=FACE_BOUND('',#1165,.T.);
#1237=FACE_BOUND('',#1166,.T.);
#1238=PLANE('',#1364);
#1239=PLANE('',#1365);
#1240=PLANE('',#1374);
#1241=PLANE('',#1375);
#1242=PLANE('',#1376);
#1243=PLANE('',#1377);
#1244=PLANE('',#1378);
#1245=PLANE('',#1379);
#1246=PLANE('',#1383);
#1247=PLANE('',#1395);
#1248=PLANE('',#1400);
#1249=PLANE('',#1401);
#1250=PLANE('',#1402);
#1251=PLANE('',#1403);
#1252=PLANE('',#1406);
#1253=PLANE('',#1410);
#1254=PLANE('',#1411);
#1255=PLANE('',#1412);
#1256=PLANE('',#1416);
#1257=PLANE('',#1423);
#1258=PLANE('',#1424);
#1259=PLANE('',#1425);
#1260=PLANE('',#1426);
#1261=PLANE('',#1427);
#1262=PLANE('',#1428);
#1263=PLANE('',#1429);
#1264=PLANE('',#1434);
#1265=PLANE('',#1438);
#1266=PLANE('',#1442);
#1267=PLANE('',#1446);
#1268=PLANE('',#1448);
#1269=PLANE('',#1449);
#1270=PLANE('',#1450);
#1271=PLANE('',#1451);
#1272=PLANE('',#1452);
#1273=PLANE('',#1453);
#1274=PLANE('',#1454);
#1275=PLANE('',#1455);
#1276=PLANE('',#1456);
#1277=PLANE('',#1457);
#1278=PLANE('',#1458);
#1279=PLANE('',#1459);
#1280=PLANE('',#1460);
#1281=PLANE('',#1461);
#1282=PLANE('',#1463);
#1283=PLANE('',#1469);
#1284=PLANE('',#1470);
#1285=ADVANCED_FACE('',(#1167),#1238,.T.);
#1286=ADVANCED_FACE('',(#1168),#1239,.T.);
#1287=ADVANCED_FACE('',(#1169),#57,.T.);
#1288=ADVANCED_FACE('',(#1170),#58,.T.);
#1289=ADVANCED_FACE('',(#1171),#1240,.T.);
#1290=ADVANCED_FACE('',(#1172),#1241,.T.);
#1291=ADVANCED_FACE('',(#1173),#1242,.T.);
#1292=ADVANCED_FACE('',(#1174,#1175),#1243,.T.);
#1293=ADVANCED_FACE('',(#1176),#1244,.T.);
#1294=ADVANCED_FACE('',(#1177),#1245,.T.);
#1295=ADVANCED_FACE('',(#1178),#59,.T.);
#1296=ADVANCED_FACE('',(#1179),#1246,.T.);
#1297=ADVANCED_FACE('',(#1180),#60,.F.);
#1298=ADVANCED_FACE('',(#1181),#61,.T.);
#1299=ADVANCED_FACE('',(#1182),#1247,.T.);
#1300=ADVANCED_FACE('',(#1183),#62,.T.);
#1301=ADVANCED_FACE('',(#1184),#63,.T.);
#1302=ADVANCED_FACE('',(#1185),#1248,.T.);
#1303=ADVANCED_FACE('',(#1186),#1249,.T.);
#1304=ADVANCED_FACE('',(#1187),#1250,.T.);
#1305=ADVANCED_FACE('',(#1188),#1251,.T.);
#1306=ADVANCED_FACE('',(#1189),#64,.F.);
#1307=ADVANCED_FACE('',(#1190),#1252,.T.);
#1308=ADVANCED_FACE('',(#1191),#65,.T.);
#1309=ADVANCED_FACE('',(#1192),#1253,.T.);
#1310=ADVANCED_FACE('',(#1193),#1254,.T.);
#1311=ADVANCED_FACE('',(#1194),#1255,.T.);
#1312=ADVANCED_FACE('',(#1195),#66,.T.);
#1313=ADVANCED_FACE('',(#1196),#1256,.T.);
#1314=ADVANCED_FACE('',(#1197),#67,.T.);
#1315=ADVANCED_FACE('',(#1198),#68,.F.);
#1316=ADVANCED_FACE('',(#1199),#1257,.T.);
#1317=ADVANCED_FACE('',(#1200),#1258,.T.);
#1318=ADVANCED_FACE('',(#1201),#1259,.T.);
#1319=ADVANCED_FACE('',(#1202),#1260,.T.);
#1320=ADVANCED_FACE('',(#1203),#1261,.T.);
#1321=ADVANCED_FACE('',(#1204),#1262,.T.);
#1322=ADVANCED_FACE('',(#1205),#1263,.T.);
#1323=ADVANCED_FACE('',(#1206),#1264,.F.);
#1324=ADVANCED_FACE('',(#1207),#1265,.T.);
#1325=ADVANCED_FACE('',(#1208),#69,.T.);
#1326=ADVANCED_FACE('',(#1209),#70,.T.);
#1327=ADVANCED_FACE('',(#1210),#1266,.T.);
#1328=ADVANCED_FACE('',(#1211),#71,.F.);
#1329=ADVANCED_FACE('',(#1212),#1267,.T.);
#1330=ADVANCED_FACE('',(#1213),#72,.F.);
#1331=ADVANCED_FACE('',(#1214),#1268,.T.);
#1332=ADVANCED_FACE('',(#1215),#1269,.T.);
#1333=ADVANCED_FACE('',(#1216),#1270,.F.);
#1334=ADVANCED_FACE('',(#1217),#1271,.F.);
#1335=ADVANCED_FACE('',(#1218),#1272,.F.);
#1336=ADVANCED_FACE('',(#1219),#1273,.T.);
#1337=ADVANCED_FACE('',(#1220),#1274,.T.);
#1338=ADVANCED_FACE('',(#1221),#1275,.F.);
#1339=ADVANCED_FACE('',(#1222),#1276,.F.);
#1340=ADVANCED_FACE('',(#1223),#1277,.T.);
#1341=ADVANCED_FACE('',(#1224),#1278,.T.);
#1342=ADVANCED_FACE('',(#1225),#1279,.F.);
#1343=ADVANCED_FACE('',(#1226),#1280,.F.);
#1344=ADVANCED_FACE('',(#1227,#1228),#1281,.F.);
#1345=ADVANCED_FACE('',(#1229),#1282,.F.);
#1346=ADVANCED_FACE('',(#1230,#1231),#13,.F.);
#1347=ADVANCED_FACE('',(#1232,#1233),#73,.F.);
#1348=ADVANCED_FACE('',(#1234,#1235),#14,.F.);
#1349=ADVANCED_FACE('',(#1236),#1283,.T.);
#1350=ADVANCED_FACE('',(#1237),#1284,.F.);
#1351=CLOSED_SHELL('',(#1285,#1286,#1287,#1288,#1289,#1290,#1291,#1292,
#1293,#1294,#1295,#1296,#1297,#1298,#1299,#1300,#1301,#1302,#1303,#1304,
#1305,#1306,#1307,#1308,#1309,#1310,#1311,#1312,#1313,#1314,#1315,#1316,
#1317,#1318,#1319,#1320,#1321,#1322,#1323,#1324,#1325,#1326,#1327,#1328,
#1329,#1330,#1331,#1332,#1333,#1334,#1335,#1336,#1337,#1338,#1339,#1340,
#1341,#1342,#1343,#1344,#1345,#1346,#1347,#1348,#1349,#1350));
#1352=STYLED_ITEM('',(#1353),#1360);
#1353=PRESENTATION_STYLE_ASSIGNMENT((#1354));
#1354=SURFACE_STYLE_USAGE(.BOTH.,#1355);
#1355=SURFACE_SIDE_STYLE('',(#1356));
#1356=SURFACE_STYLE_FILL_AREA(#1357);
#1357=FILL_AREA_STYLE('',(#1358));
#1358=FILL_AREA_STYLE_COLOUR('',#1359);
#1359=COLOUR_RGB('',0.266666666666666,0.83921568627451,0.172549019607843);
#1360=MANIFOLD_SOLID_BREP('Keystone Blank v3_1',#1351);
#1361=SHAPE_DEFINITION_REPRESENTATION(#2243,#1362);
#1362=SHAPE_REPRESENTATION('Keystone Blank v3_1',(#1363),#2238);
#1363=AXIS2_PLACEMENT_3D('',#1840,#1471,#1472);
#1364=AXIS2_PLACEMENT_3D('',#1841,#1473,#1474);
#1365=AXIS2_PLACEMENT_3D('',#1852,#1480,#1481);
#1366=AXIS2_PLACEMENT_3D('',#1867,#1489,#1490);
#1367=AXIS2_PLACEMENT_3D('',#1871,#1492,#1493);
#1368=AXIS2_PLACEMENT_3D('',#1875,#1495,#1496);
#1369=AXIS2_PLACEMENT_3D('',#1879,#1498,#1499);
#1370=AXIS2_PLACEMENT_3D('',#1880,#1500,#1501);
#1371=AXIS2_PLACEMENT_3D('',#1884,#1503,#1504);
#1372=AXIS2_PLACEMENT_3D('',#1888,#1506,#1507);
#1373=AXIS2_PLACEMENT_3D('',#1892,#1509,#1510);
#1374=AXIS2_PLACEMENT_3D('',#1893,#1511,#1512);
#1375=AXIS2_PLACEMENT_3D('',#1904,#1519,#1520);
#1376=AXIS2_PLACEMENT_3D('',#1917,#1527,#1528);
#1377=AXIS2_PLACEMENT_3D('',#1934,#1537,#1538);
#1378=AXIS2_PLACEMENT_3D('',#1948,#1546,#1547);
#1379=AXIS2_PLACEMENT_3D('',#1956,#1552,#1553);
#1380=AXIS2_PLACEMENT_3D('',#1975,#1564,#1565);
#1381=AXIS2_PLACEMENT_3D('',#1976,#1566,#1567);
#1382=AXIS2_PLACEMENT_3D('',#1977,#1568,#1569);
#1383=AXIS2_PLACEMENT_3D('',#1978,#1570,#1571);
#1384=AXIS2_PLACEMENT_3D('',#1982,#1574,#1575);
#1385=AXIS2_PLACEMENT_3D('',#1984,#1576,#1577);
#1386=AXIS2_PLACEMENT_3D('',#1988,#1579,#1580);
#1387=AXIS2_PLACEMENT_3D('',#1989,#1581,#1582);
#1388=AXIS2_PLACEMENT_3D('',#1999,#1587,#1588);
#1389=AXIS2_PLACEMENT_3D('',#2006,#1592,#1593);
#1390=AXIS2_PLACEMENT_3D('',#2007,#1594,#1595);
#1391=AXIS2_PLACEMENT_3D('',#2011,#1597,#1598);
#1392=AXIS2_PLACEMENT_3D('',#2015,#1600,#1601);
#1393=AXIS2_PLACEMENT_3D('',#2018,#1603,#1604);
#1394=AXIS2_PLACEMENT_3D('',#2019,#1605,#1606);
#1395=AXIS2_PLACEMENT_3D('',#2022,#1608,#1609);
#1396=AXIS2_PLACEMENT_3D('',#2026,#1612,#1613);
#1397=AXIS2_PLACEMENT_3D('',#2027,#1614,#1615);
#1398=AXIS2_PLACEMENT_3D('',#2028,#1616,#1617);
#1399=AXIS2_PLACEMENT_3D('',#2029,#1618,#1619);
#1400=AXIS2_PLACEMENT_3D('',#2032,#1621,#1622);
#1401=AXIS2_PLACEMENT_3D('',#2036,#1625,#1626);
#1402=AXIS2_PLACEMENT_3D('',#2040,#1629,#1630);
#1403=AXIS2_PLACEMENT_3D('',#2044,#1633,#1634);
#1404=AXIS2_PLACEMENT_3D('',#2048,#1637,#1638);
#1405=AXIS2_PLACEMENT_3D('',#2049,#1639,#1640);
#1406=AXIS2_PLACEMENT_3D('',#2052,#1642,#1643);
#1407=AXIS2_PLACEMENT_3D('',#2061,#1649,#1650);
#1408=AXIS2_PLACEMENT_3D('',#2062,#1651,#1652);
#1409=AXIS2_PLACEMENT_3D('',#2069,#1653,#1654);
#1410=AXIS2_PLACEMENT_3D('',#2070,#1655,#1656);
#1411=AXIS2_PLACEMENT_3D('',#2075,#1660,#1661);
#1412=AXIS2_PLACEMENT_3D('',#2077,#1663,#1664);
#1413=AXIS2_PLACEMENT_3D('',#2078,#1665,#1666);
#1414=AXIS2_PLACEMENT_3D('',#2079,#1667,#1668);
#1415=AXIS2_PLACEMENT_3D('',#2084,#1670,#1671);
#1416=AXIS2_PLACEMENT_3D('',#2087,#1673,#1674);
#1417=AXIS2_PLACEMENT_3D('',#2093,#1678,#1679);
#1418=AXIS2_PLACEMENT_3D('',#2094,#1680,#1681);
#1419=AXIS2_PLACEMENT_3D('',#2098,#1683,#1684);
#1420=AXIS2_PLACEMENT_3D('',#2099,#1685,#1686);
#1421=AXIS2_PLACEMENT_3D('',#2100,#1687,#1688);
#1422=AXIS2_PLACEMENT_3D('',#2105,#1690,#1691);
#1423=AXIS2_PLACEMENT_3D('',#2108,#1693,#1694);
#1424=AXIS2_PLACEMENT_3D('',#2114,#1698,#1699);
#1425=AXIS2_PLACEMENT_3D('',#2120,#1703,#1704);
#1426=AXIS2_PLACEMENT_3D('',#2123,#1707,#1708);
#1427=AXIS2_PLACEMENT_3D('',#2129,#1712,#1713);
#1428=AXIS2_PLACEMENT_3D('',#2135,#1717,#1718);
#1429=AXIS2_PLACEMENT_3D('',#2137,#1720,#1721);
#1430=AXIS2_PLACEMENT_3D('',#2138,#1722,#1723);
#1431=AXIS2_PLACEMENT_3D('',#2139,#1724,#1725);
#1432=AXIS2_PLACEMENT_3D('',#2144,#1728,#1729);
#1433=AXIS2_PLACEMENT_3D('',#2148,#1731,#1732);
#1434=AXIS2_PLACEMENT_3D('',#2149,#1733,#1734);
#1435=AXIS2_PLACEMENT_3D('',#2153,#1737,#1738);
#1436=AXIS2_PLACEMENT_3D('',#2157,#1740,#1741);
#1437=AXIS2_PLACEMENT_3D('',#2162,#1744,#1745);
#1438=AXIS2_PLACEMENT_3D('',#2163,#1746,#1747);
#1439=AXIS2_PLACEMENT_3D('',#2165,#1749,#1750);
#1440=AXIS2_PLACEMENT_3D('',#2166,#1751,#1752);
#1441=AXIS2_PLACEMENT_3D('',#2167,#1753,#1754);
#1442=AXIS2_PLACEMENT_3D('',#2168,#1755,#1756);
#1443=AXIS2_PLACEMENT_3D('',#2172,#1759,#1760);
#1444=AXIS2_PLACEMENT_3D('',#2176,#1762,#1763);
#1445=AXIS2_PLACEMENT_3D('',#2178,#1765,#1766);
#1446=AXIS2_PLACEMENT_3D('',#2179,#1767,#1768);
#1447=AXIS2_PLACEMENT_3D('',#2181,#1770,#1771);
#1448=AXIS2_PLACEMENT_3D('',#2183,#1773,#1774);
#1449=AXIS2_PLACEMENT_3D('',#2184,#1775,#1776);
#1450=AXIS2_PLACEMENT_3D('',#2187,#1779,#1780);
#1451=AXIS2_PLACEMENT_3D('',#2194,#1785,#1786);
#1452=AXIS2_PLACEMENT_3D('',#2196,#1788,#1789);
#1453=AXIS2_PLACEMENT_3D('',#2201,#1793,#1794);
#1454=AXIS2_PLACEMENT_3D('',#2205,#1797,#1798);
#1455=AXIS2_PLACEMENT_3D('',#2207,#1800,#1801);
#1456=AXIS2_PLACEMENT_3D('',#2209,#1803,#1804);
#1457=AXIS2_PLACEMENT_3D('',#2210,#1805,#1806);
#1458=AXIS2_PLACEMENT_3D('',#2214,#1809,#1810);
#1459=AXIS2_PLACEMENT_3D('',#2218,#1813,#1814);
#1460=AXIS2_PLACEMENT_3D('',#2220,#1816,#1817);
#1461=AXIS2_PLACEMENT_3D('',#2221,#1818,#1819);
#1462=AXIS2_PLACEMENT_3D('',#2222,#1820,#1821);
#1463=AXIS2_PLACEMENT_3D('',#2225,#1823,#1824);
#1464=AXIS2_PLACEMENT_3D('',#2227,#1826,#1827);
#1465=AXIS2_PLACEMENT_3D('',#2229,#1828,#1829);
#1466=AXIS2_PLACEMENT_3D('',#2231,#1830,#1831);
#1467=AXIS2_PLACEMENT_3D('',#2232,#1832,#1833);
#1468=AXIS2_PLACEMENT_3D('',#2234,#1834,#1835);
#1469=AXIS2_PLACEMENT_3D('',#2235,#1836,#1837);
#1470=AXIS2_PLACEMENT_3D('',#2236,#1838,#1839);
#1471=DIRECTION('',(0.,0.,1.));
#1472=DIRECTION('',(1.,0.,0.));
#1473=DIRECTION('',(5.52033829678147E-13,-8.7913052725482E-7,0.999999999999614));
#1474=DIRECTION('',(2.89999854402687E-8,-0.999999999999613,-8.79130527254835E-7));
#1475=DIRECTION('',(-2.89999839427721E-8,0.999999999999613,8.79130527254835E-7));
#1476=DIRECTION('',(-0.707106760680301,-0.70710680169252,-6.21638785050801E-7));
#1477=DIRECTION('',(-1.,-2.89999839427833E-8,5.24610879767566E-13));
#1478=DIRECTION('',(-2.89999839423092E-8,0.999999999999613,8.79130527254835E-7));
#1479=DIRECTION('',(1.,2.89999839427833E-8,-5.26464536955918E-13));
#1480=DIRECTION('',(5.52033829678147E-13,-8.7913052725482E-7,0.999999999999614));
#1481=DIRECTION('',(2.89999854402687E-8,-0.999999999999613,-8.79130527254835E-7));
#1482=DIRECTION('',(2.89999839423092E-8,-0.999999999999613,-8.79130527254835E-7));
#1483=DIRECTION('',(-1.,-2.89999839427833E-8,5.24610879768305E-13));
#1484=DIRECTION('',(0.707106801692478,-0.707106760680343,-6.21639529689474E-7));
#1485=DIRECTION('',(-2.89999839427721E-8,0.999999999999613,8.79130527254835E-7));
#1486=DIRECTION('',(1.,2.89999839427833E-8,-5.26464536955918E-13));
#1487=DIRECTION('',(2.89999839423092E-8,-0.999999999999613,-8.79130527254835E-7));
#1488=DIRECTION('',(1.,2.89999839427833E-8,-5.264645369493E-13));
#1489=DIRECTION('',(1.,2.90001172390184E-8,-4.72569701187128E-13));
#1490=DIRECTION('',(2.90001172390184E-8,-1.,6.26907983205839E-13));
#1491=DIRECTION('',(1.,2.89999839427833E-8,-5.264645369493E-13));
#1492=DIRECTION('',(-1.,-2.89999839427833E-8,1.73365499391732E-20));
#1493=DIRECTION('',(2.89999839427833E-8,-1.,0.));
#1494=DIRECTION('',(1.,2.90001172390184E-8,-4.72569701187128E-13));
#1495=DIRECTION('',(1.,2.89999839427833E-8,-1.81789478954023E-20));
#1496=DIRECTION('',(-2.89999839427833E-8,1.,0.));
#1497=DIRECTION('',(1.,2.89999839427833E-8,-5.264645369493E-13));
#1498=DIRECTION('',(1.,2.89999839416936E-8,-5.26464539257973E-13));
#1499=DIRECTION('',(2.08955478968824E-8,-0.720523943078079,0.693430059523826));
#1500=DIRECTION('',(1.,2.90001172390184E-8,-4.72569701187128E-13));
#1501=DIRECTION('',(2.90001172390184E-8,-1.,6.26907983205839E-13));
#1502=DIRECTION('',(1.,2.90001172390184E-8,-4.72569701187128E-13));
#1503=DIRECTION('',(1.,2.89999839427833E-8,-1.73365499391732E-20));
#1504=DIRECTION('',(-2.89999839427833E-8,1.,0.));
#1505=DIRECTION('',(1.,2.89999839427833E-8,-5.264645369493E-13));
#1506=DIRECTION('',(1.,2.89999839416936E-8,-5.26464539257973E-13));
#1507=DIRECTION('',(2.08955478968824E-8,-0.720523943078079,0.693430059523826));
#1508=DIRECTION('',(1.,2.89999839427833E-8,-5.264645369493E-13));
#1509=DIRECTION('',(1.,2.89999839427833E-8,-1.81789478954023E-20));
#1510=DIRECTION('',(-2.89999839427833E-8,1.,0.));
#1511=DIRECTION('',(2.8998140111327E-8,-0.999936214499863,0.0112945531865597));
#1512=DIRECTION('',(3.27074570321523E-10,-0.0112945531865597,-0.999936214499863));
#1513=DIRECTION('',(-1.,-2.89999898901861E-8,1.73881076265421E-26));
#1514=DIRECTION('',(3.27541861033807E-10,-0.0112945531865597,-0.999936214499863));
#1515=DIRECTION('',(3.27074570321523E-10,-0.0112945531865597,-0.999936214499863));
#1516=DIRECTION('',(1.,2.89999839427833E-8,-5.264645369493E-13));
#1517=DIRECTION('',(-3.27074570321523E-10,0.0112945531865597,0.999936214499863));
#1518=DIRECTION('',(-3.27541861033807E-10,0.0112945531865597,0.999936214499863));
#1519=DIRECTION('',(-5.52033829678147E-13,8.7913052725482E-7,-0.999999999999614));
#1520=DIRECTION('',(-2.89999839412237E-8,0.999999999999613,8.79130527254835E-7));
#1521=DIRECTION('',(2.89999839427721E-8,-0.999999999999613,-8.79130527254835E-7));
#1522=DIRECTION('',(1.,2.89999839427833E-8,-5.264645369493E-13));
#1523=DIRECTION('',(-2.89999839412237E-8,0.999999999999613,8.79130527254835E-7));
#1524=DIRECTION('',(1.,2.89999839427833E-8,-5.264645369493E-13));
#1525=DIRECTION('',(-2.89999839412237E-8,0.999999999999613,8.79130527254835E-7));
#1526=DIRECTION('',(1.,2.89999839427833E-8,-5.264645369493E-13));
#1527=DIRECTION('',(-1.8180321628002E-20,6.26907983205908E-13,1.));
#1528=DIRECTION('',(0.,-1.,6.26907983205908E-13));
#1529=DIRECTION('',(-1.,-2.89999839427833E-8,-1.81427951235405E-28));
#1530=DIRECTION('',(-2.89999839427833E-8,1.,-6.26907983205909E-13));
#1531=DIRECTION('',(1.,2.89999839427833E-8,1.81427950161364E-28));
#1532=DIRECTION('',(-2.89999839427833E-8,1.,-6.26907983205909E-13));
#1533=DIRECTION('',(-1.,-2.89999839427833E-8,-1.81427951235405E-28));
#1534=DIRECTION('',(-2.89999839427833E-8,1.,-6.26907983205909E-13));
#1535=DIRECTION('',(1.,2.89999839427833E-8,1.81427950161364E-28));
#1536=DIRECTION('',(-2.89999839427833E-8,1.,-6.26907983205909E-13));
#1537=DIRECTION('',(-2.89999839427833E-8,1.,-6.26907983205909E-13));
#1538=DIRECTION('',(5.26539079598492E-13,6.26907998475534E-13,1.));
#1539=DIRECTION('',(-5.26539079598492E-13,-6.26907998475534E-13,-1.));
#1540=DIRECTION('',(1.,2.89999839427833E-8,-5.264645369493E-13));
#1541=DIRECTION('',(5.26539079598492E-13,6.26907998475534E-13,1.));
#1542=DIRECTION('',(1.,2.89999839427833E-8,-5.264645369493E-13));
#1543=DIRECTION('',(1.,2.89999839427833E-8,1.81427995795183E-28));
#1544=DIRECTION('',(1.37355117175564E-24,-6.26907983205909E-13,-1.));
#1545=DIRECTION('',(1.37355117175564E-24,-6.26907983205909E-13,-1.));
#1546=DIRECTION('',(-5.52033829678147E-13,8.7913052725482E-7,-0.999999999999614));
#1547=DIRECTION('',(-2.89999800458185E-8,0.999999999999613,8.79130527254835E-7));
#1548=DIRECTION('',(-1.,-2.89999839427833E-8,5.24610879768362E-13));
#1549=DIRECTION('',(0.707106760680301,0.70710680169252,6.21638785050801E-7));
#1550=DIRECTION('',(2.89999839427721E-8,-0.999999999999613,-8.79130527254835E-7));
#1551=DIRECTION('',(2.89999839423092E-8,-0.999999999999613,-8.79130527254835E-7));
#1552=DIRECTION('',(2.89999839427833E-8,-1.,6.26907983205909E-13));
#1553=DIRECTION('',(-5.26539384834557E-13,-6.26907998238601E-13,-1.));
#1554=DIRECTION('',(2.17649917446714E-22,6.26907983205909E-13,1.));
#1555=DIRECTION('',(-1.,-2.89999839427833E-8,4.33810235887708E-27));
#1556=DIRECTION('',(-2.17649917446714E-22,-6.26907983205909E-13,-1.));
#1557=DIRECTION('',(-1.37355117175799E-24,6.26907983205909E-13,1.));
#1558=DIRECTION('',(1.,2.89999839427833E-8,-5.26464536955918E-13));
#1559=DIRECTION('',(5.26539040324028E-13,6.26907998475533E-13,1.));
#1560=DIRECTION('',(1.,2.89999700645126E-8,-5.40342930401567E-13));
#1561=DIRECTION('',(-5.26539040324028E-13,-6.26907998475533E-13,-1.));
#1562=DIRECTION('',(1.,2.89999839427833E-8,-5.26464536955918E-13));
#1563=DIRECTION('',(-1.37355117175799E-24,6.26907983205909E-13,1.));
#1564=DIRECTION('',(1.,2.89999839427833E-8,-5.26464536955918E-13));
#1565=DIRECTION('',(-5.26539040330646E-13,-6.26907998475533E-13,-1.));
#1566=DIRECTION('',(1.,2.89999839427833E-8,-1.81789478954023E-20));
#1567=DIRECTION('',(-2.89999839427833E-8,1.,0.));
#1568=DIRECTION('',(1.,2.89999839427833E-8,-5.264645369493E-13));
#1569=DIRECTION('',(-2.89999839427833E-8,1.,0.));
#1570=DIRECTION('',(1.,2.89999839427833E-8,-5.264645369493E-13));
#1571=DIRECTION('',(-2.89999839427665E-8,1.,3.18879468264833E-8));
#1572=DIRECTION('',(5.20546158304115E-13,6.26907998301739E-13,1.));
#1573=DIRECTION('',(5.26539040324028E-13,6.26907998475533E-13,1.));
#1574=DIRECTION('',(-1.,-2.89999547519522E-8,5.31398531137014E-13));
#1575=DIRECTION('',(-2.85942481747099E-8,0.986013150661476,0.166667533498966));
#1576=DIRECTION('',(1.,2.89999839417004E-8,-5.26464534554482E-13));
#1577=DIRECTION('',(2.85942777786588E-8,-0.986013150666178,-0.166667533471147));
#1578=DIRECTION('',(-2.89999839412252E-8,0.999999999999613,8.79125883621873E-7));
#1579=DIRECTION('',(1.,2.8999983941695E-8,-5.26464538746607E-13));
#1580=DIRECTION('',(-5.52033688719246E-13,8.79125604657209E-7,-0.999999999999614));
#1581=DIRECTION('',(1.,2.89999839416974E-8,-5.26464533954604E-13));
#1582=DIRECTION('',(-2.89999839416974E-8,1.,-2.3139759968113E-12));
#1583=DIRECTION('',(2.89999839423093E-8,-0.999999999999613,-8.79130527254835E-7));
#1584=DIRECTION('',(2.62831409026388E-8,-0.906308032123861,0.42261773614908));
#1585=DIRECTION('',(2.44580506308615E-8,-0.843391278747253,-0.537299870587247));
#1586=DIRECTION('',(-5.26539040324028E-13,-6.26907998475533E-13,-1.));
#1587=DIRECTION('',(-1.,-2.89999839416974E-8,5.26460446495841E-13));
#1588=DIRECTION('',(-7.88664656380388E-13,9.03895977590887E-6,-0.999999999959149));
#1589=DIRECTION('',(2.89999839423093E-8,-0.999999999999613,-8.79130527254835E-7));
#1590=DIRECTION('',(5.26539040324028E-13,6.26907998475533E-13,1.));
#1591=DIRECTION('',(-2.89999839423092E-8,0.999999999999613,8.79130527254835E-7));
#1592=DIRECTION('',(1.,2.89999839427833E-8,-5.264645369493E-13));
#1593=DIRECTION('',(-2.85942777795898E-8,0.986013150661476,0.166667533498966));
#1594=DIRECTION('',(1.,2.89999839427833E-8,-1.83979713640207E-20));
#1595=DIRECTION('',(-2.89999839427833E-8,1.,0.));
#1596=DIRECTION('',(1.,2.89999839427833E-8,-5.264645369493E-13));
#1597=DIRECTION('',(-1.,-2.89999839427833E-8,1.83979713640207E-20));
#1598=DIRECTION('',(2.89999839427833E-8,-1.,0.));
#1599=DIRECTION('',(1.,2.89999839427833E-8,-5.264645369493E-13));
#1600=DIRECTION('',(1.,2.89999547519522E-8,-5.31398531137014E-13));
#1601=DIRECTION('',(-2.85942481747099E-8,0.986013150661476,0.166667533498966));
#1602=DIRECTION('',(1.,2.89999839427833E-8,-5.264645369493E-13));
#1603=DIRECTION('',(1.,2.89999839427833E-8,-5.264645369493E-13));
#1604=DIRECTION('',(2.85942777797262E-8,-0.986013150666178,-0.166667533471147));
#1605=DIRECTION('',(1.,2.89999839417004E-8,-5.26464534554482E-13));
#1606=DIRECTION('',(2.85942777786588E-8,-0.986013150666178,-0.166667533471147));
#1607=DIRECTION('',(1.,2.89999839427833E-8,-5.264645369493E-13));
#1608=DIRECTION('',(-5.52033695012866E-13,8.79125883621858E-7,-0.999999999999614));
#1609=DIRECTION('',(-2.89999839412252E-8,0.999999999999613,8.79125883621873E-7));
#1610=DIRECTION('',(2.89999839412252E-8,-0.999999999999613,-8.79125883621873E-7));
#1611=DIRECTION('',(1.,2.89999839427833E-8,-5.264645369493E-13));
#1612=DIRECTION('',(1.,2.89999839427833E-8,-5.264645369493E-13));
#1613=DIRECTION('',(-5.52033686922896E-13,8.79125604657209E-7,-0.999999999999614));
#1614=DIRECTION('',(1.,2.8999983941695E-8,-5.26464538746607E-13));
#1615=DIRECTION('',(-5.52033688719246E-13,8.79125604657209E-7,-0.999999999999614));
#1616=DIRECTION('',(1.,2.89999839427833E-8,-5.264645369493E-13));
#1617=DIRECTION('',(-2.89999839427833E-8,1.,-2.3139759968113E-12));
#1618=DIRECTION('',(1.,2.89999839416974E-8,-5.26464533954604E-13));
#1619=DIRECTION('',(-2.89999839416974E-8,1.,-2.3139759968113E-12));
#1620=DIRECTION('',(1.,2.89999839427833E-8,-5.264645369493E-13));
#1621=DIRECTION('',(5.52033829678147E-13,-8.7913052725482E-7,0.999999999999614));
#1622=DIRECTION('',(2.89999839412215E-8,-0.999999999999613,-8.79130527254835E-7));
#1623=DIRECTION('',(-2.89999839423093E-8,0.999999999999613,8.79130527254835E-7));
#1624=DIRECTION('',(1.,2.89999839427833E-8,-5.26539058503233E-13));
#1625=DIRECTION('',(-1.22554303556808E-8,0.42261773614908,0.906308032123862));
#1626=DIRECTION('',(2.62831409026388E-8,-0.906308032123861,0.42261773614908));
#1627=DIRECTION('',(-2.62831409026388E-8,0.906308032123861,-0.42261773614908));
#1628=DIRECTION('',(1.,2.89999839427833E-8,-5.264645369493E-13));
#1629=DIRECTION('',(1.55821316979396E-8,-0.537299870587247,0.843391278747254));
#1630=DIRECTION('',(2.44580506308615E-8,-0.843391278747253,-0.537299870587247));
#1631=DIRECTION('',(-2.44580506308615E-8,0.843391278747253,0.537299870587247));
#1632=DIRECTION('',(1.,2.89999839427833E-8,-5.26464536951236E-13));
#1633=DIRECTION('',(2.89999839427833E-8,-1.,6.26907983205909E-13));
#1634=DIRECTION('',(-5.26537686548252E-13,-6.26907998469459E-13,-1.));
#1635=DIRECTION('',(5.26539040324028E-13,6.26907998475533E-13,1.));
#1636=DIRECTION('',(1.,2.89999839427833E-8,-5.264645369493E-13));
#1637=DIRECTION('',(1.,2.89999839427833E-8,-5.264645369493E-13));
#1638=DIRECTION('',(-7.88668746843662E-13,9.03895977590887E-6,-0.999999999959149));
#1639=DIRECTION('',(1.,2.89999839416974E-8,-5.26460446495841E-13));
#1640=DIRECTION('',(-7.88664656380388E-13,9.03895977590887E-6,-0.999999999959149));
#1641=DIRECTION('',(1.,2.89999839427833E-8,-5.264645369493E-13));
#1642=DIRECTION('',(-5.52033829678147E-13,8.7913052725482E-7,-0.999999999999614));
#1643=DIRECTION('',(-2.89999800458185E-8,0.999999999999613,8.79130527254835E-7));
#1644=DIRECTION('',(-1.,-2.89999839427833E-8,5.24610879767509E-13));
#1645=DIRECTION('',(1.,2.89999839427833E-8,-5.264645369493E-13));
#1646=DIRECTION('',(-2.89999839423092E-8,0.999999999999613,8.79130527254835E-7));
#1647=DIRECTION('',(2.89999839427721E-8,-0.999999999999613,-8.79130527254835E-7));
#1648=DIRECTION('',(-0.707106801692478,0.707106760680343,6.21639529689474E-7));
#1649=DIRECTION('',(1.,2.90000073355861E-8,-5.50122846188151E-13));
#1650=DIRECTION('',(-5.50197349562864E-13,-6.26907999161624E-13,-1.));
#1651=DIRECTION('',(1.,2.8999983941695E-8,-5.26464536198707E-13));
#1652=DIRECTION('',(2.03904205317007E-8,-0.703105427863117,0.711085618831813));
#1653=DIRECTION('',(1.,2.8999983941695E-8,-5.26464536198707E-13));
#1654=DIRECTION('',(2.03904205317007E-8,-0.703105427863117,0.711085618831813));
#1655=DIRECTION('',(5.52033829678147E-13,-8.7913052725482E-7,0.999999999999614));
#1656=DIRECTION('',(2.89999839412215E-8,-0.999999999999613,-8.79130527254835E-7));
#1657=DIRECTION('',(2.89999839423093E-8,-0.999999999999613,-8.79130527254835E-7));
#1658=DIRECTION('',(1.,2.89999839427833E-8,-5.2653905850435E-13));
#1659=DIRECTION('',(-2.89999839423093E-8,0.999999999999613,8.79130527254835E-7));
#1660=DIRECTION('',(-2.89999839427833E-8,1.,-6.26907983205909E-13));
#1661=DIRECTION('',(5.26539040324028E-13,6.26907998435552E-13,1.));
#1662=DIRECTION('',(5.26539040324028E-13,6.26907998475533E-13,1.));
#1663=DIRECTION('',(1.,2.89999839427833E-8,-5.264645369493E-13));
#1664=DIRECTION('',(-2.89999839427665E-8,1.,3.18879468264833E-8));
#1665=DIRECTION('',(1.,2.89999839427833E-8,-5.264645369493E-13));
#1666=DIRECTION('',(-1.22563850282444E-8,0.422617745094252,-0.906308027952666));
#1667=DIRECTION('',(1.,2.89999839417001E-8,-5.2646453630687E-13));
#1668=DIRECTION('',(-1.2256385027786E-8,0.422617745094252,-0.906308027952666));
#1669=DIRECTION('',(1.,2.89999839427833E-8,-5.264645369493E-13));
#1670=DIRECTION('',(1.,2.89999839417001E-8,-5.2646453630687E-13));
#1671=DIRECTION('',(-1.2256385027786E-8,0.422617745094252,-0.906308027952666));
#1672=DIRECTION('',(1.,2.89999839427833E-8,-5.264645369493E-13));
#1673=DIRECTION('',(-2.89999839427833E-8,1.,-6.26907983205909E-13));
#1674=DIRECTION('',(5.26540297697142E-13,6.26907998471531E-13,1.));
#1675=DIRECTION('',(-5.26539040324028E-13,-6.26907998475533E-13,-1.));
#1676=DIRECTION('',(1.,2.89999839427833E-8,-5.264645369493E-13));
#1677=DIRECTION('',(5.26539040324028E-13,6.26907998475533E-13,1.));
#1678=DIRECTION('',(1.,2.89999839427833E-8,-5.264645369493E-13));
#1679=DIRECTION('',(-2.89999839428107E-8,1.,-5.19976479408396E-8));
#1680=DIRECTION('',(1.,2.89999839416956E-8,-5.26464535754068E-13));
#1681=DIRECTION('',(-2.8999983941723E-8,1.,-5.19976479408396E-8));
#1682=DIRECTION('',(1.,2.89999839427833E-8,-5.264645369493E-13));
#1683=DIRECTION('',(1.,2.89999839416956E-8,-5.26464535754068E-13));
#1684=DIRECTION('',(-2.8999983941723E-8,1.,-5.19976479408396E-8));
#1685=DIRECTION('',(1.,2.89999839427833E-8,-5.264645369493E-13));
#1686=DIRECTION('',(-2.89999839427612E-8,1.,4.19567666784742E-8));
#1687=DIRECTION('',(1.,2.89999839416998E-8,-5.26464536348398E-13));
#1688=DIRECTION('',(-2.89999839416777E-8,1.,4.19567666784742E-8));
#1689=DIRECTION('',(1.,2.89999839427833E-8,-5.264645369493E-13));
#1690=DIRECTION('',(-1.,-2.89999839416998E-8,5.26464536348398E-13));
#1691=DIRECTION('',(-2.89999839416777E-8,1.,4.19567666784742E-8));
#1692=DIRECTION('',(1.,2.89999839427833E-8,-5.264645369493E-13));
#1693=DIRECTION('',(2.89999839427833E-8,-1.,6.26907983205909E-13));
#1694=DIRECTION('',(-5.26537686548252E-13,-6.26907998469459E-13,-1.));
#1695=DIRECTION('',(5.26539040324028E-13,6.26907998475533E-13,1.));
#1696=DIRECTION('',(1.,2.89999839427833E-8,-5.26464536947365E-13));
#1697=DIRECTION('',(-5.26539040324028E-13,-6.26907998475533E-13,-1.));
#1698=DIRECTION('',(1.55812423959672E-8,-0.537299831102419,-0.843391303901879));
#1699=DIRECTION('',(-2.44586171902601E-8,0.843391303901879,-0.537299831102419));
#1700=DIRECTION('',(2.44586171902601E-8,-0.843391303901879,0.537299831102419));
#1701=DIRECTION('',(1.,2.89999839427833E-8,-5.264645369493E-13));
#1702=DIRECTION('',(-2.44586171902601E-8,0.843391303901879,-0.537299831102419));
#1703=DIRECTION('',(-1.22563850243402E-8,0.422617744959624,-0.906308028015444));
#1704=DIRECTION('',(-2.62826957338207E-8,0.906308028015443,0.422617744959624));
#1705=DIRECTION('',(2.62826957338207E-8,-0.906308028015443,-0.422617744959624));
#1706=DIRECTION('',(-2.62826957338207E-8,0.906308028015443,0.422617744959624));
#1707=DIRECTION('',(1.,2.89999839427833E-8,-5.264645369493E-13));
#1708=DIRECTION('',(-2.89999839427665E-8,1.,3.18879468264833E-8));
#1709=DIRECTION('',(5.26539040324028E-13,6.26907998475533E-13,1.));
#1710=DIRECTION('',(-2.89999839423092E-8,0.999999999999613,8.79130527254835E-7));
#1711=DIRECTION('',(2.89999839398347E-8,-0.999999999987844,-4.93063819931503E-6));
#1712=DIRECTION('',(-2.89999839427833E-8,1.,-6.26907983205909E-13));
#1713=DIRECTION('',(5.26539040324028E-13,6.26907998435552E-13,1.));
#1714=DIRECTION('',(1.,2.89999839427833E-8,-5.264645369493E-13));
#1715=DIRECTION('',(5.26539040324028E-13,6.26907998475533E-13,1.));
#1716=DIRECTION('',(1.,2.89999839427833E-8,-5.264645369493E-13));
#1717=DIRECTION('',(-2.89999839427833E-8,1.,-6.26907983205909E-13));
#1718=DIRECTION('',(5.26539040324028E-13,6.26907998435552E-13,1.));
#1719=DIRECTION('',(5.26539040324028E-13,6.26907998475533E-13,1.));
#1720=DIRECTION('',(1.,2.89999839427833E-8,-5.264645369493E-13));
#1721=DIRECTION('',(-2.89999839427665E-8,1.,3.18879468264833E-8));
#1722=DIRECTION('',(1.,2.89999839427833E-8,-5.264645369493E-13));
#1723=DIRECTION('',(-2.89999839427833E-8,1.,0.));
#1724=DIRECTION('',(1.,2.89999839427833E-8,-5.264645369493E-13));
#1725=DIRECTION('',(-2.89999839427833E-8,1.,0.));
#1726=DIRECTION('',(-2.89999839423092E-8,0.999999999999613,8.79130527254835E-7));
#1727=DIRECTION('',(2.89999839398347E-8,-0.999999999987844,-4.93063819931503E-6));
#1728=DIRECTION('',(-1.,-2.89999543368369E-8,5.26465698973251E-13));
#1729=DIRECTION('',(2.89999542938652E-8,-0.9999999992305,-3.92300808235016E-5));
#1730=DIRECTION('',(1.66420941443762E-12,-3.92300747984304E-5,0.999999999230501));
#1731=DIRECTION('',(-1.,-2.89999839416738E-8,4.96836397363214E-13));
#1732=DIRECTION('',(5.2240612944742E-13,-8.7914567748125E-7,0.999999999999614));
#1733=DIRECTION('',(1.,2.89999839427833E-8,-5.264645369493E-13));
#1734=DIRECTION('',(-2.89999839427665E-8,1.,3.18879468264833E-8));
#1735=DIRECTION('',(-5.21069846592102E-13,-6.26907998316926E-13,-1.));
#1736=DIRECTION('',(2.89999839412237E-8,-0.999999999999613,-8.79130527254835E-7));
#1737=DIRECTION('',(1.,2.89999839416738E-8,-4.96836397363214E-13));
#1738=DIRECTION('',(5.2240612944742E-13,-8.7914567748125E-7,0.999999999999614));
#1739=DIRECTION('',(-1.66420941443762E-12,3.92300747984304E-5,-0.999999999230501));
#1740=DIRECTION('',(1.,2.89999543368369E-8,-5.26465698973251E-13));
#1741=DIRECTION('',(2.89999542938652E-8,-0.9999999992305,-3.92300808235016E-5));
#1742=DIRECTION('',(-2.89999839398347E-8,0.999999999987844,4.93063819931503E-6));
#1743=DIRECTION('',(2.89999839423092E-8,-0.999999999999613,-8.79130527254835E-7));
#1744=DIRECTION('',(1.,2.89999839427833E-8,-5.264645369493E-13));
#1745=DIRECTION('',(-2.89999839427833E-8,1.,0.));
#1746=DIRECTION('',(-5.52033829678147E-13,8.7913052725482E-7,-0.999999999999614));
#1747=DIRECTION('',(-2.89999839412252E-8,0.999999999999613,8.79130527254835E-7));
#1748=DIRECTION('',(1.,2.89999700645126E-8,-5.40342930401567E-13));
#1749=DIRECTION('',(1.,2.89999700645126E-8,-5.40342930401567E-13));
#1750=DIRECTION('',(-5.40417433776304E-13,-6.26907998878006E-13,-1.));
#1751=DIRECTION('',(1.,2.89999839427833E-8,-5.26464536955918E-13));
#1752=DIRECTION('',(-5.26539040330646E-13,-6.26907998475533E-13,-1.));
#1753=DIRECTION('',(1.,2.89999839427833E-8,-1.81789478954023E-20));
#1754=DIRECTION('',(-2.89999839427833E-8,1.,0.));
#1755=DIRECTION('',(-5.52033829678147E-13,8.7913052725482E-7,-0.999999999999614));
#1756=DIRECTION('',(-2.89999839412237E-8,0.999999999999613,8.79130527254835E-7));
#1757=DIRECTION('',(-2.89999839427721E-8,0.999999999999613,8.79130527254835E-7));
#1758=DIRECTION('',(1.,2.89999839427833E-8,-5.264645369493E-13));
#1759=DIRECTION('',(1.,2.89999839427833E-8,-5.264645369493E-13));
#1760=DIRECTION('',(5.52034269034471E-13,-8.79145677481249E-7,0.999999999999614));
#1761=DIRECTION('',(1.,2.89999839427833E-8,-5.264645369493E-13));
#1762=DIRECTION('',(1.,2.89999839427833E-8,-1.83979713640207E-20));
#1763=DIRECTION('',(-2.89999839427833E-8,1.,0.));
#1764=DIRECTION('',(1.,2.89999839427833E-8,-5.264645369493E-13));
#1765=DIRECTION('',(-1.,-2.89999839427833E-8,1.83979713640207E-20));
#1766=DIRECTION('',(2.89999839427833E-8,-1.,0.));
#1767=DIRECTION('',(-2.89999838998116E-8,0.9999999992305,3.92300747984304E-5));
#1768=DIRECTION('',(1.66420941443762E-12,-3.92300747984304E-5,0.999999999230501));
#1769=DIRECTION('',(1.,2.89999839427833E-8,-5.264645369493E-13));
#1770=DIRECTION('',(1.,2.89999839427833E-8,-5.264645369493E-13));
#1771=DIRECTION('',(2.89999838998116E-8,-0.9999999992305,-3.92300808235016E-5));
#1772=DIRECTION('',(1.,2.89999839427833E-8,-5.264645369493E-13));
#1773=DIRECTION('',(6.69452968152024E-13,-4.93063828901553E-6,0.999999999987845));
#1774=DIRECTION('',(2.899998393875E-8,-0.999999999987844,-4.93063828901555E-6));
#1775=DIRECTION('',(1.,2.89999839427833E-8,-1.81789478954023E-20));
#1776=DIRECTION('',(-2.89999839427833E-8,1.,0.));
#1777=DIRECTION('',(1.37355117175498E-24,-6.26907983205909E-13,-1.));
#1778=DIRECTION('',(-2.89999839427833E-8,1.,-6.26907983205909E-13));
#1779=DIRECTION('',(-1.8180321628002E-20,6.26907983205908E-13,1.));
#1780=DIRECTION('',(0.,-1.,6.26907983205908E-13));
#1781=DIRECTION('',(-2.89999839427833E-8,1.,-6.26907983205909E-13));
#1782=DIRECTION('',(1.,2.89999839427833E-8,1.81427995795183E-28));
#1783=DIRECTION('',(-2.89999839427833E-8,1.,-6.26907983205909E-13));
#1784=DIRECTION('',(-2.89999839427833E-8,1.,-6.26907983205909E-13));
#1785=DIRECTION('',(1.,2.89999839427833E-8,-1.81789478954023E-20));
#1786=DIRECTION('',(-2.89999839427833E-8,1.,0.));
#1787=DIRECTION('',(-1.37355117175498E-24,6.26907983205909E-13,1.));
#1788=DIRECTION('',(1.,2.89999839427833E-8,-1.83979713640207E-20));
#1789=DIRECTION('',(-2.89999839427833E-8,1.,0.));
#1790=DIRECTION('',(-2.17649917446712E-22,-6.26907983205909E-13,-1.));
#1791=DIRECTION('',(-2.89999839427833E-8,1.,-6.26907983205909E-13));
#1792=DIRECTION('',(-2.89999839427833E-8,1.,-6.26907983205909E-13));
#1793=DIRECTION('',(-1.81803171084717E-20,6.26907983205908E-13,1.));
#1794=DIRECTION('',(0.,-1.,6.26907983205908E-13));
#1795=DIRECTION('',(1.,2.89999839427833E-8,-4.33810235791985E-27));
#1796=DIRECTION('',(-2.89999839427833E-8,1.,-6.26907983205909E-13));
#1797=DIRECTION('',(-1.81803171084717E-20,6.26907983205908E-13,1.));
#1798=DIRECTION('',(0.,-1.,6.26907983205908E-13));
#1799=DIRECTION('',(-2.89999839427833E-8,1.,-6.26907983205909E-13));
#1800=DIRECTION('',(-1.,-2.89999839427833E-8,1.83979713640207E-20));
#1801=DIRECTION('',(2.89999839427833E-8,-1.,0.));
#1802=DIRECTION('',(2.17649917446712E-22,6.26907983205909E-13,1.));
#1803=DIRECTION('',(-2.89999839427833E-8,1.,-6.26907983205909E-13));
#1804=DIRECTION('',(-1.,-2.89999839427833E-8,1.8180321446574E-20));
#1805=DIRECTION('',(-1.,-2.89999839427833E-8,1.73365499391732E-20));
#1806=DIRECTION('',(2.89999839427833E-8,-1.,0.));
#1807=DIRECTION('',(-2.89999839427833E-8,1.,-6.26907983205909E-13));
#1808=DIRECTION('',(-8.43771507400848E-22,6.26907983205909E-13,1.));
#1809=DIRECTION('',(1.,2.89999839427833E-8,-1.73365499391732E-20));
#1810=DIRECTION('',(-2.89999839427833E-8,1.,0.));
#1811=DIRECTION('',(8.43771507400848E-22,-6.26907983205909E-13,-1.));
#1812=DIRECTION('',(-2.89999839427833E-8,1.,-6.26907983205909E-13));
#1813=DIRECTION('',(-1.81803077869407E-20,6.26907983205908E-13,1.));
#1814=DIRECTION('',(0.,-1.,6.26907983205908E-13));
#1815=DIRECTION('',(1.,2.89999839427833E-8,-1.36596333230139E-26));
#1816=DIRECTION('',(-2.89999839427833E-8,1.,-6.26907983205909E-13));
#1817=DIRECTION('',(-1.,-2.89999839427833E-8,1.8180321446574E-20));
#1818=DIRECTION('',(-2.89999839427833E-8,1.,-6.26907983205909E-13));
#1819=DIRECTION('',(-1.,-2.89999839427833E-8,1.8180321446574E-20));
#1820=DIRECTION('',(-2.89999839427833E-8,1.,-6.26907983205909E-13));
#1821=DIRECTION('',(-1.,-2.89999839427833E-8,0.));
#1822=DIRECTION('',(1.373551171761E-24,-6.26907983205909E-13,-1.));
#1823=DIRECTION('',(-2.89999839427833E-8,1.,-6.26907983205909E-13));
#1824=DIRECTION('',(-1.,-2.89999839427833E-8,1.8180321446574E-20));
#1825=DIRECTION('',(-1.373551171761E-24,6.26907983205909E-13,1.));
#1826=DIRECTION('',(2.89999839427833E-8,-1.,6.26907983205909E-13));
#1827=DIRECTION('',(1.,2.89999839427833E-8,0.));
#1828=DIRECTION('',(-2.89999839427833E-8,1.,-6.26907983205909E-13));
#1829=DIRECTION('',(-1.,-2.89999839427833E-8,0.));
#1830=DIRECTION('',(-2.89999839427833E-8,1.,-6.26907983205909E-13));
#1831=DIRECTION('',(-1.,-2.89999839427833E-8,0.));
#1832=DIRECTION('',(-2.899997950112E-8,1.,-6.24500451351632E-13));
#1833=DIRECTION('',(-1.,-2.899997950112E-8,0.));
#1834=DIRECTION('',(2.899997950112E-8,-1.,6.24500451351632E-13));
#1835=DIRECTION('',(1.,2.899997950112E-8,0.));
#1836=DIRECTION('',(0.707106801692657,-0.707106760680438,4.43290873250408E-13));
#1837=DIRECTION('',(1.37355117175799E-24,-6.26907983205909E-13,-1.));
#1838=DIRECTION('',(0.70710676068048,0.707106801692615,-4.43290898959327E-13));
#1839=DIRECTION('',(1.37355117175799E-24,-6.26907983205909E-13,-1.));
#1840=CARTESIAN_POINT('',(0.,0.,0.));
#1841=CARTESIAN_POINT('',(0.0468858412794216,0.143249529054958,-0.165773570705693));
#1842=CARTESIAN_POINT('',(0.0514358412794248,0.143249529186908,-0.165773570705696));
#1843=CARTESIAN_POINT('',(0.0514358416230719,0.131399621090031,-0.165773581123312));
#1844=CARTESIAN_POINT('',(0.0514358413345235,0.141349571209912,-0.165773572376007));
#1845=CARTESIAN_POINT('',(0.0510358439285843,0.140949573780773,-0.165773572727656));
#1846=CARTESIAN_POINT('',(0.0510358413461235,0.140949571198312,-0.165773570705646));
#1847=CARTESIAN_POINT('',(0.0491608413461219,0.140949571143937,-0.165773570705645));
#1848=CARTESIAN_POINT('',(0.0468858413461203,0.140949571077962,-0.165773572727656));
#1849=CARTESIAN_POINT('',(0.0468858413656947,0.140274590886752,-0.165773573321052));
#1850=CARTESIAN_POINT('',(0.0468858416230688,0.131399618034777,-0.165773581123312));
#1851=CARTESIAN_POINT('',(0.0468858416230687,0.131399620958081,-0.165773581123309));
#1852=CARTESIAN_POINT('',(0.0468858412794216,0.143249529054958,-0.165773570705693));
#1853=CARTESIAN_POINT('',(0.0614858413656947,0.140274591310151,-0.16577357332106));
#1854=CARTESIAN_POINT('',(0.0614858413461203,0.140949571435387,-0.165773570705651));
#1855=CARTESIAN_POINT('',(0.06148584137367,0.139999581439748,-0.165773576316953));
#1856=CARTESIAN_POINT('',(0.0592108413461219,0.140949571435387,-0.16577357070565));
#1857=CARTESIAN_POINT('',(0.0573358413461236,0.140949571381012,-0.165773570705649));
#1858=CARTESIAN_POINT('',(0.0573358387636596,0.140949573963476,-0.16577357272766));
#1859=CARTESIAN_POINT('',(0.0569358413345236,0.141349571369412,-0.16577357237601));
#1860=CARTESIAN_POINT('',(0.0569358412794248,0.143249529346408,-0.165773570705699));
#1861=CARTESIAN_POINT('',(0.056935841623072,0.131399621249531,-0.165773581123315));
#1862=CARTESIAN_POINT('',(0.0468858416230687,0.131399620958081,-0.165773581123309));
#1863=CARTESIAN_POINT('',(0.0628858416230687,0.131399620973899,-0.165773581123318));
#1864=CARTESIAN_POINT('',(0.0628858413656947,0.140274591350751,-0.16577357332106));
#1865=CARTESIAN_POINT('',(0.06288584137367,0.139999581480348,-0.165773576316954));
#1866=CARTESIAN_POINT('',(0.06148584137367,0.13999958128032,-0.165773573562829));
#1867=CARTESIAN_POINT('',(0.0468858414116712,0.13868944460171,-0.151923528512676));
#1868=CARTESIAN_POINT('',(0.0614858414290701,0.138089483296361,-0.151916751780811));
#1869=CARTESIAN_POINT('',(0.0545858414290661,0.138089483096261,-0.151916751780807));
#1870=CARTESIAN_POINT('',(0.0628858414290701,0.138089483336961,-0.151916751780812));
#1871=CARTESIAN_POINT('',(0.0545858414116672,0.138689444825011,-0.151923528512679));
#1872=CARTESIAN_POINT('',(0.0545858414252498,0.138221078722042,-0.152298539437377));
#1873=CARTESIAN_POINT('',(0.0468858414252539,0.138221078498745,-0.152298539437377));
#1874=CARTESIAN_POINT('',(0.0569358414252498,0.138221078790192,-0.152298539437377));
#1875=CARTESIAN_POINT('',(0.0569358414116672,0.138689444893161,-0.15192352851268));
#1876=CARTESIAN_POINT('',(0.0569358414116672,0.138689445393679,-0.152523528563968));
#1877=CARTESIAN_POINT('',(0.0614858414116709,0.138689445525629,-0.152523528512735));
#1878=CARTESIAN_POINT('',(0.0628858414116709,0.138689445566164,-0.152523528512748));
#1879=CARTESIAN_POINT('',(0.0628858414116712,0.138689445065614,-0.151923528512786));
#1880=CARTESIAN_POINT('',(0.0468858414116712,0.13868944460171,-0.151923528512676));
#1881=CARTESIAN_POINT('',(0.0468858414252539,0.138221078498745,-0.152298539437377));
#1882=CARTESIAN_POINT('',(0.0537858414252498,0.138221078698843,-0.152298539437377));
#1883=CARTESIAN_POINT('',(0.0514358414252498,0.138221078710445,-0.152298539437377));
#1884=CARTESIAN_POINT('',(0.0537858414116672,0.138689444801811,-0.151923528512679));
#1885=CARTESIAN_POINT('',(0.0537858414290661,0.138089483073061,-0.151916751780807));
#1886=CARTESIAN_POINT('',(0.0614858414290701,0.138089483296361,-0.151916751780811));
#1887=CARTESIAN_POINT('',(0.0468858414290701,0.138089482872961,-0.151916751780804));
#1888=CARTESIAN_POINT('',(0.0468858414116712,0.138689444601614,-0.151923528512778));
#1889=CARTESIAN_POINT('',(0.0468858414116709,0.138689445102165,-0.15252352851274));
#1890=CARTESIAN_POINT('',(0.0614858414116709,0.138689445525629,-0.152523528512735));
#1891=CARTESIAN_POINT('',(0.0514358414116671,0.138689445234179,-0.152523528563965));
#1892=CARTESIAN_POINT('',(0.0514358414116671,0.13868944473366,-0.151923528512678));
#1893=CARTESIAN_POINT('',(0.061485841428972,0.138092871373913,-0.151616796449562));
#1894=CARTESIAN_POINT('',(0.0614858414290315,0.13809081853713,-0.151798539437377));
#1895=CARTESIAN_POINT('',(0.0545858414290273,0.13809081832543,-0.151798539437377));
#1896=CARTESIAN_POINT('',(0.0537858414290273,0.13809081832543,-0.151798539437377));
#1897=CARTESIAN_POINT('',(0.0545858414289678,0.138092871173813,-0.151616796449562));
#1898=CARTESIAN_POINT('',(0.0628858414290701,0.138089483336961,-0.151916751780812));
#1899=CARTESIAN_POINT('',(0.062885841428972,0.138092871414479,-0.151616796449563));
#1900=CARTESIAN_POINT('',(0.061485841428972,0.138092871373879,-0.151616796449562));
#1901=CARTESIAN_POINT('',(0.046885841428972,0.138092870950479,-0.151616796449555));
#1902=CARTESIAN_POINT('',(0.0468858414290701,0.138089482872961,-0.151916751780804));
#1903=CARTESIAN_POINT('',(0.0537858414289678,0.138092871150613,-0.151616796449562));
#1904=CARTESIAN_POINT('',(0.0468858415360687,0.134399594093329,-0.167273539003803));
#1905=CARTESIAN_POINT('',(0.0545358415360728,0.134399594315179,-0.167273539003807));
#1906=CARTESIAN_POINT('',(0.0545358411803369,0.146666355786527,-0.167273528219722));
#1907=CARTESIAN_POINT('',(0.0545358415360728,0.134399594315179,-0.167273539003807));
#1908=CARTESIAN_POINT('',(0.0468858411803328,0.146666355564677,-0.167273528219718));
#1909=CARTESIAN_POINT('',(0.0614858411803329,0.146666355988076,-0.167273528219726));
#1910=CARTESIAN_POINT('',(0.0614858411803329,0.146666355988076,-0.167273528219726));
#1911=CARTESIAN_POINT('',(0.0614858413736692,0.139999581487574,-0.167273534080691));
#1912=CARTESIAN_POINT('',(0.0468858413736692,0.13999958085692,-0.167273534080683));
#1913=CARTESIAN_POINT('',(0.0628858413736692,0.139999581528174,-0.167273534080692));
#1914=CARTESIAN_POINT('',(0.0628858411803328,0.146666356028676,-0.167273528219726));
#1915=CARTESIAN_POINT('',(0.0628858415360687,0.134399594557328,-0.167273539003811));
#1916=CARTESIAN_POINT('',(0.0468858415360687,0.134399594093329,-0.167273539003803));
#1917=CARTESIAN_POINT('',(0.0541858420508569,0.116648406671151,-0.166998539437364));
#1918=CARTESIAN_POINT('',(0.0468858416404684,0.130799621485594,-0.166998539437373));
#1919=CARTESIAN_POINT('',(0.0538358416404719,0.130799621687143,-0.166998539437373));
#1920=CARTESIAN_POINT('',(0.0514358416404719,0.130799621697293,-0.166998539437373));
#1921=CARTESIAN_POINT('',(0.0538358418449233,0.123749571279511,-0.166998539437369));
#1922=CARTESIAN_POINT('',(0.0538358411199237,0.148749571279511,-0.166998539437384));
#1923=CARTESIAN_POINT('',(0.0541858411199237,0.148749571289661,-0.166998539437384));
#1924=CARTESIAN_POINT('',(0.0545358411199237,0.148749571299811,-0.166998539437384));
#1925=CARTESIAN_POINT('',(0.0545358418449233,0.123749571299811,-0.166998539437369));
#1926=CARTESIAN_POINT('',(0.0545358416404719,0.130799621707443,-0.166998539437373));
#1927=CARTESIAN_POINT('',(0.0468858416404684,0.130799621485594,-0.166998539437373));
#1928=CARTESIAN_POINT('',(0.056935841640472,0.130799621697293,-0.166998539437373));
#1929=CARTESIAN_POINT('',(0.056935842050857,0.116648406750901,-0.166998539437364));
#1930=CARTESIAN_POINT('',(0.056935842050857,0.149749571369411,-0.166998539437385));
#1931=CARTESIAN_POINT('',(0.0541858410909237,0.149749571289661,-0.166998539437385));
#1932=CARTESIAN_POINT('',(0.0514358410909236,0.149749571209911,-0.166998539437385));
#1933=CARTESIAN_POINT('',(0.0514358420508569,0.116648406591401,-0.166998539437364));
#1934=CARTESIAN_POINT('',(0.0468858410909194,0.149749571077961,-0.167673526036657));
#1935=CARTESIAN_POINT('',(0.0468858410909279,0.149749571077971,-0.151623552838105));
#1936=CARTESIAN_POINT('',(0.0468858410909279,0.149749571077971,-0.151623552838105));
#1937=CARTESIAN_POINT('',(0.0468858410909194,0.149749571077956,-0.167673526036657));
#1938=CARTESIAN_POINT('',(0.0468858410909279,0.149749571077971,-0.151623552838105));
#1939=CARTESIAN_POINT('',(0.0614858410909279,0.149749571501371,-0.151623552838113));
#1940=CARTESIAN_POINT('',(0.0614858410909279,0.149749571501371,-0.151623552838113));
#1941=CARTESIAN_POINT('',(0.0614858410909194,0.149749571501356,-0.167673526036665));
#1942=CARTESIAN_POINT('',(0.0468858410909194,0.149749571077956,-0.167673526036657));
#1943=CARTESIAN_POINT('',(0.0541858410909237,0.149749571289671,-0.152298539437385));
#1944=CARTESIAN_POINT('',(0.0514358410909237,0.149749571209921,-0.152298539437385));
#1945=CARTESIAN_POINT('',(0.0569358410909237,0.14974957136942,-0.152298539437385));
#1946=CARTESIAN_POINT('',(0.0514358410909236,0.149749571209916,-0.159648539437385));
#1947=CARTESIAN_POINT('',(0.0569358410909237,0.149749571369416,-0.159648539437385));
#1948=CARTESIAN_POINT('',(0.0614858414116709,0.138689445525629,-0.152523528615205));
#1949=CARTESIAN_POINT('',(0.0491608413461254,0.140949571143945,-0.152523524708691));
#1950=CARTESIAN_POINT('',(0.0510358413461235,0.14094957119832,-0.152523524708691));
#1951=CARTESIAN_POINT('',(0.0468858413461272,0.140949571077966,-0.152523524708689));
#1952=CARTESIAN_POINT('',(0.0510358381043238,0.14094956795652,-0.152523526628256));
#1953=CARTESIAN_POINT('',(0.0514358413345235,0.14134957120992,-0.152523526276602));
#1954=CARTESIAN_POINT('',(0.0514358414116671,0.138689445234179,-0.1525235286152));
#1955=CARTESIAN_POINT('',(0.046885841365702,0.140274579238232,-0.152523527221657));
#1956=CARTESIAN_POINT('',(0.0468858416404684,0.130799621485594,-0.166373582525837));
#1957=CARTESIAN_POINT('',(0.0545358416404719,0.130799621707444,-0.166373582525837));
#1958=CARTESIAN_POINT('',(0.0545358416404719,0.130799621697293,-0.167548539437373));
#1959=CARTESIAN_POINT('',(0.0468858416404684,0.130799621485593,-0.167548539437373));
#1960=CARTESIAN_POINT('',(0.0538358416404719,0.130799621687143,-0.167548539437373));
#1961=CARTESIAN_POINT('',(0.0538358416404719,0.130799621687144,-0.166373582525837));
#1962=CARTESIAN_POINT('',(0.0514358416404719,0.130799621617544,-0.166373582525837));
#1963=CARTESIAN_POINT('',(0.0514358416404719,0.130799621617544,-0.166373581123278));
#1964=CARTESIAN_POINT('',(0.0468858416404683,0.130799621485594,-0.166373581123273));
#1965=CARTESIAN_POINT('',(0.0468858416404684,0.130799621485594,-0.166373581123273));
#1966=CARTESIAN_POINT('',(0.0468858416404684,0.130799621485594,-0.166373582525837));
#1967=CARTESIAN_POINT('',(0.0468858416404667,0.130799621485634,-0.169523538908794));
#1968=CARTESIAN_POINT('',(0.0468858416404667,0.130799621485592,-0.169523541810814));
#1969=CARTESIAN_POINT('',(0.0628858416404667,0.130799621949634,-0.169523538908802));
#1970=CARTESIAN_POINT('',(0.0628858416404713,0.130799621949597,-0.160773538729867));
#1971=CARTESIAN_POINT('',(0.0628858416404684,0.130799621949594,-0.166373581123282));
#1972=CARTESIAN_POINT('',(0.0468858416404683,0.130799621485594,-0.166373581123273));
#1973=CARTESIAN_POINT('',(0.056935841623072,0.130799621777044,-0.166373581123279));
#1974=CARTESIAN_POINT('',(0.0569358416404719,0.130799621777044,-0.166373582525837));
#1975=CARTESIAN_POINT('',(0.0468858416230683,0.131399621485559,-0.166373581123274));
#1976=CARTESIAN_POINT('',(0.0514358416230719,0.131399621617509,-0.166373581123276));
#1977=CARTESIAN_POINT('',(0.0468858416230684,0.131399621485559,-0.166373581123274));
#1978=CARTESIAN_POINT('',(0.0614858413656975,0.140274586914468,-0.160773538729873));
#1979=CARTESIAN_POINT('',(0.0614858413461238,0.140949571501366,-0.159148547707174));
#1980=CARTESIAN_POINT('',(0.0614858413461272,0.140949571435395,-0.152523524708697));
#1981=CARTESIAN_POINT('',(0.061485841373677,0.139999581280329,-0.152523527419841));
#1982=CARTESIAN_POINT('',(0.0614858411803325,0.146666356515558,-0.167873528219721));
#1983=CARTESIAN_POINT('',(0.0614858411631759,0.147257964405959,-0.167773527699622));
#1984=CARTESIAN_POINT('',(0.0614858411460194,0.147849572296336,-0.167673527179543));
#1985=CARTESIAN_POINT('',(0.061485841146019,0.147849572823837,-0.168273527179518));
#1986=CARTESIAN_POINT('',(0.0614858411083191,0.149149572028847,-0.16827352603665));
#1987=CARTESIAN_POINT('',(0.0614858411083191,0.149149572028847,-0.16827352603665));
#1988=CARTESIAN_POINT('',(0.0614858411083194,0.149149571501371,-0.167673526036666));
#1989=CARTESIAN_POINT('',(0.0614858411083279,0.149149571501372,-0.151623552838111));
#1990=CARTESIAN_POINT('',(0.0614858411083282,0.149149571497689,-0.151023552838112));
#1991=CARTESIAN_POINT('',(0.0614858413657029,0.140274578342961,-0.15102355600875));
#1992=CARTESIAN_POINT('',(0.0614858412489781,0.144299571830577,-0.151023552805443));
#1993=CARTESIAN_POINT('',(0.0614858413234721,0.141730833233214,-0.14982573220173));
#1994=CARTESIAN_POINT('',(0.0614858413234721,0.141730833233214,-0.14982573220173));
#1995=CARTESIAN_POINT('',(0.0614858413287286,0.141549571635178,-0.1499412086545));
#1996=CARTESIAN_POINT('',(0.0614858413287286,0.141549571635178,-0.1499412086545));
#1997=CARTESIAN_POINT('',(0.0614858413287229,0.141549572089581,-0.160773538729873));
#1998=CARTESIAN_POINT('',(0.0614858413287284,0.141549571655412,-0.150423552757705));
#1999=CARTESIAN_POINT('',(0.0614858413461284,0.140949571655411,-0.150423552782876));
#2000=CARTESIAN_POINT('',(0.0614858413461281,0.14094957165137,-0.151023552782878));
#2001=CARTESIAN_POINT('',(0.0614858413657029,0.140274578342961,-0.15102355600875));
#2002=CARTESIAN_POINT('',(0.0614858413736778,0.139999581271225,-0.151023553346421));
#2003=CARTESIAN_POINT('',(0.061485841373677,0.139999581280329,-0.152523527419841));
#2004=CARTESIAN_POINT('',(0.061485841373677,0.139999581017274,-0.152523527419841));
#2005=CARTESIAN_POINT('',(0.061485841365702,0.140274579661632,-0.152523527221665));
#2006=CARTESIAN_POINT('',(0.0468858411803325,0.146666356092158,-0.167873528219713));
#2007=CARTESIAN_POINT('',(0.0545358411803369,0.146666356314008,-0.167873528219717));
#2008=CARTESIAN_POINT('',(0.0545358411657104,0.147170719557242,-0.167548539437383));
#2009=CARTESIAN_POINT('',(0.046885841165706,0.147170719345542,-0.167548539437383));
#2010=CARTESIAN_POINT('',(0.0538358411657103,0.14717071954709,-0.167548539437383));
#2011=CARTESIAN_POINT('',(0.0538358411803369,0.146666356293708,-0.167873528219717));
#2012=CARTESIAN_POINT('',(0.0538358411803369,0.146666355766227,-0.167273528219722));
#2013=CARTESIAN_POINT('',(0.0468858411803328,0.146666355564677,-0.167273528219718));
#2014=CARTESIAN_POINT('',(0.0468858411803328,0.146666355564677,-0.167273528219718));
#2015=CARTESIAN_POINT('',(0.0468858411803325,0.146666356092158,-0.167873528219713));
#2016=CARTESIAN_POINT('',(0.0468858411631759,0.147257963982559,-0.167773527699614));
#2017=CARTESIAN_POINT('',(0.0468858411631759,0.147257963982559,-0.167773527699614));
#2018=CARTESIAN_POINT('',(0.0468858411460194,0.147849571872936,-0.167673527179535));
#2019=CARTESIAN_POINT('',(0.0468858411460194,0.147849571872936,-0.167673527179535));
#2020=CARTESIAN_POINT('',(0.046885841146019,0.147849572400437,-0.168273527179511));
#2021=CARTESIAN_POINT('',(0.046885841146019,0.147849572400437,-0.168273527179511));
#2022=CARTESIAN_POINT('',(0.046885841146019,0.147849572400437,-0.168273527179506));
#2023=CARTESIAN_POINT('',(0.0468858411083191,0.149149571605447,-0.168273526036643));
#2024=CARTESIAN_POINT('',(0.0468858411083191,0.149149571605447,-0.168273526036643));
#2025=CARTESIAN_POINT('',(0.0468858411083191,0.149149571605447,-0.168273526036643));
#2026=CARTESIAN_POINT('',(0.0468858411083194,0.149149571077971,-0.167673526036659));
#2027=CARTESIAN_POINT('',(0.0468858411083194,0.149149571077971,-0.167673526036659));
#2028=CARTESIAN_POINT('',(0.0468858411083279,0.149149571077972,-0.151623552838104));
#2029=CARTESIAN_POINT('',(0.0468858411083279,0.149149571077972,-0.151623552838104));
#2030=CARTESIAN_POINT('',(0.0468858411083282,0.14914957107429,-0.151023552838104));
#2031=CARTESIAN_POINT('',(0.0468858411083282,0.149149570550492,-0.151023550522285));
#2032=CARTESIAN_POINT('',(0.0614858413736778,0.139999580969614,-0.151023556250508));
#2033=CARTESIAN_POINT('',(0.0468858413657029,0.140274577919562,-0.151023556008742));
#2034=CARTESIAN_POINT('',(0.0468858412489781,0.144299571407177,-0.151023552805436));
#2035=CARTESIAN_POINT('',(0.0614858412489782,0.144299570977866,-0.151023552470256));
#2036=CARTESIAN_POINT('',(0.0468858412489781,0.144299571674973,-0.151023552992748));
#2037=CARTESIAN_POINT('',(0.0468858413234721,0.141730832809814,-0.149825732201722));
#2038=CARTESIAN_POINT('',(0.0468858413234721,0.141730832809814,-0.149825732201722));
#2039=CARTESIAN_POINT('',(0.0468858413234721,0.141730832809814,-0.149825732201722));
#2040=CARTESIAN_POINT('',(0.0468858413234721,0.141730832809814,-0.149825732201722));
#2041=CARTESIAN_POINT('',(0.0468858413287286,0.141549571211778,-0.149941208654492));
#2042=CARTESIAN_POINT('',(0.0468858413287286,0.141549571211778,-0.149941208654492));
#2043=CARTESIAN_POINT('',(0.0468858413287286,0.141549571666188,-0.149941208365001));
#2044=CARTESIAN_POINT('',(0.0468858413287286,0.141549571666188,-0.149941208654492));
#2045=CARTESIAN_POINT('',(0.0468858413287229,0.141549571666182,-0.160773538729866));
#2046=CARTESIAN_POINT('',(0.0468858413287284,0.141549571232012,-0.150423552757698));
#2047=CARTESIAN_POINT('',(0.0468858413287284,0.141549571449101,-0.150423552782868));
#2048=CARTESIAN_POINT('',(0.0468858413461284,0.140949571232011,-0.150423552782867));
#2049=CARTESIAN_POINT('',(0.0468858413461284,0.140949571232011,-0.150423552782867));
#2050=CARTESIAN_POINT('',(0.0468858413461281,0.14094957122797,-0.15102355278287));
#2051=CARTESIAN_POINT('',(0.0468858413461281,0.14094957175949,-0.151023554099102));
#2052=CARTESIAN_POINT('',(0.0614858414116709,0.138689445525629,-0.152523528615205));
#2053=CARTESIAN_POINT('',(0.0592108413461254,0.140949571435395,-0.152523524708696));
#2054=CARTESIAN_POINT('',(0.0573358413461236,0.14094957138102,-0.152523524708695));
#2055=CARTESIAN_POINT('',(0.061485841373677,0.139999581280329,-0.152523527463424));
#2056=CARTESIAN_POINT('',(0.062885841373677,0.139999581057873,-0.152523527419842));
#2057=CARTESIAN_POINT('',(0.062885841365702,0.140274579702231,-0.152523527221665));
#2058=CARTESIAN_POINT('',(0.0569358414116672,0.138689445393679,-0.152523528615203));
#2059=CARTESIAN_POINT('',(0.0569358413345236,0.14134957136942,-0.152523526276605));
#2060=CARTESIAN_POINT('',(0.0573358445879274,0.140949568139217,-0.15252352662826));
#2061=CARTESIAN_POINT('',(0.0468858414115731,0.138692832679071,-0.151623573181427));
#2062=CARTESIAN_POINT('',(0.0628858414115731,0.138692833143147,-0.151623573181511));
#2063=CARTESIAN_POINT('',(0.0628858414115736,0.138692827719763,-0.151023562974613));
#2064=CARTESIAN_POINT('',(0.0468858414115736,0.138692827255866,-0.151023557399307));
#2065=CARTESIAN_POINT('',(0.052219174744907,0.138692827410533,-0.15102355739931));
#2066=CARTESIAN_POINT('',(0.0575525080782403,0.138692827565199,-0.151023557399313));
#2067=CARTESIAN_POINT('',(0.0628858414115736,0.138692827719866,-0.151023557399315));
#2068=CARTESIAN_POINT('',(0.0468858414115736,0.138692827255763,-0.151023562974604));
#2069=CARTESIAN_POINT('',(0.0468858414115731,0.138692832679147,-0.151623573181503));
#2070=CARTESIAN_POINT('',(0.0614858413736778,0.139999580969614,-0.151023556250508));
#2071=CARTESIAN_POINT('',(0.0628858413657029,0.140274578383561,-0.151023556008751));
#2072=CARTESIAN_POINT('',(0.0628858413736778,0.139999581309415,-0.151023553094752));
#2073=CARTESIAN_POINT('',(0.0614858413736778,0.13999958128033,-0.151023556250508));
#2074=CARTESIAN_POINT('',(0.0468858413657029,0.140274577919562,-0.151023556008742));
#2075=CARTESIAN_POINT('',(0.061485841373677,0.139999581280329,-0.152523527419841));
#2076=CARTESIAN_POINT('',(0.0628858413736726,0.139999581320923,-0.160773538729873));
#2077=CARTESIAN_POINT('',(0.0628858413656975,0.140274586955068,-0.160773538729873));
#2078=CARTESIAN_POINT('',(0.046885841266368,0.143699571404903,-0.170141282205768));
#2079=CARTESIAN_POINT('',(0.046885841266368,0.143699571404903,-0.170141282205768));
#2080=CARTESIAN_POINT('',(0.0468858412590142,0.143953142051958,-0.170685067022538));
#2081=CARTESIAN_POINT('',(0.046885841248968,0.144299571404901,-0.170141282236959));
#2082=CARTESIAN_POINT('',(0.046885841248968,0.144299571411629,-0.170141282205769));
#2083=CARTESIAN_POINT('',(0.061485841248968,0.1442995718283,-0.170141282236967));
#2084=CARTESIAN_POINT('',(0.061485841266368,0.143699571828302,-0.170141282205776));
#2085=CARTESIAN_POINT('',(0.0614858412590142,0.143953142475358,-0.170685067022546));
#2086=CARTESIAN_POINT('',(0.0468858412590142,0.143953142051958,-0.170685067022538));
#2087=CARTESIAN_POINT('',(0.046885841248968,0.144299571418358,-0.170141282236959));
#2088=CARTESIAN_POINT('',(0.046885841248973,0.144299571418364,-0.160773538729868));
#2089=CARTESIAN_POINT('',(0.0468858412489683,0.144299571431816,-0.169623520389989));
#2090=CARTESIAN_POINT('',(0.0468858412489683,0.144299571425087,-0.169623520358797));
#2091=CARTESIAN_POINT('',(0.0614858412489683,0.144299571855216,-0.169623520389997));
#2092=CARTESIAN_POINT('',(0.061485841248973,0.144299571841764,-0.160773538729875));
#2093=CARTESIAN_POINT('',(0.0468858412663683,0.14369957143182,-0.169623520358796));
#2094=CARTESIAN_POINT('',(0.0468858412663683,0.14369957143182,-0.169623520358796));
#2095=CARTESIAN_POINT('',(0.0468858412663687,0.143699568473436,-0.169023520358808));
#2096=CARTESIAN_POINT('',(0.0468858412663687,0.143699568473437,-0.169023520358809));
#2097=CARTESIAN_POINT('',(0.0614858412663687,0.143699568896836,-0.169023520358816));
#2098=CARTESIAN_POINT('',(0.0614858412663683,0.14369957185522,-0.169623520358804));
#2099=CARTESIAN_POINT('',(0.0468858413461175,0.140949571460999,-0.171123518795658));
#2100=CARTESIAN_POINT('',(0.0468858413461175,0.140949571460999,-0.171123518795658));
#2101=CARTESIAN_POINT('',(0.0468858413287175,0.141549571460997,-0.171123518770478));
#2102=CARTESIAN_POINT('',(0.0468858413461178,0.140949572294983,-0.170523518795661));
#2103=CARTESIAN_POINT('',(0.0468858413287175,0.141549571563586,-0.171123518795658));
#2104=CARTESIAN_POINT('',(0.0614858413287175,0.141549571884396,-0.171123518770486));
#2105=CARTESIAN_POINT('',(0.0614858413461175,0.140949571884399,-0.171123518795666));
#2106=CARTESIAN_POINT('',(0.0614858413461177,0.140949574079846,-0.170523518795671));
#2107=CARTESIAN_POINT('',(0.0468858413461178,0.140949570933521,-0.17052351879566));
#2108=CARTESIAN_POINT('',(0.0468858413287286,0.141549571666188,-0.149941208654492));
#2109=CARTESIAN_POINT('',(0.0468858413287229,0.141549571666182,-0.160773538729866));
#2110=CARTESIAN_POINT('',(0.0468858413287172,0.141549571481241,-0.171605868714128));
#2111=CARTESIAN_POINT('',(0.0468858413287172,0.141549571666175,-0.171605868831944));
#2112=CARTESIAN_POINT('',(0.0614858413287172,0.141549571904641,-0.171605868714135));
#2113=CARTESIAN_POINT('',(0.0614858413287229,0.141549572089581,-0.160773538729873));
#2114=CARTESIAN_POINT('',(0.0468858413287172,0.141549571481241,-0.171605868714128));
#2115=CARTESIAN_POINT('',(0.0468858413234606,0.141730833095238,-0.171721345165136));
#2116=CARTESIAN_POINT('',(0.0468858413234606,0.141730833095238,-0.171721345165136));
#2117=CARTESIAN_POINT('',(0.0468858413234606,0.141730833095238,-0.171721345165136));
#2118=CARTESIAN_POINT('',(0.0614858413234606,0.141730833518638,-0.171721345165144));
#2119=CARTESIAN_POINT('',(0.0614858413234606,0.141730833518638,-0.171721345165144));
#2120=CARTESIAN_POINT('',(0.0468858413234606,0.141730833095238,-0.171721345165136));
#2121=CARTESIAN_POINT('',(0.0468858412590142,0.143953142051958,-0.170685067022538));
#2122=CARTESIAN_POINT('',(0.0614858412590142,0.143953142475358,-0.170685067022546));
#2123=CARTESIAN_POINT('',(0.0614858413656975,0.140274586914468,-0.160773538729873));
#2124=CARTESIAN_POINT('',(0.061485841373677,0.139999581280329,-0.152523527419841));
#2125=CARTESIAN_POINT('',(0.0614858413736675,0.139999581591199,-0.170523515319572));
#2126=CARTESIAN_POINT('',(0.0614858413736683,0.139999581368003,-0.169023538602115));
#2127=CARTESIAN_POINT('',(0.0614858413656921,0.140274595485974,-0.17052351938906));
#2128=CARTESIAN_POINT('',(0.061485841365692,0.140274627592226,-0.169023537245963));
#2129=CARTESIAN_POINT('',(0.061485841373677,0.139999581280329,-0.152523527419841));
#2130=CARTESIAN_POINT('',(0.0614858413736683,0.139999581280318,-0.169023538602116));
#2131=CARTESIAN_POINT('',(0.0628858413736683,0.139999581408603,-0.169023538602116));
#2132=CARTESIAN_POINT('',(0.0628858413736726,0.139999581320923,-0.160773538729873));
#2133=CARTESIAN_POINT('',(0.0628858413736675,0.139999581476358,-0.170523519630834));
#2134=CARTESIAN_POINT('',(0.0468858413736675,0.139999580856918,-0.170523519630825));
#2135=CARTESIAN_POINT('',(0.061485841373677,0.139999581280329,-0.152523527419841));
#2136=CARTESIAN_POINT('',(0.0628858413736726,0.139999581320923,-0.160773538729873));
#2137=CARTESIAN_POINT('',(0.0628858413656975,0.140274586955068,-0.160773538729873));
#2138=CARTESIAN_POINT('',(0.0628858416230684,0.131399621949559,-0.166373581123282));
#2139=CARTESIAN_POINT('',(0.0628858416114672,0.131799606978449,-0.169523541810824));
#2140=CARTESIAN_POINT('',(0.0628858416114665,0.131799610888838,-0.170523526839678));
#2141=CARTESIAN_POINT('',(0.0628858413656921,0.140274595526574,-0.17052351938906));
#2142=CARTESIAN_POINT('',(0.062885841365692,0.140274627632826,-0.169023537245963));
#2143=CARTESIAN_POINT('',(0.0628858415360671,0.134399619620813,-0.169023566213502));
#2144=CARTESIAN_POINT('',(0.0628858415360675,0.13439961666243,-0.168423566213508));
#2145=CARTESIAN_POINT('',(0.0628858415534675,0.133799616662891,-0.168423589751556));
#2146=CARTESIAN_POINT('',(0.0628858415534684,0.133799595085282,-0.167873562541841));
#2147=CARTESIAN_POINT('',(0.0628858415534684,0.133799595085282,-0.167873562541841));
#2148=CARTESIAN_POINT('',(0.0628858415360684,0.134399595084816,-0.167873539003801));
#2149=CARTESIAN_POINT('',(0.0468858413656975,0.140274586491069,-0.160773538729865));
#2150=CARTESIAN_POINT('',(0.0468858413461238,0.140949571077966,-0.159148547707166));
#2151=CARTESIAN_POINT('',(0.0468858411803328,0.146666355564677,-0.167273528219718));
#2152=CARTESIAN_POINT('',(0.0468858415360687,0.134399594093329,-0.167273539003803));
#2153=CARTESIAN_POINT('',(0.0468858415360684,0.134399594620816,-0.167873539003792));
#2154=CARTESIAN_POINT('',(0.0468858415534684,0.133799594621282,-0.167873562541833));
#2155=CARTESIAN_POINT('',(0.0468858415534684,0.133799594621282,-0.167873562541833));
#2156=CARTESIAN_POINT('',(0.0468858415534675,0.133799616198891,-0.168423589751548));
#2157=CARTESIAN_POINT('',(0.0468858415360675,0.13439961619843,-0.1684235662135));
#2158=CARTESIAN_POINT('',(0.0468858415360671,0.134399619156813,-0.169023566213494));
#2159=CARTESIAN_POINT('',(0.046885841365692,0.140274627168826,-0.169023537245954));
#2160=CARTESIAN_POINT('',(0.0468858416114662,0.131799622549856,-0.170523526839659));
#2161=CARTESIAN_POINT('',(0.0468858416114665,0.131799610424838,-0.170523526839669));
#2162=CARTESIAN_POINT('',(0.0468858416114672,0.13179960651445,-0.169523541810815));
#2163=CARTESIAN_POINT('',(0.0468858416114662,0.131799622549856,-0.170523526839659));
#2164=CARTESIAN_POINT('',(0.0468858416114666,0.131799607393567,-0.170523526839672));
#2165=CARTESIAN_POINT('',(0.0468858416114672,0.13179960651445,-0.169523541810815));
#2166=CARTESIAN_POINT('',(0.0468858416230683,0.131399621485559,-0.166373581123274));
#2167=CARTESIAN_POINT('',(0.056935841623072,0.131399621777009,-0.166373581123279));
#2168=CARTESIAN_POINT('',(0.0468858415360687,0.134399594093329,-0.167273539003803));
#2169=CARTESIAN_POINT('',(0.0538358415360728,0.134399594294879,-0.167273539003807));
#2170=CARTESIAN_POINT('',(0.0538358415360728,0.134399594294879,-0.167273539003807));
#2171=CARTESIAN_POINT('',(0.0468858415360687,0.134399594093329,-0.167273539003803));
#2172=CARTESIAN_POINT('',(0.0468858415360684,0.134399594620816,-0.167873539003792));
#2173=CARTESIAN_POINT('',(0.0468858415506947,0.133895238316388,-0.167548539437375));
#2174=CARTESIAN_POINT('',(0.0545358415506991,0.133895238528088,-0.167548539437375));
#2175=CARTESIAN_POINT('',(0.0538358415506991,0.13389523851794,-0.167548539437375));
#2176=CARTESIAN_POINT('',(0.0545358415360728,0.134399594842666,-0.167873539003796));
#2177=CARTESIAN_POINT('',(0.0468858415534684,0.133799594621282,-0.167873562541833));
#2178=CARTESIAN_POINT('',(0.0538358415360728,0.134399594822366,-0.167873539003795));
#2179=CARTESIAN_POINT('',(0.0468858415534675,0.133799616198891,-0.168423589751548));
#2180=CARTESIAN_POINT('',(0.0468858415534675,0.133799616198891,-0.168423589751548));
#2181=CARTESIAN_POINT('',(0.0468858415360675,0.13439961619843,-0.1684235662135));
#2182=CARTESIAN_POINT('',(0.0468858415360671,0.134399619156813,-0.169023566213494));
#2183=CARTESIAN_POINT('',(0.0468858412663687,0.143699568473432,-0.169023520358809));
#2184=CARTESIAN_POINT('',(0.0514358420508569,0.116648406591405,-0.159648539437364));
#2185=CARTESIAN_POINT('',(0.0514358413345235,0.141349571209912,-0.165773570705646));
#2186=CARTESIAN_POINT('',(0.0514358420508569,0.11664840659141,-0.152298539437364));
#2187=CARTESIAN_POINT('',(0.0541858420508569,0.11664840667116,-0.152298539437364));
#2188=CARTESIAN_POINT('',(0.0545858418449233,0.12374957130127,-0.152298539437368));
#2189=CARTESIAN_POINT('',(0.0545858411199237,0.14874957130127,-0.152298539437384));
#2190=CARTESIAN_POINT('',(0.0541858411199237,0.14874957128967,-0.152298539437384));
#2191=CARTESIAN_POINT('',(0.0537858411199237,0.14874957127807,-0.152298539437384));
#2192=CARTESIAN_POINT('',(0.0537858418449233,0.12374957127807,-0.152298539437368));
#2193=CARTESIAN_POINT('',(0.056935842050857,0.11664840675091,-0.152298539437364));
#2194=CARTESIAN_POINT('',(0.056935842050857,0.116648406750905,-0.159648539437364));
#2195=CARTESIAN_POINT('',(0.0569358413345236,0.141349571369416,-0.159648539437379));
#2196=CARTESIAN_POINT('',(0.0545358418449233,0.123749571299811,-0.167198539437369));
#2197=CARTESIAN_POINT('',(0.0545358411199237,0.148749571299811,-0.167198539437384));
#2198=CARTESIAN_POINT('',(0.0545358411199237,0.148749571299811,-0.167548539437384));
#2199=CARTESIAN_POINT('',(0.0545358418449233,0.123749571299811,-0.167548539437368));
#2200=CARTESIAN_POINT('',(0.0545358418449233,0.123749571299811,-0.167548539437368));
#2201=CARTESIAN_POINT('',(0.0541858418449233,0.123749571289661,-0.167548539437368));
#2202=CARTESIAN_POINT('',(0.0541858411199237,0.148749571289661,-0.167548539437384));
#2203=CARTESIAN_POINT('',(0.0538358411199237,0.148749571279511,-0.167548539437384));
#2204=CARTESIAN_POINT('',(0.0538358418449233,0.123749571279511,-0.167548539437368));
#2205=CARTESIAN_POINT('',(0.0541858418449233,0.123749571289661,-0.167548539437368));
#2206=CARTESIAN_POINT('',(0.0538358418449233,0.123749571279511,-0.167548539437368));
#2207=CARTESIAN_POINT('',(0.0538358418449233,0.123749571279511,-0.167198539437369));
#2208=CARTESIAN_POINT('',(0.0538358411199237,0.148749571279511,-0.167198539437384));
#2209=CARTESIAN_POINT('',(0.0541858411199236,0.148749571289666,-0.159648539437385));
#2210=CARTESIAN_POINT('',(0.0545858418449233,0.123749571301271,-0.152123539437369));
#2211=CARTESIAN_POINT('',(0.0545858418449233,0.123749571301271,-0.151798539437368));
#2212=CARTESIAN_POINT('',(0.0545858411199237,0.148749571301271,-0.151798539437384));
#2213=CARTESIAN_POINT('',(0.0545858411199237,0.148749571301271,-0.152123539437384));
#2214=CARTESIAN_POINT('',(0.0537858418449233,0.123749571278071,-0.152123539437369));
#2215=CARTESIAN_POINT('',(0.0537858411199237,0.148749571278071,-0.152123539437384));
#2216=CARTESIAN_POINT('',(0.0537858411199237,0.148749571278071,-0.151798539437384));
#2217=CARTESIAN_POINT('',(0.0537858418449233,0.123749571278071,-0.151798539437368));
#2218=CARTESIAN_POINT('',(0.0541858418449233,0.123749571289671,-0.151798539437368));
#2219=CARTESIAN_POINT('',(0.0541858411199237,0.148749571289671,-0.151798539437384));
#2220=CARTESIAN_POINT('',(0.0541858411199236,0.148749571289666,-0.159648539437385));
#2221=CARTESIAN_POINT('',(0.0541858413461235,0.140949571289666,-0.159898539437379));
#2222=CARTESIAN_POINT('',(0.0590358413461235,0.140949571430316,-0.158810353677354));
#2223=CARTESIAN_POINT('',(0.0573858413461235,0.140949571382466,-0.158810353677354));
#2224=CARTESIAN_POINT('',(0.0573358413461236,0.140949571381016,-0.159898539437379));
#2225=CARTESIAN_POINT('',(0.0541858413461235,0.140949571289666,-0.159898539437379));
#2226=CARTESIAN_POINT('',(0.0510358413461235,0.14094957119832,-0.152523524708692));
#2227=CARTESIAN_POINT('',(0.0590358411721236,0.146949571430316,-0.158810353677358));
#2228=CARTESIAN_POINT('',(0.0590358411503424,0.147700647204101,-0.158810353677359));
#2229=CARTESIAN_POINT('',(0.0590358411721236,0.146949571430316,-0.158810353677358));
#2230=CARTESIAN_POINT('',(0.0577858411721236,0.146949571394066,-0.158810353677358));
#2231=CARTESIAN_POINT('',(0.0590358413461235,0.140949571430316,-0.158810353677354));
#2232=CARTESIAN_POINT('',(0.0590358413345235,0.141349571430316,-0.158810353677355));
#2233=CARTESIAN_POINT('',(0.0577858413345235,0.141349571394066,-0.158810353677355));
#2234=CARTESIAN_POINT('',(0.0590358413461235,0.140949571430316,-0.158810353677354));
#2235=CARTESIAN_POINT('',(0.0510358413461235,0.140949571198316,-0.159898539437379));
#2236=CARTESIAN_POINT('',(0.0573358413461236,0.140949571381016,-0.159898539437379));
#2237=MECHANICAL_DESIGN_GEOMETRIC_PRESENTATION_REPRESENTATION('',(#1352),
#2238);
#2238=(
GEOMETRIC_REPRESENTATION_CONTEXT(3)
GLOBAL_UNCERTAINTY_ASSIGNED_CONTEXT((#2239))
GLOBAL_UNIT_ASSIGNED_CONTEXT((#2242,#2241,#2240))
REPRESENTATION_CONTEXT('Keystone Blank v3_1','TOP_LEVEL_ASSEMBLY_PART')
);
#2239=UNCERTAINTY_MEASURE_WITH_UNIT(LENGTH_MEASURE(2.E-5),#2242,
'DISTANCE_ACCURACY_VALUE','Maximum Tolerance applied to model');
#2240=(
NAMED_UNIT(*)
SI_UNIT($,.STERADIAN.)
SOLID_ANGLE_UNIT()
);
#2241=(
NAMED_UNIT(*)
PLANE_ANGLE_UNIT()
SI_UNIT($,.RADIAN.)
);
#2242=(
LENGTH_UNIT()
NAMED_UNIT(*)
SI_UNIT($,.METRE.)
);
#2243=PRODUCT_DEFINITION_SHAPE('','',#2244);
#2244=PRODUCT_DEFINITION('','',#2246,#2245);
#2245=PRODUCT_DEFINITION_CONTEXT('',#2252,'design');
#2246=PRODUCT_DEFINITION_FORMATION_WITH_SPECIFIED_SOURCE('','',#2248,
 .NOT_KNOWN.);
#2247=PRODUCT_RELATED_PRODUCT_CATEGORY('','',(#2248));
#2248=PRODUCT('Keystone Blank v3_1','Keystone Blank v3_1',
'Keystone Blank v3_1',(#2250));
#2249=PRODUCT_CATEGORY('','');
#2250=PRODUCT_CONTEXT('',#2252,'mechanical');
#2251=APPLICATION_PROTOCOL_DEFINITION('international standard',
'ap242_managed_model_based_3d_engineering',2020,#2252);
#2252=APPLICATION_CONTEXT('managed model based 3d engineering');
ENDSEC;
END-ISO-10303-21;
