ISO-10303-21;
HEADER;
/* Generated by software containing ST-Developer
 * from STEP Tools, Inc. (www.steptools.com) 
 */
/* OPTION: using custom renumber hook */

FILE_DESCRIPTION(
/* description */ ('STEP AP242 Edition 2',
'CAx-IF Rec.Pracs.---Representation and Presentation of Product Manufa
cturing Information (PMI)---4.0---2014-10-13',
'CAx-IF Rec.Pracs.---3D Tessellated Geometry---0.4---2014-09-14','2;1',
'CAx-IF Rec.Pracs.---User Defined Attributes---1.5---2016-08-15'),
/* implementation_level */ '2;1');

FILE_NAME(
/* name */ '69469c6fc5231a76682b089f',
/* time_stamp */ '2025-12-20T12:54:08Z',
/* author */ (''),
/* organization */ (''),
/* preprocessor_version */ 'ST-DEVELOPER v20',
/* originating_system */ 'ONSHAPE BY PTC INC, 1.208',
/* authorisation */ '  ');

FILE_SCHEMA (('AP242_MANAGED_MODEL_BASED_3D_ENGINEERING_MIM_LF { 1 0 10303 442 3 1 4 }'));
ENDSEC;

DATA;
#10=SHAPE_REPRESENTATION_RELATIONSHIP('','',#3926,#11);
#11=ADVANCED_BREP_SHAPE_REPRESENTATION('',(#3924),#7010);
#12=(
BOUNDED_CURVE()
B_SPLINE_CURVE(2,(#6735,#6736,#6737),.UNSPECIFIED.,.F.,.F.)
B_SPLINE_CURVE_WITH_KNOTS((3,3),(1.05767571646845,1.36307405565269),
 .UNSPECIFIED.)
CURVE()
GEOMETRIC_REPRESENTATION_ITEM()
RATIONAL_B_SPLINE_CURVE((1.1232148758876,1.11526688387561,1.09245614832434))
REPRESENTATION_ITEM('')
);
#13=(
BOUNDED_CURVE()
B_SPLINE_CURVE(2,(#6744,#6745,#6746),.UNSPECIFIED.,.F.,.F.)
B_SPLINE_CURVE_WITH_KNOTS((3,3),(0.426967556698272,1.14046812382741),
 .UNSPECIFIED.)
CURVE()
GEOMETRIC_REPRESENTATION_ITEM()
RATIONAL_B_SPLINE_CURVE((1.17420411380374,1.28623809778648,1.28623809778648))
REPRESENTATION_ITEM('')
);
#14=ELLIPSE('',#4082,0.063639610306826,0.009);
#15=ELLIPSE('',#4083,0.0641326749793323,0.012);
#16=ELLIPSE('',#4166,0.0437543644642785,0.03);
#17=ELLIPSE('',#4205,0.255632548788296,0.062);
#18=CONICAL_SURFACE('',#4000,0.0124,0.785398163397448);
#19=CONICAL_SURFACE('',#4004,0.00378972205691879,0.785398163397448);
#20=CONICAL_SURFACE('',#4007,0.0006,0.785398163397448);
#21=CONICAL_SURFACE('',#4011,0.0021,0.785398163397448);
#22=CONICAL_SURFACE('',#4015,0.0006,0.785398163397448);
#23=CONICAL_SURFACE('',#4018,0.00378972205691879,0.785398163397448);
#24=CONICAL_SURFACE('',#4022,0.0021,0.785398163397446);
#25=CONICAL_SURFACE('',#4025,0.0020999999999997,0.785398163397448);
#26=CONICAL_SURFACE('',#4029,0.00295,0.785398163397446);
#27=CONICAL_SURFACE('',#4033,0.00295,0.785398163397446);
#28=CONICAL_SURFACE('',#4037,0.00295,0.785398163397446);
#29=CONICAL_SURFACE('',#4052,0.0162282842613997,0.233743185166755);
#30=CONICAL_SURFACE('',#4055,0.0025,0.233743185166755);
#31=CONICAL_SURFACE('',#4058,0.002,0.233743185166756);
#32=CONICAL_SURFACE('',#4063,0.0025,0.233743185166756);
#33=CONICAL_SURFACE('',#4066,0.00235,0.785398163397467);
#34=CONICAL_SURFACE('',#4068,0.00235,0.78539816339746);
#35=CONICAL_SURFACE('',#4070,0.001975,0.785398163397457);
#36=CONICAL_SURFACE('',#4073,0.001975,0.785398163397467);
#37=CONICAL_SURFACE('',#4097,0.0017,0.785398163397426);
#38=CONICAL_SURFACE('',#4113,0.001,0.233743180868901);
#39=CONICAL_SURFACE('',#4117,0.001,0.233743180868902);
#40=CONICAL_SURFACE('',#4121,0.00225,0.233743180868901);
#41=CONICAL_SURFACE('',#4124,0.00475,0.233743180868902);
#42=CONICAL_SURFACE('',#4128,0.00225,0.233743180868901);
#43=CONICAL_SURFACE('',#4132,0.00225,0.233743180868901);
#44=CONICAL_SURFACE('',#4136,0.00225,0.233743180868902);
#45=CONICAL_SURFACE('',#4139,0.00581827479682025,0.233743180868902);
#46=CONICAL_SURFACE('',#4142,0.00275,0.233743180868902);
#47=CONICAL_SURFACE('',#4145,0.06415,0.233743180868903);
#48=CONICAL_SURFACE('',#4148,0.00225,0.233743180868901);
#49=CONICAL_SURFACE('',#4151,0.0162282842613997,0.233743185166755);
#50=CONICAL_SURFACE('',#4154,0.00175,0.233743180868901);
#51=CONICAL_SURFACE('',#4157,0.00225,0.233743180868901);
#52=CONICAL_SURFACE('',#4161,0.00325,0.233743180868902);
#53=CONICAL_SURFACE('',#4201,0.00581827479682025,0.233743180868901);
#54=CONICAL_SURFACE('',#4217,0.001176237496441,0.141897054604165);
#55=CONICAL_SURFACE('',#4219,0.00175,0.233743180868901);
#56=CONICAL_SURFACE('',#4222,0.00125,0.233743180868902);
#57=CONICAL_SURFACE('',#4226,0.00341827479682025,0.197395559849881);
#58=CONICAL_SURFACE('',#4260,0.0179735223613833,0.141897051978212);
#59=CONICAL_SURFACE('',#4262,0.0179735223613833,0.141897051978212);
#60=CONICAL_SURFACE('',#4273,0.00341827479682025,0.197395559849881);
#61=B_SPLINE_SURFACE_WITH_KNOTS('',1,3,((#5815,#5816,#5817,#5818),(#5819,
#5820,#5821,#5822),(#5823,#5824,#5825,#5826)),.RULED_SURF.,.F.,.F.,.F.,
(2,1,2),(4,4),(0.456726293447136,1.,1.0034329282417),(0.00212631729188058,
0.00341525007398777),.PIECEWISE_BEZIER_KNOTS.);
#62=B_SPLINE_SURFACE_WITH_KNOTS('',1,3,((#5889,#5890,#5891,#5892,#5893,
#5894),(#5895,#5896,#5897,#5898,#5899,#5900),(#5901,#5902,#5903,#5904,#5905,
#5906),(#5907,#5908,#5909,#5910,#5911,#5912)),.RULED_SURF.,.F.,.F.,.F.,
(2,1,1,2),(4,2,4),(-0.00654962487634847,0.,1.,1.00807352591667),(0.000217125200404801,
0.00252538518598689,0.00505077037197379),.UNSPECIFIED.);
#63=B_SPLINE_SURFACE_WITH_KNOTS('',3,3,((#6125,#6126,#6127,#6128,#6129,
#6130),(#6131,#6132,#6133,#6134,#6135,#6136),(#6137,#6138,#6139,#6140,#6141,
#6142),(#6143,#6144,#6145,#6146,#6147,#6148)),.UNSPECIFIED.,.F.,.F.,.F.,
(4,4),(4,2,4),(0.0136502735624837,0.0160807288388195),(-0.00600097150184301,
0.499999553153189,1.00600007780822),.UNSPECIFIED.);
#64=B_SPLINE_SURFACE_WITH_KNOTS('',3,3,((#6160,#6161,#6162,#6163),(#6164,
#6165,#6166,#6167),(#6168,#6169,#6170,#6171),(#6172,#6173,#6174,#6175)),
 .UNSPECIFIED.,.F.,.F.,.F.,(4,4),(4,4),(0.284793836480993,0.398387399008805),
(-0.00600189592874184,1.00601278852163),.UNSPECIFIED.);
#65=B_SPLINE_SURFACE_WITH_KNOTS('',3,3,((#6180,#6181,#6182,#6183),(#6184,
#6185,#6186,#6187),(#6188,#6189,#6190,#6191),(#6192,#6193,#6194,#6195)),
 .UNSPECIFIED.,.F.,.F.,.F.,(4,4),(4,4),(0.0124800440353558,0.0139989000004126),
(-0.00606743895003434,1.),.UNSPECIFIED.);
#66=B_SPLINE_SURFACE_WITH_KNOTS('',3,3,((#6216,#6217,#6218,#6219),(#6220,
#6221,#6222,#6223),(#6224,#6225,#6226,#6227),(#6228,#6229,#6230,#6231)),
 .UNSPECIFIED.,.F.,.F.,.F.,(4,4),(4,4),(0.0124800440358636,0.0139988999997454),
(0.,1.00600008369522),.UNSPECIFIED.);
#67=B_SPLINE_SURFACE_WITH_KNOTS('',3,1,((#6293,#6294),(#6295,#6296),(#6297,
#6298),(#6299,#6300),(#6301,#6302),(#6303,#6304),(#6305,#6306),(#6307,#6308),
(#6309,#6310),(#6311,#6312),(#6313,#6314),(#6315,#6316),(#6317,#6318)),
 .SURF_OF_LINEAR_EXTRUSION.,.F.,.F.,.F.,(4,1,1,1,1,1,1,1,1,1,4),(2,2),(-3.62392641428582E-10,
0.124999999683557,0.249999999729508,0.374999999775458,0.437499999798433,
0.499999999821408,0.562499999844383,0.624999999867358,0.749999999913308,
0.874999999959258,1.00000000000521),(0.,1.),.UNSPECIFIED.);
#68=B_SPLINE_SURFACE_WITH_KNOTS('',3,3,((#6555,#6556,#6557,#6558),(#6559,
#6560,#6561,#6562),(#6563,#6564,#6565,#6566),(#6567,#6568,#6569,#6570),
(#6571,#6572,#6573,#6574),(#6575,#6576,#6577,#6578),(#6579,#6580,#6581,
#6582)),.RULED_SURF.,.F.,.F.,.F.,(4,3,4),(4,4),(-0.00600028865932139,0.,
1.),(1.52822775132048,1.57079637889527),.PIECEWISE_BEZIER_KNOTS.);
#69=B_SPLINE_CURVE_WITH_KNOTS('',3,(#5554,#5555,#5556,#5557,#5558,#5559,
#5560,#5561,#5562,#5563,#5564,#5565),.UNSPECIFIED.,.F.,.F.,(4,1,1,1,1,1,
1,1,1,4),(0.,0.00065388355744757,0.00130776711489514,0.00261553422979028,
0.00326941778723785,0.00392330134468542,0.00523106845958056,0.0065388355744757,
0.00784660268937084,0.0104621369191611),.UNSPECIFIED.);
#70=B_SPLINE_CURVE_WITH_KNOTS('',3,(#5568,#5569,#5570,#5571,#5572,#5573,
#5574,#5575,#5576,#5577,#5578,#5579),.UNSPECIFIED.,.F.,.F.,(4,1,1,1,1,1,
1,1,1,4),(0.,0.00258795848977445,0.00388193773466168,0.0051759169795489,
0.00646989622443613,0.00711688584687974,0.00776387546932335,0.00905785471421058,
0.00970484433665419,0.0103518339590978),.UNSPECIFIED.);
#71=B_SPLINE_CURVE_WITH_KNOTS('',3,(#5587,#5588,#5589,#5590),
 .UNSPECIFIED.,.F.,.F.,(4,4),(0.,0.00465800925199794),.UNSPECIFIED.);
#72=B_SPLINE_CURVE_WITH_KNOTS('',3,(#5634,#5635,#5636,#5637),
 .UNSPECIFIED.,.F.,.F.,(4,4),(0.,0.00465800924704196),.UNSPECIFIED.);
#73=B_SPLINE_CURVE_WITH_KNOTS('',3,(#5830,#5831,#5832,#5833),
 .UNSPECIFIED.,.F.,.F.,(4,4),(0.,0.00116301969429941),.UNSPECIFIED.);
#74=B_SPLINE_CURVE_WITH_KNOTS('',3,(#5835,#5836,#5837,#5838),
 .UNSPECIFIED.,.F.,.F.,(4,4),(3.49644694633735E-18,0.00122629222295336),
 .UNSPECIFIED.);
#75=B_SPLINE_CURVE_WITH_KNOTS('',3,(#5913,#5914,#5915,#5916),
 .UNSPECIFIED.,.F.,.F.,(4,4),(2.42434975903054E-18,0.00142470548390674),
 .UNSPECIFIED.);
#76=B_SPLINE_CURVE_WITH_KNOTS('',3,(#5919,#5920,#5921,#5922,#5923),
 .UNSPECIFIED.,.F.,.F.,(4,1,4),(2.67835019020923E-7,0.50000013391751,1.),
 .UNSPECIFIED.);
#77=B_SPLINE_CURVE_WITH_KNOTS('',3,(#5924,#5925,#5926,#5927),
 .UNSPECIFIED.,.F.,.F.,(4,4),(0.,0.00339174506298768),.UNSPECIFIED.);
#78=B_SPLINE_CURVE_WITH_KNOTS('',3,(#5938,#5939,#5940,#5941),
 .UNSPECIFIED.,.F.,.F.,(4,4),(0.,1.),.UNSPECIFIED.);
#79=B_SPLINE_CURVE_WITH_KNOTS('',3,(#5947,#5948,#5949,#5950),
 .UNSPECIFIED.,.F.,.F.,(4,4),(0.,1.),.UNSPECIFIED.);
#80=B_SPLINE_CURVE_WITH_KNOTS('',3,(#5964,#5965,#5966,#5967),
 .UNSPECIFIED.,.F.,.F.,(4,4),(4.52776119935015E-18,0.000625529327402073),
 .UNSPECIFIED.);
#81=B_SPLINE_CURVE_WITH_KNOTS('',3,(#5989,#5990,#5991,#5992),
 .UNSPECIFIED.,.F.,.F.,(4,4),(3.30174720557554E-17,0.000625529327401994),
 .UNSPECIFIED.);
#82=B_SPLINE_CURVE_WITH_KNOTS('',3,(#6012,#6013,#6014,#6015,#6016,#6017,
#6018,#6019,#6020,#6021,#6022,#6023,#6024),.UNSPECIFIED.,.F.,.F.,(4,1,1,
1,1,1,1,1,1,1,4),(9.38195166207825E-18,0.00061053787730312,0.00122107575460623,
0.00183161363190934,0.0021368825705609,0.00244215150921245,0.00274742044786401,
0.00305268938651556,0.00366322726381867,0.00427376514112178,0.0048843030184249),
 .UNSPECIFIED.);
#83=B_SPLINE_CURVE_WITH_KNOTS('',3,(#6046,#6047,#6048,#6049),
 .UNSPECIFIED.,.F.,.F.,(4,4),(0.,1.),.UNSPECIFIED.);
#84=B_SPLINE_CURVE_WITH_KNOTS('',3,(#6082,#6083,#6084,#6085,#6086),
 .UNSPECIFIED.,.F.,.F.,(4,1,4),(0.,0.00156218815182648,0.00312437630365297),
 .UNSPECIFIED.);
#85=B_SPLINE_CURVE_WITH_KNOTS('',3,(#6112,#6113,#6114,#6115,#6116,#6117,
#6118,#6119,#6120,#6121,#6122),.UNSPECIFIED.,.F.,.F.,(4,1,1,1,1,1,1,1,4),
(0.,0.25,0.375,0.4375,0.5,0.5625,0.625,0.75,1.),.UNSPECIFIED.);
#86=B_SPLINE_CURVE_WITH_KNOTS('',3,(#6152,#6153,#6154,#6155),
 .UNSPECIFIED.,.F.,.F.,(4,4),(0.,1.),.UNSPECIFIED.);
#87=B_SPLINE_CURVE_WITH_KNOTS('',3,(#6196,#6197,#6198,#6199),
 .UNSPECIFIED.,.F.,.F.,(4,4),(0.,0.00146853363608728),.UNSPECIFIED.);
#88=B_SPLINE_CURVE_WITH_KNOTS('',3,(#6202,#6203,#6204,#6205),
 .UNSPECIFIED.,.F.,.F.,(4,4),(0.,1.),.UNSPECIFIED.);
#89=B_SPLINE_CURVE_WITH_KNOTS('',3,(#6207,#6208,#6209,#6210),
 .UNSPECIFIED.,.F.,.F.,(4,4),(1.41340713716206E-15,0.00126299285442467),
 .UNSPECIFIED.);
#90=B_SPLINE_CURVE_WITH_KNOTS('',3,(#6212,#6213,#6214,#6215),
 .UNSPECIFIED.,.F.,.F.,(4,4),(0.,1.),.UNSPECIFIED.);
#91=B_SPLINE_CURVE_WITH_KNOTS('',3,(#6232,#6233,#6234,#6235),
 .UNSPECIFIED.,.F.,.F.,(4,4),(8.67361737988404E-19,0.00126313762922379),
 .UNSPECIFIED.);
#92=B_SPLINE_CURVE_WITH_KNOTS('',3,(#6238,#6239,#6240,#6241),
 .UNSPECIFIED.,.F.,.F.,(4,4),(0.,1.),.UNSPECIFIED.);
#93=B_SPLINE_CURVE_WITH_KNOTS('',3,(#6243,#6244,#6245,#6246),
 .UNSPECIFIED.,.F.,.F.,(4,4),(2.4532694666934E-18,0.00146482791959257),
 .UNSPECIFIED.);
#94=B_SPLINE_CURVE_WITH_KNOTS('',3,(#6248,#6249,#6250,#6251),
 .UNSPECIFIED.,.F.,.F.,(4,4),(0.,1.),.UNSPECIFIED.);
#95=B_SPLINE_CURVE_WITH_KNOTS('',3,(#6319,#6320,#6321,#6322,#6323,#6324,
#6325,#6326,#6327,#6328,#6329),.UNSPECIFIED.,.F.,.F.,(4,1,1,1,1,1,1,1,4),
(0.,0.00110957103077738,0.00221914206155476,0.00277392757694345,0.00332871309233214,
0.00443828412310952,0.0055478551538869,0.00665742618466428,0.00887656824621905),
 .UNSPECIFIED.);
#96=B_SPLINE_CURVE_WITH_KNOTS('',3,(#6333,#6334,#6335,#6336,#6337,#6338,
#6339,#6340,#6341,#6342,#6343),.UNSPECIFIED.,.F.,.F.,(4,1,1,1,1,1,1,1,4),
(2.36482728114036E-14,0.00221437527435121,0.00332156291151499,0.00442875054867877,
0.00553593818584256,0.00608953200442445,0.00664312582300634,0.00775031346017012,
0.0088575010973339),.UNSPECIFIED.);
#97=B_SPLINE_CURVE_WITH_KNOTS('',3,(#6345,#6346,#6347,#6348),
 .UNSPECIFIED.,.F.,.F.,(4,4),(0.,0.00265279361723626),.UNSPECIFIED.);
#98=B_SPLINE_CURVE_WITH_KNOTS('',3,(#6353,#6354,#6355,#6356),
 .UNSPECIFIED.,.F.,.F.,(4,4),(8.67361737988404E-19,0.00265279361723625),
 .UNSPECIFIED.);
#99=B_SPLINE_CURVE_WITH_KNOTS('',3,(#6444,#6445,#6446,#6447),
 .UNSPECIFIED.,.F.,.F.,(4,4),(0.,1.),.UNSPECIFIED.);
#100=B_SPLINE_CURVE_WITH_KNOTS('',3,(#6489,#6490,#6491,#6492),
 .UNSPECIFIED.,.F.,.F.,(4,4),(0.,1.),.UNSPECIFIED.);
#101=B_SPLINE_CURVE_WITH_KNOTS('',3,(#6496,#6497,#6498,#6499),
 .UNSPECIFIED.,.F.,.F.,(4,4),(0.,1.),.UNSPECIFIED.);
#102=B_SPLINE_CURVE_WITH_KNOTS('',3,(#6505,#6506,#6507,#6508,#6509),
 .UNSPECIFIED.,.F.,.F.,(4,1,4),(4.33680868994202E-19,0.00131431600838445,
0.00262863201676889),.UNSPECIFIED.);
#103=B_SPLINE_CURVE_WITH_KNOTS('',3,(#6515,#6516,#6517,#6518),
 .UNSPECIFIED.,.F.,.F.,(4,4),(0.,1.),.UNSPECIFIED.);
#104=B_SPLINE_CURVE_WITH_KNOTS('',3,(#6542,#6543,#6544,#6545),
 .UNSPECIFIED.,.F.,.F.,(4,4),(0.,1.),.UNSPECIFIED.);
#105=B_SPLINE_CURVE_WITH_KNOTS('',3,(#6549,#6550,#6551,#6552),
 .UNSPECIFIED.,.F.,.F.,(4,4),(0.,1.),.UNSPECIFIED.);
#106=B_SPLINE_CURVE_WITH_KNOTS('',3,(#6588,#6589,#6590,#6591),
 .UNSPECIFIED.,.F.,.F.,(4,4),(0.,1.),.UNSPECIFIED.);
#107=B_SPLINE_CURVE_WITH_KNOTS('',3,(#6628,#6629,#6630,#6631),
 .UNSPECIFIED.,.F.,.F.,(4,4),(0.,1.),.UNSPECIFIED.);
#108=B_SPLINE_CURVE_WITH_KNOTS('',3,(#6635,#6636,#6637,#6638),
 .UNSPECIFIED.,.F.,.F.,(4,4),(0.,1.),.UNSPECIFIED.);
#109=B_SPLINE_CURVE_WITH_KNOTS('',3,(#6645,#6646,#6647,#6648),
 .UNSPECIFIED.,.F.,.F.,(4,4),(0.,1.),.UNSPECIFIED.);
#110=B_SPLINE_CURVE_WITH_KNOTS('',3,(#6652,#6653,#6654,#6655),
 .UNSPECIFIED.,.F.,.F.,(4,4),(0.,1.),.UNSPECIFIED.);
#111=B_SPLINE_CURVE_WITH_KNOTS('',3,(#6697,#6698,#6699,#6700),
 .UNSPECIFIED.,.F.,.F.,(4,4),(0.,1.),.UNSPECIFIED.);
#112=B_SPLINE_CURVE_WITH_KNOTS('',3,(#6716,#6717,#6718,#6719,#6720),
 .UNSPECIFIED.,.F.,.F.,(4,1,4),(3.5762240613455E-18,0.00114874937603199,
0.00229749875206398),.UNSPECIFIED.);
#113=B_SPLINE_CURVE_WITH_KNOTS('',3,(#6766,#6767,#6768,#6769),
 .UNSPECIFIED.,.F.,.F.,(4,4),(0.,1.),.UNSPECIFIED.);
#114=B_SPLINE_CURVE_WITH_KNOTS('',3,(#6776,#6777,#6778,#6779),
 .UNSPECIFIED.,.F.,.F.,(4,4),(0.,0.00363310759367594),.UNSPECIFIED.);
#115=B_SPLINE_CURVE_WITH_KNOTS('',3,(#6787,#6788,#6789,#6790),
 .UNSPECIFIED.,.F.,.F.,(4,4),(0.,1.),.UNSPECIFIED.);
#116=B_SPLINE_CURVE_WITH_KNOTS('',3,(#6804,#6805,#6806,#6807),
 .UNSPECIFIED.,.F.,.F.,(4,4),(0.,0.00416058966114),.UNSPECIFIED.);
#117=B_SPLINE_CURVE_WITH_KNOTS('',3,(#6811,#6812,#6813,#6814),
 .UNSPECIFIED.,.F.,.F.,(4,4),(8.47577085334502E-17,0.00641081308315748),
 .UNSPECIFIED.);
#118=B_SPLINE_CURVE_WITH_KNOTS('',3,(#6818,#6819,#6820,#6821),
 .UNSPECIFIED.,.F.,.F.,(4,4),(0.,0.00414132896898631),.UNSPECIFIED.);
#119=B_SPLINE_CURVE_WITH_KNOTS('',3,(#6823,#6824,#6825,#6826),
 .UNSPECIFIED.,.F.,.F.,(4,4),(4.06921167100251E-17,0.00414132896898633),
 .UNSPECIFIED.);
#120=B_SPLINE_CURVE_WITH_KNOTS('',3,(#6830,#6831,#6832,#6833,#6834),
 .UNSPECIFIED.,.F.,.F.,(4,1,4),(0.,0.00491661791958355,0.0098332358391671),
 .UNSPECIFIED.);
#121=B_SPLINE_CURVE_WITH_KNOTS('',3,(#6849,#6850,#6851,#6852),
 .UNSPECIFIED.,.F.,.F.,(4,4),(0.,1.),.UNSPECIFIED.);
#122=B_SPLINE_CURVE_WITH_KNOTS('',3,(#6856,#6857,#6858,#6859),
 .UNSPECIFIED.,.F.,.F.,(4,4),(0.,1.),.UNSPECIFIED.);
#123=CIRCLE('',#3931,0.0066);
#124=CIRCLE('',#3932,0.0066);
#125=CIRCLE('',#3934,0.005);
#126=CIRCLE('',#3935,0.005);
#127=CIRCLE('',#3939,0.0066);
#128=CIRCLE('',#3940,0.0066);
#129=CIRCLE('',#3942,0.005);
#130=CIRCLE('',#3943,0.005);
#131=CIRCLE('',#3946,0.00313099261167519);
#132=CIRCLE('',#3948,0.00313099261167519);
#133=CIRCLE('',#3952,0.0017);
#134=CIRCLE('',#3953,0.00169999999999971);
#135=CIRCLE('',#3954,0.0017);
#136=CIRCLE('',#3955,0.002);
#137=CIRCLE('',#3956,0.00075);
#138=CIRCLE('',#3957,0.00075);
#139=CIRCLE('',#3958,0.0045);
#140=CIRCLE('',#3959,0.0644);
#141=CIRCLE('',#3960,0.0025);
#142=CIRCLE('',#3961,0.00606827479682025);
#143=CIRCLE('',#3962,0.002);
#144=CIRCLE('',#3963,0.002);
#145=CIRCLE('',#3964,0.002);
#146=CIRCLE('',#3965,0.00606827479682025);
#147=CIRCLE('',#3966,0.003);
#148=CIRCLE('',#3967,0.002);
#149=CIRCLE('',#3968,0.0015);
#150=CIRCLE('',#3969,0.0157282842613997);
#151=CIRCLE('',#3970,0.0025);
#152=CIRCLE('',#3971,0.001);
#153=CIRCLE('',#3972,0.0015);
#154=CIRCLE('',#3973,0.00275);
#155=CIRCLE('',#3974,0.00274999999999996);
#156=CIRCLE('',#3975,0.002);
#157=CIRCLE('',#3976,0.0157282842613997);
#158=CIRCLE('',#3977,0.0015);
#159=CIRCLE('',#3978,0.002);
#160=CIRCLE('',#3979,0.016);
#161=CIRCLE('',#3980,0.008);
#162=CIRCLE('',#3981,0.0035);
#163=CIRCLE('',#3982,0.00747619095888729);
#164=CIRCLE('',#3983,0.062);
#165=CIRCLE('',#3984,0.00366827479682025);
#166=CIRCLE('',#3985,0.001426237496441);
#167=CIRCLE('',#3986,0.003);
#168=CIRCLE('',#3987,0.012);
#169=CIRCLE('',#3988,0.00418972205691879);
#170=CIRCLE('',#3989,0.001);
#171=CIRCLE('',#3990,0.0017);
#172=CIRCLE('',#3991,0.001);
#173=CIRCLE('',#3992,0.00418972205691879);
#174=CIRCLE('',#3993,0.003);
#175=CIRCLE('',#3994,0.0182235223566937);
#176=CIRCLE('',#3995,0.002);
#177=CIRCLE('',#3996,0.00366827479682025);
#178=CIRCLE('',#3997,0.062);
#179=CIRCLE('',#3998,0.1915);
#180=CIRCLE('',#3999,0.016);
#181=CIRCLE('',#4001,0.012);
#182=CIRCLE('',#4002,0.014934920194598);
#183=CIRCLE('',#4003,0.0124);
#184=CIRCLE('',#4005,0.00418972205691879);
#185=CIRCLE('',#4006,0.00378972205691879);
#186=CIRCLE('',#4008,0.001);
#187=CIRCLE('',#4009,0.0006);
#188=CIRCLE('',#4012,0.0017);
#189=CIRCLE('',#4013,0.0021);
#190=CIRCLE('',#4016,0.001);
#191=CIRCLE('',#4017,0.0006);
#192=CIRCLE('',#4019,0.00418972205691879);
#193=CIRCLE('',#4020,0.00378972205691879);
#194=CIRCLE('',#4023,0.0017);
#195=CIRCLE('',#4024,0.0021);
#196=CIRCLE('',#4026,0.0020999999999997);
#197=CIRCLE('',#4027,0.00169999999999971);
#198=CIRCLE('',#4030,0.00335);
#199=CIRCLE('',#4031,0.00295);
#200=CIRCLE('',#4034,0.00335);
#201=CIRCLE('',#4035,0.00295);
#202=CIRCLE('',#4038,0.00335);
#203=CIRCLE('',#4039,0.00295);
#204=CIRCLE('',#4041,0.00295);
#205=CIRCLE('',#4045,0.00295);
#206=CIRCLE('',#4049,0.002);
#207=CIRCLE('',#4053,0.0157282842613997);
#208=CIRCLE('',#4054,0.0162282842613997);
#209=CIRCLE('',#4056,0.00250000000098746);
#210=CIRCLE('',#4057,0.002);
#211=CIRCLE('',#4059,0.0015);
#212=CIRCLE('',#4060,0.002);
#213=CIRCLE('',#4064,0.00250000571797166);
#214=CIRCLE('',#4067,0.00235);
#215=CIRCLE('',#4069,0.00235);
#216=CIRCLE('',#4071,0.00235);
#217=CIRCLE('',#4072,0.0016);
#218=CIRCLE('',#4074,0.00235);
#219=CIRCLE('',#4075,0.0016);
#220=CIRCLE('',#4079,0.581488043126755);
#221=CIRCLE('',#4080,0.394101707990607);
#222=CIRCLE('',#4084,0.000442280439856722);
#223=CIRCLE('',#4086,0.00355);
#224=CIRCLE('',#4087,0.00355);
#225=CIRCLE('',#4091,0.0178663521052373);
#226=CIRCLE('',#4092,0.0178663521052373);
#227=CIRCLE('',#4098,0.0017);
#228=CIRCLE('',#4099,0.00210000000000004);
#229=CIRCLE('',#4102,0.008);
#230=CIRCLE('',#4104,0.0035);
#231=CIRCLE('',#4106,0.00747619095888729);
#232=CIRCLE('',#4109,0.0619787139613925);
#233=CIRCLE('',#4114,0.00075);
#234=CIRCLE('',#4115,0.00125);
#235=CIRCLE('',#4118,0.00075);
#236=CIRCLE('',#4119,0.00125);
#237=CIRCLE('',#4122,0.002);
#238=CIRCLE('',#4123,0.0025);
#239=CIRCLE('',#4125,0.0045);
#240=CIRCLE('',#4126,0.005);
#241=CIRCLE('',#4129,0.002);
#242=CIRCLE('',#4130,0.0025);
#243=CIRCLE('',#4133,0.002);
#244=CIRCLE('',#4134,0.0025);
#245=CIRCLE('',#4137,0.002);
#246=CIRCLE('',#4138,0.0025);
#247=CIRCLE('',#4140,0.00556827479682025);
#248=CIRCLE('',#4141,0.00606827479682025);
#249=CIRCLE('',#4143,0.0025);
#250=CIRCLE('',#4144,0.003);
#251=CIRCLE('',#4146,0.0639);
#252=CIRCLE('',#4147,0.0644);
#253=CIRCLE('',#4149,0.0025);
#254=CIRCLE('',#4150,0.002);
#255=CIRCLE('',#4152,0.016228284261456);
#256=CIRCLE('',#4153,0.0157282842613997);
#257=CIRCLE('',#4155,0.00199995049026674);
#258=CIRCLE('',#4158,0.002);
#259=CIRCLE('',#4159,0.0025);
#260=CIRCLE('',#4162,0.003);
#261=CIRCLE('',#4163,0.0035);
#262=CIRCLE('',#4167,3.20289630093531);
#263=CIRCLE('',#4168,0.0599732544586372);
#264=CIRCLE('',#4198,0.00606827479682025);
#265=CIRCLE('',#4202,0.00556827479682025);
#266=CIRCLE('',#4207,0.062);
#267=CIRCLE('',#4208,0.062);
#268=CIRCLE('',#4210,0.016);
#269=CIRCLE('',#4211,0.1915);
#270=CIRCLE('',#4214,0.000737758771325551);
#271=CIRCLE('',#4216,0.001426237496441);
#272=CIRCLE('',#4218,0.000926237496441);
#273=CIRCLE('',#4220,0.00200000465230514);
#274=CIRCLE('',#4223,0.001);
#275=CIRCLE('',#4224,0.0015);
#276=CIRCLE('',#4227,0.00366827479682025);
#277=CIRCLE('',#4228,0.00366827479682025);
#278=CIRCLE('',#4229,0.00366827479682025);
#279=CIRCLE('',#4230,0.00316827479682025);
#280=CIRCLE('',#4237,0.0016);
#281=CIRCLE('',#4239,0.062);
#282=CIRCLE('',#4243,0.000739671193948427);
#283=CIRCLE('',#4245,0.00366827479682025);
#284=CIRCLE('',#4247,0.00316827479682025);
#285=CIRCLE('',#4248,0.0016);
#286=CIRCLE('',#4252,0.1915);
#287=CIRCLE('',#4258,3.31006257252767);
#288=CIRCLE('',#4261,0.0177234950409151);
#289=CIRCLE('',#4263,0.0177234950409151);
#290=CIRCLE('',#4271,0.00366827479682025);
#291=CIRCLE('',#4272,0.00366827479682025);
#292=CIRCLE('',#4278,0.0066);
#293=CIRCLE('',#4279,0.005);
#294=CIRCLE('',#4280,0.005);
#295=CIRCLE('',#4281,0.0066);
#296=CIRCLE('',#4283,0.005);
#297=CIRCLE('',#4286,0.005);
#298=CIRCLE('',#4288,0.0066);
#299=CIRCLE('',#4291,0.0066);
#300=CIRCLE('',#4294,0.0066);
#301=CIRCLE('',#4295,0.005);
#302=CIRCLE('',#4296,0.005);
#303=CIRCLE('',#4297,0.0066);
#304=CIRCLE('',#4299,0.005);
#305=CIRCLE('',#4302,0.005);
#306=CIRCLE('',#4304,0.0066);
#307=CIRCLE('',#4307,0.0066);
#308=CIRCLE('',#4310,0.0066);
#309=CIRCLE('',#4311,0.005);
#310=CIRCLE('',#4312,0.005);
#311=CIRCLE('',#4313,0.0066);
#312=CIRCLE('',#4315,0.005);
#313=CIRCLE('',#4318,0.005);
#314=CIRCLE('',#4320,0.0066);
#315=CIRCLE('',#4323,0.0066);
#316=CIRCLE('',#4326,0.0066);
#317=CIRCLE('',#4327,0.005);
#318=CIRCLE('',#4328,0.005);
#319=CIRCLE('',#4329,0.0066);
#320=CIRCLE('',#4331,0.005);
#321=CIRCLE('',#4334,0.005);
#322=CIRCLE('',#4336,0.0066);
#323=CIRCLE('',#4339,0.0066);
#324=CYLINDRICAL_SURFACE('',#3930,0.0066);
#325=CYLINDRICAL_SURFACE('',#3933,0.005);
#326=CYLINDRICAL_SURFACE('',#3938,0.0066);
#327=CYLINDRICAL_SURFACE('',#3941,0.005);
#328=CYLINDRICAL_SURFACE('',#3945,0.00313099261167519);
#329=CYLINDRICAL_SURFACE('',#3947,0.00313099261167519);
#330=CYLINDRICAL_SURFACE('',#4040,0.00295);
#331=CYLINDRICAL_SURFACE('',#4044,0.00295);
#332=CYLINDRICAL_SURFACE('',#4048,0.002);
#333=CYLINDRICAL_SURFACE('',#4065,0.002);
#334=CYLINDRICAL_SURFACE('',#4076,0.00235);
#335=CYLINDRICAL_SURFACE('',#4077,0.00235);
#336=CYLINDRICAL_SURFACE('',#4078,0.003);
#337=CYLINDRICAL_SURFACE('',#4081,0.003);
#338=CYLINDRICAL_SURFACE('',#4085,0.00355);
#339=CYLINDRICAL_SURFACE('',#4088,0.001);
#340=CYLINDRICAL_SURFACE('',#4089,0.001);
#341=CYLINDRICAL_SURFACE('',#4093,0.00418972205691879);
#342=CYLINDRICAL_SURFACE('',#4094,0.0017);
#343=CYLINDRICAL_SURFACE('',#4095,0.00418972205691879);
#344=CYLINDRICAL_SURFACE('',#4096,0.012);
#345=CYLINDRICAL_SURFACE('',#4100,0.0017);
#346=CYLINDRICAL_SURFACE('',#4101,0.008);
#347=CYLINDRICAL_SURFACE('',#4103,0.0035);
#348=CYLINDRICAL_SURFACE('',#4105,0.00747619095888729);
#349=CYLINDRICAL_SURFACE('',#4169,0.0025);
#350=CYLINDRICAL_SURFACE('',#4170,0.003);
#351=CYLINDRICAL_SURFACE('',#4172,0.0045);
#352=CYLINDRICAL_SURFACE('',#4173,0.0644);
#353=CYLINDRICAL_SURFACE('',#4174,0.0025);
#354=CYLINDRICAL_SURFACE('',#4175,0.00606827479682025);
#355=CYLINDRICAL_SURFACE('',#4176,0.002);
#356=CYLINDRICAL_SURFACE('',#4178,0.002);
#357=CYLINDRICAL_SURFACE('',#4180,0.002);
#358=CYLINDRICAL_SURFACE('',#4182,0.002);
#359=CYLINDRICAL_SURFACE('',#4184,0.00075);
#360=CYLINDRICAL_SURFACE('',#4186,0.00075);
#361=CYLINDRICAL_SURFACE('',#4187,0.0157282842613997);
#362=CYLINDRICAL_SURFACE('',#4188,0.0015);
#363=CYLINDRICAL_SURFACE('',#4190,0.002);
#364=CYLINDRICAL_SURFACE('',#4193,0.002);
#365=CYLINDRICAL_SURFACE('',#4195,0.0015);
#366=CYLINDRICAL_SURFACE('',#4196,0.0157282842613997);
#367=CYLINDRICAL_SURFACE('',#4197,0.00606827479682025);
#368=CYLINDRICAL_SURFACE('',#4206,0.062);
#369=CYLINDRICAL_SURFACE('',#4215,0.001426237496441);
#370=CYLINDRICAL_SURFACE('',#4231,0.001);
#371=CYLINDRICAL_SURFACE('',#4232,0.0015);
#372=CYLINDRICAL_SURFACE('',#4233,0.00366827479682025);
#373=CYLINDRICAL_SURFACE('',#4238,0.062);
#374=CYLINDRICAL_SURFACE('',#4244,0.00366827479682025);
#375=CYLINDRICAL_SURFACE('',#4250,0.1915);
#376=CYLINDRICAL_SURFACE('',#4251,0.1915);
#377=CYLINDRICAL_SURFACE('',#4253,0.016);
#378=CYLINDRICAL_SURFACE('',#4254,0.016);
#379=CYLINDRICAL_SURFACE('',#4255,0.03);
#380=CYLINDRICAL_SURFACE('',#4256,0.0182235223566937);
#381=CYLINDRICAL_SURFACE('',#4264,0.0016);
#382=CYLINDRICAL_SURFACE('',#4265,0.0016);
#383=CYLINDRICAL_SURFACE('',#4266,0.0017);
#384=CYLINDRICAL_SURFACE('',#4268,0.00169999999999971);
#385=CYLINDRICAL_SURFACE('',#4282,0.005);
#386=CYLINDRICAL_SURFACE('',#4285,0.005);
#387=CYLINDRICAL_SURFACE('',#4287,0.0066);
#388=CYLINDRICAL_SURFACE('',#4290,0.0066);
#389=CYLINDRICAL_SURFACE('',#4298,0.005);
#390=CYLINDRICAL_SURFACE('',#4301,0.005);
#391=CYLINDRICAL_SURFACE('',#4303,0.0066);
#392=CYLINDRICAL_SURFACE('',#4306,0.0066);
#393=CYLINDRICAL_SURFACE('',#4314,0.005);
#394=CYLINDRICAL_SURFACE('',#4317,0.005);
#395=CYLINDRICAL_SURFACE('',#4319,0.0066);
#396=CYLINDRICAL_SURFACE('',#4322,0.0066);
#397=CYLINDRICAL_SURFACE('',#4330,0.005);
#398=CYLINDRICAL_SURFACE('',#4333,0.005);
#399=CYLINDRICAL_SURFACE('',#4335,0.0066);
#400=CYLINDRICAL_SURFACE('',#4338,0.0066);
#401=ORIENTED_EDGE('',*,*,#1543,.F.);
#402=ORIENTED_EDGE('',*,*,#1544,.T.);
#403=ORIENTED_EDGE('',*,*,#1545,.F.);
#404=ORIENTED_EDGE('',*,*,#1546,.T.);
#405=ORIENTED_EDGE('',*,*,#1547,.T.);
#406=ORIENTED_EDGE('',*,*,#1548,.T.);
#407=ORIENTED_EDGE('',*,*,#1549,.T.);
#408=ORIENTED_EDGE('',*,*,#1550,.T.);
#409=ORIENTED_EDGE('',*,*,#1551,.F.);
#410=ORIENTED_EDGE('',*,*,#1552,.F.);
#411=ORIENTED_EDGE('',*,*,#1553,.T.);
#412=ORIENTED_EDGE('',*,*,#1554,.T.);
#413=ORIENTED_EDGE('',*,*,#1555,.T.);
#414=ORIENTED_EDGE('',*,*,#1556,.T.);
#415=ORIENTED_EDGE('',*,*,#1557,.F.);
#416=ORIENTED_EDGE('',*,*,#1558,.F.);
#417=ORIENTED_EDGE('',*,*,#1553,.F.);
#418=ORIENTED_EDGE('',*,*,#1559,.F.);
#419=ORIENTED_EDGE('',*,*,#1560,.F.);
#420=ORIENTED_EDGE('',*,*,#1561,.T.);
#421=ORIENTED_EDGE('',*,*,#1562,.F.);
#422=ORIENTED_EDGE('',*,*,#1563,.T.);
#423=ORIENTED_EDGE('',*,*,#1555,.F.);
#424=ORIENTED_EDGE('',*,*,#1564,.F.);
#425=ORIENTED_EDGE('',*,*,#1560,.T.);
#426=ORIENTED_EDGE('',*,*,#1565,.F.);
#427=ORIENTED_EDGE('',*,*,#1566,.F.);
#428=ORIENTED_EDGE('',*,*,#1567,.T.);
#429=ORIENTED_EDGE('',*,*,#1568,.T.);
#430=ORIENTED_EDGE('',*,*,#1569,.F.);
#431=ORIENTED_EDGE('',*,*,#1562,.T.);
#432=ORIENTED_EDGE('',*,*,#1570,.F.);
#433=ORIENTED_EDGE('',*,*,#1571,.F.);
#434=ORIENTED_EDGE('',*,*,#1572,.F.);
#435=ORIENTED_EDGE('',*,*,#1573,.F.);
#436=ORIENTED_EDGE('',*,*,#1574,.T.);
#437=ORIENTED_EDGE('',*,*,#1573,.T.);
#438=ORIENTED_EDGE('',*,*,#1575,.T.);
#439=ORIENTED_EDGE('',*,*,#1543,.T.);
#440=ORIENTED_EDGE('',*,*,#1576,.F.);
#441=ORIENTED_EDGE('',*,*,#1549,.F.);
#442=ORIENTED_EDGE('',*,*,#1577,.T.);
#443=ORIENTED_EDGE('',*,*,#1571,.T.);
#444=ORIENTED_EDGE('',*,*,#1578,.F.);
#445=ORIENTED_EDGE('',*,*,#1579,.T.);
#446=ORIENTED_EDGE('',*,*,#1551,.T.);
#447=ORIENTED_EDGE('',*,*,#1580,.F.);
#448=ORIENTED_EDGE('',*,*,#1557,.T.);
#449=ORIENTED_EDGE('',*,*,#1581,.F.);
#450=ORIENTED_EDGE('',*,*,#1582,.F.);
#451=ORIENTED_EDGE('',*,*,#1547,.F.);
#452=ORIENTED_EDGE('',*,*,#1583,.T.);
#453=ORIENTED_EDGE('',*,*,#1584,.T.);
#454=ORIENTED_EDGE('',*,*,#1585,.T.);
#455=ORIENTED_EDGE('',*,*,#1586,.T.);
#456=ORIENTED_EDGE('',*,*,#1587,.T.);
#457=ORIENTED_EDGE('',*,*,#1588,.T.);
#458=ORIENTED_EDGE('',*,*,#1589,.T.);
#459=ORIENTED_EDGE('',*,*,#1590,.T.);
#460=ORIENTED_EDGE('',*,*,#1591,.T.);
#461=ORIENTED_EDGE('',*,*,#1592,.T.);
#462=ORIENTED_EDGE('',*,*,#1593,.T.);
#463=ORIENTED_EDGE('',*,*,#1594,.T.);
#464=ORIENTED_EDGE('',*,*,#1595,.T.);
#465=ORIENTED_EDGE('',*,*,#1596,.T.);
#466=ORIENTED_EDGE('',*,*,#1597,.T.);
#467=ORIENTED_EDGE('',*,*,#1598,.T.);
#468=ORIENTED_EDGE('',*,*,#1599,.T.);
#469=ORIENTED_EDGE('',*,*,#1600,.T.);
#470=ORIENTED_EDGE('',*,*,#1601,.F.);
#471=ORIENTED_EDGE('',*,*,#1568,.F.);
#472=ORIENTED_EDGE('',*,*,#1602,.T.);
#473=ORIENTED_EDGE('',*,*,#1566,.T.);
#474=ORIENTED_EDGE('',*,*,#1545,.T.);
#475=ORIENTED_EDGE('',*,*,#1603,.T.);
#476=ORIENTED_EDGE('',*,*,#1604,.F.);
#477=ORIENTED_EDGE('',*,*,#1605,.F.);
#478=ORIENTED_EDGE('',*,*,#1606,.F.);
#479=ORIENTED_EDGE('',*,*,#1607,.F.);
#480=ORIENTED_EDGE('',*,*,#1608,.F.);
#481=ORIENTED_EDGE('',*,*,#1609,.F.);
#482=ORIENTED_EDGE('',*,*,#1610,.T.);
#483=ORIENTED_EDGE('',*,*,#1611,.F.);
#484=ORIENTED_EDGE('',*,*,#1612,.F.);
#485=ORIENTED_EDGE('',*,*,#1613,.F.);
#486=ORIENTED_EDGE('',*,*,#1614,.T.);
#487=ORIENTED_EDGE('',*,*,#1615,.F.);
#488=ORIENTED_EDGE('',*,*,#1616,.F.);
#489=ORIENTED_EDGE('',*,*,#1617,.F.);
#490=ORIENTED_EDGE('',*,*,#1618,.T.);
#491=ORIENTED_EDGE('',*,*,#1619,.F.);
#492=ORIENTED_EDGE('',*,*,#1620,.F.);
#493=ORIENTED_EDGE('',*,*,#1621,.F.);
#494=ORIENTED_EDGE('',*,*,#1622,.T.);
#495=ORIENTED_EDGE('',*,*,#1623,.F.);
#496=ORIENTED_EDGE('',*,*,#1624,.T.);
#497=ORIENTED_EDGE('',*,*,#1625,.F.);
#498=ORIENTED_EDGE('',*,*,#1626,.T.);
#499=ORIENTED_EDGE('',*,*,#1627,.F.);
#500=ORIENTED_EDGE('',*,*,#1628,.T.);
#501=ORIENTED_EDGE('',*,*,#1629,.T.);
#502=ORIENTED_EDGE('',*,*,#1630,.T.);
#503=ORIENTED_EDGE('',*,*,#1631,.T.);
#504=ORIENTED_EDGE('',*,*,#1632,.T.);
#505=ORIENTED_EDGE('',*,*,#1633,.T.);
#506=ORIENTED_EDGE('',*,*,#1634,.T.);
#507=ORIENTED_EDGE('',*,*,#1635,.T.);
#508=ORIENTED_EDGE('',*,*,#1636,.T.);
#509=ORIENTED_EDGE('',*,*,#1637,.T.);
#510=ORIENTED_EDGE('',*,*,#1638,.T.);
#511=ORIENTED_EDGE('',*,*,#1639,.T.);
#512=ORIENTED_EDGE('',*,*,#1640,.T.);
#513=ORIENTED_EDGE('',*,*,#1641,.T.);
#514=ORIENTED_EDGE('',*,*,#1642,.T.);
#515=ORIENTED_EDGE('',*,*,#1643,.T.);
#516=ORIENTED_EDGE('',*,*,#1644,.T.);
#517=ORIENTED_EDGE('',*,*,#1645,.T.);
#518=ORIENTED_EDGE('',*,*,#1646,.T.);
#519=ORIENTED_EDGE('',*,*,#1647,.T.);
#520=ORIENTED_EDGE('',*,*,#1648,.T.);
#521=ORIENTED_EDGE('',*,*,#1649,.F.);
#522=ORIENTED_EDGE('',*,*,#1650,.F.);
#523=ORIENTED_EDGE('',*,*,#1651,.T.);
#524=ORIENTED_EDGE('',*,*,#1652,.T.);
#525=ORIENTED_EDGE('',*,*,#1653,.T.);
#526=ORIENTED_EDGE('',*,*,#1654,.T.);
#527=ORIENTED_EDGE('',*,*,#1655,.T.);
#528=ORIENTED_EDGE('',*,*,#1656,.F.);
#529=ORIENTED_EDGE('',*,*,#1657,.F.);
#530=ORIENTED_EDGE('',*,*,#1658,.T.);
#531=ORIENTED_EDGE('',*,*,#1659,.F.);
#532=ORIENTED_EDGE('',*,*,#1660,.T.);
#533=ORIENTED_EDGE('',*,*,#1661,.F.);
#534=ORIENTED_EDGE('',*,*,#1662,.T.);
#535=ORIENTED_EDGE('',*,*,#1663,.T.);
#536=ORIENTED_EDGE('',*,*,#1604,.T.);
#537=ORIENTED_EDGE('',*,*,#1664,.T.);
#538=ORIENTED_EDGE('',*,*,#1581,.T.);
#539=ORIENTED_EDGE('',*,*,#1665,.T.);
#540=ORIENTED_EDGE('',*,*,#1666,.F.);
#541=ORIENTED_EDGE('',*,*,#1667,.T.);
#542=ORIENTED_EDGE('',*,*,#1668,.F.);
#543=ORIENTED_EDGE('',*,*,#1669,.F.);
#544=ORIENTED_EDGE('',*,*,#1670,.T.);
#545=ORIENTED_EDGE('',*,*,#1671,.T.);
#546=ORIENTED_EDGE('',*,*,#1672,.T.);
#547=ORIENTED_EDGE('',*,*,#1673,.T.);
#548=ORIENTED_EDGE('',*,*,#1674,.T.);
#549=ORIENTED_EDGE('',*,*,#1675,.F.);
#550=ORIENTED_EDGE('',*,*,#1676,.F.);
#551=ORIENTED_EDGE('',*,*,#1677,.T.);
#552=ORIENTED_EDGE('',*,*,#1678,.T.);
#553=ORIENTED_EDGE('',*,*,#1679,.T.);
#554=ORIENTED_EDGE('',*,*,#1680,.F.);
#555=ORIENTED_EDGE('',*,*,#1681,.F.);
#556=ORIENTED_EDGE('',*,*,#1682,.T.);
#557=ORIENTED_EDGE('',*,*,#1683,.F.);
#558=ORIENTED_EDGE('',*,*,#1684,.F.);
#559=ORIENTED_EDGE('',*,*,#1685,.T.);
#560=ORIENTED_EDGE('',*,*,#1686,.T.);
#561=ORIENTED_EDGE('',*,*,#1687,.T.);
#562=ORIENTED_EDGE('',*,*,#1688,.T.);
#563=ORIENTED_EDGE('',*,*,#1689,.F.);
#564=ORIENTED_EDGE('',*,*,#1690,.F.);
#565=ORIENTED_EDGE('',*,*,#1691,.T.);
#566=ORIENTED_EDGE('',*,*,#1692,.T.);
#567=ORIENTED_EDGE('',*,*,#1693,.F.);
#568=ORIENTED_EDGE('',*,*,#1694,.T.);
#569=ORIENTED_EDGE('',*,*,#1695,.T.);
#570=ORIENTED_EDGE('',*,*,#1696,.F.);
#571=ORIENTED_EDGE('',*,*,#1697,.T.);
#572=ORIENTED_EDGE('',*,*,#1698,.F.);
#573=ORIENTED_EDGE('',*,*,#1699,.T.);
#574=ORIENTED_EDGE('',*,*,#1700,.T.);
#575=ORIENTED_EDGE('',*,*,#1696,.T.);
#576=ORIENTED_EDGE('',*,*,#1701,.F.);
#577=ORIENTED_EDGE('',*,*,#1702,.F.);
#578=ORIENTED_EDGE('',*,*,#1703,.T.);
#579=ORIENTED_EDGE('',*,*,#1704,.F.);
#580=ORIENTED_EDGE('',*,*,#1699,.F.);
#581=ORIENTED_EDGE('',*,*,#1705,.T.);
#582=ORIENTED_EDGE('',*,*,#1706,.T.);
#583=ORIENTED_EDGE('',*,*,#1707,.F.);
#584=ORIENTED_EDGE('',*,*,#1703,.F.);
#585=ORIENTED_EDGE('',*,*,#1708,.T.);
#586=ORIENTED_EDGE('',*,*,#1709,.T.);
#587=ORIENTED_EDGE('',*,*,#1710,.F.);
#588=ORIENTED_EDGE('',*,*,#1706,.F.);
#589=ORIENTED_EDGE('',*,*,#1711,.F.);
#590=ORIENTED_EDGE('',*,*,#1712,.T.);
#591=ORIENTED_EDGE('',*,*,#1713,.T.);
#592=ORIENTED_EDGE('',*,*,#1709,.F.);
#593=ORIENTED_EDGE('',*,*,#1714,.F.);
#594=ORIENTED_EDGE('',*,*,#1715,.T.);
#595=ORIENTED_EDGE('',*,*,#1716,.F.);
#596=ORIENTED_EDGE('',*,*,#1712,.F.);
#597=ORIENTED_EDGE('',*,*,#1717,.F.);
#598=ORIENTED_EDGE('',*,*,#1718,.T.);
#599=ORIENTED_EDGE('',*,*,#1719,.F.);
#600=ORIENTED_EDGE('',*,*,#1715,.F.);
#601=ORIENTED_EDGE('',*,*,#1720,.T.);
#602=ORIENTED_EDGE('',*,*,#1721,.T.);
#603=ORIENTED_EDGE('',*,*,#1722,.F.);
#604=ORIENTED_EDGE('',*,*,#1718,.F.);
#605=ORIENTED_EDGE('',*,*,#1723,.T.);
#606=ORIENTED_EDGE('',*,*,#1724,.F.);
#607=ORIENTED_EDGE('',*,*,#1725,.T.);
#608=ORIENTED_EDGE('',*,*,#1721,.F.);
#609=ORIENTED_EDGE('',*,*,#1726,.F.);
#610=ORIENTED_EDGE('',*,*,#1727,.T.);
#611=ORIENTED_EDGE('',*,*,#1728,.F.);
#612=ORIENTED_EDGE('',*,*,#1729,.T.);
#613=ORIENTED_EDGE('',*,*,#1730,.F.);
#614=ORIENTED_EDGE('',*,*,#1731,.F.);
#615=ORIENTED_EDGE('',*,*,#1732,.F.);
#616=ORIENTED_EDGE('',*,*,#1729,.F.);
#617=ORIENTED_EDGE('',*,*,#1733,.T.);
#618=ORIENTED_EDGE('',*,*,#1734,.T.);
#619=ORIENTED_EDGE('',*,*,#1735,.T.);
#620=ORIENTED_EDGE('',*,*,#1727,.F.);
#621=ORIENTED_EDGE('',*,*,#1736,.F.);
#622=ORIENTED_EDGE('',*,*,#1731,.T.);
#623=ORIENTED_EDGE('',*,*,#1737,.F.);
#624=ORIENTED_EDGE('',*,*,#1734,.F.);
#625=ORIENTED_EDGE('',*,*,#1738,.F.);
#626=ORIENTED_EDGE('',*,*,#1739,.T.);
#627=ORIENTED_EDGE('',*,*,#1740,.F.);
#628=ORIENTED_EDGE('',*,*,#1741,.F.);
#629=ORIENTED_EDGE('',*,*,#1742,.T.);
#630=ORIENTED_EDGE('',*,*,#1743,.T.);
#631=ORIENTED_EDGE('',*,*,#1744,.F.);
#632=ORIENTED_EDGE('',*,*,#1739,.F.);
#633=ORIENTED_EDGE('',*,*,#1745,.F.);
#634=ORIENTED_EDGE('',*,*,#1746,.T.);
#635=ORIENTED_EDGE('',*,*,#1747,.F.);
#636=ORIENTED_EDGE('',*,*,#1743,.F.);
#637=ORIENTED_EDGE('',*,*,#1748,.T.);
#638=ORIENTED_EDGE('',*,*,#1749,.T.);
#639=ORIENTED_EDGE('',*,*,#1750,.F.);
#640=ORIENTED_EDGE('',*,*,#1746,.F.);
#641=ORIENTED_EDGE('',*,*,#1751,.F.);
#642=ORIENTED_EDGE('',*,*,#1752,.F.);
#643=ORIENTED_EDGE('',*,*,#1753,.F.);
#644=ORIENTED_EDGE('',*,*,#1749,.F.);
#645=ORIENTED_EDGE('',*,*,#1754,.T.);
#646=ORIENTED_EDGE('',*,*,#1755,.T.);
#647=ORIENTED_EDGE('',*,*,#1748,.F.);
#648=ORIENTED_EDGE('',*,*,#1756,.F.);
#649=ORIENTED_EDGE('',*,*,#1757,.F.);
#650=ORIENTED_EDGE('',*,*,#1756,.T.);
#651=ORIENTED_EDGE('',*,*,#1745,.T.);
#652=ORIENTED_EDGE('',*,*,#1758,.F.);
#653=ORIENTED_EDGE('',*,*,#1759,.F.);
#654=ORIENTED_EDGE('',*,*,#1760,.T.);
#655=ORIENTED_EDGE('',*,*,#1751,.T.);
#656=ORIENTED_EDGE('',*,*,#1755,.F.);
#657=ORIENTED_EDGE('',*,*,#1761,.F.);
#658=ORIENTED_EDGE('',*,*,#1758,.T.);
#659=ORIENTED_EDGE('',*,*,#1742,.F.);
#660=ORIENTED_EDGE('',*,*,#1762,.F.);
#661=ORIENTED_EDGE('',*,*,#1754,.F.);
#662=ORIENTED_EDGE('',*,*,#1760,.F.);
#663=ORIENTED_EDGE('',*,*,#1763,.F.);
#664=ORIENTED_EDGE('',*,*,#1763,.T.);
#665=ORIENTED_EDGE('',*,*,#1761,.T.);
#666=ORIENTED_EDGE('',*,*,#1757,.T.);
#667=ORIENTED_EDGE('',*,*,#1759,.T.);
#668=ORIENTED_EDGE('',*,*,#1733,.F.);
#669=ORIENTED_EDGE('',*,*,#1728,.T.);
#670=ORIENTED_EDGE('',*,*,#1735,.F.);
#671=ORIENTED_EDGE('',*,*,#1737,.T.);
#672=ORIENTED_EDGE('',*,*,#1764,.T.);
#673=ORIENTED_EDGE('',*,*,#1765,.F.);
#674=ORIENTED_EDGE('',*,*,#1766,.F.);
#675=ORIENTED_EDGE('',*,*,#1688,.F.);
#676=ORIENTED_EDGE('',*,*,#1767,.T.);
#677=ORIENTED_EDGE('',*,*,#1768,.F.);
#678=ORIENTED_EDGE('',*,*,#1764,.F.);
#679=ORIENTED_EDGE('',*,*,#1687,.F.);
#680=ORIENTED_EDGE('',*,*,#1769,.F.);
#681=ORIENTED_EDGE('',*,*,#1690,.T.);
#682=ORIENTED_EDGE('',*,*,#1770,.T.);
#683=ORIENTED_EDGE('',*,*,#1771,.F.);
#684=ORIENTED_EDGE('',*,*,#1770,.F.);
#685=ORIENTED_EDGE('',*,*,#1689,.T.);
#686=ORIENTED_EDGE('',*,*,#1766,.T.);
#687=ORIENTED_EDGE('',*,*,#1772,.F.);
#688=ORIENTED_EDGE('',*,*,#1773,.F.);
#689=ORIENTED_EDGE('',*,*,#1774,.T.);
#690=ORIENTED_EDGE('',*,*,#1775,.T.);
#691=ORIENTED_EDGE('',*,*,#1776,.F.);
#692=ORIENTED_EDGE('',*,*,#1777,.T.);
#693=ORIENTED_EDGE('',*,*,#1778,.F.);
#694=ORIENTED_EDGE('',*,*,#1775,.F.);
#695=ORIENTED_EDGE('',*,*,#1779,.T.);
#696=ORIENTED_EDGE('',*,*,#1780,.T.);
#697=ORIENTED_EDGE('',*,*,#1781,.T.);
#698=ORIENTED_EDGE('',*,*,#1773,.T.);
#699=ORIENTED_EDGE('',*,*,#1782,.F.);
#700=ORIENTED_EDGE('',*,*,#1783,.T.);
#701=ORIENTED_EDGE('',*,*,#1784,.F.);
#702=ORIENTED_EDGE('',*,*,#1777,.F.);
#703=ORIENTED_EDGE('',*,*,#1785,.F.);
#704=ORIENTED_EDGE('',*,*,#1786,.T.);
#705=ORIENTED_EDGE('',*,*,#1787,.F.);
#706=ORIENTED_EDGE('',*,*,#1780,.F.);
#707=ORIENTED_EDGE('',*,*,#1788,.F.);
#708=ORIENTED_EDGE('',*,*,#1783,.F.);
#709=ORIENTED_EDGE('',*,*,#1789,.T.);
#710=ORIENTED_EDGE('',*,*,#1786,.F.);
#711=ORIENTED_EDGE('',*,*,#1790,.F.);
#712=ORIENTED_EDGE('',*,*,#1791,.F.);
#713=ORIENTED_EDGE('',*,*,#1779,.F.);
#714=ORIENTED_EDGE('',*,*,#1792,.T.);
#715=ORIENTED_EDGE('',*,*,#1659,.T.);
#716=ORIENTED_EDGE('',*,*,#1793,.F.);
#717=ORIENTED_EDGE('',*,*,#1656,.T.);
#718=ORIENTED_EDGE('',*,*,#1794,.F.);
#719=ORIENTED_EDGE('',*,*,#1657,.T.);
#720=ORIENTED_EDGE('',*,*,#1795,.T.);
#721=ORIENTED_EDGE('',*,*,#1796,.F.);
#722=ORIENTED_EDGE('',*,*,#1797,.T.);
#723=ORIENTED_EDGE('',*,*,#1798,.F.);
#724=ORIENTED_EDGE('',*,*,#1795,.F.);
#725=ORIENTED_EDGE('',*,*,#1793,.T.);
#726=ORIENTED_EDGE('',*,*,#1797,.F.);
#727=ORIENTED_EDGE('',*,*,#1794,.T.);
#728=ORIENTED_EDGE('',*,*,#1684,.T.);
#729=ORIENTED_EDGE('',*,*,#1799,.F.);
#730=ORIENTED_EDGE('',*,*,#1800,.F.);
#731=ORIENTED_EDGE('',*,*,#1801,.T.);
#732=ORIENTED_EDGE('',*,*,#1802,.F.);
#733=ORIENTED_EDGE('',*,*,#1725,.F.);
#734=ORIENTED_EDGE('',*,*,#1803,.F.);
#735=ORIENTED_EDGE('',*,*,#1800,.T.);
#736=ORIENTED_EDGE('',*,*,#1804,.T.);
#737=ORIENTED_EDGE('',*,*,#1805,.T.);
#738=ORIENTED_EDGE('',*,*,#1675,.T.);
#739=ORIENTED_EDGE('',*,*,#1806,.F.);
#740=ORIENTED_EDGE('',*,*,#1807,.F.);
#741=ORIENTED_EDGE('',*,*,#1697,.F.);
#742=ORIENTED_EDGE('',*,*,#1808,.F.);
#743=ORIENTED_EDGE('',*,*,#1804,.F.);
#744=ORIENTED_EDGE('',*,*,#1809,.F.);
#745=ORIENTED_EDGE('',*,*,#1810,.F.);
#746=ORIENTED_EDGE('',*,*,#1811,.F.);
#747=ORIENTED_EDGE('',*,*,#1812,.F.);
#748=ORIENTED_EDGE('',*,*,#1813,.F.);
#749=ORIENTED_EDGE('',*,*,#1814,.F.);
#750=ORIENTED_EDGE('',*,*,#1815,.F.);
#751=ORIENTED_EDGE('',*,*,#1816,.F.);
#752=ORIENTED_EDGE('',*,*,#1817,.F.);
#753=ORIENTED_EDGE('',*,*,#1818,.F.);
#754=ORIENTED_EDGE('',*,*,#1815,.T.);
#755=ORIENTED_EDGE('',*,*,#1819,.F.);
#756=ORIENTED_EDGE('',*,*,#1811,.T.);
#757=ORIENTED_EDGE('',*,*,#1820,.T.);
#758=ORIENTED_EDGE('',*,*,#1719,.T.);
#759=ORIENTED_EDGE('',*,*,#1821,.T.);
#760=ORIENTED_EDGE('',*,*,#1682,.F.);
#761=ORIENTED_EDGE('',*,*,#1822,.F.);
#762=ORIENTED_EDGE('',*,*,#1707,.T.);
#763=ORIENTED_EDGE('',*,*,#1823,.F.);
#764=ORIENTED_EDGE('',*,*,#1678,.F.);
#765=ORIENTED_EDGE('',*,*,#1705,.F.);
#766=ORIENTED_EDGE('',*,*,#1702,.T.);
#767=ORIENTED_EDGE('',*,*,#1824,.F.);
#768=ORIENTED_EDGE('',*,*,#1825,.T.);
#769=ORIENTED_EDGE('',*,*,#1816,.T.);
#770=ORIENTED_EDGE('',*,*,#1818,.T.);
#771=ORIENTED_EDGE('',*,*,#1810,.T.);
#772=ORIENTED_EDGE('',*,*,#1826,.T.);
#773=ORIENTED_EDGE('',*,*,#1726,.T.);
#774=ORIENTED_EDGE('',*,*,#1723,.F.);
#775=ORIENTED_EDGE('',*,*,#1720,.F.);
#776=ORIENTED_EDGE('',*,*,#1717,.T.);
#777=ORIENTED_EDGE('',*,*,#1714,.T.);
#778=ORIENTED_EDGE('',*,*,#1711,.T.);
#779=ORIENTED_EDGE('',*,*,#1708,.F.);
#780=ORIENTED_EDGE('',*,*,#1821,.F.);
#781=ORIENTED_EDGE('',*,*,#1722,.T.);
#782=ORIENTED_EDGE('',*,*,#1802,.T.);
#783=ORIENTED_EDGE('',*,*,#1799,.T.);
#784=ORIENTED_EDGE('',*,*,#1683,.T.);
#785=ORIENTED_EDGE('',*,*,#1827,.F.);
#786=ORIENTED_EDGE('',*,*,#1713,.F.);
#787=ORIENTED_EDGE('',*,*,#1828,.T.);
#788=ORIENTED_EDGE('',*,*,#1680,.T.);
#789=ORIENTED_EDGE('',*,*,#1829,.F.);
#790=ORIENTED_EDGE('',*,*,#1704,.T.);
#791=ORIENTED_EDGE('',*,*,#1822,.T.);
#792=ORIENTED_EDGE('',*,*,#1677,.F.);
#793=ORIENTED_EDGE('',*,*,#1808,.T.);
#794=ORIENTED_EDGE('',*,*,#1700,.F.);
#795=ORIENTED_EDGE('',*,*,#1829,.T.);
#796=ORIENTED_EDGE('',*,*,#1676,.T.);
#797=ORIENTED_EDGE('',*,*,#1805,.F.);
#798=ORIENTED_EDGE('',*,*,#1830,.F.);
#799=ORIENTED_EDGE('',*,*,#1831,.T.);
#800=ORIENTED_EDGE('',*,*,#1627,.T.);
#801=ORIENTED_EDGE('',*,*,#1830,.T.);
#802=ORIENTED_EDGE('',*,*,#1666,.T.);
#803=ORIENTED_EDGE('',*,*,#1832,.F.);
#804=ORIENTED_EDGE('',*,*,#1833,.T.);
#805=ORIENTED_EDGE('',*,*,#1834,.T.);
#806=ORIENTED_EDGE('',*,*,#1835,.F.);
#807=ORIENTED_EDGE('',*,*,#1667,.F.);
#808=ORIENTED_EDGE('',*,*,#1834,.F.);
#809=ORIENTED_EDGE('',*,*,#1836,.F.);
#810=ORIENTED_EDGE('',*,*,#1668,.T.);
#811=ORIENTED_EDGE('',*,*,#1835,.T.);
#812=ORIENTED_EDGE('',*,*,#1837,.T.);
#813=ORIENTED_EDGE('',*,*,#1838,.F.);
#814=ORIENTED_EDGE('',*,*,#1839,.T.);
#815=ORIENTED_EDGE('',*,*,#1840,.T.);
#816=ORIENTED_EDGE('',*,*,#1841,.T.);
#817=ORIENTED_EDGE('',*,*,#1583,.F.);
#818=ORIENTED_EDGE('',*,*,#1550,.F.);
#819=ORIENTED_EDGE('',*,*,#1578,.T.);
#820=ORIENTED_EDGE('',*,*,#1574,.F.);
#821=ORIENTED_EDGE('',*,*,#1576,.T.);
#822=ORIENTED_EDGE('',*,*,#1546,.F.);
#823=ORIENTED_EDGE('',*,*,#1606,.T.);
#824=ORIENTED_EDGE('',*,*,#1842,.T.);
#825=ORIENTED_EDGE('',*,*,#1843,.T.);
#826=ORIENTED_EDGE('',*,*,#1844,.T.);
#827=ORIENTED_EDGE('',*,*,#1845,.T.);
#828=ORIENTED_EDGE('',*,*,#1846,.F.);
#829=ORIENTED_EDGE('',*,*,#1847,.T.);
#830=ORIENTED_EDGE('',*,*,#1848,.T.);
#831=ORIENTED_EDGE('',*,*,#1849,.F.);
#832=ORIENTED_EDGE('',*,*,#1850,.F.);
#833=ORIENTED_EDGE('',*,*,#1851,.F.);
#834=ORIENTED_EDGE('',*,*,#1852,.F.);
#835=ORIENTED_EDGE('',*,*,#1853,.F.);
#836=ORIENTED_EDGE('',*,*,#1854,.T.);
#837=ORIENTED_EDGE('',*,*,#1847,.F.);
#838=ORIENTED_EDGE('',*,*,#1855,.T.);
#839=ORIENTED_EDGE('',*,*,#1856,.T.);
#840=ORIENTED_EDGE('',*,*,#1852,.T.);
#841=ORIENTED_EDGE('',*,*,#1857,.F.);
#842=ORIENTED_EDGE('',*,*,#1858,.T.);
#843=ORIENTED_EDGE('',*,*,#1859,.T.);
#844=ORIENTED_EDGE('',*,*,#1860,.T.);
#845=ORIENTED_EDGE('',*,*,#1861,.T.);
#846=ORIENTED_EDGE('',*,*,#1858,.F.);
#847=ORIENTED_EDGE('',*,*,#1862,.T.);
#848=ORIENTED_EDGE('',*,*,#1863,.T.);
#849=ORIENTED_EDGE('',*,*,#1864,.T.);
#850=ORIENTED_EDGE('',*,*,#1865,.T.);
#851=ORIENTED_EDGE('',*,*,#1866,.T.);
#852=ORIENTED_EDGE('',*,*,#1863,.F.);
#853=ORIENTED_EDGE('',*,*,#1867,.T.);
#854=ORIENTED_EDGE('',*,*,#1865,.F.);
#855=ORIENTED_EDGE('',*,*,#1868,.T.);
#856=ORIENTED_EDGE('',*,*,#1869,.F.);
#857=ORIENTED_EDGE('',*,*,#1870,.T.);
#858=ORIENTED_EDGE('',*,*,#1871,.F.);
#859=ORIENTED_EDGE('',*,*,#1872,.T.);
#860=ORIENTED_EDGE('',*,*,#1869,.T.);
#861=ORIENTED_EDGE('',*,*,#1873,.T.);
#862=ORIENTED_EDGE('',*,*,#1871,.T.);
#863=ORIENTED_EDGE('',*,*,#1874,.T.);
#864=ORIENTED_EDGE('',*,*,#1860,.F.);
#865=ORIENTED_EDGE('',*,*,#1875,.T.);
#866=ORIENTED_EDGE('',*,*,#1876,.T.);
#867=ORIENTED_EDGE('',*,*,#1877,.T.);
#868=ORIENTED_EDGE('',*,*,#1878,.T.);
#869=ORIENTED_EDGE('',*,*,#1879,.T.);
#870=ORIENTED_EDGE('',*,*,#1880,.T.);
#871=ORIENTED_EDGE('',*,*,#1881,.T.);
#872=ORIENTED_EDGE('',*,*,#1878,.F.);
#873=ORIENTED_EDGE('',*,*,#1882,.T.);
#874=ORIENTED_EDGE('',*,*,#1880,.F.);
#875=ORIENTED_EDGE('',*,*,#1883,.T.);
#876=ORIENTED_EDGE('',*,*,#1884,.F.);
#877=ORIENTED_EDGE('',*,*,#1885,.T.);
#878=ORIENTED_EDGE('',*,*,#1884,.T.);
#879=ORIENTED_EDGE('',*,*,#1886,.T.);
#880=ORIENTED_EDGE('',*,*,#1887,.T.);
#881=ORIENTED_EDGE('',*,*,#1888,.T.);
#882=ORIENTED_EDGE('',*,*,#1887,.F.);
#883=ORIENTED_EDGE('',*,*,#1889,.T.);
#884=ORIENTED_EDGE('',*,*,#1890,.T.);
#885=ORIENTED_EDGE('',*,*,#1891,.T.);
#886=ORIENTED_EDGE('',*,*,#1892,.F.);
#887=ORIENTED_EDGE('',*,*,#1893,.T.);
#888=ORIENTED_EDGE('',*,*,#1890,.F.);
#889=ORIENTED_EDGE('',*,*,#1894,.T.);
#890=ORIENTED_EDGE('',*,*,#1892,.T.);
#891=ORIENTED_EDGE('',*,*,#1895,.T.);
#892=ORIENTED_EDGE('',*,*,#1896,.F.);
#893=ORIENTED_EDGE('',*,*,#1897,.T.);
#894=ORIENTED_EDGE('',*,*,#1898,.F.);
#895=ORIENTED_EDGE('',*,*,#1899,.T.);
#896=ORIENTED_EDGE('',*,*,#1896,.T.);
#897=ORIENTED_EDGE('',*,*,#1900,.T.);
#898=ORIENTED_EDGE('',*,*,#1898,.T.);
#899=ORIENTED_EDGE('',*,*,#1901,.T.);
#900=ORIENTED_EDGE('',*,*,#1902,.F.);
#901=ORIENTED_EDGE('',*,*,#1903,.T.);
#902=ORIENTED_EDGE('',*,*,#1876,.F.);
#903=ORIENTED_EDGE('',*,*,#1904,.T.);
#904=ORIENTED_EDGE('',*,*,#1902,.T.);
#905=ORIENTED_EDGE('',*,*,#1905,.T.);
#906=ORIENTED_EDGE('',*,*,#1906,.T.);
#907=ORIENTED_EDGE('',*,*,#1907,.T.);
#908=ORIENTED_EDGE('',*,*,#1908,.F.);
#909=ORIENTED_EDGE('',*,*,#1909,.T.);
#910=ORIENTED_EDGE('',*,*,#1910,.F.);
#911=ORIENTED_EDGE('',*,*,#1911,.F.);
#912=ORIENTED_EDGE('',*,*,#1908,.T.);
#913=ORIENTED_EDGE('',*,*,#1912,.F.);
#914=ORIENTED_EDGE('',*,*,#1910,.T.);
#915=ORIENTED_EDGE('',*,*,#1913,.T.);
#916=ORIENTED_EDGE('',*,*,#1914,.T.);
#917=ORIENTED_EDGE('',*,*,#1915,.F.);
#918=ORIENTED_EDGE('',*,*,#1916,.T.);
#919=ORIENTED_EDGE('',*,*,#1917,.T.);
#920=ORIENTED_EDGE('',*,*,#1914,.F.);
#921=ORIENTED_EDGE('',*,*,#1918,.T.);
#922=ORIENTED_EDGE('',*,*,#1916,.F.);
#923=ORIENTED_EDGE('',*,*,#1919,.T.);
#924=ORIENTED_EDGE('',*,*,#1920,.T.);
#925=ORIENTED_EDGE('',*,*,#1921,.T.);
#926=ORIENTED_EDGE('',*,*,#1920,.F.);
#927=ORIENTED_EDGE('',*,*,#1922,.T.);
#928=ORIENTED_EDGE('',*,*,#1923,.T.);
#929=ORIENTED_EDGE('',*,*,#1924,.T.);
#930=ORIENTED_EDGE('',*,*,#1923,.F.);
#931=ORIENTED_EDGE('',*,*,#1925,.T.);
#932=ORIENTED_EDGE('',*,*,#1926,.T.);
#933=ORIENTED_EDGE('',*,*,#1927,.T.);
#934=ORIENTED_EDGE('',*,*,#1846,.T.);
#935=ORIENTED_EDGE('',*,*,#1928,.F.);
#936=ORIENTED_EDGE('',*,*,#1929,.T.);
#937=ORIENTED_EDGE('',*,*,#1857,.T.);
#938=ORIENTED_EDGE('',*,*,#1930,.T.);
#939=ORIENTED_EDGE('',*,*,#1931,.F.);
#940=ORIENTED_EDGE('',*,*,#1928,.T.);
#941=ORIENTED_EDGE('',*,*,#1851,.T.);
#942=ORIENTED_EDGE('',*,*,#1932,.T.);
#943=ORIENTED_EDGE('',*,*,#1933,.T.);
#944=ORIENTED_EDGE('',*,*,#1930,.F.);
#945=ORIENTED_EDGE('',*,*,#1850,.T.);
#946=ORIENTED_EDGE('',*,*,#1934,.T.);
#947=ORIENTED_EDGE('',*,*,#1651,.F.);
#948=ORIENTED_EDGE('',*,*,#1935,.F.);
#949=ORIENTED_EDGE('',*,*,#1907,.F.);
#950=ORIENTED_EDGE('',*,*,#1936,.T.);
#951=ORIENTED_EDGE('',*,*,#1645,.F.);
#952=ORIENTED_EDGE('',*,*,#1937,.F.);
#953=ORIENTED_EDGE('',*,*,#1925,.F.);
#954=ORIENTED_EDGE('',*,*,#1938,.T.);
#955=ORIENTED_EDGE('',*,*,#1634,.F.);
#956=ORIENTED_EDGE('',*,*,#1939,.F.);
#957=ORIENTED_EDGE('',*,*,#1882,.F.);
#958=ORIENTED_EDGE('',*,*,#1940,.T.);
#959=ORIENTED_EDGE('',*,*,#1635,.F.);
#960=ORIENTED_EDGE('',*,*,#1938,.F.);
#961=ORIENTED_EDGE('',*,*,#1877,.F.);
#962=ORIENTED_EDGE('',*,*,#1941,.T.);
#963=ORIENTED_EDGE('',*,*,#1636,.F.);
#964=ORIENTED_EDGE('',*,*,#1940,.F.);
#965=ORIENTED_EDGE('',*,*,#1905,.F.);
#966=ORIENTED_EDGE('',*,*,#1942,.T.);
#967=ORIENTED_EDGE('',*,*,#1637,.F.);
#968=ORIENTED_EDGE('',*,*,#1941,.F.);
#969=ORIENTED_EDGE('',*,*,#1901,.F.);
#970=ORIENTED_EDGE('',*,*,#1943,.T.);
#971=ORIENTED_EDGE('',*,*,#1638,.F.);
#972=ORIENTED_EDGE('',*,*,#1942,.F.);
#973=ORIENTED_EDGE('',*,*,#1900,.F.);
#974=ORIENTED_EDGE('',*,*,#1944,.T.);
#975=ORIENTED_EDGE('',*,*,#1639,.F.);
#976=ORIENTED_EDGE('',*,*,#1943,.F.);
#977=ORIENTED_EDGE('',*,*,#1895,.F.);
#978=ORIENTED_EDGE('',*,*,#1945,.T.);
#979=ORIENTED_EDGE('',*,*,#1640,.F.);
#980=ORIENTED_EDGE('',*,*,#1944,.F.);
#981=ORIENTED_EDGE('',*,*,#1894,.F.);
#982=ORIENTED_EDGE('',*,*,#1946,.T.);
#983=ORIENTED_EDGE('',*,*,#1641,.F.);
#984=ORIENTED_EDGE('',*,*,#1945,.F.);
#985=ORIENTED_EDGE('',*,*,#1889,.F.);
#986=ORIENTED_EDGE('',*,*,#1947,.T.);
#987=ORIENTED_EDGE('',*,*,#1642,.F.);
#988=ORIENTED_EDGE('',*,*,#1946,.F.);
#989=ORIENTED_EDGE('',*,*,#1886,.F.);
#990=ORIENTED_EDGE('',*,*,#1939,.T.);
#991=ORIENTED_EDGE('',*,*,#1643,.F.);
#992=ORIENTED_EDGE('',*,*,#1947,.F.);
#993=ORIENTED_EDGE('',*,*,#1883,.F.);
#994=ORIENTED_EDGE('',*,*,#1948,.T.);
#995=ORIENTED_EDGE('',*,*,#1628,.F.);
#996=ORIENTED_EDGE('',*,*,#1949,.F.);
#997=ORIENTED_EDGE('',*,*,#1861,.F.);
#998=ORIENTED_EDGE('',*,*,#1950,.T.);
#999=ORIENTED_EDGE('',*,*,#1629,.F.);
#1000=ORIENTED_EDGE('',*,*,#1948,.F.);
#1001=ORIENTED_EDGE('',*,*,#1874,.F.);
#1002=ORIENTED_EDGE('',*,*,#1951,.T.);
#1003=ORIENTED_EDGE('',*,*,#1630,.F.);
#1004=ORIENTED_EDGE('',*,*,#1950,.F.);
#1005=ORIENTED_EDGE('',*,*,#1873,.F.);
#1006=ORIENTED_EDGE('',*,*,#1952,.T.);
#1007=ORIENTED_EDGE('',*,*,#1631,.F.);
#1008=ORIENTED_EDGE('',*,*,#1951,.F.);
#1009=ORIENTED_EDGE('',*,*,#1868,.F.);
#1010=ORIENTED_EDGE('',*,*,#1953,.T.);
#1011=ORIENTED_EDGE('',*,*,#1632,.F.);
#1012=ORIENTED_EDGE('',*,*,#1952,.F.);
#1013=ORIENTED_EDGE('',*,*,#1867,.F.);
#1014=ORIENTED_EDGE('',*,*,#1949,.T.);
#1015=ORIENTED_EDGE('',*,*,#1633,.F.);
#1016=ORIENTED_EDGE('',*,*,#1953,.F.);
#1017=ORIENTED_EDGE('',*,*,#1862,.F.);
#1018=ORIENTED_EDGE('',*,*,#1792,.F.);
#1019=ORIENTED_EDGE('',*,*,#1774,.F.);
#1020=ORIENTED_EDGE('',*,*,#1954,.F.);
#1021=ORIENTED_EDGE('',*,*,#1660,.F.);
#1022=ORIENTED_EDGE('',*,*,#1954,.T.);
#1023=ORIENTED_EDGE('',*,*,#1781,.F.);
#1024=ORIENTED_EDGE('',*,*,#1955,.T.);
#1025=ORIENTED_EDGE('',*,*,#1661,.T.);
#1026=ORIENTED_EDGE('',*,*,#1955,.F.);
#1027=ORIENTED_EDGE('',*,*,#1787,.T.);
#1028=ORIENTED_EDGE('',*,*,#1956,.T.);
#1029=ORIENTED_EDGE('',*,*,#1662,.F.);
#1030=ORIENTED_EDGE('',*,*,#1956,.F.);
#1031=ORIENTED_EDGE('',*,*,#1789,.F.);
#1032=ORIENTED_EDGE('',*,*,#1957,.T.);
#1033=ORIENTED_EDGE('',*,*,#1663,.F.);
#1034=ORIENTED_EDGE('',*,*,#1957,.F.);
#1035=ORIENTED_EDGE('',*,*,#1785,.T.);
#1036=ORIENTED_EDGE('',*,*,#1791,.T.);
#1037=ORIENTED_EDGE('',*,*,#1658,.F.);
#1038=ORIENTED_EDGE('',*,*,#1958,.T.);
#1039=ORIENTED_EDGE('',*,*,#1646,.F.);
#1040=ORIENTED_EDGE('',*,*,#1936,.F.);
#1041=ORIENTED_EDGE('',*,*,#1922,.F.);
#1042=ORIENTED_EDGE('',*,*,#1959,.F.);
#1043=ORIENTED_EDGE('',*,*,#1647,.F.);
#1044=ORIENTED_EDGE('',*,*,#1958,.F.);
#1045=ORIENTED_EDGE('',*,*,#1919,.F.);
#1046=ORIENTED_EDGE('',*,*,#1960,.T.);
#1047=ORIENTED_EDGE('',*,*,#1648,.F.);
#1048=ORIENTED_EDGE('',*,*,#1959,.T.);
#1049=ORIENTED_EDGE('',*,*,#1918,.F.);
#1050=ORIENTED_EDGE('',*,*,#1961,.F.);
#1051=ORIENTED_EDGE('',*,*,#1649,.T.);
#1052=ORIENTED_EDGE('',*,*,#1960,.F.);
#1053=ORIENTED_EDGE('',*,*,#1913,.F.);
#1054=ORIENTED_EDGE('',*,*,#1935,.T.);
#1055=ORIENTED_EDGE('',*,*,#1650,.T.);
#1056=ORIENTED_EDGE('',*,*,#1961,.T.);
#1057=ORIENTED_EDGE('',*,*,#1912,.T.);
#1058=ORIENTED_EDGE('',*,*,#1962,.F.);
#1059=ORIENTED_EDGE('',*,*,#1937,.T.);
#1060=ORIENTED_EDGE('',*,*,#1644,.F.);
#1061=ORIENTED_EDGE('',*,*,#1963,.F.);
#1062=ORIENTED_EDGE('',*,*,#1652,.F.);
#1063=ORIENTED_EDGE('',*,*,#1934,.F.);
#1064=ORIENTED_EDGE('',*,*,#1964,.F.);
#1065=ORIENTED_EDGE('',*,*,#1965,.T.);
#1066=ORIENTED_EDGE('',*,*,#1964,.T.);
#1067=ORIENTED_EDGE('',*,*,#1906,.F.);
#1068=ORIENTED_EDGE('',*,*,#1966,.T.);
#1069=ORIENTED_EDGE('',*,*,#1967,.T.);
#1070=ORIENTED_EDGE('',*,*,#1968,.T.);
#1071=ORIENTED_EDGE('',*,*,#1926,.F.);
#1072=ORIENTED_EDGE('',*,*,#1962,.T.);
#1073=ORIENTED_EDGE('',*,*,#1969,.T.);
#1074=ORIENTED_EDGE('',*,*,#1970,.T.);
#1075=ORIENTED_EDGE('',*,*,#1853,.T.);
#1076=ORIENTED_EDGE('',*,*,#1971,.F.);
#1077=ORIENTED_EDGE('',*,*,#1972,.T.);
#1078=ORIENTED_EDGE('',*,*,#1971,.T.);
#1079=ORIENTED_EDGE('',*,*,#1856,.F.);
#1080=ORIENTED_EDGE('',*,*,#1973,.T.);
#1081=ORIENTED_EDGE('',*,*,#1974,.F.);
#1082=ORIENTED_EDGE('',*,*,#1669,.T.);
#1083=ORIENTED_EDGE('',*,*,#1838,.T.);
#1084=ORIENTED_EDGE('',*,*,#1975,.F.);
#1085=ORIENTED_EDGE('',*,*,#1972,.F.);
#1086=ORIENTED_EDGE('',*,*,#1974,.T.);
#1087=ORIENTED_EDGE('',*,*,#1976,.F.);
#1088=ORIENTED_EDGE('',*,*,#1977,.T.);
#1089=ORIENTED_EDGE('',*,*,#1978,.T.);
#1090=ORIENTED_EDGE('',*,*,#1854,.F.);
#1091=ORIENTED_EDGE('',*,*,#1970,.F.);
#1092=ORIENTED_EDGE('',*,*,#1975,.T.);
#1093=ORIENTED_EDGE('',*,*,#1837,.F.);
#1094=ORIENTED_EDGE('',*,*,#1836,.T.);
#1095=ORIENTED_EDGE('',*,*,#1833,.F.);
#1096=ORIENTED_EDGE('',*,*,#1979,.T.);
#1097=ORIENTED_EDGE('',*,*,#1980,.F.);
#1098=ORIENTED_EDGE('',*,*,#1848,.F.);
#1099=ORIENTED_EDGE('',*,*,#1831,.F.);
#1100=ORIENTED_EDGE('',*,*,#1981,.F.);
#1101=ORIENTED_EDGE('',*,*,#1977,.F.);
#1102=ORIENTED_EDGE('',*,*,#1982,.T.);
#1103=ORIENTED_EDGE('',*,*,#1670,.F.);
#1104=ORIENTED_EDGE('',*,*,#1978,.F.);
#1105=ORIENTED_EDGE('',*,*,#1983,.F.);
#1106=ORIENTED_EDGE('',*,*,#1984,.T.);
#1107=ORIENTED_EDGE('',*,*,#1985,.T.);
#1108=ORIENTED_EDGE('',*,*,#1673,.F.);
#1109=ORIENTED_EDGE('',*,*,#1986,.F.);
#1110=ORIENTED_EDGE('',*,*,#1987,.F.);
#1111=ORIENTED_EDGE('',*,*,#1984,.F.);
#1112=ORIENTED_EDGE('',*,*,#1988,.T.);
#1113=ORIENTED_EDGE('',*,*,#1989,.T.);
#1114=ORIENTED_EDGE('',*,*,#1969,.F.);
#1115=ORIENTED_EDGE('',*,*,#1990,.T.);
#1116=ORIENTED_EDGE('',*,*,#1991,.T.);
#1117=ORIENTED_EDGE('',*,*,#1992,.F.);
#1118=ORIENTED_EDGE('',*,*,#1993,.T.);
#1119=ORIENTED_EDGE('',*,*,#1994,.T.);
#1120=ORIENTED_EDGE('',*,*,#1991,.F.);
#1121=ORIENTED_EDGE('',*,*,#1995,.T.);
#1122=ORIENTED_EDGE('',*,*,#1993,.F.);
#1123=ORIENTED_EDGE('',*,*,#1996,.T.);
#1124=ORIENTED_EDGE('',*,*,#1967,.F.);
#1125=ORIENTED_EDGE('',*,*,#1997,.T.);
#1126=ORIENTED_EDGE('',*,*,#1998,.F.);
#1127=ORIENTED_EDGE('',*,*,#1999,.T.);
#1128=ORIENTED_EDGE('',*,*,#1988,.F.);
#1129=ORIENTED_EDGE('',*,*,#2000,.F.);
#1130=ORIENTED_EDGE('',*,*,#1842,.F.);
#1131=ORIENTED_EDGE('',*,*,#2001,.T.);
#1132=ORIENTED_EDGE('',*,*,#1998,.T.);
#1133=ORIENTED_EDGE('',*,*,#2002,.T.);
#1134=ORIENTED_EDGE('',*,*,#2003,.F.);
#1135=ORIENTED_EDGE('',*,*,#1983,.T.);
#1136=ORIENTED_EDGE('',*,*,#1981,.T.);
#1137=ORIENTED_EDGE('',*,*,#2004,.T.);
#1138=ORIENTED_EDGE('',*,*,#1844,.F.);
#1139=ORIENTED_EDGE('',*,*,#2005,.T.);
#1140=ORIENTED_EDGE('',*,*,#2006,.T.);
#1141=ORIENTED_EDGE('',*,*,#1653,.F.);
#1142=ORIENTED_EDGE('',*,*,#1965,.F.);
#1143=ORIENTED_EDGE('',*,*,#1996,.F.);
#1144=ORIENTED_EDGE('',*,*,#1963,.T.);
#1145=ORIENTED_EDGE('',*,*,#1655,.F.);
#1146=ORIENTED_EDGE('',*,*,#2007,.F.);
#1147=ORIENTED_EDGE('',*,*,#1990,.F.);
#1148=ORIENTED_EDGE('',*,*,#2008,.T.);
#1149=ORIENTED_EDGE('',*,*,#1671,.F.);
#1150=ORIENTED_EDGE('',*,*,#1982,.F.);
#1151=ORIENTED_EDGE('',*,*,#2003,.T.);
#1152=ORIENTED_EDGE('',*,*,#2002,.F.);
#1153=ORIENTED_EDGE('',*,*,#2000,.T.);
#1154=ORIENTED_EDGE('',*,*,#1986,.T.);
#1155=ORIENTED_EDGE('',*,*,#1672,.F.);
#1156=ORIENTED_EDGE('',*,*,#2008,.F.);
#1157=ORIENTED_EDGE('',*,*,#2007,.T.);
#1158=ORIENTED_EDGE('',*,*,#1654,.F.);
#1159=ORIENTED_EDGE('',*,*,#2006,.F.);
#1160=ORIENTED_EDGE('',*,*,#1995,.F.);
#1161=ORIENTED_EDGE('',*,*,#2009,.T.);
#1162=ORIENTED_EDGE('',*,*,#1843,.F.);
#1163=ORIENTED_EDGE('',*,*,#2005,.F.);
#1164=ORIENTED_EDGE('',*,*,#2010,.F.);
#1165=ORIENTED_EDGE('',*,*,#2011,.F.);
#1166=ORIENTED_EDGE('',*,*,#1693,.T.);
#1167=ORIENTED_EDGE('',*,*,#2012,.F.);
#1168=ORIENTED_EDGE('',*,*,#2013,.F.);
#1169=ORIENTED_EDGE('',*,*,#1767,.F.);
#1170=ORIENTED_EDGE('',*,*,#1686,.F.);
#1171=ORIENTED_EDGE('',*,*,#2014,.F.);
#1172=ORIENTED_EDGE('',*,*,#2015,.T.);
#1173=ORIENTED_EDGE('',*,*,#2016,.T.);
#1174=ORIENTED_EDGE('',*,*,#2013,.T.);
#1175=ORIENTED_EDGE('',*,*,#2017,.F.);
#1176=ORIENTED_EDGE('',*,*,#2018,.F.);
#1177=ORIENTED_EDGE('',*,*,#2012,.T.);
#1178=ORIENTED_EDGE('',*,*,#1692,.F.);
#1179=ORIENTED_EDGE('',*,*,#2019,.T.);
#1180=ORIENTED_EDGE('',*,*,#2020,.F.);
#1181=ORIENTED_EDGE('',*,*,#1769,.T.);
#1182=ORIENTED_EDGE('',*,*,#2021,.T.);
#1183=ORIENTED_EDGE('',*,*,#2019,.F.);
#1184=ORIENTED_EDGE('',*,*,#1691,.F.);
#1185=ORIENTED_EDGE('',*,*,#2022,.T.);
#1186=ORIENTED_EDGE('',*,*,#2023,.F.);
#1187=ORIENTED_EDGE('',*,*,#1567,.F.);
#1188=ORIENTED_EDGE('',*,*,#1602,.F.);
#1189=ORIENTED_EDGE('',*,*,#1570,.T.);
#1190=ORIENTED_EDGE('',*,*,#1564,.T.);
#1191=ORIENTED_EDGE('',*,*,#1558,.T.);
#1192=ORIENTED_EDGE('',*,*,#1580,.T.);
#1193=ORIENTED_EDGE('',*,*,#1554,.F.);
#1194=ORIENTED_EDGE('',*,*,#1561,.F.);
#1195=ORIENTED_EDGE('',*,*,#1980,.T.);
#1196=ORIENTED_EDGE('',*,*,#2024,.F.);
#1197=ORIENTED_EDGE('',*,*,#2025,.F.);
#1198=ORIENTED_EDGE('',*,*,#1932,.F.);
#1199=ORIENTED_EDGE('',*,*,#1849,.T.);
#1200=ORIENTED_EDGE('',*,*,#2011,.T.);
#1201=ORIENTED_EDGE('',*,*,#2026,.F.);
#1202=ORIENTED_EDGE('',*,*,#2027,.T.);
#1203=ORIENTED_EDGE('',*,*,#2028,.T.);
#1204=ORIENTED_EDGE('',*,*,#1694,.F.);
#1205=ORIENTED_EDGE('',*,*,#1841,.F.);
#1206=ORIENTED_EDGE('',*,*,#2029,.T.);
#1207=ORIENTED_EDGE('',*,*,#2024,.T.);
#1208=ORIENTED_EDGE('',*,*,#1979,.F.);
#1209=ORIENTED_EDGE('',*,*,#1832,.T.);
#1210=ORIENTED_EDGE('',*,*,#1665,.F.);
#1211=ORIENTED_EDGE('',*,*,#1584,.F.);
#1212=ORIENTED_EDGE('',*,*,#1839,.F.);
#1213=ORIENTED_EDGE('',*,*,#1605,.T.);
#1214=ORIENTED_EDGE('',*,*,#1695,.F.);
#1215=ORIENTED_EDGE('',*,*,#2028,.F.);
#1216=ORIENTED_EDGE('',*,*,#2030,.F.);
#1217=ORIENTED_EDGE('',*,*,#2025,.T.);
#1218=ORIENTED_EDGE('',*,*,#2029,.F.);
#1219=ORIENTED_EDGE('',*,*,#1840,.F.);
#1220=ORIENTED_EDGE('',*,*,#2030,.T.);
#1221=ORIENTED_EDGE('',*,*,#2027,.F.);
#1222=ORIENTED_EDGE('',*,*,#2031,.T.);
#1223=ORIENTED_EDGE('',*,*,#1931,.T.);
#1224=ORIENTED_EDGE('',*,*,#1933,.F.);
#1225=ORIENTED_EDGE('',*,*,#1685,.F.);
#1226=ORIENTED_EDGE('',*,*,#1801,.F.);
#1227=ORIENTED_EDGE('',*,*,#2032,.F.);
#1228=ORIENTED_EDGE('',*,*,#2014,.T.);
#1229=ORIENTED_EDGE('',*,*,#1824,.T.);
#1230=ORIENTED_EDGE('',*,*,#1701,.T.);
#1231=ORIENTED_EDGE('',*,*,#1698,.T.);
#1232=ORIENTED_EDGE('',*,*,#1807,.T.);
#1233=ORIENTED_EDGE('',*,*,#2033,.F.);
#1234=ORIENTED_EDGE('',*,*,#1987,.T.);
#1235=ORIENTED_EDGE('',*,*,#2034,.T.);
#1236=ORIENTED_EDGE('',*,*,#2035,.T.);
#1237=ORIENTED_EDGE('',*,*,#2033,.T.);
#1238=ORIENTED_EDGE('',*,*,#1809,.T.);
#1239=ORIENTED_EDGE('',*,*,#1806,.T.);
#1240=ORIENTED_EDGE('',*,*,#1674,.F.);
#1241=ORIENTED_EDGE('',*,*,#1985,.F.);
#1242=ORIENTED_EDGE('',*,*,#1803,.T.);
#1243=ORIENTED_EDGE('',*,*,#1724,.T.);
#1244=ORIENTED_EDGE('',*,*,#1826,.F.);
#1245=ORIENTED_EDGE('',*,*,#1813,.T.);
#1246=ORIENTED_EDGE('',*,*,#2036,.T.);
#1247=ORIENTED_EDGE('',*,*,#2015,.F.);
#1248=ORIENTED_EDGE('',*,*,#2032,.T.);
#1249=ORIENTED_EDGE('',*,*,#2037,.T.);
#1250=ORIENTED_EDGE('',*,*,#1817,.T.);
#1251=ORIENTED_EDGE('',*,*,#1825,.F.);
#1252=ORIENTED_EDGE('',*,*,#2035,.F.);
#1253=ORIENTED_EDGE('',*,*,#2009,.F.);
#1254=ORIENTED_EDGE('',*,*,#1798,.T.);
#1255=ORIENTED_EDGE('',*,*,#2023,.T.);
#1256=ORIENTED_EDGE('',*,*,#1796,.T.);
#1257=ORIENTED_EDGE('',*,*,#2038,.T.);
#1258=ORIENTED_EDGE('',*,*,#1732,.T.);
#1259=ORIENTED_EDGE('',*,*,#2039,.F.);
#1260=ORIENTED_EDGE('',*,*,#1623,.T.);
#1261=ORIENTED_EDGE('',*,*,#2040,.T.);
#1262=ORIENTED_EDGE('',*,*,#1730,.T.);
#1263=ORIENTED_EDGE('',*,*,#2038,.F.);
#1264=ORIENTED_EDGE('',*,*,#1626,.F.);
#1265=ORIENTED_EDGE('',*,*,#2041,.T.);
#1266=ORIENTED_EDGE('',*,*,#1736,.T.);
#1267=ORIENTED_EDGE('',*,*,#2040,.F.);
#1268=ORIENTED_EDGE('',*,*,#1625,.T.);
#1269=ORIENTED_EDGE('',*,*,#2039,.T.);
#1270=ORIENTED_EDGE('',*,*,#1738,.T.);
#1271=ORIENTED_EDGE('',*,*,#2041,.F.);
#1272=ORIENTED_EDGE('',*,*,#1624,.F.);
#1273=ORIENTED_EDGE('',*,*,#2042,.T.);
#1274=ORIENTED_EDGE('',*,*,#1740,.T.);
#1275=ORIENTED_EDGE('',*,*,#1744,.T.);
#1276=ORIENTED_EDGE('',*,*,#1747,.T.);
#1277=ORIENTED_EDGE('',*,*,#1750,.T.);
#1278=ORIENTED_EDGE('',*,*,#1753,.T.);
#1279=ORIENTED_EDGE('',*,*,#2043,.T.);
#1280=ORIENTED_EDGE('',*,*,#1771,.T.);
#1281=ORIENTED_EDGE('',*,*,#1772,.T.);
#1282=ORIENTED_EDGE('',*,*,#1765,.T.);
#1283=ORIENTED_EDGE('',*,*,#1768,.T.);
#1284=ORIENTED_EDGE('',*,*,#2016,.F.);
#1285=ORIENTED_EDGE('',*,*,#2036,.F.);
#1286=ORIENTED_EDGE('',*,*,#1812,.T.);
#1287=ORIENTED_EDGE('',*,*,#1819,.T.);
#1288=ORIENTED_EDGE('',*,*,#1814,.T.);
#1289=ORIENTED_EDGE('',*,*,#2037,.F.);
#1290=ORIENTED_EDGE('',*,*,#2034,.F.);
#1291=ORIENTED_EDGE('',*,*,#1989,.F.);
#1292=ORIENTED_EDGE('',*,*,#1999,.F.);
#1293=ORIENTED_EDGE('',*,*,#2001,.F.);
#1294=ORIENTED_EDGE('',*,*,#1845,.F.);
#1295=ORIENTED_EDGE('',*,*,#2004,.F.);
#1296=ORIENTED_EDGE('',*,*,#1976,.T.);
#1297=ORIENTED_EDGE('',*,*,#1973,.F.);
#1298=ORIENTED_EDGE('',*,*,#1855,.F.);
#1299=ORIENTED_EDGE('',*,*,#1929,.F.);
#1300=ORIENTED_EDGE('',*,*,#2031,.F.);
#1301=ORIENTED_EDGE('',*,*,#2026,.T.);
#1302=ORIENTED_EDGE('',*,*,#2010,.T.);
#1303=ORIENTED_EDGE('',*,*,#2018,.T.);
#1304=ORIENTED_EDGE('',*,*,#1879,.F.);
#1305=ORIENTED_EDGE('',*,*,#1881,.F.);
#1306=ORIENTED_EDGE('',*,*,#1885,.F.);
#1307=ORIENTED_EDGE('',*,*,#1888,.F.);
#1308=ORIENTED_EDGE('',*,*,#1891,.F.);
#1309=ORIENTED_EDGE('',*,*,#1893,.F.);
#1310=ORIENTED_EDGE('',*,*,#1897,.F.);
#1311=ORIENTED_EDGE('',*,*,#1899,.F.);
#1312=ORIENTED_EDGE('',*,*,#1903,.F.);
#1313=ORIENTED_EDGE('',*,*,#1904,.F.);
#1314=ORIENTED_EDGE('',*,*,#1859,.F.);
#1315=ORIENTED_EDGE('',*,*,#1864,.F.);
#1316=ORIENTED_EDGE('',*,*,#1866,.F.);
#1317=ORIENTED_EDGE('',*,*,#1870,.F.);
#1318=ORIENTED_EDGE('',*,*,#1872,.F.);
#1319=ORIENTED_EDGE('',*,*,#1875,.F.);
#1320=ORIENTED_EDGE('',*,*,#1927,.F.);
#1321=ORIENTED_EDGE('',*,*,#1968,.F.);
#1322=ORIENTED_EDGE('',*,*,#1992,.T.);
#1323=ORIENTED_EDGE('',*,*,#1994,.F.);
#1324=ORIENTED_EDGE('',*,*,#1997,.F.);
#1325=ORIENTED_EDGE('',*,*,#1966,.F.);
#1326=ORIENTED_EDGE('',*,*,#1909,.F.);
#1327=ORIENTED_EDGE('',*,*,#1911,.T.);
#1328=ORIENTED_EDGE('',*,*,#1915,.T.);
#1329=ORIENTED_EDGE('',*,*,#1917,.F.);
#1330=ORIENTED_EDGE('',*,*,#1921,.F.);
#1331=ORIENTED_EDGE('',*,*,#1924,.F.);
#1332=ORIENTED_EDGE('',*,*,#1782,.T.);
#1333=ORIENTED_EDGE('',*,*,#1776,.T.);
#1334=ORIENTED_EDGE('',*,*,#1778,.T.);
#1335=ORIENTED_EDGE('',*,*,#1784,.T.);
#1336=ORIENTED_EDGE('',*,*,#1790,.T.);
#1337=ORIENTED_EDGE('',*,*,#1788,.T.);
#1338=ORIENTED_EDGE('',*,*,#2043,.F.);
#1339=ORIENTED_EDGE('',*,*,#1752,.T.);
#1340=ORIENTED_EDGE('',*,*,#1762,.T.);
#1341=ORIENTED_EDGE('',*,*,#1741,.T.);
#1342=ORIENTED_EDGE('',*,*,#2042,.F.);
#1343=ORIENTED_EDGE('',*,*,#2017,.T.);
#1344=ORIENTED_EDGE('',*,*,#2020,.T.);
#1345=ORIENTED_EDGE('',*,*,#2021,.F.);
#1346=ORIENTED_EDGE('',*,*,#2022,.F.);
#1347=ORIENTED_EDGE('',*,*,#1681,.T.);
#1348=ORIENTED_EDGE('',*,*,#1828,.F.);
#1349=ORIENTED_EDGE('',*,*,#1716,.T.);
#1350=ORIENTED_EDGE('',*,*,#1820,.F.);
#1351=ORIENTED_EDGE('',*,*,#1823,.T.);
#1352=ORIENTED_EDGE('',*,*,#1710,.T.);
#1353=ORIENTED_EDGE('',*,*,#1827,.T.);
#1354=ORIENTED_EDGE('',*,*,#1679,.F.);
#1355=ORIENTED_EDGE('',*,*,#1569,.T.);
#1356=ORIENTED_EDGE('',*,*,#1601,.T.);
#1357=ORIENTED_EDGE('',*,*,#1565,.T.);
#1358=ORIENTED_EDGE('',*,*,#1559,.T.);
#1359=ORIENTED_EDGE('',*,*,#1552,.T.);
#1360=ORIENTED_EDGE('',*,*,#1579,.F.);
#1361=ORIENTED_EDGE('',*,*,#1556,.F.);
#1362=ORIENTED_EDGE('',*,*,#1563,.F.);
#1363=ORIENTED_EDGE('',*,*,#2044,.F.);
#1364=ORIENTED_EDGE('',*,*,#1613,.T.);
#1365=ORIENTED_EDGE('',*,*,#2045,.T.);
#1366=ORIENTED_EDGE('',*,*,#2046,.T.);
#1367=ORIENTED_EDGE('',*,*,#2047,.F.);
#1368=ORIENTED_EDGE('',*,*,#1591,.F.);
#1369=ORIENTED_EDGE('',*,*,#2048,.F.);
#1370=ORIENTED_EDGE('',*,*,#2049,.F.);
#1371=ORIENTED_EDGE('',*,*,#1612,.T.);
#1372=ORIENTED_EDGE('',*,*,#2050,.F.);
#1373=ORIENTED_EDGE('',*,*,#2051,.T.);
#1374=ORIENTED_EDGE('',*,*,#2052,.T.);
#1375=ORIENTED_EDGE('',*,*,#2045,.F.);
#1376=ORIENTED_EDGE('',*,*,#2052,.F.);
#1377=ORIENTED_EDGE('',*,*,#2051,.F.);
#1378=ORIENTED_EDGE('',*,*,#2053,.T.);
#1379=ORIENTED_EDGE('',*,*,#2054,.F.);
#1380=ORIENTED_EDGE('',*,*,#2055,.F.);
#1381=ORIENTED_EDGE('',*,*,#2046,.F.);
#1382=ORIENTED_EDGE('',*,*,#2055,.T.);
#1383=ORIENTED_EDGE('',*,*,#2054,.T.);
#1384=ORIENTED_EDGE('',*,*,#2056,.T.);
#1385=ORIENTED_EDGE('',*,*,#1592,.F.);
#1386=ORIENTED_EDGE('',*,*,#2047,.T.);
#1387=ORIENTED_EDGE('',*,*,#2057,.T.);
#1388=ORIENTED_EDGE('',*,*,#2058,.F.);
#1389=ORIENTED_EDGE('',*,*,#1614,.F.);
#1390=ORIENTED_EDGE('',*,*,#2044,.T.);
#1391=ORIENTED_EDGE('',*,*,#2059,.F.);
#1392=ORIENTED_EDGE('',*,*,#2060,.F.);
#1393=ORIENTED_EDGE('',*,*,#2057,.F.);
#1394=ORIENTED_EDGE('',*,*,#2049,.T.);
#1395=ORIENTED_EDGE('',*,*,#1590,.F.);
#1396=ORIENTED_EDGE('',*,*,#2061,.F.);
#1397=ORIENTED_EDGE('',*,*,#2059,.T.);
#1398=ORIENTED_EDGE('',*,*,#2048,.T.);
#1399=ORIENTED_EDGE('',*,*,#2050,.T.);
#1400=ORIENTED_EDGE('',*,*,#1611,.T.);
#1401=ORIENTED_EDGE('',*,*,#2058,.T.);
#1402=ORIENTED_EDGE('',*,*,#2060,.T.);
#1403=ORIENTED_EDGE('',*,*,#2061,.T.);
#1404=ORIENTED_EDGE('',*,*,#1589,.F.);
#1405=ORIENTED_EDGE('',*,*,#2056,.F.);
#1406=ORIENTED_EDGE('',*,*,#2053,.F.);
#1407=ORIENTED_EDGE('',*,*,#2062,.F.);
#1408=ORIENTED_EDGE('',*,*,#1617,.T.);
#1409=ORIENTED_EDGE('',*,*,#2063,.T.);
#1410=ORIENTED_EDGE('',*,*,#2064,.T.);
#1411=ORIENTED_EDGE('',*,*,#2065,.F.);
#1412=ORIENTED_EDGE('',*,*,#1595,.F.);
#1413=ORIENTED_EDGE('',*,*,#2066,.F.);
#1414=ORIENTED_EDGE('',*,*,#2067,.F.);
#1415=ORIENTED_EDGE('',*,*,#1616,.T.);
#1416=ORIENTED_EDGE('',*,*,#2068,.F.);
#1417=ORIENTED_EDGE('',*,*,#2069,.T.);
#1418=ORIENTED_EDGE('',*,*,#2070,.T.);
#1419=ORIENTED_EDGE('',*,*,#2063,.F.);
#1420=ORIENTED_EDGE('',*,*,#2070,.F.);
#1421=ORIENTED_EDGE('',*,*,#2069,.F.);
#1422=ORIENTED_EDGE('',*,*,#2071,.T.);
#1423=ORIENTED_EDGE('',*,*,#2072,.F.);
#1424=ORIENTED_EDGE('',*,*,#2073,.F.);
#1425=ORIENTED_EDGE('',*,*,#2064,.F.);
#1426=ORIENTED_EDGE('',*,*,#2073,.T.);
#1427=ORIENTED_EDGE('',*,*,#2072,.T.);
#1428=ORIENTED_EDGE('',*,*,#2074,.T.);
#1429=ORIENTED_EDGE('',*,*,#1596,.F.);
#1430=ORIENTED_EDGE('',*,*,#2065,.T.);
#1431=ORIENTED_EDGE('',*,*,#2075,.T.);
#1432=ORIENTED_EDGE('',*,*,#2076,.F.);
#1433=ORIENTED_EDGE('',*,*,#1618,.F.);
#1434=ORIENTED_EDGE('',*,*,#2062,.T.);
#1435=ORIENTED_EDGE('',*,*,#2077,.F.);
#1436=ORIENTED_EDGE('',*,*,#2078,.F.);
#1437=ORIENTED_EDGE('',*,*,#2075,.F.);
#1438=ORIENTED_EDGE('',*,*,#2067,.T.);
#1439=ORIENTED_EDGE('',*,*,#1594,.F.);
#1440=ORIENTED_EDGE('',*,*,#2079,.F.);
#1441=ORIENTED_EDGE('',*,*,#2077,.T.);
#1442=ORIENTED_EDGE('',*,*,#2066,.T.);
#1443=ORIENTED_EDGE('',*,*,#2068,.T.);
#1444=ORIENTED_EDGE('',*,*,#1615,.T.);
#1445=ORIENTED_EDGE('',*,*,#2076,.T.);
#1446=ORIENTED_EDGE('',*,*,#2078,.T.);
#1447=ORIENTED_EDGE('',*,*,#2079,.T.);
#1448=ORIENTED_EDGE('',*,*,#1593,.F.);
#1449=ORIENTED_EDGE('',*,*,#2074,.F.);
#1450=ORIENTED_EDGE('',*,*,#2071,.F.);
#1451=ORIENTED_EDGE('',*,*,#2080,.F.);
#1452=ORIENTED_EDGE('',*,*,#1621,.T.);
#1453=ORIENTED_EDGE('',*,*,#2081,.T.);
#1454=ORIENTED_EDGE('',*,*,#2082,.T.);
#1455=ORIENTED_EDGE('',*,*,#2083,.F.);
#1456=ORIENTED_EDGE('',*,*,#1599,.F.);
#1457=ORIENTED_EDGE('',*,*,#2084,.F.);
#1458=ORIENTED_EDGE('',*,*,#2085,.F.);
#1459=ORIENTED_EDGE('',*,*,#1620,.T.);
#1460=ORIENTED_EDGE('',*,*,#2086,.F.);
#1461=ORIENTED_EDGE('',*,*,#2087,.T.);
#1462=ORIENTED_EDGE('',*,*,#2088,.T.);
#1463=ORIENTED_EDGE('',*,*,#2081,.F.);
#1464=ORIENTED_EDGE('',*,*,#2088,.F.);
#1465=ORIENTED_EDGE('',*,*,#2087,.F.);
#1466=ORIENTED_EDGE('',*,*,#2089,.T.);
#1467=ORIENTED_EDGE('',*,*,#2090,.F.);
#1468=ORIENTED_EDGE('',*,*,#2091,.F.);
#1469=ORIENTED_EDGE('',*,*,#2082,.F.);
#1470=ORIENTED_EDGE('',*,*,#2091,.T.);
#1471=ORIENTED_EDGE('',*,*,#2090,.T.);
#1472=ORIENTED_EDGE('',*,*,#2092,.T.);
#1473=ORIENTED_EDGE('',*,*,#1600,.F.);
#1474=ORIENTED_EDGE('',*,*,#2083,.T.);
#1475=ORIENTED_EDGE('',*,*,#2093,.T.);
#1476=ORIENTED_EDGE('',*,*,#2094,.F.);
#1477=ORIENTED_EDGE('',*,*,#1622,.F.);
#1478=ORIENTED_EDGE('',*,*,#2080,.T.);
#1479=ORIENTED_EDGE('',*,*,#2095,.F.);
#1480=ORIENTED_EDGE('',*,*,#2096,.F.);
#1481=ORIENTED_EDGE('',*,*,#2093,.F.);
#1482=ORIENTED_EDGE('',*,*,#2085,.T.);
#1483=ORIENTED_EDGE('',*,*,#1598,.F.);
#1484=ORIENTED_EDGE('',*,*,#2097,.F.);
#1485=ORIENTED_EDGE('',*,*,#2095,.T.);
#1486=ORIENTED_EDGE('',*,*,#2084,.T.);
#1487=ORIENTED_EDGE('',*,*,#2086,.T.);
#1488=ORIENTED_EDGE('',*,*,#1619,.T.);
#1489=ORIENTED_EDGE('',*,*,#2094,.T.);
#1490=ORIENTED_EDGE('',*,*,#2096,.T.);
#1491=ORIENTED_EDGE('',*,*,#2097,.T.);
#1492=ORIENTED_EDGE('',*,*,#1597,.F.);
#1493=ORIENTED_EDGE('',*,*,#2092,.F.);
#1494=ORIENTED_EDGE('',*,*,#2089,.F.);
#1495=ORIENTED_EDGE('',*,*,#2098,.F.);
#1496=ORIENTED_EDGE('',*,*,#1609,.T.);
#1497=ORIENTED_EDGE('',*,*,#2099,.T.);
#1498=ORIENTED_EDGE('',*,*,#2100,.T.);
#1499=ORIENTED_EDGE('',*,*,#2101,.F.);
#1500=ORIENTED_EDGE('',*,*,#1587,.F.);
#1501=ORIENTED_EDGE('',*,*,#2102,.F.);
#1502=ORIENTED_EDGE('',*,*,#2103,.F.);
#1503=ORIENTED_EDGE('',*,*,#1608,.T.);
#1504=ORIENTED_EDGE('',*,*,#2104,.T.);
#1505=ORIENTED_EDGE('',*,*,#2105,.T.);
#1506=ORIENTED_EDGE('',*,*,#2099,.F.);
#1507=ORIENTED_EDGE('',*,*,#2105,.F.);
#1508=ORIENTED_EDGE('',*,*,#2106,.T.);
#1509=ORIENTED_EDGE('',*,*,#2107,.F.);
#1510=ORIENTED_EDGE('',*,*,#2100,.F.);
#1511=ORIENTED_EDGE('',*,*,#2107,.T.);
#1512=ORIENTED_EDGE('',*,*,#2108,.T.);
#1513=ORIENTED_EDGE('',*,*,#1588,.F.);
#1514=ORIENTED_EDGE('',*,*,#2101,.T.);
#1515=ORIENTED_EDGE('',*,*,#2109,.T.);
#1516=ORIENTED_EDGE('',*,*,#2110,.F.);
#1517=ORIENTED_EDGE('',*,*,#1610,.F.);
#1518=ORIENTED_EDGE('',*,*,#2098,.T.);
#1519=ORIENTED_EDGE('',*,*,#2111,.F.);
#1520=ORIENTED_EDGE('',*,*,#2112,.F.);
#1521=ORIENTED_EDGE('',*,*,#2109,.F.);
#1522=ORIENTED_EDGE('',*,*,#2103,.T.);
#1523=ORIENTED_EDGE('',*,*,#1586,.F.);
#1524=ORIENTED_EDGE('',*,*,#2113,.F.);
#1525=ORIENTED_EDGE('',*,*,#2111,.T.);
#1526=ORIENTED_EDGE('',*,*,#2102,.T.);
#1527=ORIENTED_EDGE('',*,*,#2104,.F.);
#1528=ORIENTED_EDGE('',*,*,#1607,.T.);
#1529=ORIENTED_EDGE('',*,*,#2110,.T.);
#1530=ORIENTED_EDGE('',*,*,#2112,.T.);
#1531=ORIENTED_EDGE('',*,*,#2113,.T.);
#1532=ORIENTED_EDGE('',*,*,#1585,.F.);
#1533=ORIENTED_EDGE('',*,*,#2108,.F.);
#1534=ORIENTED_EDGE('',*,*,#2106,.F.);
#1535=ORIENTED_EDGE('',*,*,#1582,.T.);
#1536=ORIENTED_EDGE('',*,*,#1664,.F.);
#1537=ORIENTED_EDGE('',*,*,#1603,.F.);
#1538=ORIENTED_EDGE('',*,*,#1544,.F.);
#1539=ORIENTED_EDGE('',*,*,#1575,.F.);
#1540=ORIENTED_EDGE('',*,*,#1572,.T.);
#1541=ORIENTED_EDGE('',*,*,#1577,.F.);
#1542=ORIENTED_EDGE('',*,*,#1548,.F.);
#1543=EDGE_CURVE('',#2114,#2115,#2481,.T.);
#1544=EDGE_CURVE('',#2114,#2116,#2482,.T.);
#1545=EDGE_CURVE('',#2117,#2116,#2483,.T.);
#1546=EDGE_CURVE('',#2117,#2115,#2484,.T.);
#1547=EDGE_CURVE('',#2118,#2119,#2485,.T.);
#1548=EDGE_CURVE('',#2119,#2120,#2486,.T.);
#1549=EDGE_CURVE('',#2120,#2121,#2487,.T.);
#1550=EDGE_CURVE('',#2121,#2118,#2488,.T.);
#1551=EDGE_CURVE('',#2122,#2123,#2489,.T.);
#1552=EDGE_CURVE('',#2124,#2122,#123,.T.);
#1553=EDGE_CURVE('',#2124,#2125,#2490,.T.);
#1554=EDGE_CURVE('',#2125,#2123,#124,.T.);
#1555=EDGE_CURVE('',#2126,#2127,#2491,.T.);
#1556=EDGE_CURVE('',#2127,#2128,#125,.T.);
#1557=EDGE_CURVE('',#2129,#2128,#2492,.T.);
#1558=EDGE_CURVE('',#2126,#2129,#126,.T.);
#1559=EDGE_CURVE('',#2130,#2124,#2493,.T.);
#1560=EDGE_CURVE('',#2131,#2130,#2494,.T.);
#1561=EDGE_CURVE('',#2131,#2125,#2495,.T.);
#1562=EDGE_CURVE('',#2132,#2133,#2496,.T.);
#1563=EDGE_CURVE('',#2132,#2127,#2497,.T.);
#1564=EDGE_CURVE('',#2133,#2126,#2498,.T.);
#1565=EDGE_CURVE('',#2134,#2130,#127,.T.);
#1566=EDGE_CURVE('',#2135,#2134,#2499,.T.);
#1567=EDGE_CURVE('',#2135,#2131,#128,.T.);
#1568=EDGE_CURVE('',#2136,#2137,#2500,.T.);
#1569=EDGE_CURVE('',#2132,#2137,#129,.T.);
#1570=EDGE_CURVE('',#2136,#2133,#130,.T.);
#1571=EDGE_CURVE('',#2138,#2139,#2501,.T.);
#1572=EDGE_CURVE('',#2140,#2138,#2502,.T.);
#1573=EDGE_CURVE('',#2141,#2140,#2503,.T.);
#1574=EDGE_CURVE('',#2141,#2139,#2504,.T.);
#1575=EDGE_CURVE('',#2140,#2114,#131,.T.);
#1576=EDGE_CURVE('',#2141,#2115,#69,.T.);
#1577=EDGE_CURVE('',#2120,#2138,#132,.T.);
#1578=EDGE_CURVE('',#2121,#2139,#70,.T.);
#1579=EDGE_CURVE('',#2128,#2122,#2505,.T.);
#1580=EDGE_CURVE('',#2129,#2123,#2506,.T.);
#1581=EDGE_CURVE('',#2142,#2143,#2507,.T.);
#1582=EDGE_CURVE('',#2119,#2142,#2508,.T.);
#1583=EDGE_CURVE('',#2118,#2144,#71,.T.);
#1584=EDGE_CURVE('',#2144,#2143,#2509,.T.);
#1585=EDGE_CURVE('',#2145,#2146,#2510,.T.);
#1586=EDGE_CURVE('',#2146,#2147,#2511,.T.);
#1587=EDGE_CURVE('',#2147,#2148,#2512,.T.);
#1588=EDGE_CURVE('',#2148,#2145,#2513,.T.);
#1589=EDGE_CURVE('',#2149,#2150,#2514,.T.);
#1590=EDGE_CURVE('',#2150,#2151,#2515,.T.);
#1591=EDGE_CURVE('',#2151,#2152,#2516,.T.);
#1592=EDGE_CURVE('',#2152,#2149,#2517,.T.);
#1593=EDGE_CURVE('',#2153,#2154,#2518,.T.);
#1594=EDGE_CURVE('',#2154,#2155,#2519,.T.);
#1595=EDGE_CURVE('',#2155,#2156,#2520,.T.);
#1596=EDGE_CURVE('',#2156,#2153,#2521,.T.);
#1597=EDGE_CURVE('',#2157,#2158,#2522,.T.);
#1598=EDGE_CURVE('',#2158,#2159,#2523,.T.);
#1599=EDGE_CURVE('',#2159,#2160,#2524,.T.);
#1600=EDGE_CURVE('',#2160,#2157,#2525,.T.);
#1601=EDGE_CURVE('',#2137,#2134,#2526,.T.);
#1602=EDGE_CURVE('',#2136,#2135,#2527,.T.);
#1603=EDGE_CURVE('',#2116,#2161,#2528,.T.);
#1604=EDGE_CURVE('',#2162,#2161,#2529,.T.);
#1605=EDGE_CURVE('',#2163,#2162,#2530,.T.);
#1606=EDGE_CURVE('',#2117,#2163,#72,.T.);
#1607=EDGE_CURVE('',#2164,#2165,#2531,.T.);
#1608=EDGE_CURVE('',#2166,#2164,#2532,.T.);
#1609=EDGE_CURVE('',#2167,#2166,#2533,.T.);
#1610=EDGE_CURVE('',#2167,#2165,#2534,.T.);
#1611=EDGE_CURVE('',#2168,#2169,#2535,.T.);
#1612=EDGE_CURVE('',#2170,#2168,#2536,.T.);
#1613=EDGE_CURVE('',#2171,#2170,#2537,.T.);
#1614=EDGE_CURVE('',#2171,#2169,#2538,.T.);
#1615=EDGE_CURVE('',#2172,#2173,#2539,.T.);
#1616=EDGE_CURVE('',#2174,#2172,#2540,.T.);
#1617=EDGE_CURVE('',#2175,#2174,#2541,.T.);
#1618=EDGE_CURVE('',#2175,#2173,#2542,.T.);
#1619=EDGE_CURVE('',#2176,#2177,#2543,.T.);
#1620=EDGE_CURVE('',#2178,#2176,#2544,.T.);
#1621=EDGE_CURVE('',#2179,#2178,#2545,.T.);
#1622=EDGE_CURVE('',#2179,#2177,#2546,.T.);
#1623=EDGE_CURVE('',#2180,#2181,#133,.T.);
#1624=EDGE_CURVE('',#2180,#2182,#2547,.T.);
#1625=EDGE_CURVE('',#2183,#2182,#134,.T.);
#1626=EDGE_CURVE('',#2183,#2181,#2548,.T.);
#1627=EDGE_CURVE('',#2184,#2184,#135,.T.);
#1628=EDGE_CURVE('',#2185,#2186,#2549,.T.);
#1629=EDGE_CURVE('',#2186,#2187,#136,.T.);
#1630=EDGE_CURVE('',#2187,#2188,#2550,.T.);
#1631=EDGE_CURVE('',#2188,#2189,#137,.T.);
#1632=EDGE_CURVE('',#2189,#2190,#2551,.T.);
#1633=EDGE_CURVE('',#2190,#2185,#138,.T.);
#1634=EDGE_CURVE('',#2191,#2192,#2552,.T.);
#1635=EDGE_CURVE('',#2192,#2193,#139,.T.);
#1636=EDGE_CURVE('',#2193,#2194,#140,.T.);
#1637=EDGE_CURVE('',#2194,#2195,#141,.T.);
#1638=EDGE_CURVE('',#2195,#2196,#142,.T.);
#1639=EDGE_CURVE('',#2196,#2197,#143,.T.);
#1640=EDGE_CURVE('',#2197,#2198,#2553,.T.);
#1641=EDGE_CURVE('',#2198,#2199,#144,.T.);
#1642=EDGE_CURVE('',#2199,#2200,#2554,.T.);
#1643=EDGE_CURVE('',#2200,#2191,#145,.T.);
#1644=EDGE_CURVE('',#2201,#2202,#146,.T.);
#1645=EDGE_CURVE('',#2202,#2203,#147,.T.);
#1646=EDGE_CURVE('',#2203,#2204,#2555,.T.);
#1647=EDGE_CURVE('',#2204,#2205,#148,.T.);
#1648=EDGE_CURVE('',#2205,#2206,#2556,.T.);
#1649=EDGE_CURVE('',#2207,#2206,#149,.T.);
#1650=EDGE_CURVE('',#2208,#2207,#150,.T.);
#1651=EDGE_CURVE('',#2208,#2209,#151,.T.);
#1652=EDGE_CURVE('',#2209,#2210,#2557,.T.);
#1653=EDGE_CURVE('',#2210,#2211,#152,.T.);
#1654=EDGE_CURVE('',#2211,#2212,#2558,.T.);
#1655=EDGE_CURVE('',#2212,#2201,#153,.T.);
#1656=EDGE_CURVE('',#2213,#2213,#154,.T.);
#1657=EDGE_CURVE('',#2214,#2214,#155,.T.);
#1658=EDGE_CURVE('',#2215,#2216,#2559,.T.);
#1659=EDGE_CURVE('',#2217,#2216,#156,.T.);
#1660=EDGE_CURVE('',#2217,#2218,#157,.T.);
#1661=EDGE_CURVE('',#2219,#2218,#158,.T.);
#1662=EDGE_CURVE('',#2219,#2220,#2560,.T.);
#1663=EDGE_CURVE('',#2220,#2215,#159,.T.);
#1664=EDGE_CURVE('',#2161,#2142,#2561,.T.);
#1665=EDGE_CURVE('',#2143,#2221,#160,.T.);
#1666=EDGE_CURVE('',#2222,#2221,#161,.T.);
#1667=EDGE_CURVE('',#2222,#2223,#162,.T.);
#1668=EDGE_CURVE('',#2224,#2223,#163,.T.);
#1669=EDGE_CURVE('',#2225,#2224,#164,.T.);
#1670=EDGE_CURVE('',#2225,#2226,#2562,.T.);
#1671=EDGE_CURVE('',#2226,#2227,#165,.T.);
#1672=EDGE_CURVE('',#2227,#2228,#2563,.T.);
#1673=EDGE_CURVE('',#2228,#2229,#166,.T.);
#1674=EDGE_CURVE('',#2229,#2230,#2564,.T.);
#1675=EDGE_CURVE('',#2231,#2230,#167,.T.);
#1676=EDGE_CURVE('',#2232,#2231,#168,.T.);
#1677=EDGE_CURVE('',#2232,#2233,#169,.T.);
#1678=EDGE_CURVE('',#2233,#2234,#170,.T.);
#1679=EDGE_CURVE('',#2234,#2235,#2565,.T.);
#1680=EDGE_CURVE('',#2236,#2235,#171,.T.);
#1681=EDGE_CURVE('',#2237,#2236,#2566,.T.);
#1682=EDGE_CURVE('',#2237,#2238,#172,.T.);
#1683=EDGE_CURVE('',#2239,#2238,#173,.T.);
#1684=EDGE_CURVE('',#2240,#2239,#174,.T.);
#1685=EDGE_CURVE('',#2240,#2241,#175,.T.);
#1686=EDGE_CURVE('',#2241,#2242,#2567,.T.);
#1687=EDGE_CURVE('',#2242,#2243,#176,.T.);
#1688=EDGE_CURVE('',#2243,#2244,#2568,.T.);
#1689=EDGE_CURVE('',#2245,#2244,#2569,.T.);
#1690=EDGE_CURVE('',#2246,#2245,#2570,.T.);
#1691=EDGE_CURVE('',#2246,#2247,#177,.T.);
#1692=EDGE_CURVE('',#2247,#2248,#2571,.T.);
#1693=EDGE_CURVE('',#2249,#2248,#178,.T.);
#1694=EDGE_CURVE('',#2249,#2250,#179,.T.);
#1695=EDGE_CURVE('',#2250,#2162,#180,.T.);
#1696=EDGE_CURVE('',#2251,#2252,#2572,.T.);
#1697=EDGE_CURVE('',#2251,#2253,#73,.T.);
#1698=EDGE_CURVE('',#2252,#2253,#74,.T.);
#1699=EDGE_CURVE('',#2254,#2255,#2573,.T.);
#1700=EDGE_CURVE('',#2255,#2251,#181,.T.);
#1701=EDGE_CURVE('',#2256,#2252,#182,.T.);
#1702=EDGE_CURVE('',#2254,#2256,#183,.T.);
#1703=EDGE_CURVE('',#2257,#2258,#2574,.T.);
#1704=EDGE_CURVE('',#2255,#2258,#184,.T.);
#1705=EDGE_CURVE('',#2254,#2257,#185,.T.);
#1706=EDGE_CURVE('',#2259,#2260,#2575,.T.);
#1707=EDGE_CURVE('',#2258,#2260,#186,.T.);
#1708=EDGE_CURVE('',#2257,#2259,#187,.T.);
#1709=EDGE_CURVE('',#2261,#2262,#2576,.T.);
#1710=EDGE_CURVE('',#2260,#2262,#2577,.T.);
#1711=EDGE_CURVE('',#2261,#2259,#2578,.T.);
#1712=EDGE_CURVE('',#2263,#2264,#2579,.T.);
#1713=EDGE_CURVE('',#2264,#2262,#188,.T.);
#1714=EDGE_CURVE('',#2263,#2261,#189,.T.);
#1715=EDGE_CURVE('',#2265,#2266,#2580,.T.);
#1716=EDGE_CURVE('',#2264,#2266,#2581,.T.);
#1717=EDGE_CURVE('',#2265,#2263,#2582,.T.);
#1718=EDGE_CURVE('',#2267,#2268,#2583,.T.);
#1719=EDGE_CURVE('',#2266,#2268,#190,.T.);
#1720=EDGE_CURVE('',#2265,#2267,#191,.T.);
#1721=EDGE_CURVE('',#2269,#2270,#2584,.T.);
#1722=EDGE_CURVE('',#2268,#2270,#192,.T.);
#1723=EDGE_CURVE('',#2267,#2269,#193,.T.);
#1724=EDGE_CURVE('',#2271,#2272,#75,.T.);
#1725=EDGE_CURVE('',#2271,#2270,#76,.T.);
#1726=EDGE_CURVE('',#2272,#2269,#77,.T.);
#1727=EDGE_CURVE('',#2273,#2274,#2585,.T.);
#1728=EDGE_CURVE('',#2275,#2274,#2586,.T.);
#1729=EDGE_CURVE('',#2275,#2276,#2587,.T.);
#1730=EDGE_CURVE('',#2273,#2276,#2588,.T.);
#1731=EDGE_CURVE('',#2277,#2278,#78,.T.);
#1732=EDGE_CURVE('',#2276,#2277,#194,.T.);
#1733=EDGE_CURVE('',#2275,#2278,#195,.T.);
#1734=EDGE_CURVE('',#2279,#2280,#79,.F.);
#1735=EDGE_CURVE('',#2280,#2274,#196,.T.);
#1736=EDGE_CURVE('',#2279,#2273,#197,.T.);
#1737=EDGE_CURVE('',#2280,#2278,#2589,.T.);
#1738=EDGE_CURVE('',#2277,#2279,#2590,.T.);
#1739=EDGE_CURVE('',#2281,#2282,#2591,.T.);
#1740=EDGE_CURVE('',#2283,#2282,#198,.T.);
#1741=EDGE_CURVE('',#2284,#2283,#80,.T.);
#1742=EDGE_CURVE('',#2284,#2281,#199,.T.);
#1743=EDGE_CURVE('',#2285,#2286,#2592,.T.);
#1744=EDGE_CURVE('',#2282,#2286,#2593,.T.);
#1745=EDGE_CURVE('',#2285,#2281,#2594,.T.);
#1746=EDGE_CURVE('',#2287,#2288,#2595,.T.);
#1747=EDGE_CURVE('',#2286,#2288,#200,.T.);
#1748=EDGE_CURVE('',#2285,#2287,#201,.T.);
#1749=EDGE_CURVE('',#2289,#2290,#2596,.T.);
#1750=EDGE_CURVE('',#2288,#2290,#2597,.T.);
#1751=EDGE_CURVE('',#2289,#2287,#2598,.T.);
#1752=EDGE_CURVE('',#2291,#2292,#81,.T.);
#1753=EDGE_CURVE('',#2290,#2291,#202,.T.);
#1754=EDGE_CURVE('',#2289,#2292,#203,.T.);
#1755=EDGE_CURVE('',#2293,#2287,#2599,.T.);
#1756=EDGE_CURVE('',#2294,#2285,#2600,.T.);
#1757=EDGE_CURVE('',#2293,#2294,#204,.T.);
#1758=EDGE_CURVE('',#2295,#2281,#2601,.T.);
#1759=EDGE_CURVE('',#2294,#2295,#2602,.T.);
#1760=EDGE_CURVE('',#2296,#2289,#2603,.T.);
#1761=EDGE_CURVE('',#2296,#2293,#2604,.T.);
#1762=EDGE_CURVE('',#2292,#2284,#82,.T.);
#1763=EDGE_CURVE('',#2295,#2296,#205,.T.);
#1764=EDGE_CURVE('',#2243,#2297,#2605,.T.);
#1765=EDGE_CURVE('',#2298,#2297,#2606,.T.);
#1766=EDGE_CURVE('',#2244,#2298,#2607,.T.);
#1767=EDGE_CURVE('',#2242,#2299,#2608,.T.);
#1768=EDGE_CURVE('',#2297,#2299,#206,.T.);
#1769=EDGE_CURVE('',#2246,#2300,#2609,.T.);
#1770=EDGE_CURVE('',#2245,#2301,#2610,.T.);
#1771=EDGE_CURVE('',#2300,#2301,#2611,.T.);
#1772=EDGE_CURVE('',#2301,#2298,#2612,.T.);
#1773=EDGE_CURVE('',#2302,#2303,#83,.F.);
#1774=EDGE_CURVE('',#2302,#2304,#207,.T.);
#1775=EDGE_CURVE('',#2304,#2305,#2613,.T.);
#1776=EDGE_CURVE('',#2303,#2305,#208,.T.);
#1777=EDGE_CURVE('',#2306,#2307,#2614,.T.);
#1778=EDGE_CURVE('',#2305,#2307,#209,.T.);
#1779=EDGE_CURVE('',#2304,#2306,#210,.T.);
#1780=EDGE_CURVE('',#2308,#2309,#2615,.T.);
#1781=EDGE_CURVE('',#2309,#2302,#211,.T.);
#1782=EDGE_CURVE('',#2308,#2303,#212,.T.);
#1783=EDGE_CURVE('',#2310,#2311,#2616,.T.);
#1784=EDGE_CURVE('',#2307,#2311,#2617,.T.);
#1785=EDGE_CURVE('',#2310,#2306,#2618,.T.);
#1786=EDGE_CURVE('',#2312,#2313,#2619,.F.);
#1787=EDGE_CURVE('',#2309,#2313,#2620,.T.);
#1788=EDGE_CURVE('',#2312,#2308,#2621,.T.);
#1789=EDGE_CURVE('',#2310,#2313,#84,.T.);
#1790=EDGE_CURVE('',#2311,#2312,#213,.T.);
#1791=EDGE_CURVE('',#2306,#2216,#2622,.T.);
#1792=EDGE_CURVE('',#2304,#2217,#2623,.T.);
#1793=EDGE_CURVE('',#2314,#2314,#214,.T.);
#1794=EDGE_CURVE('',#2315,#2315,#215,.T.);
#1795=EDGE_CURVE('',#2316,#2316,#216,.T.);
#1796=EDGE_CURVE('',#2317,#2317,#217,.T.);
#1797=EDGE_CURVE('',#2318,#2318,#218,.T.);
#1798=EDGE_CURVE('',#2319,#2319,#219,.T.);
#1799=EDGE_CURVE('',#2320,#2239,#2624,.T.);
#1800=EDGE_CURVE('',#2321,#2320,#85,.F.);
#1801=EDGE_CURVE('',#2321,#2240,#2625,.T.);
#1802=EDGE_CURVE('',#2270,#2320,#220,.T.);
#1803=EDGE_CURVE('',#2321,#2271,#221,.T.);
#1804=EDGE_CURVE('',#2322,#2323,#86,.T.);
#1805=EDGE_CURVE('',#2323,#2231,#2626,.T.);
#1806=EDGE_CURVE('',#2322,#2230,#2627,.T.);
#1807=EDGE_CURVE('',#2253,#2324,#14,.T.);
#1808=EDGE_CURVE('',#2323,#2251,#15,.T.);
#1809=EDGE_CURVE('',#2324,#2322,#222,.T.);
#1810=EDGE_CURVE('',#2325,#2326,#87,.T.);
#1811=EDGE_CURVE('',#2327,#2325,#88,.T.);
#1812=EDGE_CURVE('',#2328,#2327,#89,.T.);
#1813=EDGE_CURVE('',#2326,#2328,#90,.T.);
#1814=EDGE_CURVE('',#2329,#2330,#91,.T.);
#1815=EDGE_CURVE('',#2331,#2329,#92,.T.);
#1816=EDGE_CURVE('',#2332,#2331,#93,.T.);
#1817=EDGE_CURVE('',#2330,#2332,#94,.T.);
#1818=EDGE_CURVE('',#2331,#2325,#223,.T.);
#1819=EDGE_CURVE('',#2327,#2329,#224,.T.);
#1820=EDGE_CURVE('',#2237,#2266,#2628,.T.);
#1821=EDGE_CURVE('',#2268,#2238,#2629,.T.);
#1822=EDGE_CURVE('',#2258,#2233,#2630,.T.);
#1823=EDGE_CURVE('',#2234,#2260,#2631,.T.);
#1824=EDGE_CURVE('',#2333,#2256,#2632,.T.);
#1825=EDGE_CURVE('',#2333,#2332,#225,.T.);
#1826=EDGE_CURVE('',#2326,#2272,#226,.T.);
#1827=EDGE_CURVE('',#2262,#2235,#2633,.T.);
#1828=EDGE_CURVE('',#2264,#2236,#2634,.T.);
#1829=EDGE_CURVE('',#2255,#2232,#2635,.T.);
#1830=EDGE_CURVE('',#2334,#2334,#227,.T.);
#1831=EDGE_CURVE('',#2335,#2335,#228,.T.);
#1832=EDGE_CURVE('',#2336,#2221,#2636,.T.);
#1833=EDGE_CURVE('',#2336,#2337,#229,.T.);
#1834=EDGE_CURVE('',#2337,#2222,#2637,.T.);
#1835=EDGE_CURVE('',#2223,#2338,#2638,.T.);
#1836=EDGE_CURVE('',#2338,#2337,#230,.T.);
#1837=EDGE_CURVE('',#2338,#2339,#231,.T.);
#1838=EDGE_CURVE('',#2224,#2339,#2639,.T.);
#1839=EDGE_CURVE('',#2163,#2340,#95,.T.);
#1840=EDGE_CURVE('',#2340,#2341,#2640,.T.);
#1841=EDGE_CURVE('',#2341,#2144,#96,.T.);
#1842=EDGE_CURVE('',#2342,#2343,#97,.T.);
#1843=EDGE_CURVE('',#2343,#2344,#2641,.T.);
#1844=EDGE_CURVE('',#2344,#2345,#98,.T.);
#1845=EDGE_CURVE('',#2345,#2342,#2642,.T.);
#1846=EDGE_CURVE('',#2346,#2347,#2643,.T.);
#1847=EDGE_CURVE('',#2346,#2348,#2644,.T.);
#1848=EDGE_CURVE('',#2348,#2349,#2645,.T.);
#1849=EDGE_CURVE('',#2350,#2349,#2646,.T.);
#1850=EDGE_CURVE('',#2351,#2350,#232,.T.);
#1851=EDGE_CURVE('',#2347,#2351,#2647,.T.);
#1852=EDGE_CURVE('',#2352,#2346,#2648,.T.);
#1853=EDGE_CURVE('',#2353,#2352,#2649,.T.);
#1854=EDGE_CURVE('',#2353,#2348,#2650,.T.);
#1855=EDGE_CURVE('',#2354,#2355,#2651,.T.);
#1856=EDGE_CURVE('',#2355,#2352,#2652,.T.);
#1857=EDGE_CURVE('',#2354,#2346,#2653,.T.);
#1858=EDGE_CURVE('',#2356,#2357,#2654,.T.);
#1859=EDGE_CURVE('',#2357,#2358,#2655,.T.);
#1860=EDGE_CURVE('',#2358,#2359,#2656,.T.);
#1861=EDGE_CURVE('',#2359,#2356,#2657,.T.);
#1862=EDGE_CURVE('',#2356,#2360,#233,.T.);
#1863=EDGE_CURVE('',#2360,#2361,#2658,.T.);
#1864=EDGE_CURVE('',#2361,#2357,#234,.T.);
#1865=EDGE_CURVE('',#2362,#2363,#2659,.T.);
#1866=EDGE_CURVE('',#2363,#2361,#2660,.T.);
#1867=EDGE_CURVE('',#2360,#2362,#2661,.T.);
#1868=EDGE_CURVE('',#2362,#2364,#235,.T.);
#1869=EDGE_CURVE('',#2365,#2364,#2662,.T.);
#1870=EDGE_CURVE('',#2365,#2363,#236,.T.);
#1871=EDGE_CURVE('',#2366,#2367,#2663,.T.);
#1872=EDGE_CURVE('',#2366,#2365,#2664,.T.);
#1873=EDGE_CURVE('',#2364,#2367,#2665,.T.);
#1874=EDGE_CURVE('',#2367,#2359,#237,.T.);
#1875=EDGE_CURVE('',#2358,#2366,#238,.T.);
#1876=EDGE_CURVE('',#2368,#2369,#2666,.T.);
#1877=EDGE_CURVE('',#2369,#2370,#239,.T.);
#1878=EDGE_CURVE('',#2370,#2371,#2667,.T.);
#1879=EDGE_CURVE('',#2371,#2368,#240,.T.);
#1880=EDGE_CURVE('',#2372,#2373,#2668,.T.);
#1881=EDGE_CURVE('',#2373,#2371,#2669,.T.);
#1882=EDGE_CURVE('',#2370,#2372,#2670,.T.);
#1883=EDGE_CURVE('',#2372,#2374,#241,.T.);
#1884=EDGE_CURVE('',#2375,#2374,#2671,.F.);
#1885=EDGE_CURVE('',#2375,#2373,#242,.T.);
#1886=EDGE_CURVE('',#2374,#2376,#2672,.T.);
#1887=EDGE_CURVE('',#2376,#2377,#99,.T.);
#1888=EDGE_CURVE('',#2377,#2375,#2673,.T.);
#1889=EDGE_CURVE('',#2376,#2378,#243,.T.);
#1890=EDGE_CURVE('',#2378,#2379,#2674,.T.);
#1891=EDGE_CURVE('',#2379,#2377,#244,.T.);
#1892=EDGE_CURVE('',#2380,#2381,#2675,.T.);
#1893=EDGE_CURVE('',#2380,#2379,#2676,.T.);
#1894=EDGE_CURVE('',#2378,#2381,#2677,.T.);
#1895=EDGE_CURVE('',#2381,#2382,#245,.T.);
#1896=EDGE_CURVE('',#2383,#2382,#2678,.T.);
#1897=EDGE_CURVE('',#2383,#2380,#246,.T.);
#1898=EDGE_CURVE('',#2384,#2385,#2679,.T.);
#1899=EDGE_CURVE('',#2384,#2383,#247,.T.);
#1900=EDGE_CURVE('',#2382,#2385,#248,.T.);
#1901=EDGE_CURVE('',#2385,#2386,#249,.T.);
#1902=EDGE_CURVE('',#2387,#2386,#2680,.T.);
#1903=EDGE_CURVE('',#2387,#2384,#250,.T.);
#1904=EDGE_CURVE('',#2368,#2387,#251,.T.);
#1905=EDGE_CURVE('',#2386,#2369,#252,.T.);
#1906=EDGE_CURVE('',#2388,#2389,#2681,.T.);
#1907=EDGE_CURVE('',#2389,#2390,#253,.T.);
#1908=EDGE_CURVE('',#2391,#2390,#100,.F.);
#1909=EDGE_CURVE('',#2391,#2388,#254,.T.);
#1910=EDGE_CURVE('',#2392,#2393,#101,.F.);
#1911=EDGE_CURVE('',#2391,#2392,#255,.T.);
#1912=EDGE_CURVE('',#2393,#2390,#256,.T.);
#1913=EDGE_CURVE('',#2393,#2394,#102,.T.);
#1914=EDGE_CURVE('',#2394,#2395,#2682,.T.);
#1915=EDGE_CURVE('',#2392,#2395,#257,.T.);
#1916=EDGE_CURVE('',#2396,#2397,#103,.T.);
#1917=EDGE_CURVE('',#2397,#2395,#2683,.T.);
#1918=EDGE_CURVE('',#2394,#2396,#2684,.T.);
#1919=EDGE_CURVE('',#2396,#2398,#258,.T.);
#1920=EDGE_CURVE('',#2398,#2399,#2685,.T.);
#1921=EDGE_CURVE('',#2399,#2397,#259,.T.);
#1922=EDGE_CURVE('',#2398,#2400,#2686,.T.);
#1923=EDGE_CURVE('',#2400,#2401,#2687,.T.);
#1924=EDGE_CURVE('',#2401,#2399,#2688,.T.);
#1925=EDGE_CURVE('',#2400,#2402,#260,.T.);
#1926=EDGE_CURVE('',#2402,#2403,#2689,.T.);
#1927=EDGE_CURVE('',#2403,#2401,#261,.T.);
#1928=EDGE_CURVE('',#2404,#2347,#104,.F.);
#1929=EDGE_CURVE('',#2404,#2354,#2690,.T.);
#1930=EDGE_CURVE('',#2351,#2405,#105,.T.);
#1931=EDGE_CURVE('',#2404,#2405,#16,.T.);
#1932=EDGE_CURVE('',#2350,#2406,#262,.T.);
#1933=EDGE_CURVE('',#2406,#2405,#263,.T.);
#1934=EDGE_CURVE('',#2389,#2209,#2691,.T.);
#1935=EDGE_CURVE('',#2390,#2208,#106,.F.);
#1936=EDGE_CURVE('',#2400,#2203,#2692,.T.);
#1937=EDGE_CURVE('',#2402,#2202,#2693,.T.);
#1938=EDGE_CURVE('',#2370,#2192,#2694,.T.);
#1939=EDGE_CURVE('',#2372,#2191,#2695,.T.);
#1940=EDGE_CURVE('',#2369,#2193,#2696,.T.);
#1941=EDGE_CURVE('',#2386,#2194,#2697,.T.);
#1942=EDGE_CURVE('',#2385,#2195,#2698,.T.);
#1943=EDGE_CURVE('',#2382,#2196,#2699,.T.);
#1944=EDGE_CURVE('',#2381,#2197,#2700,.T.);
#1945=EDGE_CURVE('',#2378,#2198,#2701,.T.);
#1946=EDGE_CURVE('',#2376,#2199,#2702,.T.);
#1947=EDGE_CURVE('',#2374,#2200,#2703,.T.);
#1948=EDGE_CURVE('',#2359,#2186,#2704,.T.);
#1949=EDGE_CURVE('',#2356,#2185,#2705,.T.);
#1950=EDGE_CURVE('',#2367,#2187,#2706,.T.);
#1951=EDGE_CURVE('',#2364,#2188,#2707,.T.);
#1952=EDGE_CURVE('',#2362,#2189,#2708,.T.);
#1953=EDGE_CURVE('',#2360,#2190,#2709,.T.);
#1954=EDGE_CURVE('',#2218,#2302,#107,.F.);
#1955=EDGE_CURVE('',#2309,#2219,#2710,.T.);
#1956=EDGE_CURVE('',#2313,#2220,#108,.T.);
#1957=EDGE_CURVE('',#2310,#2215,#2711,.T.);
#1958=EDGE_CURVE('',#2398,#2204,#2712,.T.);
#1959=EDGE_CURVE('',#2205,#2396,#109,.T.);
#1960=EDGE_CURVE('',#2394,#2206,#2713,.T.);
#1961=EDGE_CURVE('',#2207,#2393,#110,.F.);
#1962=EDGE_CURVE('',#2402,#2407,#264,.T.);
#1963=EDGE_CURVE('',#2407,#2201,#2714,.T.);
#1964=EDGE_CURVE('',#2408,#2389,#2715,.T.);
#1965=EDGE_CURVE('',#2408,#2210,#2716,.T.);
#1966=EDGE_CURVE('',#2388,#2409,#2717,.T.);
#1967=EDGE_CURVE('',#2409,#2408,#2718,.T.);
#1968=EDGE_CURVE('',#2410,#2403,#265,.T.);
#1969=EDGE_CURVE('',#2407,#2410,#2719,.T.);
#1970=EDGE_CURVE('',#2411,#2353,#2720,.T.);
#1971=EDGE_CURVE('',#2412,#2352,#2721,.T.);
#1972=EDGE_CURVE('',#2412,#2411,#2722,.T.);
#1973=EDGE_CURVE('',#2355,#2413,#2723,.T.);
#1974=EDGE_CURVE('',#2412,#2413,#17,.T.);
#1975=EDGE_CURVE('',#2411,#2339,#266,.T.);
#1976=EDGE_CURVE('',#2414,#2413,#267,.T.);
#1977=EDGE_CURVE('',#2414,#2415,#2724,.T.);
#1978=EDGE_CURVE('',#2415,#2225,#2725,.T.);
#1979=EDGE_CURVE('',#2336,#2416,#268,.T.);
#1980=EDGE_CURVE('',#2349,#2416,#269,.T.);
#1981=EDGE_CURVE('',#2415,#2414,#2726,.T.);
#1982=EDGE_CURVE('',#2417,#2226,#111,.T.);
#1983=EDGE_CURVE('',#2417,#2415,#270,.T.);
#1984=EDGE_CURVE('',#2418,#2419,#271,.T.);
#1985=EDGE_CURVE('',#2419,#2229,#2727,.T.);
#1986=EDGE_CURVE('',#2418,#2228,#2728,.T.);
#1987=EDGE_CURVE('',#2419,#2420,#2729,.T.);
#1988=EDGE_CURVE('',#2418,#2421,#2730,.T.);
#1989=EDGE_CURVE('',#2421,#2420,#272,.T.);
#1990=EDGE_CURVE('',#2407,#2422,#112,.T.);
#1991=EDGE_CURVE('',#2422,#2423,#2731,.T.);
#1992=EDGE_CURVE('',#2410,#2423,#273,.T.);
#1993=EDGE_CURVE('',#2424,#2425,#2732,.T.);
#1994=EDGE_CURVE('',#2425,#2423,#2733,.T.);
#1995=EDGE_CURVE('',#2422,#2424,#2734,.T.);
#1996=EDGE_CURVE('',#2424,#2408,#274,.T.);
#1997=EDGE_CURVE('',#2409,#2425,#275,.T.);
#1998=EDGE_CURVE('',#2426,#2427,#12,.T.);
#1999=EDGE_CURVE('',#2426,#2421,#2735,.T.);
#2000=EDGE_CURVE('',#2427,#2418,#2736,.T.);
#2001=EDGE_CURVE('',#2342,#2426,#276,.T.);
#2002=EDGE_CURVE('',#2427,#2428,#13,.T.);
#2003=EDGE_CURVE('',#2417,#2428,#277,.T.);
#2004=EDGE_CURVE('',#2414,#2345,#278,.T.);
#2005=EDGE_CURVE('',#2344,#2343,#279,.T.);
#2006=EDGE_CURVE('',#2424,#2211,#2737,.T.);
#2007=EDGE_CURVE('',#2422,#2212,#2738,.T.);
#2008=EDGE_CURVE('',#2428,#2227,#2739,.T.);
#2009=EDGE_CURVE('',#2429,#2429,#280,.T.);
#2010=EDGE_CURVE('',#2430,#2431,#281,.T.);
#2011=EDGE_CURVE('',#2249,#2430,#113,.F.);
#2012=EDGE_CURVE('',#2432,#2248,#2740,.T.);
#2013=EDGE_CURVE('',#2431,#2432,#2741,.T.);
#2014=EDGE_CURVE('',#2433,#2241,#2742,.T.);
#2015=EDGE_CURVE('',#2433,#2434,#114,.T.);
#2016=EDGE_CURVE('',#2434,#2299,#2743,.T.);
#2017=EDGE_CURVE('',#2435,#2432,#2744,.T.);
#2018=EDGE_CURVE('',#2431,#2435,#2745,.T.);
#2019=EDGE_CURVE('',#2247,#2436,#115,.T.);
#2020=EDGE_CURVE('',#2432,#2436,#282,.T.);
#2021=EDGE_CURVE('',#2300,#2436,#283,.T.);
#2022=EDGE_CURVE('',#2437,#2437,#284,.T.);
#2023=EDGE_CURVE('',#2438,#2438,#285,.T.);
#2024=EDGE_CURVE('',#2439,#2416,#2746,.T.);
#2025=EDGE_CURVE('',#2406,#2439,#116,.T.);
#2026=EDGE_CURVE('',#2440,#2430,#286,.T.);
#2027=EDGE_CURVE('',#2440,#2441,#117,.T.);
#2028=EDGE_CURVE('',#2441,#2250,#2747,.T.);
#2029=EDGE_CURVE('',#2341,#2439,#118,.T.);
#2030=EDGE_CURVE('',#2340,#2441,#119,.T.);
#2031=EDGE_CURVE('',#2440,#2404,#2748,.T.);
#2032=EDGE_CURVE('',#2433,#2321,#120,.T.);
#2033=EDGE_CURVE('',#2419,#2324,#2749,.T.);
#2034=EDGE_CURVE('',#2420,#2442,#2750,.T.);
#2035=EDGE_CURVE('',#2442,#2333,#287,.T.);
#2036=EDGE_CURVE('',#2328,#2434,#288,.T.);
#2037=EDGE_CURVE('',#2442,#2330,#289,.T.);
#2038=EDGE_CURVE('',#2181,#2276,#2751,.T.);
#2039=EDGE_CURVE('',#2180,#2277,#121,.T.);
#2040=EDGE_CURVE('',#2183,#2273,#2752,.T.);
#2041=EDGE_CURVE('',#2182,#2279,#122,.F.);
#2042=EDGE_CURVE('',#2435,#2283,#290,.T.);
#2043=EDGE_CURVE('',#2291,#2300,#291,.T.);
#2044=EDGE_CURVE('',#2171,#2443,#292,.T.);
#2045=EDGE_CURVE('',#2170,#2444,#293,.T.);
#2046=EDGE_CURVE('',#2444,#2445,#2753,.T.);
#2047=EDGE_CURVE('',#2152,#2445,#294,.T.);
#2048=EDGE_CURVE('',#2446,#2151,#295,.T.);
#2049=EDGE_CURVE('',#2443,#2446,#2754,.T.);
#2050=EDGE_CURVE('',#2447,#2168,#296,.T.);
#2051=EDGE_CURVE('',#2447,#2448,#2755,.T.);
#2052=EDGE_CURVE('',#2448,#2444,#2756,.T.);
#2053=EDGE_CURVE('',#2447,#2449,#2757,.T.);
#2054=EDGE_CURVE('',#2450,#2449,#2758,.T.);
#2055=EDGE_CURVE('',#2445,#2450,#2759,.T.);
#2056=EDGE_CURVE('',#2449,#2149,#297,.T.);
#2057=EDGE_CURVE('',#2443,#2451,#2760,.T.);
#2058=EDGE_CURVE('',#2169,#2451,#298,.T.);
#2059=EDGE_CURVE('',#2452,#2446,#2761,.T.);
#2060=EDGE_CURVE('',#2451,#2452,#2762,.T.);
#2061=EDGE_CURVE('',#2452,#2150,#299,.T.);
#2062=EDGE_CURVE('',#2175,#2453,#300,.T.);
#2063=EDGE_CURVE('',#2174,#2454,#301,.T.);
#2064=EDGE_CURVE('',#2454,#2455,#2763,.T.);
#2065=EDGE_CURVE('',#2156,#2455,#302,.T.);
#2066=EDGE_CURVE('',#2456,#2155,#303,.T.);
#2067=EDGE_CURVE('',#2453,#2456,#2764,.T.);
#2068=EDGE_CURVE('',#2457,#2172,#304,.T.);
#2069=EDGE_CURVE('',#2457,#2458,#2765,.T.);
#2070=EDGE_CURVE('',#2458,#2454,#2766,.T.);
#2071=EDGE_CURVE('',#2457,#2459,#2767,.T.);
#2072=EDGE_CURVE('',#2460,#2459,#2768,.T.);
#2073=EDGE_CURVE('',#2455,#2460,#2769,.T.);
#2074=EDGE_CURVE('',#2459,#2153,#305,.T.);
#2075=EDGE_CURVE('',#2453,#2461,#2770,.T.);
#2076=EDGE_CURVE('',#2173,#2461,#306,.T.);
#2077=EDGE_CURVE('',#2462,#2456,#2771,.T.);
#2078=EDGE_CURVE('',#2461,#2462,#2772,.T.);
#2079=EDGE_CURVE('',#2462,#2154,#307,.T.);
#2080=EDGE_CURVE('',#2179,#2463,#308,.T.);
#2081=EDGE_CURVE('',#2178,#2464,#309,.T.);
#2082=EDGE_CURVE('',#2464,#2465,#2773,.T.);
#2083=EDGE_CURVE('',#2160,#2465,#310,.T.);
#2084=EDGE_CURVE('',#2466,#2159,#311,.T.);
#2085=EDGE_CURVE('',#2463,#2466,#2774,.T.);
#2086=EDGE_CURVE('',#2467,#2176,#312,.T.);
#2087=EDGE_CURVE('',#2467,#2468,#2775,.T.);
#2088=EDGE_CURVE('',#2468,#2464,#2776,.T.);
#2089=EDGE_CURVE('',#2467,#2469,#2777,.T.);
#2090=EDGE_CURVE('',#2470,#2469,#2778,.T.);
#2091=EDGE_CURVE('',#2465,#2470,#2779,.T.);
#2092=EDGE_CURVE('',#2469,#2157,#313,.T.);
#2093=EDGE_CURVE('',#2463,#2471,#2780,.T.);
#2094=EDGE_CURVE('',#2177,#2471,#314,.T.);
#2095=EDGE_CURVE('',#2472,#2466,#2781,.T.);
#2096=EDGE_CURVE('',#2471,#2472,#2782,.T.);
#2097=EDGE_CURVE('',#2472,#2158,#315,.T.);
#2098=EDGE_CURVE('',#2167,#2473,#316,.T.);
#2099=EDGE_CURVE('',#2166,#2474,#317,.T.);
#2100=EDGE_CURVE('',#2474,#2475,#2783,.T.);
#2101=EDGE_CURVE('',#2148,#2475,#318,.T.);
#2102=EDGE_CURVE('',#2476,#2147,#319,.T.);
#2103=EDGE_CURVE('',#2473,#2476,#2784,.T.);
#2104=EDGE_CURVE('',#2164,#2477,#320,.T.);
#2105=EDGE_CURVE('',#2477,#2474,#2785,.T.);
#2106=EDGE_CURVE('',#2477,#2478,#2786,.T.);
#2107=EDGE_CURVE('',#2475,#2478,#2787,.T.);
#2108=EDGE_CURVE('',#2478,#2145,#321,.T.);
#2109=EDGE_CURVE('',#2473,#2479,#2788,.T.);
#2110=EDGE_CURVE('',#2165,#2479,#322,.T.);
#2111=EDGE_CURVE('',#2480,#2476,#2789,.T.);
#2112=EDGE_CURVE('',#2479,#2480,#2790,.T.);
#2113=EDGE_CURVE('',#2480,#2146,#323,.T.);
#2114=VERTEX_POINT('',#5485);
#2115=VERTEX_POINT('',#5486);
#2116=VERTEX_POINT('',#5488);
#2117=VERTEX_POINT('',#5490);
#2118=VERTEX_POINT('',#5494);
#2119=VERTEX_POINT('',#5495);
#2120=VERTEX_POINT('',#5497);
#2121=VERTEX_POINT('',#5499);
#2122=VERTEX_POINT('',#5503);
#2123=VERTEX_POINT('',#5504);
#2124=VERTEX_POINT('',#5506);
#2125=VERTEX_POINT('',#5508);
#2126=VERTEX_POINT('',#5512);
#2127=VERTEX_POINT('',#5513);
#2128=VERTEX_POINT('',#5515);
#2129=VERTEX_POINT('',#5517);
#2130=VERTEX_POINT('',#5521);
#2131=VERTEX_POINT('',#5523);
#2132=VERTEX_POINT('',#5527);
#2133=VERTEX_POINT('',#5528);
#2134=VERTEX_POINT('',#5533);
#2135=VERTEX_POINT('',#5535);
#2136=VERTEX_POINT('',#5539);
#2137=VERTEX_POINT('',#5540);
#2138=VERTEX_POINT('',#5545);
#2139=VERTEX_POINT('',#5546);
#2140=VERTEX_POINT('',#5548);
#2141=VERTEX_POINT('',#5550);
#2142=VERTEX_POINT('',#5584);
#2143=VERTEX_POINT('',#5585);
#2144=VERTEX_POINT('',#5591);
#2145=VERTEX_POINT('',#5594);
#2146=VERTEX_POINT('',#5595);
#2147=VERTEX_POINT('',#5597);
#2148=VERTEX_POINT('',#5599);
#2149=VERTEX_POINT('',#5602);
#2150=VERTEX_POINT('',#5603);
#2151=VERTEX_POINT('',#5605);
#2152=VERTEX_POINT('',#5607);
#2153=VERTEX_POINT('',#5610);
#2154=VERTEX_POINT('',#5611);
#2155=VERTEX_POINT('',#5613);
#2156=VERTEX_POINT('',#5615);
#2157=VERTEX_POINT('',#5618);
#2158=VERTEX_POINT('',#5619);
#2159=VERTEX_POINT('',#5621);
#2160=VERTEX_POINT('',#5623);
#2161=VERTEX_POINT('',#5629);
#2162=VERTEX_POINT('',#5631);
#2163=VERTEX_POINT('',#5633);
#2164=VERTEX_POINT('',#5639);
#2165=VERTEX_POINT('',#5640);
#2166=VERTEX_POINT('',#5642);
#2167=VERTEX_POINT('',#5644);
#2168=VERTEX_POINT('',#5647);
#2169=VERTEX_POINT('',#5648);
#2170=VERTEX_POINT('',#5650);
#2171=VERTEX_POINT('',#5652);
#2172=VERTEX_POINT('',#5655);
#2173=VERTEX_POINT('',#5656);
#2174=VERTEX_POINT('',#5658);
#2175=VERTEX_POINT('',#5660);
#2176=VERTEX_POINT('',#5663);
#2177=VERTEX_POINT('',#5664);
#2178=VERTEX_POINT('',#5666);
#2179=VERTEX_POINT('',#5668);
#2180=VERTEX_POINT('',#5672);
#2181=VERTEX_POINT('',#5673);
#2182=VERTEX_POINT('',#5675);
#2183=VERTEX_POINT('',#5677);
#2184=VERTEX_POINT('',#5680);
#2185=VERTEX_POINT('',#5682);
#2186=VERTEX_POINT('',#5683);
#2187=VERTEX_POINT('',#5685);
#2188=VERTEX_POINT('',#5687);
#2189=VERTEX_POINT('',#5689);
#2190=VERTEX_POINT('',#5691);
#2191=VERTEX_POINT('',#5694);
#2192=VERTEX_POINT('',#5695);
#2193=VERTEX_POINT('',#5697);
#2194=VERTEX_POINT('',#5699);
#2195=VERTEX_POINT('',#5701);
#2196=VERTEX_POINT('',#5703);
#2197=VERTEX_POINT('',#5705);
#2198=VERTEX_POINT('',#5707);
#2199=VERTEX_POINT('',#5709);
#2200=VERTEX_POINT('',#5711);
#2201=VERTEX_POINT('',#5714);
#2202=VERTEX_POINT('',#5715);
#2203=VERTEX_POINT('',#5717);
#2204=VERTEX_POINT('',#5719);
#2205=VERTEX_POINT('',#5721);
#2206=VERTEX_POINT('',#5723);
#2207=VERTEX_POINT('',#5725);
#2208=VERTEX_POINT('',#5727);
#2209=VERTEX_POINT('',#5729);
#2210=VERTEX_POINT('',#5731);
#2211=VERTEX_POINT('',#5733);
#2212=VERTEX_POINT('',#5735);
#2213=VERTEX_POINT('',#5738);
#2214=VERTEX_POINT('',#5740);
#2215=VERTEX_POINT('',#5742);
#2216=VERTEX_POINT('',#5743);
#2217=VERTEX_POINT('',#5745);
#2218=VERTEX_POINT('',#5747);
#2219=VERTEX_POINT('',#5749);
#2220=VERTEX_POINT('',#5751);
#2221=VERTEX_POINT('',#5755);
#2222=VERTEX_POINT('',#5757);
#2223=VERTEX_POINT('',#5759);
#2224=VERTEX_POINT('',#5761);
#2225=VERTEX_POINT('',#5763);
#2226=VERTEX_POINT('',#5765);
#2227=VERTEX_POINT('',#5767);
#2228=VERTEX_POINT('',#5769);
#2229=VERTEX_POINT('',#5771);
#2230=VERTEX_POINT('',#5773);
#2231=VERTEX_POINT('',#5775);
#2232=VERTEX_POINT('',#5777);
#2233=VERTEX_POINT('',#5779);
#2234=VERTEX_POINT('',#5781);
#2235=VERTEX_POINT('',#5783);
#2236=VERTEX_POINT('',#5785);
#2237=VERTEX_POINT('',#5787);
#2238=VERTEX_POINT('',#5789);
#2239=VERTEX_POINT('',#5791);
#2240=VERTEX_POINT('',#5793);
#2241=VERTEX_POINT('',#5795);
#2242=VERTEX_POINT('',#5797);
#2243=VERTEX_POINT('',#5799);
#2244=VERTEX_POINT('',#5801);
#2245=VERTEX_POINT('',#5803);
#2246=VERTEX_POINT('',#5805);
#2247=VERTEX_POINT('',#5807);
#2248=VERTEX_POINT('',#5809);
#2249=VERTEX_POINT('',#5811);
#2250=VERTEX_POINT('',#5813);
#2251=VERTEX_POINT('',#5828);
#2252=VERTEX_POINT('',#5829);
#2253=VERTEX_POINT('',#5834);
#2254=VERTEX_POINT('',#5841);
#2255=VERTEX_POINT('',#5842);
#2256=VERTEX_POINT('',#5845);
#2257=VERTEX_POINT('',#5849);
#2258=VERTEX_POINT('',#5850);
#2259=VERTEX_POINT('',#5855);
#2260=VERTEX_POINT('',#5856);
#2261=VERTEX_POINT('',#5861);
#2262=VERTEX_POINT('',#5862);
#2263=VERTEX_POINT('',#5867);
#2264=VERTEX_POINT('',#5868);
#2265=VERTEX_POINT('',#5873);
#2266=VERTEX_POINT('',#5874);
#2267=VERTEX_POINT('',#5879);
#2268=VERTEX_POINT('',#5880);
#2269=VERTEX_POINT('',#5885);
#2270=VERTEX_POINT('',#5886);
#2271=VERTEX_POINT('',#5917);
#2272=VERTEX_POINT('',#5918);
#2273=VERTEX_POINT('',#5930);
#2274=VERTEX_POINT('',#5931);
#2275=VERTEX_POINT('',#5933);
#2276=VERTEX_POINT('',#5935);
#2277=VERTEX_POINT('',#5942);
#2278=VERTEX_POINT('',#5943);
#2279=VERTEX_POINT('',#5951);
#2280=VERTEX_POINT('',#5952);
#2281=VERTEX_POINT('',#5960);
#2282=VERTEX_POINT('',#5961);
#2283=VERTEX_POINT('',#5963);
#2284=VERTEX_POINT('',#5968);
#2285=VERTEX_POINT('',#5972);
#2286=VERTEX_POINT('',#5973);
#2287=VERTEX_POINT('',#5978);
#2288=VERTEX_POINT('',#5979);
#2289=VERTEX_POINT('',#5984);
#2290=VERTEX_POINT('',#5985);
#2291=VERTEX_POINT('',#5993);
#2292=VERTEX_POINT('',#5994);
#2293=VERTEX_POINT('',#5999);
#2294=VERTEX_POINT('',#6001);
#2295=VERTEX_POINT('',#6005);
#2296=VERTEX_POINT('',#6009);
#2297=VERTEX_POINT('',#6029);
#2298=VERTEX_POINT('',#6031);
#2299=VERTEX_POINT('',#6035);
#2300=VERTEX_POINT('',#6039);
#2301=VERTEX_POINT('',#6041);
#2302=VERTEX_POINT('',#6050);
#2303=VERTEX_POINT('',#6051);
#2304=VERTEX_POINT('',#6053);
#2305=VERTEX_POINT('',#6055);
#2306=VERTEX_POINT('',#6059);
#2307=VERTEX_POINT('',#6060);
#2308=VERTEX_POINT('',#6065);
#2309=VERTEX_POINT('',#6066);
#2310=VERTEX_POINT('',#6071);
#2311=VERTEX_POINT('',#6072);
#2312=VERTEX_POINT('',#6077);
#2313=VERTEX_POINT('',#6078);
#2314=VERTEX_POINT('',#6093);
#2315=VERTEX_POINT('',#6096);
#2316=VERTEX_POINT('',#6099);
#2317=VERTEX_POINT('',#6101);
#2318=VERTEX_POINT('',#6104);
#2319=VERTEX_POINT('',#6106);
#2320=VERTEX_POINT('',#6111);
#2321=VERTEX_POINT('',#6123);
#2322=VERTEX_POINT('',#6156);
#2323=VERTEX_POINT('',#6157);
#2324=VERTEX_POINT('',#6177);
#2325=VERTEX_POINT('',#6200);
#2326=VERTEX_POINT('',#6201);
#2327=VERTEX_POINT('',#6206);
#2328=VERTEX_POINT('',#6211);
#2329=VERTEX_POINT('',#6236);
#2330=VERTEX_POINT('',#6237);
#2331=VERTEX_POINT('',#6242);
#2332=VERTEX_POINT('',#6247);
#2333=VERTEX_POINT('',#6263);
#2334=VERTEX_POINT('',#6275);
#2335=VERTEX_POINT('',#6277);
#2336=VERTEX_POINT('',#6281);
#2337=VERTEX_POINT('',#6283);
#2338=VERTEX_POINT('',#6287);
#2339=VERTEX_POINT('',#6291);
#2340=VERTEX_POINT('',#6330);
#2341=VERTEX_POINT('',#6332);
#2342=VERTEX_POINT('',#6349);
#2343=VERTEX_POINT('',#6350);
#2344=VERTEX_POINT('',#6352);
#2345=VERTEX_POINT('',#6357);
#2346=VERTEX_POINT('',#6361);
#2347=VERTEX_POINT('',#6362);
#2348=VERTEX_POINT('',#6364);
#2349=VERTEX_POINT('',#6366);
#2350=VERTEX_POINT('',#6368);
#2351=VERTEX_POINT('',#6370);
#2352=VERTEX_POINT('',#6374);
#2353=VERTEX_POINT('',#6376);
#2354=VERTEX_POINT('',#6380);
#2355=VERTEX_POINT('',#6381);
#2356=VERTEX_POINT('',#6386);
#2357=VERTEX_POINT('',#6387);
#2358=VERTEX_POINT('',#6389);
#2359=VERTEX_POINT('',#6391);
#2360=VERTEX_POINT('',#6395);
#2361=VERTEX_POINT('',#6397);
#2362=VERTEX_POINT('',#6401);
#2363=VERTEX_POINT('',#6402);
#2364=VERTEX_POINT('',#6407);
#2365=VERTEX_POINT('',#6409);
#2366=VERTEX_POINT('',#6413);
#2367=VERTEX_POINT('',#6414);
#2368=VERTEX_POINT('',#6422);
#2369=VERTEX_POINT('',#6423);
#2370=VERTEX_POINT('',#6425);
#2371=VERTEX_POINT('',#6427);
#2372=VERTEX_POINT('',#6431);
#2373=VERTEX_POINT('',#6432);
#2374=VERTEX_POINT('',#6437);
#2375=VERTEX_POINT('',#6439);
#2376=VERTEX_POINT('',#6443);
#2377=VERTEX_POINT('',#6448);
#2378=VERTEX_POINT('',#6452);
#2379=VERTEX_POINT('',#6454);
#2380=VERTEX_POINT('',#6458);
#2381=VERTEX_POINT('',#6459);
#2382=VERTEX_POINT('',#6464);
#2383=VERTEX_POINT('',#6466);
#2384=VERTEX_POINT('',#6470);
#2385=VERTEX_POINT('',#6471);
#2386=VERTEX_POINT('',#6476);
#2387=VERTEX_POINT('',#6478);
#2388=VERTEX_POINT('',#6485);
#2389=VERTEX_POINT('',#6486);
#2390=VERTEX_POINT('',#6488);
#2391=VERTEX_POINT('',#6493);
#2392=VERTEX_POINT('',#6500);
#2393=VERTEX_POINT('',#6501);
#2394=VERTEX_POINT('',#6510);
#2395=VERTEX_POINT('',#6512);
#2396=VERTEX_POINT('',#6519);
#2397=VERTEX_POINT('',#6520);
#2398=VERTEX_POINT('',#6525);
#2399=VERTEX_POINT('',#6527);
#2400=VERTEX_POINT('',#6531);
#2401=VERTEX_POINT('',#6533);
#2402=VERTEX_POINT('',#6537);
#2403=VERTEX_POINT('',#6539);
#2404=VERTEX_POINT('',#6546);
#2405=VERTEX_POINT('',#6553);
#2406=VERTEX_POINT('',#6584);
#2407=VERTEX_POINT('',#6659);
#2408=VERTEX_POINT('',#6663);
#2409=VERTEX_POINT('',#6667);
#2410=VERTEX_POINT('',#6671);
#2411=VERTEX_POINT('',#6675);
#2412=VERTEX_POINT('',#6677);
#2413=VERTEX_POINT('',#6681);
#2414=VERTEX_POINT('',#6686);
#2415=VERTEX_POINT('',#6688);
#2416=VERTEX_POINT('',#6692);
#2417=VERTEX_POINT('',#6701);
#2418=VERTEX_POINT('',#6705);
#2419=VERTEX_POINT('',#6706);
#2420=VERTEX_POINT('',#6711);
#2421=VERTEX_POINT('',#6713);
#2422=VERTEX_POINT('',#6721);
#2423=VERTEX_POINT('',#6723);
#2424=VERTEX_POINT('',#6727);
#2425=VERTEX_POINT('',#6728);
#2426=VERTEX_POINT('',#6738);
#2427=VERTEX_POINT('',#6739);
#2428=VERTEX_POINT('',#6747);
#2429=VERTEX_POINT('',#6761);
#2430=VERTEX_POINT('',#6764);
#2431=VERTEX_POINT('',#6765);
#2432=VERTEX_POINT('',#6771);
#2433=VERTEX_POINT('',#6775);
#2434=VERTEX_POINT('',#6780);
#2435=VERTEX_POINT('',#6784);
#2436=VERTEX_POINT('',#6791);
#2437=VERTEX_POINT('',#6797);
#2438=VERTEX_POINT('',#6799);
#2439=VERTEX_POINT('',#6803);
#2440=VERTEX_POINT('',#6810);
#2441=VERTEX_POINT('',#6815);
#2442=VERTEX_POINT('',#6838);
#2443=VERTEX_POINT('',#6870);
#2444=VERTEX_POINT('',#6872);
#2445=VERTEX_POINT('',#6874);
#2446=VERTEX_POINT('',#6877);
#2447=VERTEX_POINT('',#6881);
#2448=VERTEX_POINT('',#6883);
#2449=VERTEX_POINT('',#6887);
#2450=VERTEX_POINT('',#6889);
#2451=VERTEX_POINT('',#6895);
#2452=VERTEX_POINT('',#6899);
#2453=VERTEX_POINT('',#6906);
#2454=VERTEX_POINT('',#6908);
#2455=VERTEX_POINT('',#6910);
#2456=VERTEX_POINT('',#6913);
#2457=VERTEX_POINT('',#6917);
#2458=VERTEX_POINT('',#6919);
#2459=VERTEX_POINT('',#6923);
#2460=VERTEX_POINT('',#6925);
#2461=VERTEX_POINT('',#6931);
#2462=VERTEX_POINT('',#6935);
#2463=VERTEX_POINT('',#6942);
#2464=VERTEX_POINT('',#6944);
#2465=VERTEX_POINT('',#6946);
#2466=VERTEX_POINT('',#6949);
#2467=VERTEX_POINT('',#6953);
#2468=VERTEX_POINT('',#6955);
#2469=VERTEX_POINT('',#6959);
#2470=VERTEX_POINT('',#6961);
#2471=VERTEX_POINT('',#6967);
#2472=VERTEX_POINT('',#6971);
#2473=VERTEX_POINT('',#6978);
#2474=VERTEX_POINT('',#6980);
#2475=VERTEX_POINT('',#6982);
#2476=VERTEX_POINT('',#6985);
#2477=VERTEX_POINT('',#6989);
#2478=VERTEX_POINT('',#6993);
#2479=VERTEX_POINT('',#6999);
#2480=VERTEX_POINT('',#7003);
#2481=LINE('',#5484,#2791);
#2482=LINE('',#5487,#2792);
#2483=LINE('',#5489,#2793);
#2484=LINE('',#5491,#2794);
#2485=LINE('',#5493,#2795);
#2486=LINE('',#5496,#2796);
#2487=LINE('',#5498,#2797);
#2488=LINE('',#5500,#2798);
#2489=LINE('',#5502,#2799);
#2490=LINE('',#5507,#2800);
#2491=LINE('',#5511,#2801);
#2492=LINE('',#5516,#2802);
#2493=LINE('',#5520,#2803);
#2494=LINE('',#5522,#2804);
#2495=LINE('',#5524,#2805);
#2496=LINE('',#5526,#2806);
#2497=LINE('',#5529,#2807);
#2498=LINE('',#5530,#2808);
#2499=LINE('',#5534,#2809);
#2500=LINE('',#5538,#2810);
#2501=LINE('',#5544,#2811);
#2502=LINE('',#5547,#2812);
#2503=LINE('',#5549,#2813);
#2504=LINE('',#5551,#2814);
#2505=LINE('',#5581,#2815);
#2506=LINE('',#5582,#2816);
#2507=LINE('',#5583,#2817);
#2508=LINE('',#5586,#2818);
#2509=LINE('',#5592,#2819);
#2510=LINE('',#5593,#2820);
#2511=LINE('',#5596,#2821);
#2512=LINE('',#5598,#2822);
#2513=LINE('',#5600,#2823);
#2514=LINE('',#5601,#2824);
#2515=LINE('',#5604,#2825);
#2516=LINE('',#5606,#2826);
#2517=LINE('',#5608,#2827);
#2518=LINE('',#5609,#2828);
#2519=LINE('',#5612,#2829);
#2520=LINE('',#5614,#2830);
#2521=LINE('',#5616,#2831);
#2522=LINE('',#5617,#2832);
#2523=LINE('',#5620,#2833);
#2524=LINE('',#5622,#2834);
#2525=LINE('',#5624,#2835);
#2526=LINE('',#5626,#2836);
#2527=LINE('',#5627,#2837);
#2528=LINE('',#5628,#2838);
#2529=LINE('',#5630,#2839);
#2530=LINE('',#5632,#2840);
#2531=LINE('',#5638,#2841);
#2532=LINE('',#5641,#2842);
#2533=LINE('',#5643,#2843);
#2534=LINE('',#5645,#2844);
#2535=LINE('',#5646,#2845);
#2536=LINE('',#5649,#2846);
#2537=LINE('',#5651,#2847);
#2538=LINE('',#5653,#2848);
#2539=LINE('',#5654,#2849);
#2540=LINE('',#5657,#2850);
#2541=LINE('',#5659,#2851);
#2542=LINE('',#5661,#2852);
#2543=LINE('',#5662,#2853);
#2544=LINE('',#5665,#2854);
#2545=LINE('',#5667,#2855);
#2546=LINE('',#5669,#2856);
#2547=LINE('',#5674,#2857);
#2548=LINE('',#5678,#2858);
#2549=LINE('',#5681,#2859);
#2550=LINE('',#5686,#2860);
#2551=LINE('',#5690,#2861);
#2552=LINE('',#5693,#2862);
#2553=LINE('',#5706,#2863);
#2554=LINE('',#5710,#2864);
#2555=LINE('',#5718,#2865);
#2556=LINE('',#5722,#2866);
#2557=LINE('',#5730,#2867);
#2558=LINE('',#5734,#2868);
#2559=LINE('',#5741,#2869);
#2560=LINE('',#5750,#2870);
#2561=LINE('',#5753,#2871);
#2562=LINE('',#5764,#2872);
#2563=LINE('',#5768,#2873);
#2564=LINE('',#5772,#2874);
#2565=LINE('',#5782,#2875);
#2566=LINE('',#5786,#2876);
#2567=LINE('',#5796,#2877);
#2568=LINE('',#5800,#2878);
#2569=LINE('',#5802,#2879);
#2570=LINE('',#5804,#2880);
#2571=LINE('',#5808,#2881);
#2572=LINE('',#5827,#2882);
#2573=LINE('',#5840,#2883);
#2574=LINE('',#5848,#2884);
#2575=LINE('',#5854,#2885);
#2576=LINE('',#5860,#2886);
#2577=LINE('',#5863,#2887);
#2578=LINE('',#5864,#2888);
#2579=LINE('',#5866,#2889);
#2580=LINE('',#5872,#2890);
#2581=LINE('',#5875,#2891);
#2582=LINE('',#5876,#2892);
#2583=LINE('',#5878,#2893);
#2584=LINE('',#5884,#2894);
#2585=LINE('',#5929,#2895);
#2586=LINE('',#5932,#2896);
#2587=LINE('',#5934,#2897);
#2588=LINE('',#5936,#2898);
#2589=LINE('',#5956,#2899);
#2590=LINE('',#5957,#2900);
#2591=LINE('',#5959,#2901);
#2592=LINE('',#5971,#2902);
#2593=LINE('',#5974,#2903);
#2594=LINE('',#5975,#2904);
#2595=LINE('',#5977,#2905);
#2596=LINE('',#5983,#2906);
#2597=LINE('',#5986,#2907);
#2598=LINE('',#5987,#2908);
#2599=LINE('',#5998,#2909);
#2600=LINE('',#6000,#2910);
#2601=LINE('',#6004,#2911);
#2602=LINE('',#6006,#2912);
#2603=LINE('',#6008,#2913);
#2604=LINE('',#6010,#2914);
#2605=LINE('',#6028,#2915);
#2606=LINE('',#6030,#2916);
#2607=LINE('',#6032,#2917);
#2608=LINE('',#6034,#2918);
#2609=LINE('',#6038,#2919);
#2610=LINE('',#6040,#2920);
#2611=LINE('',#6042,#2921);
#2612=LINE('',#6044,#2922);
#2613=LINE('',#6054,#2923);
#2614=LINE('',#6058,#2924);
#2615=LINE('',#6064,#2925);
#2616=LINE('',#6070,#2926);
#2617=LINE('',#6073,#2927);
#2618=LINE('',#6074,#2928);
#2619=LINE('',#6076,#2929);
#2620=LINE('',#6079,#2930);
#2621=LINE('',#6080,#2931);
#2622=LINE('',#6089,#2932);
#2623=LINE('',#6090,#2933);
#2624=LINE('',#6110,#2934);
#2625=LINE('',#6124,#2935);
#2626=LINE('',#6158,#2936);
#2627=LINE('',#6159,#2937);
#2628=LINE('',#6256,#2938);
#2629=LINE('',#6257,#2939);
#2630=LINE('',#6259,#2940);
#2631=LINE('',#6260,#2941);
#2632=LINE('',#6262,#2942);
#2633=LINE('',#6268,#2943);
#2634=LINE('',#6269,#2944);
#2635=LINE('',#6271,#2945);
#2636=LINE('',#6280,#2946);
#2637=LINE('',#6284,#2947);
#2638=LINE('',#6286,#2948);
#2639=LINE('',#6292,#2949);
#2640=LINE('',#6331,#2950);
#2641=LINE('',#6351,#2951);
#2642=LINE('',#6358,#2952);
#2643=LINE('',#6360,#2953);
#2644=LINE('',#6363,#2954);
#2645=LINE('',#6365,#2955);
#2646=LINE('',#6367,#2956);
#2647=LINE('',#6371,#2957);
#2648=LINE('',#6373,#2958);
#2649=LINE('',#6375,#2959);
#2650=LINE('',#6377,#2960);
#2651=LINE('',#6379,#2961);
#2652=LINE('',#6382,#2962);
#2653=LINE('',#6383,#2963);
#2654=LINE('',#6385,#2964);
#2655=LINE('',#6388,#2965);
#2656=LINE('',#6390,#2966);
#2657=LINE('',#6392,#2967);
#2658=LINE('',#6396,#2968);
#2659=LINE('',#6400,#2969);
#2660=LINE('',#6403,#2970);
#2661=LINE('',#6404,#2971);
#2662=LINE('',#6408,#2972);
#2663=LINE('',#6412,#2973);
#2664=LINE('',#6415,#2974);
#2665=LINE('',#6416,#2975);
#2666=LINE('',#6421,#2976);
#2667=LINE('',#6426,#2977);
#2668=LINE('',#6430,#2978);
#2669=LINE('',#6433,#2979);
#2670=LINE('',#6434,#2980);
#2671=LINE('',#6438,#2981);
#2672=LINE('',#6442,#2982);
#2673=LINE('',#6449,#2983);
#2674=LINE('',#6453,#2984);
#2675=LINE('',#6457,#2985);
#2676=LINE('',#6460,#2986);
#2677=LINE('',#6461,#2987);
#2678=LINE('',#6465,#2988);
#2679=LINE('',#6469,#2989);
#2680=LINE('',#6477,#2990);
#2681=LINE('',#6484,#2991);
#2682=LINE('',#6511,#2992);
#2683=LINE('',#6521,#2993);
#2684=LINE('',#6522,#2994);
#2685=LINE('',#6526,#2995);
#2686=LINE('',#6530,#2996);
#2687=LINE('',#6532,#2997);
#2688=LINE('',#6534,#2998);
#2689=LINE('',#6538,#2999);
#2690=LINE('',#6547,#3000);
#2691=LINE('',#6587,#3001);
#2692=LINE('',#6593,#3002);
#2693=LINE('',#6594,#3003);
#2694=LINE('',#6596,#3004);
#2695=LINE('',#6597,#3005);
#2696=LINE('',#6599,#3006);
#2697=LINE('',#6601,#3007);
#2698=LINE('',#6603,#3008);
#2699=LINE('',#6605,#3009);
#2700=LINE('',#6607,#3010);
#2701=LINE('',#6609,#3011);
#2702=LINE('',#6611,#3012);
#2703=LINE('',#6613,#3013);
#2704=LINE('',#6616,#3014);
#2705=LINE('',#6617,#3015);
#2706=LINE('',#6619,#3016);
#2707=LINE('',#6621,#3017);
#2708=LINE('',#6623,#3018);
#2709=LINE('',#6625,#3019);
#2710=LINE('',#6633,#3020);
#2711=LINE('',#6640,#3021);
#2712=LINE('',#6643,#3022);
#2713=LINE('',#6650,#3023);
#2714=LINE('',#6660,#3024);
#2715=LINE('',#6662,#3025);
#2716=LINE('',#6664,#3026);
#2717=LINE('',#6666,#3027);
#2718=LINE('',#6668,#3028);
#2719=LINE('',#6672,#3029);
#2720=LINE('',#6674,#3030);
#2721=LINE('',#6676,#3031);
#2722=LINE('',#6678,#3032);
#2723=LINE('',#6680,#3033);
#2724=LINE('',#6687,#3034);
#2725=LINE('',#6689,#3035);
#2726=LINE('',#6695,#3036);
#2727=LINE('',#6707,#3037);
#2728=LINE('',#6708,#3038);
#2729=LINE('',#6710,#3039);
#2730=LINE('',#6712,#3040);
#2731=LINE('',#6722,#3041);
#2732=LINE('',#6726,#3042);
#2733=LINE('',#6729,#3043);
#2734=LINE('',#6730,#3044);
#2735=LINE('',#6740,#3045);
#2736=LINE('',#6741,#3046);
#2737=LINE('',#6752,#3047);
#2738=LINE('',#6754,#3048);
#2739=LINE('',#6756,#3049);
#2740=LINE('',#6770,#3050);
#2741=LINE('',#6772,#3051);
#2742=LINE('',#6774,#3052);
#2743=LINE('',#6781,#3053);
#2744=LINE('',#6783,#3054);
#2745=LINE('',#6785,#3055);
#2746=LINE('',#6802,#3056);
#2747=LINE('',#6816,#3057);
#2748=LINE('',#6828,#3058);
#2749=LINE('',#6836,#3059);
#2750=LINE('',#6837,#3060);
#2751=LINE('',#6848,#3061);
#2752=LINE('',#6854,#3062);
#2753=LINE('',#6873,#3063);
#2754=LINE('',#6878,#3064);
#2755=LINE('',#6882,#3065);
#2756=LINE('',#6884,#3066);
#2757=LINE('',#6886,#3067);
#2758=LINE('',#6888,#3068);
#2759=LINE('',#6890,#3069);
#2760=LINE('',#6894,#3070);
#2761=LINE('',#6898,#3071);
#2762=LINE('',#6900,#3072);
#2763=LINE('',#6909,#3073);
#2764=LINE('',#6914,#3074);
#2765=LINE('',#6918,#3075);
#2766=LINE('',#6920,#3076);
#2767=LINE('',#6922,#3077);
#2768=LINE('',#6924,#3078);
#2769=LINE('',#6926,#3079);
#2770=LINE('',#6930,#3080);
#2771=LINE('',#6934,#3081);
#2772=LINE('',#6936,#3082);
#2773=LINE('',#6945,#3083);
#2774=LINE('',#6950,#3084);
#2775=LINE('',#6954,#3085);
#2776=LINE('',#6956,#3086);
#2777=LINE('',#6958,#3087);
#2778=LINE('',#6960,#3088);
#2779=LINE('',#6962,#3089);
#2780=LINE('',#6966,#3090);
#2781=LINE('',#6970,#3091);
#2782=LINE('',#6972,#3092);
#2783=LINE('',#6981,#3093);
#2784=LINE('',#6986,#3094);
#2785=LINE('',#6990,#3095);
#2786=LINE('',#6992,#3096);
#2787=LINE('',#6994,#3097);
#2788=LINE('',#6998,#3098);
#2789=LINE('',#7002,#3099);
#2790=LINE('',#7004,#3100);
#2791=VECTOR('',#4346,1.);
#2792=VECTOR('',#4347,1.);
#2793=VECTOR('',#4348,1.);
#2794=VECTOR('',#4349,1.);
#2795=VECTOR('',#4352,1.);
#2796=VECTOR('',#4353,1.);
#2797=VECTOR('',#4354,1.);
#2798=VECTOR('',#4355,1.);
#2799=VECTOR('',#4358,1.);
#2800=VECTOR('',#4361,1.);
#2801=VECTOR('',#4366,1.);
#2802=VECTOR('',#4369,1.);
#2803=VECTOR('',#4374,1.);
#2804=VECTOR('',#4375,1.);
#2805=VECTOR('',#4376,1.);
#2806=VECTOR('',#4379,1.);
#2807=VECTOR('',#4380,1.);
#2808=VECTOR('',#4381,1.);
#2809=VECTOR('',#4386,1.);
#2810=VECTOR('',#4391,1.);
#2811=VECTOR('',#4398,1.);
#2812=VECTOR('',#4399,1.);
#2813=VECTOR('',#4400,1.);
#2814=VECTOR('',#4401,1.);
#2815=VECTOR('',#4412,1.);
#2816=VECTOR('',#4413,1.);
#2817=VECTOR('',#4414,1.);
#2818=VECTOR('',#4415,1.);
#2819=VECTOR('',#4416,1.);
#2820=VECTOR('',#4417,1.);
#2821=VECTOR('',#4418,1.);
#2822=VECTOR('',#4419,1.);
#2823=VECTOR('',#4420,1.);
#2824=VECTOR('',#4421,1.);
#2825=VECTOR('',#4422,1.);
#2826=VECTOR('',#4423,1.);
#2827=VECTOR('',#4424,1.);
#2828=VECTOR('',#4425,1.);
#2829=VECTOR('',#4426,1.);
#2830=VECTOR('',#4427,1.);
#2831=VECTOR('',#4428,1.);
#2832=VECTOR('',#4429,1.);
#2833=VECTOR('',#4430,1.);
#2834=VECTOR('',#4431,1.);
#2835=VECTOR('',#4432,1.);
#2836=VECTOR('',#4435,1.);
#2837=VECTOR('',#4436,1.);
#2838=VECTOR('',#4437,1.);
#2839=VECTOR('',#4438,1.);
#2840=VECTOR('',#4439,1.);
#2841=VECTOR('',#4440,1.);
#2842=VECTOR('',#4441,1.);
#2843=VECTOR('',#4442,1.);
#2844=VECTOR('',#4443,1.);
#2845=VECTOR('',#4444,1.);
#2846=VECTOR('',#4445,1.);
#2847=VECTOR('',#4446,1.);
#2848=VECTOR('',#4447,1.);
#2849=VECTOR('',#4448,1.);
#2850=VECTOR('',#4449,1.);
#2851=VECTOR('',#4450,1.);
#2852=VECTOR('',#4451,1.);
#2853=VECTOR('',#4452,1.);
#2854=VECTOR('',#4453,1.);
#2855=VECTOR('',#4454,1.);
#2856=VECTOR('',#4455,1.);
#2857=VECTOR('',#4460,1.);
#2858=VECTOR('',#4463,1.);
#2859=VECTOR('',#4466,1.);
#2860=VECTOR('',#4469,1.);
#2861=VECTOR('',#4472,1.);
#2862=VECTOR('',#4475,1.);
#2863=VECTOR('',#4486,1.);
#2864=VECTOR('',#4489,1.);
#2865=VECTOR('',#4496,1.);
#2866=VECTOR('',#4499,1.);
#2867=VECTOR('',#4506,1.);
#2868=VECTOR('',#4509,1.);
#2869=VECTOR('',#4516,1.);
#2870=VECTOR('',#4523,1.);
#2871=VECTOR('',#4526,1.);
#2872=VECTOR('',#4537,1.);
#2873=VECTOR('',#4540,1.);
#2874=VECTOR('',#4543,1.);
#2875=VECTOR('',#4552,1.);
#2876=VECTOR('',#4555,1.);
#2877=VECTOR('',#4564,1.);
#2878=VECTOR('',#4567,1.);
#2879=VECTOR('',#4568,1.);
#2880=VECTOR('',#4569,1.);
#2881=VECTOR('',#4572,1.);
#2882=VECTOR('',#4579,1.);
#2883=VECTOR('',#4582,1.);
#2884=VECTOR('',#4591,1.);
#2885=VECTOR('',#4598,1.);
#2886=VECTOR('',#4605,1.);
#2887=VECTOR('',#4606,1.);
#2888=VECTOR('',#4607,1.);
#2889=VECTOR('',#4610,1.);
#2890=VECTOR('',#4617,1.);
#2891=VECTOR('',#4618,1.);
#2892=VECTOR('',#4619,1.);
#2893=VECTOR('',#4622,1.);
#2894=VECTOR('',#4629,1.);
#2895=VECTOR('',#4636,1.);
#2896=VECTOR('',#4637,1.);
#2897=VECTOR('',#4638,1.);
#2898=VECTOR('',#4639,1.);
#2899=VECTOR('',#4654,1.);
#2900=VECTOR('',#4655,1.);
#2901=VECTOR('',#4658,1.);
#2902=VECTOR('',#4665,1.);
#2903=VECTOR('',#4666,1.);
#2904=VECTOR('',#4667,1.);
#2905=VECTOR('',#4670,1.);
#2906=VECTOR('',#4677,1.);
#2907=VECTOR('',#4678,1.);
#2908=VECTOR('',#4679,1.);
#2909=VECTOR('',#4688,1.);
#2910=VECTOR('',#4689,1.);
#2911=VECTOR('',#4694,1.);
#2912=VECTOR('',#4695,1.);
#2913=VECTOR('',#4698,1.);
#2914=VECTOR('',#4699,1.);
#2915=VECTOR('',#4708,1.);
#2916=VECTOR('',#4709,1.);
#2917=VECTOR('',#4710,1.);
#2918=VECTOR('',#4713,1.);
#2919=VECTOR('',#4718,1.);
#2920=VECTOR('',#4719,1.);
#2921=VECTOR('',#4720,1.);
#2922=VECTOR('',#4723,1.);
#2923=VECTOR('',#4728,1.);
#2924=VECTOR('',#4733,1.);
#2925=VECTOR('',#4740,1.);
#2926=VECTOR('',#4747,1.);
#2927=VECTOR('',#4748,1.);
#2928=VECTOR('',#4749,1.);
#2929=VECTOR('',#4752,1.);
#2930=VECTOR('',#4753,1.);
#2931=VECTOR('',#4754,1.);
#2932=VECTOR('',#4761,1.);
#2933=VECTOR('',#4762,1.);
#2934=VECTOR('',#4789,1.);
#2935=VECTOR('',#4790,1.);
#2936=VECTOR('',#4797,1.);
#2937=VECTOR('',#4798,1.);
#2938=VECTOR('',#4813,1.);
#2939=VECTOR('',#4814,1.);
#2940=VECTOR('',#4817,1.);
#2941=VECTOR('',#4818,1.);
#2942=VECTOR('',#4821,1.);
#2943=VECTOR('',#4830,1.);
#2944=VECTOR('',#4831,1.);
#2945=VECTOR('',#4834,1.);
#2946=VECTOR('',#4847,1.);
#2947=VECTOR('',#4850,1.);
#2948=VECTOR('',#4853,1.);
#2949=VECTOR('',#4860,1.);
#2950=VECTOR('',#4861,1.);
#2951=VECTOR('',#4864,1.);
#2952=VECTOR('',#4865,1.);
#2953=VECTOR('',#4868,1.);
#2954=VECTOR('',#4869,1.);
#2955=VECTOR('',#4870,1.);
#2956=VECTOR('',#4871,1.);
#2957=VECTOR('',#4874,1.);
#2958=VECTOR('',#4877,1.);
#2959=VECTOR('',#4878,1.);
#2960=VECTOR('',#4879,1.);
#2961=VECTOR('',#4882,1.);
#2962=VECTOR('',#4883,1.);
#2963=VECTOR('',#4884,1.);
#2964=VECTOR('',#4887,1.);
#2965=VECTOR('',#4888,1.);
#2966=VECTOR('',#4889,1.);
#2967=VECTOR('',#4890,1.);
#2968=VECTOR('',#4895,1.);
#2969=VECTOR('',#4900,1.);
#2970=VECTOR('',#4901,1.);
#2971=VECTOR('',#4902,1.);
#2972=VECTOR('',#4907,1.);
#2973=VECTOR('',#4912,1.);
#2974=VECTOR('',#4913,1.);
#2975=VECTOR('',#4914,1.);
#2976=VECTOR('',#4923,1.);
#2977=VECTOR('',#4926,1.);
#2978=VECTOR('',#4931,1.);
#2979=VECTOR('',#4932,1.);
#2980=VECTOR('',#4933,1.);
#2981=VECTOR('',#4938,1.);
#2982=VECTOR('',#4943,1.);
#2983=VECTOR('',#4944,1.);
#2984=VECTOR('',#4949,1.);
#2985=VECTOR('',#4954,1.);
#2986=VECTOR('',#4955,1.);
#2987=VECTOR('',#4956,1.);
#2988=VECTOR('',#4961,1.);
#2989=VECTOR('',#4966,1.);
#2990=VECTOR('',#4975,1.);
#2991=VECTOR('',#4986,1.);
#2992=VECTOR('',#4999,1.);
#2993=VECTOR('',#5004,1.);
#2994=VECTOR('',#5005,1.);
#2995=VECTOR('',#5010,1.);
#2996=VECTOR('',#5015,1.);
#2997=VECTOR('',#5016,1.);
#2998=VECTOR('',#5017,1.);
#2999=VECTOR('',#5022,1.);
#3000=VECTOR('',#5027,1.);
#3001=VECTOR('',#5038,1.);
#3002=VECTOR('',#5041,1.);
#3003=VECTOR('',#5042,1.);
#3004=VECTOR('',#5045,1.);
#3005=VECTOR('',#5046,1.);
#3006=VECTOR('',#5049,1.);
#3007=VECTOR('',#5052,1.);
#3008=VECTOR('',#5055,1.);
#3009=VECTOR('',#5058,1.);
#3010=VECTOR('',#5061,1.);
#3011=VECTOR('',#5064,1.);
#3012=VECTOR('',#5067,1.);
#3013=VECTOR('',#5070,1.);
#3014=VECTOR('',#5075,1.);
#3015=VECTOR('',#5076,1.);
#3016=VECTOR('',#5079,1.);
#3017=VECTOR('',#5082,1.);
#3018=VECTOR('',#5085,1.);
#3019=VECTOR('',#5088,1.);
#3020=VECTOR('',#5095,1.);
#3021=VECTOR('',#5100,1.);
#3022=VECTOR('',#5105,1.);
#3023=VECTOR('',#5110,1.);
#3024=VECTOR('',#5119,1.);
#3025=VECTOR('',#5122,1.);
#3026=VECTOR('',#5123,1.);
#3027=VECTOR('',#5126,1.);
#3028=VECTOR('',#5127,1.);
#3029=VECTOR('',#5132,1.);
#3030=VECTOR('',#5135,1.);
#3031=VECTOR('',#5136,1.);
#3032=VECTOR('',#5137,1.);
#3033=VECTOR('',#5140,1.);
#3034=VECTOR('',#5149,1.);
#3035=VECTOR('',#5150,1.);
#3036=VECTOR('',#5159,1.);
#3037=VECTOR('',#5168,1.);
#3038=VECTOR('',#5169,1.);
#3039=VECTOR('',#5172,1.);
#3040=VECTOR('',#5173,1.);
#3041=VECTOR('',#5178,1.);
#3042=VECTOR('',#5183,1.);
#3043=VECTOR('',#5184,1.);
#3044=VECTOR('',#5185,1.);
#3045=VECTOR('',#5194,1.);
#3046=VECTOR('',#5195,1.);
#3047=VECTOR('',#5208,1.);
#3048=VECTOR('',#5211,1.);
#3049=VECTOR('',#5214,1.);
#3050=VECTOR('',#5227,1.);
#3051=VECTOR('',#5228,1.);
#3052=VECTOR('',#5231,1.);
#3053=VECTOR('',#5232,1.);
#3054=VECTOR('',#5235,1.);
#3055=VECTOR('',#5236,1.);
#3056=VECTOR('',#5255,1.);
#3057=VECTOR('',#5260,1.);
#3058=VECTOR('',#5267,1.);
#3059=VECTOR('',#5272,1.);
#3060=VECTOR('',#5273,1.);
#3061=VECTOR('',#5292,1.);
#3062=VECTOR('',#5295,1.);
#3063=VECTOR('',#5320,1.);
#3064=VECTOR('',#5325,1.);
#3065=VECTOR('',#5330,1.);
#3066=VECTOR('',#5331,1.);
#3067=VECTOR('',#5334,1.);
#3068=VECTOR('',#5335,1.);
#3069=VECTOR('',#5336,1.);
#3070=VECTOR('',#5343,1.);
#3071=VECTOR('',#5348,1.);
#3072=VECTOR('',#5349,1.);
#3073=VECTOR('',#5362,1.);
#3074=VECTOR('',#5367,1.);
#3075=VECTOR('',#5372,1.);
#3076=VECTOR('',#5373,1.);
#3077=VECTOR('',#5376,1.);
#3078=VECTOR('',#5377,1.);
#3079=VECTOR('',#5378,1.);
#3080=VECTOR('',#5385,1.);
#3081=VECTOR('',#5390,1.);
#3082=VECTOR('',#5391,1.);
#3083=VECTOR('',#5404,1.);
#3084=VECTOR('',#5409,1.);
#3085=VECTOR('',#5414,1.);
#3086=VECTOR('',#5415,1.);
#3087=VECTOR('',#5418,1.);
#3088=VECTOR('',#5419,1.);
#3089=VECTOR('',#5420,1.);
#3090=VECTOR('',#5427,1.);
#3091=VECTOR('',#5432,1.);
#3092=VECTOR('',#5433,1.);
#3093=VECTOR('',#5446,1.);
#3094=VECTOR('',#5451,1.);
#3095=VECTOR('',#5456,1.);
#3096=VECTOR('',#5459,1.);
#3097=VECTOR('',#5460,1.);
#3098=VECTOR('',#5467,1.);
#3099=VECTOR('',#5472,1.);
#3100=VECTOR('',#5473,1.);
#3101=EDGE_LOOP('',(#401,#402,#403,#404));
#3102=EDGE_LOOP('',(#405,#406,#407,#408));
#3103=EDGE_LOOP('',(#409,#410,#411,#412));
#3104=EDGE_LOOP('',(#413,#414,#415,#416));
#3105=EDGE_LOOP('',(#417,#418,#419,#420));
#3106=EDGE_LOOP('',(#421,#422,#423,#424));
#3107=EDGE_LOOP('',(#425,#426,#427,#428));
#3108=EDGE_LOOP('',(#429,#430,#431,#432));
#3109=EDGE_LOOP('',(#433,#434,#435,#436));
#3110=EDGE_LOOP('',(#437,#438,#439,#440));
#3111=EDGE_LOOP('',(#441,#442,#443,#444));
#3112=EDGE_LOOP('',(#445,#446,#447,#448));
#3113=EDGE_LOOP('',(#449,#450,#451,#452,#453));
#3114=EDGE_LOOP('',(#454,#455,#456,#457));
#3115=EDGE_LOOP('',(#458,#459,#460,#461));
#3116=EDGE_LOOP('',(#462,#463,#464,#465));
#3117=EDGE_LOOP('',(#466,#467,#468,#469));
#3118=EDGE_LOOP('',(#470,#471,#472,#473));
#3119=EDGE_LOOP('',(#474,#475,#476,#477,#478));
#3120=EDGE_LOOP('',(#479,#480,#481,#482));
#3121=EDGE_LOOP('',(#483,#484,#485,#486));
#3122=EDGE_LOOP('',(#487,#488,#489,#490));
#3123=EDGE_LOOP('',(#491,#492,#493,#494));
#3124=EDGE_LOOP('',(#495,#496,#497,#498));
#3125=EDGE_LOOP('',(#499));
#3126=EDGE_LOOP('',(#500,#501,#502,#503,#504,#505));
#3127=EDGE_LOOP('',(#506,#507,#508,#509,#510,#511,#512,#513,#514,#515));
#3128=EDGE_LOOP('',(#516,#517,#518,#519,#520,#521,#522,#523,#524,#525,#526,
#527));
#3129=EDGE_LOOP('',(#528));
#3130=EDGE_LOOP('',(#529));
#3131=EDGE_LOOP('',(#530,#531,#532,#533,#534,#535));
#3132=EDGE_LOOP('',(#536,#537,#538,#539,#540,#541,#542,#543,#544,#545,#546,
#547,#548,#549,#550,#551,#552,#553,#554,#555,#556,#557,#558,#559,#560,#561,
#562,#563,#564,#565,#566,#567,#568,#569));
#3133=EDGE_LOOP('',(#570,#571,#572));
#3134=EDGE_LOOP('',(#573,#574,#575,#576,#577));
#3135=EDGE_LOOP('',(#578,#579,#580,#581));
#3136=EDGE_LOOP('',(#582,#583,#584,#585));
#3137=EDGE_LOOP('',(#586,#587,#588,#589));
#3138=EDGE_LOOP('',(#590,#591,#592,#593));
#3139=EDGE_LOOP('',(#594,#595,#596,#597));
#3140=EDGE_LOOP('',(#598,#599,#600,#601));
#3141=EDGE_LOOP('',(#602,#603,#604,#605));
#3142=EDGE_LOOP('',(#606,#607,#608,#609));
#3143=EDGE_LOOP('',(#610,#611,#612,#613));
#3144=EDGE_LOOP('',(#614,#615,#616,#617));
#3145=EDGE_LOOP('',(#618,#619,#620,#621));
#3146=EDGE_LOOP('',(#622,#623,#624,#625));
#3147=EDGE_LOOP('',(#626,#627,#628,#629));
#3148=EDGE_LOOP('',(#630,#631,#632,#633));
#3149=EDGE_LOOP('',(#634,#635,#636,#637));
#3150=EDGE_LOOP('',(#638,#639,#640,#641));
#3151=EDGE_LOOP('',(#642,#643,#644,#645));
#3152=EDGE_LOOP('',(#646,#647,#648,#649));
#3153=EDGE_LOOP('',(#650,#651,#652,#653));
#3154=EDGE_LOOP('',(#654,#655,#656,#657));
#3155=EDGE_LOOP('',(#658,#659,#660,#661,#662,#663));
#3156=EDGE_LOOP('',(#664,#665,#666,#667));
#3157=EDGE_LOOP('',(#668,#669,#670,#671));
#3158=EDGE_LOOP('',(#672,#673,#674,#675));
#3159=EDGE_LOOP('',(#676,#677,#678,#679));
#3160=EDGE_LOOP('',(#680,#681,#682,#683));
#3161=EDGE_LOOP('',(#684,#685,#686,#687));
#3162=EDGE_LOOP('',(#688,#689,#690,#691));
#3163=EDGE_LOOP('',(#692,#693,#694,#695));
#3164=EDGE_LOOP('',(#696,#697,#698,#699));
#3165=EDGE_LOOP('',(#700,#701,#702,#703));
#3166=EDGE_LOOP('',(#704,#705,#706,#707));
#3167=EDGE_LOOP('',(#708,#709,#710,#711));
#3168=EDGE_LOOP('',(#712,#713,#714,#715));
#3169=EDGE_LOOP('',(#716));
#3170=EDGE_LOOP('',(#717));
#3171=EDGE_LOOP('',(#718));
#3172=EDGE_LOOP('',(#719));
#3173=EDGE_LOOP('',(#720));
#3174=EDGE_LOOP('',(#721));
#3175=EDGE_LOOP('',(#722));
#3176=EDGE_LOOP('',(#723));
#3177=EDGE_LOOP('',(#724));
#3178=EDGE_LOOP('',(#725));
#3179=EDGE_LOOP('',(#726));
#3180=EDGE_LOOP('',(#727));
#3181=EDGE_LOOP('',(#728,#729,#730,#731));
#3182=EDGE_LOOP('',(#732,#733,#734,#735));
#3183=EDGE_LOOP('',(#736,#737,#738,#739));
#3184=EDGE_LOOP('',(#740,#741,#742,#743,#744));
#3185=EDGE_LOOP('',(#745,#746,#747,#748));
#3186=EDGE_LOOP('',(#749,#750,#751,#752));
#3187=EDGE_LOOP('',(#753,#754,#755,#756));
#3188=EDGE_LOOP('',(#757,#758,#759,#760));
#3189=EDGE_LOOP('',(#761,#762,#763,#764));
#3190=EDGE_LOOP('',(#765,#766,#767,#768,#769,#770,#771,#772,#773,#774,#775,
#776,#777,#778,#779));
#3191=EDGE_LOOP('',(#780,#781,#782,#783,#784));
#3192=EDGE_LOOP('',(#785,#786,#787,#788));
#3193=EDGE_LOOP('',(#789,#790,#791,#792));
#3194=EDGE_LOOP('',(#793,#794,#795,#796,#797));
#3195=EDGE_LOOP('',(#798));
#3196=EDGE_LOOP('',(#799));
#3197=EDGE_LOOP('',(#800));
#3198=EDGE_LOOP('',(#801));
#3199=EDGE_LOOP('',(#802,#803,#804,#805));
#3200=EDGE_LOOP('',(#806,#807,#808,#809));
#3201=EDGE_LOOP('',(#810,#811,#812,#813));
#3202=EDGE_LOOP('',(#814,#815,#816,#817,#818,#819,#820,#821,#822,#823));
#3203=EDGE_LOOP('',(#824,#825,#826,#827));
#3204=EDGE_LOOP('',(#828,#829,#830,#831,#832,#833));
#3205=EDGE_LOOP('',(#834,#835,#836,#837));
#3206=EDGE_LOOP('',(#838,#839,#840,#841));
#3207=EDGE_LOOP('',(#842,#843,#844,#845));
#3208=EDGE_LOOP('',(#846,#847,#848,#849));
#3209=EDGE_LOOP('',(#850,#851,#852,#853));
#3210=EDGE_LOOP('',(#854,#855,#856,#857));
#3211=EDGE_LOOP('',(#858,#859,#860,#861));
#3212=EDGE_LOOP('',(#862,#863,#864,#865));
#3213=EDGE_LOOP('',(#866,#867,#868,#869));
#3214=EDGE_LOOP('',(#870,#871,#872,#873));
#3215=EDGE_LOOP('',(#874,#875,#876,#877));
#3216=EDGE_LOOP('',(#878,#879,#880,#881));
#3217=EDGE_LOOP('',(#882,#883,#884,#885));
#3218=EDGE_LOOP('',(#886,#887,#888,#889));
#3219=EDGE_LOOP('',(#890,#891,#892,#893));
#3220=EDGE_LOOP('',(#894,#895,#896,#897));
#3221=EDGE_LOOP('',(#898,#899,#900,#901));
#3222=EDGE_LOOP('',(#902,#903,#904,#905));
#3223=EDGE_LOOP('',(#906,#907,#908,#909));
#3224=EDGE_LOOP('',(#910,#911,#912,#913));
#3225=EDGE_LOOP('',(#914,#915,#916,#917));
#3226=EDGE_LOOP('',(#918,#919,#920,#921));
#3227=EDGE_LOOP('',(#922,#923,#924,#925));
#3228=EDGE_LOOP('',(#926,#927,#928,#929));
#3229=EDGE_LOOP('',(#930,#931,#932,#933));
#3230=EDGE_LOOP('',(#934,#935,#936,#937));
#3231=EDGE_LOOP('',(#938,#939,#940,#941));
#3232=EDGE_LOOP('',(#942,#943,#944,#945));
#3233=EDGE_LOOP('',(#946,#947,#948,#949));
#3234=EDGE_LOOP('',(#950,#951,#952,#953));
#3235=EDGE_LOOP('',(#954,#955,#956,#957));
#3236=EDGE_LOOP('',(#958,#959,#960,#961));
#3237=EDGE_LOOP('',(#962,#963,#964,#965));
#3238=EDGE_LOOP('',(#966,#967,#968,#969));
#3239=EDGE_LOOP('',(#970,#971,#972,#973));
#3240=EDGE_LOOP('',(#974,#975,#976,#977));
#3241=EDGE_LOOP('',(#978,#979,#980,#981));
#3242=EDGE_LOOP('',(#982,#983,#984,#985));
#3243=EDGE_LOOP('',(#986,#987,#988,#989));
#3244=EDGE_LOOP('',(#990,#991,#992,#993));
#3245=EDGE_LOOP('',(#994,#995,#996,#997));
#3246=EDGE_LOOP('',(#998,#999,#1000,#1001));
#3247=EDGE_LOOP('',(#1002,#1003,#1004,#1005));
#3248=EDGE_LOOP('',(#1006,#1007,#1008,#1009));
#3249=EDGE_LOOP('',(#1010,#1011,#1012,#1013));
#3250=EDGE_LOOP('',(#1014,#1015,#1016,#1017));
#3251=EDGE_LOOP('',(#1018,#1019,#1020,#1021));
#3252=EDGE_LOOP('',(#1022,#1023,#1024,#1025));
#3253=EDGE_LOOP('',(#1026,#1027,#1028,#1029));
#3254=EDGE_LOOP('',(#1030,#1031,#1032,#1033));
#3255=EDGE_LOOP('',(#1034,#1035,#1036,#1037));
#3256=EDGE_LOOP('',(#1038,#1039,#1040,#1041));
#3257=EDGE_LOOP('',(#1042,#1043,#1044,#1045));
#3258=EDGE_LOOP('',(#1046,#1047,#1048,#1049));
#3259=EDGE_LOOP('',(#1050,#1051,#1052,#1053));
#3260=EDGE_LOOP('',(#1054,#1055,#1056,#1057));
#3261=EDGE_LOOP('',(#1058,#1059,#1060,#1061));
#3262=EDGE_LOOP('',(#1062,#1063,#1064,#1065));
#3263=EDGE_LOOP('',(#1066,#1067,#1068,#1069));
#3264=EDGE_LOOP('',(#1070,#1071,#1072,#1073));
#3265=EDGE_LOOP('',(#1074,#1075,#1076,#1077));
#3266=EDGE_LOOP('',(#1078,#1079,#1080,#1081));
#3267=EDGE_LOOP('',(#1082,#1083,#1084,#1085,#1086,#1087,#1088,#1089));
#3268=EDGE_LOOP('',(#1090,#1091,#1092,#1093,#1094,#1095,#1096,#1097,#1098));
#3269=EDGE_LOOP('',(#1099));
#3270=EDGE_LOOP('',(#1100,#1101));
#3271=EDGE_LOOP('',(#1102,#1103,#1104,#1105));
#3272=EDGE_LOOP('',(#1106,#1107,#1108,#1109));
#3273=EDGE_LOOP('',(#1110,#1111,#1112,#1113));
#3274=EDGE_LOOP('',(#1114,#1115,#1116,#1117));
#3275=EDGE_LOOP('',(#1118,#1119,#1120,#1121));
#3276=EDGE_LOOP('',(#1122,#1123,#1124,#1125));
#3277=EDGE_LOOP('',(#1126,#1127,#1128,#1129));
#3278=EDGE_LOOP('',(#1130,#1131,#1132,#1133,#1134,#1135,#1136,#1137,#1138,
#1139));
#3279=EDGE_LOOP('',(#1140,#1141,#1142,#1143));
#3280=EDGE_LOOP('',(#1144,#1145,#1146,#1147));
#3281=EDGE_LOOP('',(#1148,#1149,#1150,#1151));
#3282=EDGE_LOOP('',(#1152,#1153,#1154,#1155,#1156));
#3283=EDGE_LOOP('',(#1157,#1158,#1159,#1160));
#3284=EDGE_LOOP('',(#1161));
#3285=EDGE_LOOP('',(#1162,#1163));
#3286=EDGE_LOOP('',(#1164,#1165,#1166,#1167,#1168));
#3287=EDGE_LOOP('',(#1169,#1170,#1171,#1172,#1173));
#3288=EDGE_LOOP('',(#1174,#1175,#1176));
#3289=EDGE_LOOP('',(#1177,#1178,#1179,#1180));
#3290=EDGE_LOOP('',(#1181,#1182,#1183,#1184));
#3291=EDGE_LOOP('',(#1185));
#3292=EDGE_LOOP('',(#1186));
#3293=EDGE_LOOP('',(#1187,#1188,#1189,#1190,#1191,#1192,#1193,#1194));
#3294=EDGE_LOOP('',(#1195,#1196,#1197,#1198,#1199));
#3295=EDGE_LOOP('',(#1200,#1201,#1202,#1203,#1204));
#3296=EDGE_LOOP('',(#1205,#1206,#1207,#1208,#1209,#1210,#1211));
#3297=EDGE_LOOP('',(#1212,#1213,#1214,#1215,#1216));
#3298=EDGE_LOOP('',(#1217,#1218,#1219,#1220,#1221,#1222,#1223,#1224));
#3299=EDGE_LOOP('',(#1225,#1226,#1227,#1228));
#3300=EDGE_LOOP('',(#1229,#1230,#1231,#1232,#1233,#1234,#1235,#1236));
#3301=EDGE_LOOP('',(#1237,#1238,#1239,#1240,#1241));
#3302=EDGE_LOOP('',(#1242,#1243,#1244,#1245,#1246,#1247,#1248));
#3303=EDGE_LOOP('',(#1249,#1250,#1251,#1252));
#3304=EDGE_LOOP('',(#1253));
#3305=EDGE_LOOP('',(#1254));
#3306=EDGE_LOOP('',(#1255));
#3307=EDGE_LOOP('',(#1256));
#3308=EDGE_LOOP('',(#1257,#1258,#1259,#1260));
#3309=EDGE_LOOP('',(#1261,#1262,#1263,#1264));
#3310=EDGE_LOOP('',(#1265,#1266,#1267,#1268));
#3311=EDGE_LOOP('',(#1269,#1270,#1271,#1272));
#3312=EDGE_LOOP('',(#1273,#1274,#1275,#1276,#1277,#1278,#1279,#1280,#1281,
#1282,#1283,#1284,#1285,#1286,#1287,#1288,#1289,#1290,#1291,#1292,#1293,
#1294,#1295,#1296,#1297,#1298,#1299,#1300,#1301,#1302,#1303));
#3313=EDGE_LOOP('',(#1304,#1305,#1306,#1307,#1308,#1309,#1310,#1311,#1312,
#1313));
#3314=EDGE_LOOP('',(#1314,#1315,#1316,#1317,#1318,#1319));
#3315=EDGE_LOOP('',(#1320,#1321,#1322,#1323,#1324,#1325,#1326,#1327,#1328,
#1329,#1330,#1331));
#3316=EDGE_LOOP('',(#1332,#1333,#1334,#1335,#1336,#1337));
#3317=EDGE_LOOP('',(#1338,#1339,#1340,#1341,#1342,#1343,#1344,#1345));
#3318=EDGE_LOOP('',(#1346));
#3319=EDGE_LOOP('',(#1347,#1348,#1349,#1350));
#3320=EDGE_LOOP('',(#1351,#1352,#1353,#1354));
#3321=EDGE_LOOP('',(#1355,#1356,#1357,#1358,#1359,#1360,#1361,#1362));
#3322=EDGE_LOOP('',(#1363,#1364,#1365,#1366,#1367,#1368,#1369,#1370));
#3323=EDGE_LOOP('',(#1371,#1372,#1373,#1374,#1375));
#3324=EDGE_LOOP('',(#1376,#1377,#1378,#1379,#1380,#1381));
#3325=EDGE_LOOP('',(#1382,#1383,#1384,#1385,#1386));
#3326=EDGE_LOOP('',(#1387,#1388,#1389,#1390));
#3327=EDGE_LOOP('',(#1391,#1392,#1393,#1394));
#3328=EDGE_LOOP('',(#1395,#1396,#1397,#1398));
#3329=EDGE_LOOP('',(#1399,#1400,#1401,#1402,#1403,#1404,#1405,#1406));
#3330=EDGE_LOOP('',(#1407,#1408,#1409,#1410,#1411,#1412,#1413,#1414));
#3331=EDGE_LOOP('',(#1415,#1416,#1417,#1418,#1419));
#3332=EDGE_LOOP('',(#1420,#1421,#1422,#1423,#1424,#1425));
#3333=EDGE_LOOP('',(#1426,#1427,#1428,#1429,#1430));
#3334=EDGE_LOOP('',(#1431,#1432,#1433,#1434));
#3335=EDGE_LOOP('',(#1435,#1436,#1437,#1438));
#3336=EDGE_LOOP('',(#1439,#1440,#1441,#1442));
#3337=EDGE_LOOP('',(#1443,#1444,#1445,#1446,#1447,#1448,#1449,#1450));
#3338=EDGE_LOOP('',(#1451,#1452,#1453,#1454,#1455,#1456,#1457,#1458));
#3339=EDGE_LOOP('',(#1459,#1460,#1461,#1462,#1463));
#3340=EDGE_LOOP('',(#1464,#1465,#1466,#1467,#1468,#1469));
#3341=EDGE_LOOP('',(#1470,#1471,#1472,#1473,#1474));
#3342=EDGE_LOOP('',(#1475,#1476,#1477,#1478));
#3343=EDGE_LOOP('',(#1479,#1480,#1481,#1482));
#3344=EDGE_LOOP('',(#1483,#1484,#1485,#1486));
#3345=EDGE_LOOP('',(#1487,#1488,#1489,#1490,#1491,#1492,#1493,#1494));
#3346=EDGE_LOOP('',(#1495,#1496,#1497,#1498,#1499,#1500,#1501,#1502));
#3347=EDGE_LOOP('',(#1503,#1504,#1505,#1506));
#3348=EDGE_LOOP('',(#1507,#1508,#1509,#1510));
#3349=EDGE_LOOP('',(#1511,#1512,#1513,#1514));
#3350=EDGE_LOOP('',(#1515,#1516,#1517,#1518));
#3351=EDGE_LOOP('',(#1519,#1520,#1521,#1522));
#3352=EDGE_LOOP('',(#1523,#1524,#1525,#1526));
#3353=EDGE_LOOP('',(#1527,#1528,#1529,#1530,#1531,#1532,#1533,#1534));
#3354=EDGE_LOOP('',(#1535,#1536,#1537,#1538,#1539,#1540,#1541,#1542));
#3355=FACE_BOUND('',#3101,.T.);
#3356=FACE_BOUND('',#3102,.T.);
#3357=FACE_BOUND('',#3103,.T.);
#3358=FACE_BOUND('',#3104,.T.);
#3359=FACE_BOUND('',#3105,.T.);
#3360=FACE_BOUND('',#3106,.T.);
#3361=FACE_BOUND('',#3107,.T.);
#3362=FACE_BOUND('',#3108,.T.);
#3363=FACE_BOUND('',#3109,.T.);
#3364=FACE_BOUND('',#3110,.T.);
#3365=FACE_BOUND('',#3111,.T.);
#3366=FACE_BOUND('',#3112,.T.);
#3367=FACE_BOUND('',#3113,.T.);
#3368=FACE_BOUND('',#3114,.T.);
#3369=FACE_BOUND('',#3115,.T.);
#3370=FACE_BOUND('',#3116,.T.);
#3371=FACE_BOUND('',#3117,.T.);
#3372=FACE_BOUND('',#3118,.T.);
#3373=FACE_BOUND('',#3119,.T.);
#3374=FACE_BOUND('',#3120,.T.);
#3375=FACE_BOUND('',#3121,.T.);
#3376=FACE_BOUND('',#3122,.T.);
#3377=FACE_BOUND('',#3123,.T.);
#3378=FACE_BOUND('',#3124,.T.);
#3379=FACE_BOUND('',#3125,.T.);
#3380=FACE_BOUND('',#3126,.T.);
#3381=FACE_BOUND('',#3127,.T.);
#3382=FACE_BOUND('',#3128,.T.);
#3383=FACE_BOUND('',#3129,.T.);
#3384=FACE_BOUND('',#3130,.T.);
#3385=FACE_BOUND('',#3131,.T.);
#3386=FACE_BOUND('',#3132,.T.);
#3387=FACE_BOUND('',#3133,.T.);
#3388=FACE_BOUND('',#3134,.T.);
#3389=FACE_BOUND('',#3135,.T.);
#3390=FACE_BOUND('',#3136,.T.);
#3391=FACE_BOUND('',#3137,.T.);
#3392=FACE_BOUND('',#3138,.T.);
#3393=FACE_BOUND('',#3139,.T.);
#3394=FACE_BOUND('',#3140,.T.);
#3395=FACE_BOUND('',#3141,.T.);
#3396=FACE_BOUND('',#3142,.T.);
#3397=FACE_BOUND('',#3143,.T.);
#3398=FACE_BOUND('',#3144,.T.);
#3399=FACE_BOUND('',#3145,.T.);
#3400=FACE_BOUND('',#3146,.T.);
#3401=FACE_BOUND('',#3147,.T.);
#3402=FACE_BOUND('',#3148,.T.);
#3403=FACE_BOUND('',#3149,.T.);
#3404=FACE_BOUND('',#3150,.T.);
#3405=FACE_BOUND('',#3151,.T.);
#3406=FACE_BOUND('',#3152,.T.);
#3407=FACE_BOUND('',#3153,.T.);
#3408=FACE_BOUND('',#3154,.T.);
#3409=FACE_BOUND('',#3155,.T.);
#3410=FACE_BOUND('',#3156,.T.);
#3411=FACE_BOUND('',#3157,.T.);
#3412=FACE_BOUND('',#3158,.T.);
#3413=FACE_BOUND('',#3159,.T.);
#3414=FACE_BOUND('',#3160,.T.);
#3415=FACE_BOUND('',#3161,.T.);
#3416=FACE_BOUND('',#3162,.T.);
#3417=FACE_BOUND('',#3163,.T.);
#3418=FACE_BOUND('',#3164,.T.);
#3419=FACE_BOUND('',#3165,.T.);
#3420=FACE_BOUND('',#3166,.T.);
#3421=FACE_BOUND('',#3167,.T.);
#3422=FACE_BOUND('',#3168,.T.);
#3423=FACE_BOUND('',#3169,.T.);
#3424=FACE_BOUND('',#3170,.T.);
#3425=FACE_BOUND('',#3171,.T.);
#3426=FACE_BOUND('',#3172,.T.);
#3427=FACE_BOUND('',#3173,.T.);
#3428=FACE_BOUND('',#3174,.T.);
#3429=FACE_BOUND('',#3175,.T.);
#3430=FACE_BOUND('',#3176,.T.);
#3431=FACE_BOUND('',#3177,.T.);
#3432=FACE_BOUND('',#3178,.T.);
#3433=FACE_BOUND('',#3179,.T.);
#3434=FACE_BOUND('',#3180,.T.);
#3435=FACE_BOUND('',#3181,.T.);
#3436=FACE_BOUND('',#3182,.T.);
#3437=FACE_BOUND('',#3183,.T.);
#3438=FACE_BOUND('',#3184,.T.);
#3439=FACE_BOUND('',#3185,.T.);
#3440=FACE_BOUND('',#3186,.T.);
#3441=FACE_BOUND('',#3187,.T.);
#3442=FACE_BOUND('',#3188,.T.);
#3443=FACE_BOUND('',#3189,.T.);
#3444=FACE_BOUND('',#3190,.T.);
#3445=FACE_BOUND('',#3191,.T.);
#3446=FACE_BOUND('',#3192,.T.);
#3447=FACE_BOUND('',#3193,.T.);
#3448=FACE_BOUND('',#3194,.T.);
#3449=FACE_BOUND('',#3195,.T.);
#3450=FACE_BOUND('',#3196,.T.);
#3451=FACE_BOUND('',#3197,.T.);
#3452=FACE_BOUND('',#3198,.T.);
#3453=FACE_BOUND('',#3199,.T.);
#3454=FACE_BOUND('',#3200,.T.);
#3455=FACE_BOUND('',#3201,.T.);
#3456=FACE_BOUND('',#3202,.T.);
#3457=FACE_BOUND('',#3203,.T.);
#3458=FACE_BOUND('',#3204,.T.);
#3459=FACE_BOUND('',#3205,.T.);
#3460=FACE_BOUND('',#3206,.T.);
#3461=FACE_BOUND('',#3207,.T.);
#3462=FACE_BOUND('',#3208,.T.);
#3463=FACE_BOUND('',#3209,.T.);
#3464=FACE_BOUND('',#3210,.T.);
#3465=FACE_BOUND('',#3211,.T.);
#3466=FACE_BOUND('',#3212,.T.);
#3467=FACE_BOUND('',#3213,.T.);
#3468=FACE_BOUND('',#3214,.T.);
#3469=FACE_BOUND('',#3215,.T.);
#3470=FACE_BOUND('',#3216,.T.);
#3471=FACE_BOUND('',#3217,.T.);
#3472=FACE_BOUND('',#3218,.T.);
#3473=FACE_BOUND('',#3219,.T.);
#3474=FACE_BOUND('',#3220,.T.);
#3475=FACE_BOUND('',#3221,.T.);
#3476=FACE_BOUND('',#3222,.T.);
#3477=FACE_BOUND('',#3223,.T.);
#3478=FACE_BOUND('',#3224,.T.);
#3479=FACE_BOUND('',#3225,.T.);
#3480=FACE_BOUND('',#3226,.T.);
#3481=FACE_BOUND('',#3227,.T.);
#3482=FACE_BOUND('',#3228,.T.);
#3483=FACE_BOUND('',#3229,.T.);
#3484=FACE_BOUND('',#3230,.T.);
#3485=FACE_BOUND('',#3231,.T.);
#3486=FACE_BOUND('',#3232,.T.);
#3487=FACE_BOUND('',#3233,.T.);
#3488=FACE_BOUND('',#3234,.T.);
#3489=FACE_BOUND('',#3235,.T.);
#3490=FACE_BOUND('',#3236,.T.);
#3491=FACE_BOUND('',#3237,.T.);
#3492=FACE_BOUND('',#3238,.T.);
#3493=FACE_BOUND('',#3239,.T.);
#3494=FACE_BOUND('',#3240,.T.);
#3495=FACE_BOUND('',#3241,.T.);
#3496=FACE_BOUND('',#3242,.T.);
#3497=FACE_BOUND('',#3243,.T.);
#3498=FACE_BOUND('',#3244,.T.);
#3499=FACE_BOUND('',#3245,.T.);
#3500=FACE_BOUND('',#3246,.T.);
#3501=FACE_BOUND('',#3247,.T.);
#3502=FACE_BOUND('',#3248,.T.);
#3503=FACE_BOUND('',#3249,.T.);
#3504=FACE_BOUND('',#3250,.T.);
#3505=FACE_BOUND('',#3251,.T.);
#3506=FACE_BOUND('',#3252,.T.);
#3507=FACE_BOUND('',#3253,.T.);
#3508=FACE_BOUND('',#3254,.T.);
#3509=FACE_BOUND('',#3255,.T.);
#3510=FACE_BOUND('',#3256,.T.);
#3511=FACE_BOUND('',#3257,.T.);
#3512=FACE_BOUND('',#3258,.T.);
#3513=FACE_BOUND('',#3259,.T.);
#3514=FACE_BOUND('',#3260,.T.);
#3515=FACE_BOUND('',#3261,.T.);
#3516=FACE_BOUND('',#3262,.T.);
#3517=FACE_BOUND('',#3263,.T.);
#3518=FACE_BOUND('',#3264,.T.);
#3519=FACE_BOUND('',#3265,.T.);
#3520=FACE_BOUND('',#3266,.T.);
#3521=FACE_BOUND('',#3267,.T.);
#3522=FACE_BOUND('',#3268,.T.);
#3523=FACE_BOUND('',#3269,.T.);
#3524=FACE_BOUND('',#3270,.T.);
#3525=FACE_BOUND('',#3271,.T.);
#3526=FACE_BOUND('',#3272,.T.);
#3527=FACE_BOUND('',#3273,.T.);
#3528=FACE_BOUND('',#3274,.T.);
#3529=FACE_BOUND('',#3275,.T.);
#3530=FACE_BOUND('',#3276,.T.);
#3531=FACE_BOUND('',#3277,.T.);
#3532=FACE_BOUND('',#3278,.T.);
#3533=FACE_BOUND('',#3279,.T.);
#3534=FACE_BOUND('',#3280,.T.);
#3535=FACE_BOUND('',#3281,.T.);
#3536=FACE_BOUND('',#3282,.T.);
#3537=FACE_BOUND('',#3283,.T.);
#3538=FACE_BOUND('',#3284,.T.);
#3539=FACE_BOUND('',#3285,.T.);
#3540=FACE_BOUND('',#3286,.T.);
#3541=FACE_BOUND('',#3287,.T.);
#3542=FACE_BOUND('',#3288,.T.);
#3543=FACE_BOUND('',#3289,.T.);
#3544=FACE_BOUND('',#3290,.T.);
#3545=FACE_BOUND('',#3291,.T.);
#3546=FACE_BOUND('',#3292,.T.);
#3547=FACE_BOUND('',#3293,.T.);
#3548=FACE_BOUND('',#3294,.T.);
#3549=FACE_BOUND('',#3295,.T.);
#3550=FACE_BOUND('',#3296,.T.);
#3551=FACE_BOUND('',#3297,.T.);
#3552=FACE_BOUND('',#3298,.T.);
#3553=FACE_BOUND('',#3299,.T.);
#3554=FACE_BOUND('',#3300,.T.);
#3555=FACE_BOUND('',#3301,.T.);
#3556=FACE_BOUND('',#3302,.T.);
#3557=FACE_BOUND('',#3303,.T.);
#3558=FACE_BOUND('',#3304,.T.);
#3559=FACE_BOUND('',#3305,.T.);
#3560=FACE_BOUND('',#3306,.T.);
#3561=FACE_BOUND('',#3307,.T.);
#3562=FACE_BOUND('',#3308,.T.);
#3563=FACE_BOUND('',#3309,.T.);
#3564=FACE_BOUND('',#3310,.T.);
#3565=FACE_BOUND('',#3311,.T.);
#3566=FACE_BOUND('',#3312,.T.);
#3567=FACE_BOUND('',#3313,.T.);
#3568=FACE_BOUND('',#3314,.T.);
#3569=FACE_BOUND('',#3315,.T.);
#3570=FACE_BOUND('',#3316,.T.);
#3571=FACE_BOUND('',#3317,.T.);
#3572=FACE_BOUND('',#3318,.T.);
#3573=FACE_BOUND('',#3319,.T.);
#3574=FACE_BOUND('',#3320,.T.);
#3575=FACE_BOUND('',#3321,.T.);
#3576=FACE_BOUND('',#3322,.T.);
#3577=FACE_BOUND('',#3323,.T.);
#3578=FACE_BOUND('',#3324,.T.);
#3579=FACE_BOUND('',#3325,.T.);
#3580=FACE_BOUND('',#3326,.T.);
#3581=FACE_BOUND('',#3327,.T.);
#3582=FACE_BOUND('',#3328,.T.);
#3583=FACE_BOUND('',#3329,.T.);
#3584=FACE_BOUND('',#3330,.T.);
#3585=FACE_BOUND('',#3331,.T.);
#3586=FACE_BOUND('',#3332,.T.);
#3587=FACE_BOUND('',#3333,.T.);
#3588=FACE_BOUND('',#3334,.T.);
#3589=FACE_BOUND('',#3335,.T.);
#3590=FACE_BOUND('',#3336,.T.);
#3591=FACE_BOUND('',#3337,.T.);
#3592=FACE_BOUND('',#3338,.T.);
#3593=FACE_BOUND('',#3339,.T.);
#3594=FACE_BOUND('',#3340,.T.);
#3595=FACE_BOUND('',#3341,.T.);
#3596=FACE_BOUND('',#3342,.T.);
#3597=FACE_BOUND('',#3343,.T.);
#3598=FACE_BOUND('',#3344,.T.);
#3599=FACE_BOUND('',#3345,.T.);
#3600=FACE_BOUND('',#3346,.T.);
#3601=FACE_BOUND('',#3347,.T.);
#3602=FACE_BOUND('',#3348,.T.);
#3603=FACE_BOUND('',#3349,.T.);
#3604=FACE_BOUND('',#3350,.T.);
#3605=FACE_BOUND('',#3351,.T.);
#3606=FACE_BOUND('',#3352,.T.);
#3607=FACE_BOUND('',#3353,.T.);
#3608=FACE_BOUND('',#3354,.T.);
#3609=PLANE('',#3928);
#3610=PLANE('',#3929);
#3611=PLANE('',#3936);
#3612=PLANE('',#3937);
#3613=PLANE('',#3944);
#3614=PLANE('',#3949);
#3615=PLANE('',#3950);
#3616=PLANE('',#3951);
#3617=PLANE('',#4010);
#3618=PLANE('',#4014);
#3619=PLANE('',#4021);
#3620=PLANE('',#4028);
#3621=PLANE('',#4032);
#3622=PLANE('',#4036);
#3623=PLANE('',#4042);
#3624=PLANE('',#4043);
#3625=PLANE('',#4046);
#3626=PLANE('',#4047);
#3627=PLANE('',#4050);
#3628=PLANE('',#4051);
#3629=PLANE('',#4061);
#3630=PLANE('',#4062);
#3631=PLANE('',#4090);
#3632=PLANE('',#4107);
#3633=PLANE('',#4108);
#3634=PLANE('',#4110);
#3635=PLANE('',#4111);
#3636=PLANE('',#4112);
#3637=PLANE('',#4116);
#3638=PLANE('',#4120);
#3639=PLANE('',#4127);
#3640=PLANE('',#4131);
#3641=PLANE('',#4135);
#3642=PLANE('',#4156);
#3643=PLANE('',#4160);
#3644=PLANE('',#4164);
#3645=PLANE('',#4165);
#3646=PLANE('',#4171);
#3647=PLANE('',#4177);
#3648=PLANE('',#4179);
#3649=PLANE('',#4181);
#3650=PLANE('',#4183);
#3651=PLANE('',#4185);
#3652=PLANE('',#4189);
#3653=PLANE('',#4191);
#3654=PLANE('',#4192);
#3655=PLANE('',#4194);
#3656=PLANE('',#4199);
#3657=PLANE('',#4200);
#3658=PLANE('',#4203);
#3659=PLANE('',#4204);
#3660=PLANE('',#4209);
#3661=PLANE('',#4212);
#3662=PLANE('',#4213);
#3663=PLANE('',#4221);
#3664=PLANE('',#4225);
#3665=PLANE('',#4234);
#3666=PLANE('',#4235);
#3667=PLANE('',#4236);
#3668=PLANE('',#4240);
#3669=PLANE('',#4241);
#3670=PLANE('',#4242);
#3671=PLANE('',#4246);
#3672=PLANE('',#4249);
#3673=PLANE('',#4257);
#3674=PLANE('',#4259);
#3675=PLANE('',#4267);
#3676=PLANE('',#4269);
#3677=PLANE('',#4270);
#3678=PLANE('',#4274);
#3679=PLANE('',#4275);
#3680=PLANE('',#4276);
#3681=PLANE('',#4277);
#3682=PLANE('',#4284);
#3683=PLANE('',#4289);
#3684=PLANE('',#4292);
#3685=PLANE('',#4293);
#3686=PLANE('',#4300);
#3687=PLANE('',#4305);
#3688=PLANE('',#4308);
#3689=PLANE('',#4309);
#3690=PLANE('',#4316);
#3691=PLANE('',#4321);
#3692=PLANE('',#4324);
#3693=PLANE('',#4325);
#3694=PLANE('',#4332);
#3695=PLANE('',#4337);
#3696=PLANE('',#4340);
#3697=PLANE('',#4341);
#3698=ADVANCED_FACE('',(#3355),#3609,.F.);
#3699=ADVANCED_FACE('',(#3356),#3610,.F.);
#3700=ADVANCED_FACE('',(#3357),#324,.F.);
#3701=ADVANCED_FACE('',(#3358),#325,.T.);
#3702=ADVANCED_FACE('',(#3359),#3611,.T.);
#3703=ADVANCED_FACE('',(#3360),#3612,.T.);
#3704=ADVANCED_FACE('',(#3361),#326,.F.);
#3705=ADVANCED_FACE('',(#3362),#327,.T.);
#3706=ADVANCED_FACE('',(#3363),#3613,.T.);
#3707=ADVANCED_FACE('',(#3364),#328,.F.);
#3708=ADVANCED_FACE('',(#3365),#329,.F.);
#3709=ADVANCED_FACE('',(#3366,#3367,#3368,#3369,#3370,#3371),#3614,.T.);
#3710=ADVANCED_FACE('',(#3372,#3373,#3374,#3375,#3376,#3377),#3615,.T.);
#3711=ADVANCED_FACE('',(#3378,#3379,#3380,#3381,#3382,#3383,#3384,#3385,
#3386),#3616,.T.);
#3712=ADVANCED_FACE('',(#3387),#61,.T.);
#3713=ADVANCED_FACE('',(#3388),#18,.F.);
#3714=ADVANCED_FACE('',(#3389),#19,.T.);
#3715=ADVANCED_FACE('',(#3390),#20,.T.);
#3716=ADVANCED_FACE('',(#3391),#3617,.F.);
#3717=ADVANCED_FACE('',(#3392),#21,.F.);
#3718=ADVANCED_FACE('',(#3393),#3618,.T.);
#3719=ADVANCED_FACE('',(#3394),#22,.T.);
#3720=ADVANCED_FACE('',(#3395),#23,.T.);
#3721=ADVANCED_FACE('',(#3396),#62,.T.);
#3722=ADVANCED_FACE('',(#3397),#3619,.F.);
#3723=ADVANCED_FACE('',(#3398),#24,.F.);
#3724=ADVANCED_FACE('',(#3399),#25,.F.);
#3725=ADVANCED_FACE('',(#3400),#3620,.F.);
#3726=ADVANCED_FACE('',(#3401),#26,.F.);
#3727=ADVANCED_FACE('',(#3402),#3621,.T.);
#3728=ADVANCED_FACE('',(#3403),#27,.F.);
#3729=ADVANCED_FACE('',(#3404),#3622,.T.);
#3730=ADVANCED_FACE('',(#3405),#28,.F.);
#3731=ADVANCED_FACE('',(#3406),#330,.F.);
#3732=ADVANCED_FACE('',(#3407),#3623,.T.);
#3733=ADVANCED_FACE('',(#3408),#3624,.T.);
#3734=ADVANCED_FACE('',(#3409),#331,.F.);
#3735=ADVANCED_FACE('',(#3410,#3411),#3625,.T.);
#3736=ADVANCED_FACE('',(#3412),#3626,.T.);
#3737=ADVANCED_FACE('',(#3413),#332,.T.);
#3738=ADVANCED_FACE('',(#3414),#3627,.T.);
#3739=ADVANCED_FACE('',(#3415),#3628,.T.);
#3740=ADVANCED_FACE('',(#3416),#29,.F.);
#3741=ADVANCED_FACE('',(#3417),#30,.F.);
#3742=ADVANCED_FACE('',(#3418),#31,.F.);
#3743=ADVANCED_FACE('',(#3419),#3629,.T.);
#3744=ADVANCED_FACE('',(#3420),#3630,.T.);
#3745=ADVANCED_FACE('',(#3421),#32,.F.);
#3746=ADVANCED_FACE('',(#3422),#333,.F.);
#3747=ADVANCED_FACE('',(#3423,#3424),#33,.F.);
#3748=ADVANCED_FACE('',(#3425,#3426),#34,.F.);
#3749=ADVANCED_FACE('',(#3427,#3428),#35,.F.);
#3750=ADVANCED_FACE('',(#3429,#3430),#36,.F.);
#3751=ADVANCED_FACE('',(#3431,#3432),#334,.F.);
#3752=ADVANCED_FACE('',(#3433,#3434),#335,.F.);
#3753=ADVANCED_FACE('',(#3435),#336,.F.);
#3754=ADVANCED_FACE('',(#3436),#63,.F.);
#3755=ADVANCED_FACE('',(#3437),#337,.F.);
#3756=ADVANCED_FACE('',(#3438),#64,.F.);
#3757=ADVANCED_FACE('',(#3439),#65,.T.);
#3758=ADVANCED_FACE('',(#3440),#66,.T.);
#3759=ADVANCED_FACE('',(#3441),#338,.F.);
#3760=ADVANCED_FACE('',(#3442),#339,.T.);
#3761=ADVANCED_FACE('',(#3443),#340,.T.);
#3762=ADVANCED_FACE('',(#3444),#3631,.F.);
#3763=ADVANCED_FACE('',(#3445),#341,.T.);
#3764=ADVANCED_FACE('',(#3446),#342,.F.);
#3765=ADVANCED_FACE('',(#3447),#343,.T.);
#3766=ADVANCED_FACE('',(#3448),#344,.F.);
#3767=ADVANCED_FACE('',(#3449,#3450),#37,.F.);
#3768=ADVANCED_FACE('',(#3451,#3452),#345,.F.);
#3769=ADVANCED_FACE('',(#3453),#346,.F.);
#3770=ADVANCED_FACE('',(#3454),#347,.T.);
#3771=ADVANCED_FACE('',(#3455),#348,.F.);
#3772=ADVANCED_FACE('',(#3456),#67,.T.);
#3773=ADVANCED_FACE('',(#3457),#3632,.F.);
#3774=ADVANCED_FACE('',(#3458),#3633,.F.);
#3775=ADVANCED_FACE('',(#3459),#3634,.F.);
#3776=ADVANCED_FACE('',(#3460),#3635,.T.);
#3777=ADVANCED_FACE('',(#3461),#3636,.T.);
#3778=ADVANCED_FACE('',(#3462),#38,.F.);
#3779=ADVANCED_FACE('',(#3463),#3637,.T.);
#3780=ADVANCED_FACE('',(#3464),#39,.F.);
#3781=ADVANCED_FACE('',(#3465),#3638,.T.);
#3782=ADVANCED_FACE('',(#3466),#40,.F.);
#3783=ADVANCED_FACE('',(#3467),#41,.F.);
#3784=ADVANCED_FACE('',(#3468),#3639,.T.);
#3785=ADVANCED_FACE('',(#3469),#42,.F.);
#3786=ADVANCED_FACE('',(#3470),#3640,.T.);
#3787=ADVANCED_FACE('',(#3471),#43,.F.);
#3788=ADVANCED_FACE('',(#3472),#3641,.T.);
#3789=ADVANCED_FACE('',(#3473),#44,.F.);
#3790=ADVANCED_FACE('',(#3474),#45,.T.);
#3791=ADVANCED_FACE('',(#3475),#46,.F.);
#3792=ADVANCED_FACE('',(#3476),#47,.T.);
#3793=ADVANCED_FACE('',(#3477),#48,.T.);
#3794=ADVANCED_FACE('',(#3478),#49,.F.);
#3795=ADVANCED_FACE('',(#3479),#50,.F.);
#3796=ADVANCED_FACE('',(#3480),#3642,.T.);
#3797=ADVANCED_FACE('',(#3481),#51,.F.);
#3798=ADVANCED_FACE('',(#3482),#3643,.T.);
#3799=ADVANCED_FACE('',(#3483),#52,.F.);
#3800=ADVANCED_FACE('',(#3484),#3644,.T.);
#3801=ADVANCED_FACE('',(#3485),#3645,.T.);
#3802=ADVANCED_FACE('',(#3486),#68,.T.);
#3803=ADVANCED_FACE('',(#3487),#349,.T.);
#3804=ADVANCED_FACE('',(#3488),#350,.F.);
#3805=ADVANCED_FACE('',(#3489),#3646,.T.);
#3806=ADVANCED_FACE('',(#3490),#351,.F.);
#3807=ADVANCED_FACE('',(#3491),#352,.T.);
#3808=ADVANCED_FACE('',(#3492),#353,.F.);
#3809=ADVANCED_FACE('',(#3493),#354,.T.);
#3810=ADVANCED_FACE('',(#3494),#355,.F.);
#3811=ADVANCED_FACE('',(#3495),#3647,.T.);
#3812=ADVANCED_FACE('',(#3496),#356,.F.);
#3813=ADVANCED_FACE('',(#3497),#3648,.T.);
#3814=ADVANCED_FACE('',(#3498),#357,.F.);
#3815=ADVANCED_FACE('',(#3499),#3649,.T.);
#3816=ADVANCED_FACE('',(#3500),#358,.F.);
#3817=ADVANCED_FACE('',(#3501),#3650,.T.);
#3818=ADVANCED_FACE('',(#3502),#359,.F.);
#3819=ADVANCED_FACE('',(#3503),#3651,.T.);
#3820=ADVANCED_FACE('',(#3504),#360,.F.);
#3821=ADVANCED_FACE('',(#3505),#361,.F.);
#3822=ADVANCED_FACE('',(#3506),#362,.F.);
#3823=ADVANCED_FACE('',(#3507),#3652,.T.);
#3824=ADVANCED_FACE('',(#3508),#363,.F.);
#3825=ADVANCED_FACE('',(#3509),#3653,.T.);
#3826=ADVANCED_FACE('',(#3510),#3654,.T.);
#3827=ADVANCED_FACE('',(#3511),#364,.F.);
#3828=ADVANCED_FACE('',(#3512),#3655,.T.);
#3829=ADVANCED_FACE('',(#3513),#365,.F.);
#3830=ADVANCED_FACE('',(#3514),#366,.F.);
#3831=ADVANCED_FACE('',(#3515),#367,.T.);
#3832=ADVANCED_FACE('',(#3516),#3656,.T.);
#3833=ADVANCED_FACE('',(#3517),#3657,.T.);
#3834=ADVANCED_FACE('',(#3518),#53,.T.);
#3835=ADVANCED_FACE('',(#3519),#3658,.F.);
#3836=ADVANCED_FACE('',(#3520),#3659,.T.);
#3837=ADVANCED_FACE('',(#3521),#368,.F.);
#3838=ADVANCED_FACE('',(#3522,#3523),#3660,.T.);
#3839=ADVANCED_FACE('',(#3524),#3661,.T.);
#3840=ADVANCED_FACE('',(#3525),#3662,.T.);
#3841=ADVANCED_FACE('',(#3526),#369,.T.);
#3842=ADVANCED_FACE('',(#3527),#54,.T.);
#3843=ADVANCED_FACE('',(#3528),#55,.F.);
#3844=ADVANCED_FACE('',(#3529),#3663,.T.);
#3845=ADVANCED_FACE('',(#3530),#56,.F.);
#3846=ADVANCED_FACE('',(#3531),#3664,.T.);
#3847=ADVANCED_FACE('',(#3532),#57,.T.);
#3848=ADVANCED_FACE('',(#3533),#370,.F.);
#3849=ADVANCED_FACE('',(#3534),#371,.F.);
#3850=ADVANCED_FACE('',(#3535),#372,.T.);
#3851=ADVANCED_FACE('',(#3536),#3665,.T.);
#3852=ADVANCED_FACE('',(#3537),#3666,.T.);
#3853=ADVANCED_FACE('',(#3538,#3539),#3667,.T.);
#3854=ADVANCED_FACE('',(#3540),#373,.F.);
#3855=ADVANCED_FACE('',(#3541),#3668,.T.);
#3856=ADVANCED_FACE('',(#3542),#3669,.T.);
#3857=ADVANCED_FACE('',(#3543),#3670,.T.);
#3858=ADVANCED_FACE('',(#3544),#374,.T.);
#3859=ADVANCED_FACE('',(#3545,#3546),#3671,.T.);
#3860=ADVANCED_FACE('',(#3547),#3672,.F.);
#3861=ADVANCED_FACE('',(#3548),#375,.T.);
#3862=ADVANCED_FACE('',(#3549),#376,.T.);
#3863=ADVANCED_FACE('',(#3550),#377,.F.);
#3864=ADVANCED_FACE('',(#3551),#378,.F.);
#3865=ADVANCED_FACE('',(#3552),#379,.F.);
#3866=ADVANCED_FACE('',(#3553),#380,.T.);
#3867=ADVANCED_FACE('',(#3554),#3673,.T.);
#3868=ADVANCED_FACE('',(#3555),#3674,.T.);
#3869=ADVANCED_FACE('',(#3556),#58,.T.);
#3870=ADVANCED_FACE('',(#3557),#59,.T.);
#3871=ADVANCED_FACE('',(#3558,#3559),#381,.F.);
#3872=ADVANCED_FACE('',(#3560,#3561),#382,.F.);
#3873=ADVANCED_FACE('',(#3562),#383,.F.);
#3874=ADVANCED_FACE('',(#3563),#3675,.T.);
#3875=ADVANCED_FACE('',(#3564),#384,.F.);
#3876=ADVANCED_FACE('',(#3565),#3676,.T.);
#3877=ADVANCED_FACE('',(#3566,#3567,#3568,#3569,#3570),#3677,.F.);
#3878=ADVANCED_FACE('',(#3571,#3572),#60,.T.);
#3879=ADVANCED_FACE('',(#3573),#3678,.T.);
#3880=ADVANCED_FACE('',(#3574),#3679,.F.);
#3881=ADVANCED_FACE('',(#3575),#3680,.T.);
#3882=ADVANCED_FACE('',(#3576),#3681,.F.);
#3883=ADVANCED_FACE('',(#3577),#385,.T.);
#3884=ADVANCED_FACE('',(#3578),#3682,.T.);
#3885=ADVANCED_FACE('',(#3579),#386,.T.);
#3886=ADVANCED_FACE('',(#3580),#387,.F.);
#3887=ADVANCED_FACE('',(#3581),#3683,.T.);
#3888=ADVANCED_FACE('',(#3582),#388,.F.);
#3889=ADVANCED_FACE('',(#3583),#3684,.T.);
#3890=ADVANCED_FACE('',(#3584),#3685,.F.);
#3891=ADVANCED_FACE('',(#3585),#389,.T.);
#3892=ADVANCED_FACE('',(#3586),#3686,.T.);
#3893=ADVANCED_FACE('',(#3587),#390,.T.);
#3894=ADVANCED_FACE('',(#3588),#391,.F.);
#3895=ADVANCED_FACE('',(#3589),#3687,.T.);
#3896=ADVANCED_FACE('',(#3590),#392,.F.);
#3897=ADVANCED_FACE('',(#3591),#3688,.T.);
#3898=ADVANCED_FACE('',(#3592),#3689,.F.);
#3899=ADVANCED_FACE('',(#3593),#393,.T.);
#3900=ADVANCED_FACE('',(#3594),#3690,.T.);
#3901=ADVANCED_FACE('',(#3595),#394,.T.);
#3902=ADVANCED_FACE('',(#3596),#395,.F.);
#3903=ADVANCED_FACE('',(#3597),#3691,.T.);
#3904=ADVANCED_FACE('',(#3598),#396,.F.);
#3905=ADVANCED_FACE('',(#3599),#3692,.T.);
#3906=ADVANCED_FACE('',(#3600),#3693,.F.);
#3907=ADVANCED_FACE('',(#3601),#397,.T.);
#3908=ADVANCED_FACE('',(#3602),#3694,.T.);
#3909=ADVANCED_FACE('',(#3603),#398,.T.);
#3910=ADVANCED_FACE('',(#3604),#399,.F.);
#3911=ADVANCED_FACE('',(#3605),#3695,.T.);
#3912=ADVANCED_FACE('',(#3606),#400,.F.);
#3913=ADVANCED_FACE('',(#3607),#3696,.T.);
#3914=ADVANCED_FACE('',(#3608),#3697,.T.);
#3915=CLOSED_SHELL('',(#3698,#3699,#3700,#3701,#3702,#3703,#3704,#3705,
#3706,#3707,#3708,#3709,#3710,#3711,#3712,#3713,#3714,#3715,#3716,#3717,
#3718,#3719,#3720,#3721,#3722,#3723,#3724,#3725,#3726,#3727,#3728,#3729,
#3730,#3731,#3732,#3733,#3734,#3735,#3736,#3737,#3738,#3739,#3740,#3741,
#3742,#3743,#3744,#3745,#3746,#3747,#3748,#3749,#3750,#3751,#3752,#3753,
#3754,#3755,#3756,#3757,#3758,#3759,#3760,#3761,#3762,#3763,#3764,#3765,
#3766,#3767,#3768,#3769,#3770,#3771,#3772,#3773,#3774,#3775,#3776,#3777,
#3778,#3779,#3780,#3781,#3782,#3783,#3784,#3785,#3786,#3787,#3788,#3789,
#3790,#3791,#3792,#3793,#3794,#3795,#3796,#3797,#3798,#3799,#3800,#3801,
#3802,#3803,#3804,#3805,#3806,#3807,#3808,#3809,#3810,#3811,#3812,#3813,
#3814,#3815,#3816,#3817,#3818,#3819,#3820,#3821,#3822,#3823,#3824,#3825,
#3826,#3827,#3828,#3829,#3830,#3831,#3832,#3833,#3834,#3835,#3836,#3837,
#3838,#3839,#3840,#3841,#3842,#3843,#3844,#3845,#3846,#3847,#3848,#3849,
#3850,#3851,#3852,#3853,#3854,#3855,#3856,#3857,#3858,#3859,#3860,#3861,
#3862,#3863,#3864,#3865,#3866,#3867,#3868,#3869,#3870,#3871,#3872,#3873,
#3874,#3875,#3876,#3877,#3878,#3879,#3880,#3881,#3882,#3883,#3884,#3885,
#3886,#3887,#3888,#3889,#3890,#3891,#3892,#3893,#3894,#3895,#3896,#3897,
#3898,#3899,#3900,#3901,#3902,#3903,#3904,#3905,#3906,#3907,#3908,#3909,
#3910,#3911,#3912,#3913,#3914));
#3916=STYLED_ITEM('',(#3917),#3924);
#3917=PRESENTATION_STYLE_ASSIGNMENT((#3918));
#3918=SURFACE_STYLE_USAGE(.BOTH.,#3919);
#3919=SURFACE_SIDE_STYLE('',(#3920));
#3920=SURFACE_STYLE_FILL_AREA(#3921);
#3921=FILL_AREA_STYLE('',(#3922));
#3922=FILL_AREA_STYLE_COLOUR('',#3923);
#3923=COLOUR_RGB('',0.980392156862745,0.796078431372549,0.262745098039216);
#3924=MANIFOLD_SOLID_BREP('A4T - THB Mount - WWBMG',#3915);
#3925=SHAPE_DEFINITION_REPRESENTATION(#7015,#3926);
#3926=SHAPE_REPRESENTATION('A4T - THB Mount - WWBMG',(#3927),#7010);
#3927=AXIS2_PLACEMENT_3D('',#5482,#4342,#4343);
#3928=AXIS2_PLACEMENT_3D('',#5483,#4344,#4345);
#3929=AXIS2_PLACEMENT_3D('',#5492,#4350,#4351);
#3930=AXIS2_PLACEMENT_3D('',#5501,#4356,#4357);
#3931=AXIS2_PLACEMENT_3D('',#5505,#4359,#4360);
#3932=AXIS2_PLACEMENT_3D('',#5509,#4362,#4363);
#3933=AXIS2_PLACEMENT_3D('',#5510,#4364,#4365);
#3934=AXIS2_PLACEMENT_3D('',#5514,#4367,#4368);
#3935=AXIS2_PLACEMENT_3D('',#5518,#4370,#4371);
#3936=AXIS2_PLACEMENT_3D('',#5519,#4372,#4373);
#3937=AXIS2_PLACEMENT_3D('',#5525,#4377,#4378);
#3938=AXIS2_PLACEMENT_3D('',#5531,#4382,#4383);
#3939=AXIS2_PLACEMENT_3D('',#5532,#4384,#4385);
#3940=AXIS2_PLACEMENT_3D('',#5536,#4387,#4388);
#3941=AXIS2_PLACEMENT_3D('',#5537,#4389,#4390);
#3942=AXIS2_PLACEMENT_3D('',#5541,#4392,#4393);
#3943=AXIS2_PLACEMENT_3D('',#5542,#4394,#4395);
#3944=AXIS2_PLACEMENT_3D('',#5543,#4396,#4397);
#3945=AXIS2_PLACEMENT_3D('',#5552,#4402,#4403);
#3946=AXIS2_PLACEMENT_3D('',#5553,#4404,#4405);
#3947=AXIS2_PLACEMENT_3D('',#5566,#4406,#4407);
#3948=AXIS2_PLACEMENT_3D('',#5567,#4408,#4409);
#3949=AXIS2_PLACEMENT_3D('',#5580,#4410,#4411);
#3950=AXIS2_PLACEMENT_3D('',#5625,#4433,#4434);
#3951=AXIS2_PLACEMENT_3D('',#5670,#4456,#4457);
#3952=AXIS2_PLACEMENT_3D('',#5671,#4458,#4459);
#3953=AXIS2_PLACEMENT_3D('',#5676,#4461,#4462);
#3954=AXIS2_PLACEMENT_3D('',#5679,#4464,#4465);
#3955=AXIS2_PLACEMENT_3D('',#5684,#4467,#4468);
#3956=AXIS2_PLACEMENT_3D('',#5688,#4470,#4471);
#3957=AXIS2_PLACEMENT_3D('',#5692,#4473,#4474);
#3958=AXIS2_PLACEMENT_3D('',#5696,#4476,#4477);
#3959=AXIS2_PLACEMENT_3D('',#5698,#4478,#4479);
#3960=AXIS2_PLACEMENT_3D('',#5700,#4480,#4481);
#3961=AXIS2_PLACEMENT_3D('',#5702,#4482,#4483);
#3962=AXIS2_PLACEMENT_3D('',#5704,#4484,#4485);
#3963=AXIS2_PLACEMENT_3D('',#5708,#4487,#4488);
#3964=AXIS2_PLACEMENT_3D('',#5712,#4490,#4491);
#3965=AXIS2_PLACEMENT_3D('',#5713,#4492,#4493);
#3966=AXIS2_PLACEMENT_3D('',#5716,#4494,#4495);
#3967=AXIS2_PLACEMENT_3D('',#5720,#4497,#4498);
#3968=AXIS2_PLACEMENT_3D('',#5724,#4500,#4501);
#3969=AXIS2_PLACEMENT_3D('',#5726,#4502,#4503);
#3970=AXIS2_PLACEMENT_3D('',#5728,#4504,#4505);
#3971=AXIS2_PLACEMENT_3D('',#5732,#4507,#4508);
#3972=AXIS2_PLACEMENT_3D('',#5736,#4510,#4511);
#3973=AXIS2_PLACEMENT_3D('',#5737,#4512,#4513);
#3974=AXIS2_PLACEMENT_3D('',#5739,#4514,#4515);
#3975=AXIS2_PLACEMENT_3D('',#5744,#4517,#4518);
#3976=AXIS2_PLACEMENT_3D('',#5746,#4519,#4520);
#3977=AXIS2_PLACEMENT_3D('',#5748,#4521,#4522);
#3978=AXIS2_PLACEMENT_3D('',#5752,#4524,#4525);
#3979=AXIS2_PLACEMENT_3D('',#5754,#4527,#4528);
#3980=AXIS2_PLACEMENT_3D('',#5756,#4529,#4530);
#3981=AXIS2_PLACEMENT_3D('',#5758,#4531,#4532);
#3982=AXIS2_PLACEMENT_3D('',#5760,#4533,#4534);
#3983=AXIS2_PLACEMENT_3D('',#5762,#4535,#4536);
#3984=AXIS2_PLACEMENT_3D('',#5766,#4538,#4539);
#3985=AXIS2_PLACEMENT_3D('',#5770,#4541,#4542);
#3986=AXIS2_PLACEMENT_3D('',#5774,#4544,#4545);
#3987=AXIS2_PLACEMENT_3D('',#5776,#4546,#4547);
#3988=AXIS2_PLACEMENT_3D('',#5778,#4548,#4549);
#3989=AXIS2_PLACEMENT_3D('',#5780,#4550,#4551);
#3990=AXIS2_PLACEMENT_3D('',#5784,#4553,#4554);
#3991=AXIS2_PLACEMENT_3D('',#5788,#4556,#4557);
#3992=AXIS2_PLACEMENT_3D('',#5790,#4558,#4559);
#3993=AXIS2_PLACEMENT_3D('',#5792,#4560,#4561);
#3994=AXIS2_PLACEMENT_3D('',#5794,#4562,#4563);
#3995=AXIS2_PLACEMENT_3D('',#5798,#4565,#4566);
#3996=AXIS2_PLACEMENT_3D('',#5806,#4570,#4571);
#3997=AXIS2_PLACEMENT_3D('',#5810,#4573,#4574);
#3998=AXIS2_PLACEMENT_3D('',#5812,#4575,#4576);
#3999=AXIS2_PLACEMENT_3D('',#5814,#4577,#4578);
#4000=AXIS2_PLACEMENT_3D('',#5839,#4580,#4581);
#4001=AXIS2_PLACEMENT_3D('',#5843,#4583,#4584);
#4002=AXIS2_PLACEMENT_3D('',#5844,#4585,#4586);
#4003=AXIS2_PLACEMENT_3D('',#5846,#4587,#4588);
#4004=AXIS2_PLACEMENT_3D('',#5847,#4589,#4590);
#4005=AXIS2_PLACEMENT_3D('',#5851,#4592,#4593);
#4006=AXIS2_PLACEMENT_3D('',#5852,#4594,#4595);
#4007=AXIS2_PLACEMENT_3D('',#5853,#4596,#4597);
#4008=AXIS2_PLACEMENT_3D('',#5857,#4599,#4600);
#4009=AXIS2_PLACEMENT_3D('',#5858,#4601,#4602);
#4010=AXIS2_PLACEMENT_3D('',#5859,#4603,#4604);
#4011=AXIS2_PLACEMENT_3D('',#5865,#4608,#4609);
#4012=AXIS2_PLACEMENT_3D('',#5869,#4611,#4612);
#4013=AXIS2_PLACEMENT_3D('',#5870,#4613,#4614);
#4014=AXIS2_PLACEMENT_3D('',#5871,#4615,#4616);
#4015=AXIS2_PLACEMENT_3D('',#5877,#4620,#4621);
#4016=AXIS2_PLACEMENT_3D('',#5881,#4623,#4624);
#4017=AXIS2_PLACEMENT_3D('',#5882,#4625,#4626);
#4018=AXIS2_PLACEMENT_3D('',#5883,#4627,#4628);
#4019=AXIS2_PLACEMENT_3D('',#5887,#4630,#4631);
#4020=AXIS2_PLACEMENT_3D('',#5888,#4632,#4633);
#4021=AXIS2_PLACEMENT_3D('',#5928,#4634,#4635);
#4022=AXIS2_PLACEMENT_3D('',#5937,#4640,#4641);
#4023=AXIS2_PLACEMENT_3D('',#5944,#4642,#4643);
#4024=AXIS2_PLACEMENT_3D('',#5945,#4644,#4645);
#4025=AXIS2_PLACEMENT_3D('',#5946,#4646,#4647);
#4026=AXIS2_PLACEMENT_3D('',#5953,#4648,#4649);
#4027=AXIS2_PLACEMENT_3D('',#5954,#4650,#4651);
#4028=AXIS2_PLACEMENT_3D('',#5955,#4652,#4653);
#4029=AXIS2_PLACEMENT_3D('',#5958,#4656,#4657);
#4030=AXIS2_PLACEMENT_3D('',#5962,#4659,#4660);
#4031=AXIS2_PLACEMENT_3D('',#5969,#4661,#4662);
#4032=AXIS2_PLACEMENT_3D('',#5970,#4663,#4664);
#4033=AXIS2_PLACEMENT_3D('',#5976,#4668,#4669);
#4034=AXIS2_PLACEMENT_3D('',#5980,#4671,#4672);
#4035=AXIS2_PLACEMENT_3D('',#5981,#4673,#4674);
#4036=AXIS2_PLACEMENT_3D('',#5982,#4675,#4676);
#4037=AXIS2_PLACEMENT_3D('',#5988,#4680,#4681);
#4038=AXIS2_PLACEMENT_3D('',#5995,#4682,#4683);
#4039=AXIS2_PLACEMENT_3D('',#5996,#4684,#4685);
#4040=AXIS2_PLACEMENT_3D('',#5997,#4686,#4687);
#4041=AXIS2_PLACEMENT_3D('',#6002,#4690,#4691);
#4042=AXIS2_PLACEMENT_3D('',#6003,#4692,#4693);
#4043=AXIS2_PLACEMENT_3D('',#6007,#4696,#4697);
#4044=AXIS2_PLACEMENT_3D('',#6011,#4700,#4701);
#4045=AXIS2_PLACEMENT_3D('',#6025,#4702,#4703);
#4046=AXIS2_PLACEMENT_3D('',#6026,#4704,#4705);
#4047=AXIS2_PLACEMENT_3D('',#6027,#4706,#4707);
#4048=AXIS2_PLACEMENT_3D('',#6033,#4711,#4712);
#4049=AXIS2_PLACEMENT_3D('',#6036,#4714,#4715);
#4050=AXIS2_PLACEMENT_3D('',#6037,#4716,#4717);
#4051=AXIS2_PLACEMENT_3D('',#6043,#4721,#4722);
#4052=AXIS2_PLACEMENT_3D('',#6045,#4724,#4725);
#4053=AXIS2_PLACEMENT_3D('',#6052,#4726,#4727);
#4054=AXIS2_PLACEMENT_3D('',#6056,#4729,#4730);
#4055=AXIS2_PLACEMENT_3D('',#6057,#4731,#4732);
#4056=AXIS2_PLACEMENT_3D('',#6061,#4734,#4735);
#4057=AXIS2_PLACEMENT_3D('',#6062,#4736,#4737);
#4058=AXIS2_PLACEMENT_3D('',#6063,#4738,#4739);
#4059=AXIS2_PLACEMENT_3D('',#6067,#4741,#4742);
#4060=AXIS2_PLACEMENT_3D('',#6068,#4743,#4744);
#4061=AXIS2_PLACEMENT_3D('',#6069,#4745,#4746);
#4062=AXIS2_PLACEMENT_3D('',#6075,#4750,#4751);
#4063=AXIS2_PLACEMENT_3D('',#6081,#4755,#4756);
#4064=AXIS2_PLACEMENT_3D('',#6087,#4757,#4758);
#4065=AXIS2_PLACEMENT_3D('',#6088,#4759,#4760);
#4066=AXIS2_PLACEMENT_3D('',#6091,#4763,#4764);
#4067=AXIS2_PLACEMENT_3D('',#6092,#4765,#4766);
#4068=AXIS2_PLACEMENT_3D('',#6094,#4767,#4768);
#4069=AXIS2_PLACEMENT_3D('',#6095,#4769,#4770);
#4070=AXIS2_PLACEMENT_3D('',#6097,#4771,#4772);
#4071=AXIS2_PLACEMENT_3D('',#6098,#4773,#4774);
#4072=AXIS2_PLACEMENT_3D('',#6100,#4775,#4776);
#4073=AXIS2_PLACEMENT_3D('',#6102,#4777,#4778);
#4074=AXIS2_PLACEMENT_3D('',#6103,#4779,#4780);
#4075=AXIS2_PLACEMENT_3D('',#6105,#4781,#4782);
#4076=AXIS2_PLACEMENT_3D('',#6107,#4783,#4784);
#4077=AXIS2_PLACEMENT_3D('',#6108,#4785,#4786);
#4078=AXIS2_PLACEMENT_3D('',#6109,#4787,#4788);
#4079=AXIS2_PLACEMENT_3D('',#6149,#4791,#4792);
#4080=AXIS2_PLACEMENT_3D('',#6150,#4793,#4794);
#4081=AXIS2_PLACEMENT_3D('',#6151,#4795,#4796);
#4082=AXIS2_PLACEMENT_3D('',#6176,#4799,#4800);
#4083=AXIS2_PLACEMENT_3D('',#6178,#4801,#4802);
#4084=AXIS2_PLACEMENT_3D('',#6179,#4803,#4804);
#4085=AXIS2_PLACEMENT_3D('',#6252,#4805,#4806);
#4086=AXIS2_PLACEMENT_3D('',#6253,#4807,#4808);
#4087=AXIS2_PLACEMENT_3D('',#6254,#4809,#4810);
#4088=AXIS2_PLACEMENT_3D('',#6255,#4811,#4812);
#4089=AXIS2_PLACEMENT_3D('',#6258,#4815,#4816);
#4090=AXIS2_PLACEMENT_3D('',#6261,#4819,#4820);
#4091=AXIS2_PLACEMENT_3D('',#6264,#4822,#4823);
#4092=AXIS2_PLACEMENT_3D('',#6265,#4824,#4825);
#4093=AXIS2_PLACEMENT_3D('',#6266,#4826,#4827);
#4094=AXIS2_PLACEMENT_3D('',#6267,#4828,#4829);
#4095=AXIS2_PLACEMENT_3D('',#6270,#4832,#4833);
#4096=AXIS2_PLACEMENT_3D('',#6272,#4835,#4836);
#4097=AXIS2_PLACEMENT_3D('',#6273,#4837,#4838);
#4098=AXIS2_PLACEMENT_3D('',#6274,#4839,#4840);
#4099=AXIS2_PLACEMENT_3D('',#6276,#4841,#4842);
#4100=AXIS2_PLACEMENT_3D('',#6278,#4843,#4844);
#4101=AXIS2_PLACEMENT_3D('',#6279,#4845,#4846);
#4102=AXIS2_PLACEMENT_3D('',#6282,#4848,#4849);
#4103=AXIS2_PLACEMENT_3D('',#6285,#4851,#4852);
#4104=AXIS2_PLACEMENT_3D('',#6288,#4854,#4855);
#4105=AXIS2_PLACEMENT_3D('',#6289,#4856,#4857);
#4106=AXIS2_PLACEMENT_3D('',#6290,#4858,#4859);
#4107=AXIS2_PLACEMENT_3D('',#6344,#4862,#4863);
#4108=AXIS2_PLACEMENT_3D('',#6359,#4866,#4867);
#4109=AXIS2_PLACEMENT_3D('',#6369,#4872,#4873);
#4110=AXIS2_PLACEMENT_3D('',#6372,#4875,#4876);
#4111=AXIS2_PLACEMENT_3D('',#6378,#4880,#4881);
#4112=AXIS2_PLACEMENT_3D('',#6384,#4885,#4886);
#4113=AXIS2_PLACEMENT_3D('',#6393,#4891,#4892);
#4114=AXIS2_PLACEMENT_3D('',#6394,#4893,#4894);
#4115=AXIS2_PLACEMENT_3D('',#6398,#4896,#4897);
#4116=AXIS2_PLACEMENT_3D('',#6399,#4898,#4899);
#4117=AXIS2_PLACEMENT_3D('',#6405,#4903,#4904);
#4118=AXIS2_PLACEMENT_3D('',#6406,#4905,#4906);
#4119=AXIS2_PLACEMENT_3D('',#6410,#4908,#4909);
#4120=AXIS2_PLACEMENT_3D('',#6411,#4910,#4911);
#4121=AXIS2_PLACEMENT_3D('',#6417,#4915,#4916);
#4122=AXIS2_PLACEMENT_3D('',#6418,#4917,#4918);
#4123=AXIS2_PLACEMENT_3D('',#6419,#4919,#4920);
#4124=AXIS2_PLACEMENT_3D('',#6420,#4921,#4922);
#4125=AXIS2_PLACEMENT_3D('',#6424,#4924,#4925);
#4126=AXIS2_PLACEMENT_3D('',#6428,#4927,#4928);
#4127=AXIS2_PLACEMENT_3D('',#6429,#4929,#4930);
#4128=AXIS2_PLACEMENT_3D('',#6435,#4934,#4935);
#4129=AXIS2_PLACEMENT_3D('',#6436,#4936,#4937);
#4130=AXIS2_PLACEMENT_3D('',#6440,#4939,#4940);
#4131=AXIS2_PLACEMENT_3D('',#6441,#4941,#4942);
#4132=AXIS2_PLACEMENT_3D('',#6450,#4945,#4946);
#4133=AXIS2_PLACEMENT_3D('',#6451,#4947,#4948);
#4134=AXIS2_PLACEMENT_3D('',#6455,#4950,#4951);
#4135=AXIS2_PLACEMENT_3D('',#6456,#4952,#4953);
#4136=AXIS2_PLACEMENT_3D('',#6462,#4957,#4958);
#4137=AXIS2_PLACEMENT_3D('',#6463,#4959,#4960);
#4138=AXIS2_PLACEMENT_3D('',#6467,#4962,#4963);
#4139=AXIS2_PLACEMENT_3D('',#6468,#4964,#4965);
#4140=AXIS2_PLACEMENT_3D('',#6472,#4967,#4968);
#4141=AXIS2_PLACEMENT_3D('',#6473,#4969,#4970);
#4142=AXIS2_PLACEMENT_3D('',#6474,#4971,#4972);
#4143=AXIS2_PLACEMENT_3D('',#6475,#4973,#4974);
#4144=AXIS2_PLACEMENT_3D('',#6479,#4976,#4977);
#4145=AXIS2_PLACEMENT_3D('',#6480,#4978,#4979);
#4146=AXIS2_PLACEMENT_3D('',#6481,#4980,#4981);
#4147=AXIS2_PLACEMENT_3D('',#6482,#4982,#4983);
#4148=AXIS2_PLACEMENT_3D('',#6483,#4984,#4985);
#4149=AXIS2_PLACEMENT_3D('',#6487,#4987,#4988);
#4150=AXIS2_PLACEMENT_3D('',#6494,#4989,#4990);
#4151=AXIS2_PLACEMENT_3D('',#6495,#4991,#4992);
#4152=AXIS2_PLACEMENT_3D('',#6502,#4993,#4994);
#4153=AXIS2_PLACEMENT_3D('',#6503,#4995,#4996);
#4154=AXIS2_PLACEMENT_3D('',#6504,#4997,#4998);
#4155=AXIS2_PLACEMENT_3D('',#6513,#5000,#5001);
#4156=AXIS2_PLACEMENT_3D('',#6514,#5002,#5003);
#4157=AXIS2_PLACEMENT_3D('',#6523,#5006,#5007);
#4158=AXIS2_PLACEMENT_3D('',#6524,#5008,#5009);
#4159=AXIS2_PLACEMENT_3D('',#6528,#5011,#5012);
#4160=AXIS2_PLACEMENT_3D('',#6529,#5013,#5014);
#4161=AXIS2_PLACEMENT_3D('',#6535,#5018,#5019);
#4162=AXIS2_PLACEMENT_3D('',#6536,#5020,#5021);
#4163=AXIS2_PLACEMENT_3D('',#6540,#5023,#5024);
#4164=AXIS2_PLACEMENT_3D('',#6541,#5025,#5026);
#4165=AXIS2_PLACEMENT_3D('',#6548,#5028,#5029);
#4166=AXIS2_PLACEMENT_3D('',#6554,#5030,#5031);
#4167=AXIS2_PLACEMENT_3D('',#6583,#5032,#5033);
#4168=AXIS2_PLACEMENT_3D('',#6585,#5034,#5035);
#4169=AXIS2_PLACEMENT_3D('',#6586,#5036,#5037);
#4170=AXIS2_PLACEMENT_3D('',#6592,#5039,#5040);
#4171=AXIS2_PLACEMENT_3D('',#6595,#5043,#5044);
#4172=AXIS2_PLACEMENT_3D('',#6598,#5047,#5048);
#4173=AXIS2_PLACEMENT_3D('',#6600,#5050,#5051);
#4174=AXIS2_PLACEMENT_3D('',#6602,#5053,#5054);
#4175=AXIS2_PLACEMENT_3D('',#6604,#5056,#5057);
#4176=AXIS2_PLACEMENT_3D('',#6606,#5059,#5060);
#4177=AXIS2_PLACEMENT_3D('',#6608,#5062,#5063);
#4178=AXIS2_PLACEMENT_3D('',#6610,#5065,#5066);
#4179=AXIS2_PLACEMENT_3D('',#6612,#5068,#5069);
#4180=AXIS2_PLACEMENT_3D('',#6614,#5071,#5072);
#4181=AXIS2_PLACEMENT_3D('',#6615,#5073,#5074);
#4182=AXIS2_PLACEMENT_3D('',#6618,#5077,#5078);
#4183=AXIS2_PLACEMENT_3D('',#6620,#5080,#5081);
#4184=AXIS2_PLACEMENT_3D('',#6622,#5083,#5084);
#4185=AXIS2_PLACEMENT_3D('',#6624,#5086,#5087);
#4186=AXIS2_PLACEMENT_3D('',#6626,#5089,#5090);
#4187=AXIS2_PLACEMENT_3D('',#6627,#5091,#5092);
#4188=AXIS2_PLACEMENT_3D('',#6632,#5093,#5094);
#4189=AXIS2_PLACEMENT_3D('',#6634,#5096,#5097);
#4190=AXIS2_PLACEMENT_3D('',#6639,#5098,#5099);
#4191=AXIS2_PLACEMENT_3D('',#6641,#5101,#5102);
#4192=AXIS2_PLACEMENT_3D('',#6642,#5103,#5104);
#4193=AXIS2_PLACEMENT_3D('',#6644,#5106,#5107);
#4194=AXIS2_PLACEMENT_3D('',#6649,#5108,#5109);
#4195=AXIS2_PLACEMENT_3D('',#6651,#5111,#5112);
#4196=AXIS2_PLACEMENT_3D('',#6656,#5113,#5114);
#4197=AXIS2_PLACEMENT_3D('',#6657,#5115,#5116);
#4198=AXIS2_PLACEMENT_3D('',#6658,#5117,#5118);
#4199=AXIS2_PLACEMENT_3D('',#6661,#5120,#5121);
#4200=AXIS2_PLACEMENT_3D('',#6665,#5124,#5125);
#4201=AXIS2_PLACEMENT_3D('',#6669,#5128,#5129);
#4202=AXIS2_PLACEMENT_3D('',#6670,#5130,#5131);
#4203=AXIS2_PLACEMENT_3D('',#6673,#5133,#5134);
#4204=AXIS2_PLACEMENT_3D('',#6679,#5138,#5139);
#4205=AXIS2_PLACEMENT_3D('',#6682,#5141,#5142);
#4206=AXIS2_PLACEMENT_3D('',#6683,#5143,#5144);
#4207=AXIS2_PLACEMENT_3D('',#6684,#5145,#5146);
#4208=AXIS2_PLACEMENT_3D('',#6685,#5147,#5148);
#4209=AXIS2_PLACEMENT_3D('',#6690,#5151,#5152);
#4210=AXIS2_PLACEMENT_3D('',#6691,#5153,#5154);
#4211=AXIS2_PLACEMENT_3D('',#6693,#5155,#5156);
#4212=AXIS2_PLACEMENT_3D('',#6694,#5157,#5158);
#4213=AXIS2_PLACEMENT_3D('',#6696,#5160,#5161);
#4214=AXIS2_PLACEMENT_3D('',#6702,#5162,#5163);
#4215=AXIS2_PLACEMENT_3D('',#6703,#5164,#5165);
#4216=AXIS2_PLACEMENT_3D('',#6704,#5166,#5167);
#4217=AXIS2_PLACEMENT_3D('',#6709,#5170,#5171);
#4218=AXIS2_PLACEMENT_3D('',#6714,#5174,#5175);
#4219=AXIS2_PLACEMENT_3D('',#6715,#5176,#5177);
#4220=AXIS2_PLACEMENT_3D('',#6724,#5179,#5180);
#4221=AXIS2_PLACEMENT_3D('',#6725,#5181,#5182);
#4222=AXIS2_PLACEMENT_3D('',#6731,#5186,#5187);
#4223=AXIS2_PLACEMENT_3D('',#6732,#5188,#5189);
#4224=AXIS2_PLACEMENT_3D('',#6733,#5190,#5191);
#4225=AXIS2_PLACEMENT_3D('',#6734,#5192,#5193);
#4226=AXIS2_PLACEMENT_3D('',#6742,#5196,#5197);
#4227=AXIS2_PLACEMENT_3D('',#6743,#5198,#5199);
#4228=AXIS2_PLACEMENT_3D('',#6748,#5200,#5201);
#4229=AXIS2_PLACEMENT_3D('',#6749,#5202,#5203);
#4230=AXIS2_PLACEMENT_3D('',#6750,#5204,#5205);
#4231=AXIS2_PLACEMENT_3D('',#6751,#5206,#5207);
#4232=AXIS2_PLACEMENT_3D('',#6753,#5209,#5210);
#4233=AXIS2_PLACEMENT_3D('',#6755,#5212,#5213);
#4234=AXIS2_PLACEMENT_3D('',#6757,#5215,#5216);
#4235=AXIS2_PLACEMENT_3D('',#6758,#5217,#5218);
#4236=AXIS2_PLACEMENT_3D('',#6759,#5219,#5220);
#4237=AXIS2_PLACEMENT_3D('',#6760,#5221,#5222);
#4238=AXIS2_PLACEMENT_3D('',#6762,#5223,#5224);
#4239=AXIS2_PLACEMENT_3D('',#6763,#5225,#5226);
#4240=AXIS2_PLACEMENT_3D('',#6773,#5229,#5230);
#4241=AXIS2_PLACEMENT_3D('',#6782,#5233,#5234);
#4242=AXIS2_PLACEMENT_3D('',#6786,#5237,#5238);
#4243=AXIS2_PLACEMENT_3D('',#6792,#5239,#5240);
#4244=AXIS2_PLACEMENT_3D('',#6793,#5241,#5242);
#4245=AXIS2_PLACEMENT_3D('',#6794,#5243,#5244);
#4246=AXIS2_PLACEMENT_3D('',#6795,#5245,#5246);
#4247=AXIS2_PLACEMENT_3D('',#6796,#5247,#5248);
#4248=AXIS2_PLACEMENT_3D('',#6798,#5249,#5250);
#4249=AXIS2_PLACEMENT_3D('',#6800,#5251,#5252);
#4250=AXIS2_PLACEMENT_3D('',#6801,#5253,#5254);
#4251=AXIS2_PLACEMENT_3D('',#6808,#5256,#5257);
#4252=AXIS2_PLACEMENT_3D('',#6809,#5258,#5259);
#4253=AXIS2_PLACEMENT_3D('',#6817,#5261,#5262);
#4254=AXIS2_PLACEMENT_3D('',#6822,#5263,#5264);
#4255=AXIS2_PLACEMENT_3D('',#6827,#5265,#5266);
#4256=AXIS2_PLACEMENT_3D('',#6829,#5268,#5269);
#4257=AXIS2_PLACEMENT_3D('',#6835,#5270,#5271);
#4258=AXIS2_PLACEMENT_3D('',#6839,#5274,#5275);
#4259=AXIS2_PLACEMENT_3D('',#6840,#5276,#5277);
#4260=AXIS2_PLACEMENT_3D('',#6841,#5278,#5279);
#4261=AXIS2_PLACEMENT_3D('',#6842,#5280,#5281);
#4262=AXIS2_PLACEMENT_3D('',#6843,#5282,#5283);
#4263=AXIS2_PLACEMENT_3D('',#6844,#5284,#5285);
#4264=AXIS2_PLACEMENT_3D('',#6845,#5286,#5287);
#4265=AXIS2_PLACEMENT_3D('',#6846,#5288,#5289);
#4266=AXIS2_PLACEMENT_3D('',#6847,#5290,#5291);
#4267=AXIS2_PLACEMENT_3D('',#6853,#5293,#5294);
#4268=AXIS2_PLACEMENT_3D('',#6855,#5296,#5297);
#4269=AXIS2_PLACEMENT_3D('',#6860,#5298,#5299);
#4270=AXIS2_PLACEMENT_3D('',#6861,#5300,#5301);
#4271=AXIS2_PLACEMENT_3D('',#6862,#5302,#5303);
#4272=AXIS2_PLACEMENT_3D('',#6863,#5304,#5305);
#4273=AXIS2_PLACEMENT_3D('',#6864,#5306,#5307);
#4274=AXIS2_PLACEMENT_3D('',#6865,#5308,#5309);
#4275=AXIS2_PLACEMENT_3D('',#6866,#5310,#5311);
#4276=AXIS2_PLACEMENT_3D('',#6867,#5312,#5313);
#4277=AXIS2_PLACEMENT_3D('',#6868,#5314,#5315);
#4278=AXIS2_PLACEMENT_3D('',#6869,#5316,#5317);
#4279=AXIS2_PLACEMENT_3D('',#6871,#5318,#5319);
#4280=AXIS2_PLACEMENT_3D('',#6875,#5321,#5322);
#4281=AXIS2_PLACEMENT_3D('',#6876,#5323,#5324);
#4282=AXIS2_PLACEMENT_3D('',#6879,#5326,#5327);
#4283=AXIS2_PLACEMENT_3D('',#6880,#5328,#5329);
#4284=AXIS2_PLACEMENT_3D('',#6885,#5332,#5333);
#4285=AXIS2_PLACEMENT_3D('',#6891,#5337,#5338);
#4286=AXIS2_PLACEMENT_3D('',#6892,#5339,#5340);
#4287=AXIS2_PLACEMENT_3D('',#6893,#5341,#5342);
#4288=AXIS2_PLACEMENT_3D('',#6896,#5344,#5345);
#4289=AXIS2_PLACEMENT_3D('',#6897,#5346,#5347);
#4290=AXIS2_PLACEMENT_3D('',#6901,#5350,#5351);
#4291=AXIS2_PLACEMENT_3D('',#6902,#5352,#5353);
#4292=AXIS2_PLACEMENT_3D('',#6903,#5354,#5355);
#4293=AXIS2_PLACEMENT_3D('',#6904,#5356,#5357);
#4294=AXIS2_PLACEMENT_3D('',#6905,#5358,#5359);
#4295=AXIS2_PLACEMENT_3D('',#6907,#5360,#5361);
#4296=AXIS2_PLACEMENT_3D('',#6911,#5363,#5364);
#4297=AXIS2_PLACEMENT_3D('',#6912,#5365,#5366);
#4298=AXIS2_PLACEMENT_3D('',#6915,#5368,#5369);
#4299=AXIS2_PLACEMENT_3D('',#6916,#5370,#5371);
#4300=AXIS2_PLACEMENT_3D('',#6921,#5374,#5375);
#4301=AXIS2_PLACEMENT_3D('',#6927,#5379,#5380);
#4302=AXIS2_PLACEMENT_3D('',#6928,#5381,#5382);
#4303=AXIS2_PLACEMENT_3D('',#6929,#5383,#5384);
#4304=AXIS2_PLACEMENT_3D('',#6932,#5386,#5387);
#4305=AXIS2_PLACEMENT_3D('',#6933,#5388,#5389);
#4306=AXIS2_PLACEMENT_3D('',#6937,#5392,#5393);
#4307=AXIS2_PLACEMENT_3D('',#6938,#5394,#5395);
#4308=AXIS2_PLACEMENT_3D('',#6939,#5396,#5397);
#4309=AXIS2_PLACEMENT_3D('',#6940,#5398,#5399);
#4310=AXIS2_PLACEMENT_3D('',#6941,#5400,#5401);
#4311=AXIS2_PLACEMENT_3D('',#6943,#5402,#5403);
#4312=AXIS2_PLACEMENT_3D('',#6947,#5405,#5406);
#4313=AXIS2_PLACEMENT_3D('',#6948,#5407,#5408);
#4314=AXIS2_PLACEMENT_3D('',#6951,#5410,#5411);
#4315=AXIS2_PLACEMENT_3D('',#6952,#5412,#5413);
#4316=AXIS2_PLACEMENT_3D('',#6957,#5416,#5417);
#4317=AXIS2_PLACEMENT_3D('',#6963,#5421,#5422);
#4318=AXIS2_PLACEMENT_3D('',#6964,#5423,#5424);
#4319=AXIS2_PLACEMENT_3D('',#6965,#5425,#5426);
#4320=AXIS2_PLACEMENT_3D('',#6968,#5428,#5429);
#4321=AXIS2_PLACEMENT_3D('',#6969,#5430,#5431);
#4322=AXIS2_PLACEMENT_3D('',#6973,#5434,#5435);
#4323=AXIS2_PLACEMENT_3D('',#6974,#5436,#5437);
#4324=AXIS2_PLACEMENT_3D('',#6975,#5438,#5439);
#4325=AXIS2_PLACEMENT_3D('',#6976,#5440,#5441);
#4326=AXIS2_PLACEMENT_3D('',#6977,#5442,#5443);
#4327=AXIS2_PLACEMENT_3D('',#6979,#5444,#5445);
#4328=AXIS2_PLACEMENT_3D('',#6983,#5447,#5448);
#4329=AXIS2_PLACEMENT_3D('',#6984,#5449,#5450);
#4330=AXIS2_PLACEMENT_3D('',#6987,#5452,#5453);
#4331=AXIS2_PLACEMENT_3D('',#6988,#5454,#5455);
#4332=AXIS2_PLACEMENT_3D('',#6991,#5457,#5458);
#4333=AXIS2_PLACEMENT_3D('',#6995,#5461,#5462);
#4334=AXIS2_PLACEMENT_3D('',#6996,#5463,#5464);
#4335=AXIS2_PLACEMENT_3D('',#6997,#5465,#5466);
#4336=AXIS2_PLACEMENT_3D('',#7000,#5468,#5469);
#4337=AXIS2_PLACEMENT_3D('',#7001,#5470,#5471);
#4338=AXIS2_PLACEMENT_3D('',#7005,#5474,#5475);
#4339=AXIS2_PLACEMENT_3D('',#7006,#5476,#5477);
#4340=AXIS2_PLACEMENT_3D('',#7007,#5478,#5479);
#4341=AXIS2_PLACEMENT_3D('',#7008,#5480,#5481);
#4342=DIRECTION('',(0.,0.,1.));
#4343=DIRECTION('',(1.,0.,0.));
#4344=DIRECTION('',(3.5278770522142E-41,0.,-1.));
#4345=DIRECTION('',(-1.,1.76324784679089E-8,-2.91930090237981E-20));
#4346=DIRECTION('',(1.76324784679089E-8,1.,-2.38524477886226E-18));
#4347=DIRECTION('',(1.,-1.76324784679089E-8,1.12095141294413E-33));
#4348=DIRECTION('',(-1.76324784679089E-8,-1.,2.38524477886226E-18));
#4349=DIRECTION('',(-1.,1.76324784679089E-8,-2.91930090237981E-20));
#4350=DIRECTION('',(3.5278770522142E-41,0.,-1.));
#4351=DIRECTION('',(-1.,1.76324784679089E-8,-2.91930090237981E-20));
#4352=DIRECTION('',(-1.76324784679089E-8,-1.,2.38524477886226E-18));
#4353=DIRECTION('',(1.,-1.76324784679089E-8,1.12095141294413E-33));
#4354=DIRECTION('',(1.76324784679089E-8,1.,-2.38524477886226E-18));
#4355=DIRECTION('',(-1.,1.76324784679089E-8,-2.91930090237981E-20));
#4356=DIRECTION('',(1.76324784679089E-8,1.,-2.38524477886226E-18));
#4357=DIRECTION('',(-0.655737704880697,1.15622809619049E-8,-0.754988782961572));
#4358=DIRECTION('',(1.76324784679089E-8,1.,-2.38524477886226E-18));
#4359=DIRECTION('',(1.76324784679089E-8,1.,-2.38524477886226E-18));
#4360=DIRECTION('',(-1.,1.76324784679089E-8,-1.09810596402638E-16));
#4361=DIRECTION('',(1.76324784679089E-8,1.,-2.38524477886226E-18));
#4362=DIRECTION('',(1.76324784679089E-8,1.,-2.38524477886226E-18));
#4363=DIRECTION('',(-1.,1.76324784679089E-8,-1.09810596402638E-16));
#4364=DIRECTION('',(-1.76324784679089E-8,-1.,2.38524477886226E-18));
#4365=DIRECTION('',(-3.5278770522142E-41,0.,1.));
#4366=DIRECTION('',(-1.76324784679089E-8,-1.,2.38524477886226E-18));
#4367=DIRECTION('',(1.76324784679089E-8,1.,-2.38524477886226E-18));
#4368=DIRECTION('',(3.5278770522142E-41,0.,-1.));
#4369=DIRECTION('',(-1.76324784679089E-8,-1.,2.38524477886226E-18));
#4370=DIRECTION('',(1.76324784679089E-8,1.,-2.38524477886226E-18));
#4371=DIRECTION('',(-1.,1.76324784679089E-8,-1.09810596402638E-16));
#4372=DIRECTION('',(-3.5278770522142E-41,0.,1.));
#4373=DIRECTION('',(1.76324784679089E-8,1.,-2.38524477886226E-18));
#4374=DIRECTION('',(-1.,1.76324784679089E-8,-1.12095141294413E-33));
#4375=DIRECTION('',(-1.76324784679089E-8,-1.,2.38524477886226E-18));
#4376=DIRECTION('',(-1.,1.76324784679089E-8,-1.12095141294413E-33));
#4377=DIRECTION('',(3.5278770522142E-41,0.,-1.));
#4378=DIRECTION('',(-1.76324784679089E-8,-1.,2.38524477886226E-18));
#4379=DIRECTION('',(1.76324784679089E-8,1.,-2.38524477886226E-18));
#4380=DIRECTION('',(-1.,1.76324784679089E-8,-2.91930090237981E-20));
#4381=DIRECTION('',(-1.,1.76324784679089E-8,-1.12095141294413E-33));
#4382=DIRECTION('',(-1.76324784679089E-8,-1.,2.38524477886226E-18));
#4383=DIRECTION('',(0.655737704880697,-1.15622809619049E-8,-0.754988782961572));
#4384=DIRECTION('',(1.76324784679089E-8,1.,-2.38524477886226E-18));
#4385=DIRECTION('',(-1.,1.76324784679089E-8,-1.09810596402638E-16));
#4386=DIRECTION('',(-1.76324784679089E-8,-1.,2.38524477886226E-18));
#4387=DIRECTION('',(1.76324784679089E-8,1.,-2.38524477886226E-18));
#4388=DIRECTION('',(-1.,1.76324784679089E-8,-1.09810596402638E-16));
#4389=DIRECTION('',(1.76324784679089E-8,1.,-2.38524477886226E-18));
#4390=DIRECTION('',(-3.5278770522142E-41,0.,1.));
#4391=DIRECTION('',(-1.76324784679089E-8,-1.,2.38524477886226E-18));
#4392=DIRECTION('',(-1.76324784679089E-8,-1.,2.38524477886226E-18));
#4393=DIRECTION('',(3.5278770522142E-41,0.,-1.));
#4394=DIRECTION('',(1.76324784679089E-8,1.,-2.38524477886226E-18));
#4395=DIRECTION('',(-1.,1.76324784679089E-8,-1.09810596402638E-16));
#4396=DIRECTION('',(-3.5278770522142E-41,0.,1.));
#4397=DIRECTION('',(1.76324784679089E-8,1.,-2.38524477886226E-18));
#4398=DIRECTION('',(1.76324784679089E-8,1.,-2.38524477886226E-18));
#4399=DIRECTION('',(-1.,1.76324784679089E-8,-1.12095141294413E-33));
#4400=DIRECTION('',(-1.76324784679089E-8,-1.,2.38524477886226E-18));
#4401=DIRECTION('',(-1.,1.76324784679089E-8,-2.91930090237981E-20));
#4402=DIRECTION('',(-1.76324784679089E-8,-1.,2.38524477886226E-18));
#4403=DIRECTION('',(-0.958162593170379,1.68947812928324E-8,-0.286224466195704));
#4404=DIRECTION('',(-1.76324784679089E-8,-1.,2.38524477886226E-18));
#4405=DIRECTION('',(1.,-1.76324784679089E-8,1.09810596402638E-16));
#4406=DIRECTION('',(1.76324784679089E-8,1.,-2.38524477886226E-18));
#4407=DIRECTION('',(0.958162593170379,-1.68947812928324E-8,-0.286224466195704));
#4408=DIRECTION('',(-1.76324784679089E-8,-1.,2.38524477886226E-18));
#4409=DIRECTION('',(1.,-1.76324784679089E-8,1.09810596402638E-16));
#4410=DIRECTION('',(-1.,1.76324784679089E-8,-2.91930090237981E-20));
#4411=DIRECTION('',(1.76324784679089E-8,1.,-2.38524477886226E-18));
#4412=DIRECTION('',(3.5278770522142E-41,0.,-1.));
#4413=DIRECTION('',(2.9192966966023E-20,-2.38524477936713E-18,-1.));
#4414=DIRECTION('',(1.76324784679089E-8,1.,-2.38524477886226E-18));
#4415=DIRECTION('',(2.9192966966023E-20,-2.38524477936713E-18,-1.));
#4416=DIRECTION('',(3.5278770522142E-41,0.,-1.));
#4417=DIRECTION('',(2.9192966966023E-20,-2.38524477936713E-18,-1.));
#4418=DIRECTION('',(1.76324784679089E-8,1.,-2.38524477886226E-18));
#4419=DIRECTION('',(-3.5278770522142E-41,0.,1.));
#4420=DIRECTION('',(-1.76324784679089E-8,-1.,2.38524477886226E-18));
#4421=DIRECTION('',(3.5278770522142E-41,0.,-1.));
#4422=DIRECTION('',(1.76324784679089E-8,1.,-2.38524477886226E-18));
#4423=DIRECTION('',(-3.5278770522142E-41,0.,1.));
#4424=DIRECTION('',(-1.76324784679089E-8,-1.,2.38524477886226E-18));
#4425=DIRECTION('',(3.5278770522142E-41,0.,-1.));
#4426=DIRECTION('',(1.76324784679089E-8,1.,-2.38524477886226E-18));
#4427=DIRECTION('',(-3.5278770522142E-41,0.,1.));
#4428=DIRECTION('',(-1.76324784679089E-8,-1.,2.38524477886226E-18));
#4429=DIRECTION('',(3.5278770522142E-41,0.,-1.));
#4430=DIRECTION('',(1.76324784679089E-8,1.,-2.38524477886226E-18));
#4431=DIRECTION('',(-3.5278770522142E-41,0.,1.));
#4432=DIRECTION('',(-1.76324784679089E-8,-1.,2.38524477886226E-18));
#4433=DIRECTION('',(1.,-1.76324784679089E-8,2.91930090237981E-20));
#4434=DIRECTION('',(-1.76324784679089E-8,-1.,2.38524477886226E-18));
#4435=DIRECTION('',(3.5278770522142E-41,0.,-1.));
#4436=DIRECTION('',(2.9192966966023E-20,-2.38524477936713E-18,-1.));
#4437=DIRECTION('',(2.9192966966023E-20,-2.38524477936713E-18,-1.));
#4438=DIRECTION('',(-1.76324784679089E-8,-1.,2.38524477886226E-18));
#4439=DIRECTION('',(3.5278770522142E-41,0.,-1.));
#4440=DIRECTION('',(2.9192966966023E-20,-2.38524477936713E-18,-1.));
#4441=DIRECTION('',(-1.76324784679089E-8,-1.,2.38524477886226E-18));
#4442=DIRECTION('',(-3.5278770522142E-41,0.,1.));
#4443=DIRECTION('',(-1.76324784679089E-8,-1.,2.38524477886226E-18));
#4444=DIRECTION('',(3.5278770522142E-41,0.,-1.));
#4445=DIRECTION('',(-1.76324784679089E-8,-1.,2.38524477886226E-18));
#4446=DIRECTION('',(-3.5278770522142E-41,0.,1.));
#4447=DIRECTION('',(-1.76324784679089E-8,-1.,2.38524477886226E-18));
#4448=DIRECTION('',(3.5278770522142E-41,0.,-1.));
#4449=DIRECTION('',(-1.76324784679089E-8,-1.,2.38524477886226E-18));
#4450=DIRECTION('',(-3.5278770522142E-41,0.,1.));
#4451=DIRECTION('',(-1.76324784679089E-8,-1.,2.38524477886226E-18));
#4452=DIRECTION('',(3.5278770522142E-41,0.,-1.));
#4453=DIRECTION('',(-1.76324784679089E-8,-1.,2.38524477886226E-18));
#4454=DIRECTION('',(-3.5278770522142E-41,0.,1.));
#4455=DIRECTION('',(-1.76324784679089E-8,-1.,2.38524477886226E-18));
#4456=DIRECTION('',(3.5278770522142E-41,0.,-1.));
#4457=DIRECTION('',(1.,-1.76324784679089E-8,2.91930090237981E-20));
#4458=DIRECTION('',(3.5278770522142E-41,0.,-1.));
#4459=DIRECTION('',(-1.,0.,-3.5278770522142E-41));
#4460=DIRECTION('',(0.469471562789093,-0.882947592857225,1.65623795303078E-41));
#4461=DIRECTION('',(3.5278770522142E-41,0.,-1.));
#4462=DIRECTION('',(-1.,0.,-3.5278770522142E-41));
#4463=DIRECTION('',(-0.46947156278895,0.8829475928573,-1.65623795303027E-41));
#4464=DIRECTION('',(3.5278770522142E-41,0.,-1.));
#4465=DIRECTION('',(0.,1.,0.));
#4466=DIRECTION('',(1.76324784679089E-8,1.,-2.38524477886226E-18));
#4467=DIRECTION('',(-3.5278770522142E-41,0.,1.));
#4468=DIRECTION('',(0.707106793654593,0.707106768718502,-1.66598018329954E-18));
#4469=DIRECTION('',(-1.,1.76324784679089E-8,-2.91930090237981E-20));
#4470=DIRECTION('',(-3.5278770522142E-41,0.,1.));
#4471=DIRECTION('',(-0.923879427364322,0.382683686212219,-9.39765046281299E-19));
#4472=DIRECTION('',(0.707106405082107,-0.707107157290788,1.70726618923728E-18));
#4473=DIRECTION('',(-3.5278770522142E-41,0.,1.));
#4474=DIRECTION('',(0.382683178517929,-0.923879637658183,2.21485073992984E-18));
#4475=DIRECTION('',(1.,-1.76324782788182E-8,2.91930090238019E-20));
#4476=DIRECTION('',(-3.5278770522142E-41,0.,1.));
#4477=DIRECTION('',(0.362766380202964,-0.931880117501408,2.23335241228323E-18));
#4478=DIRECTION('',(3.5278770522142E-41,0.,-1.));
#4479=DIRECTION('',(-0.61281371944324,0.790227400981605,-1.90277563346062E-18));
#4480=DIRECTION('',(-3.5278770522142E-41,0.,1.));
#4481=DIRECTION('',(0.981424242750849,-0.191850086632566,4.86260103067061E-19));
#4482=DIRECTION('',(3.5278770522142E-41,0.,-1.));
#4483=DIRECTION('',(0.209000901231522,0.977915447921962,-2.32646636052949E-18));
#4484=DIRECTION('',(-3.5278770522142E-41,0.,1.));
#4485=DIRECTION('',(0.549265366057517,0.835647986684406,-1.97719031188937E-18));
#4486=DIRECTION('',(-1.,1.76324784679089E-8,-2.91930090237981E-20));
#4487=DIRECTION('',(-3.5278770522142E-41,0.,1.));
#4488=DIRECTION('',(-0.707106768718502,0.707106793654593,-1.70726533252171E-18));
#4489=DIRECTION('',(-1.76324782196092E-8,-1.,2.38524477886226E-18));
#4490=DIRECTION('',(-3.5278770522142E-41,0.,1.));
#4491=DIRECTION('',(-0.707106793654593,-0.707106768718502,1.66598018329954E-18));
#4492=DIRECTION('',(3.5278770522142E-41,0.,-1.));
#4493=DIRECTION('',(0.998812371937474,-0.0487221270537104,1.45372495776692E-19));
#4494=DIRECTION('',(-3.5278770522142E-41,0.,1.));
#4495=DIRECTION('',(-0.518095978250268,-0.855322487323289,2.025028738829E-18));
#4496=DIRECTION('',(1.,-1.76324784679089E-8,2.91930090237981E-20));
#4497=DIRECTION('',(-3.5278770522142E-41,0.,1.));
#4498=DIRECTION('',(0.707094088176319,-0.707119473968933,1.70729520805997E-18));
#4499=DIRECTION('',(1.76324784679089E-8,1.,-2.38524477886226E-18));
#4500=DIRECTION('',(3.5278770522142E-41,0.,-1.));
#4501=DIRECTION('',(1.,-1.76324784679089E-8,2.91930090237981E-20));
#4502=DIRECTION('',(3.5278770522142E-41,0.,-1.));
#4503=DIRECTION('',(-1.76324784679089E-8,-1.,2.38524477886226E-18));
#4504=DIRECTION('',(3.5278770522142E-41,0.,-1.));
#4505=DIRECTION('',(0.405379935047939,-0.914148296645861,2.1923016952555E-18));
#4506=DIRECTION('',(-1.,1.76326625636172E-8,-2.91930090242341E-20));
#4507=DIRECTION('',(-3.5278770522142E-41,0.,1.));
#4508=DIRECTION('',(-0.707106768718438,0.707106793654656,-1.70726533252171E-18));
#4509=DIRECTION('',(-1.76324784679089E-8,-1.,2.38524477886226E-18));
#4510=DIRECTION('',(-3.5278770522142E-41,0.,1.));
#4511=DIRECTION('',(1.,-1.76324784679089E-8,2.91930090237981E-20));
#4512=DIRECTION('',(3.5278770522142E-41,0.,-1.));
#4513=DIRECTION('',(0.,1.,0.));
#4514=DIRECTION('',(3.5278770522142E-41,0.,-1.));
#4515=DIRECTION('',(0.,1.,0.));
#4516=DIRECTION('',(1.,-1.76324784679089E-8,2.91930090237981E-20));
#4517=DIRECTION('',(3.5278770522142E-41,0.,-1.));
#4518=DIRECTION('',(-1.,0.,-3.5278770522142E-41));
#4519=DIRECTION('',(-3.5278770522142E-41,0.,1.));
#4520=DIRECTION('',(-1.76324784679089E-8,-1.,2.38524477886226E-18));
#4521=DIRECTION('',(3.5278770522142E-41,0.,-1.));
#4522=DIRECTION('',(1.,-1.76324784679089E-8,2.91930090237981E-20));
#4523=DIRECTION('',(-1.76324782196092E-8,-1.,2.38524477886226E-18));
#4524=DIRECTION('',(-3.5278770522142E-41,0.,1.));
#4525=DIRECTION('',(-0.707119473968934,-0.707094088176318,1.66594956691361E-18));
#4526=DIRECTION('',(-1.,1.76324784679089E-8,-1.12095141294413E-33));
#4527=DIRECTION('',(-3.5278770522142E-41,0.,1.));
#4528=DIRECTION('',(0.892325913103431,0.451391697757202,-1.05063004959901E-18));
#4529=DIRECTION('',(3.5278770522142E-41,0.,-1.));
#4530=DIRECTION('',(0.,1.,0.));
#4531=DIRECTION('',(3.5278770522142E-41,0.,-1.));
#4532=DIRECTION('',(0.,1.,0.));
#4533=DIRECTION('',(3.5278770522142E-41,0.,-1.));
#4534=DIRECTION('',(0.,1.,0.));
#4535=DIRECTION('',(3.5278770522142E-41,0.,-1.));
#4536=DIRECTION('',(1.,-1.76324784679089E-8,2.91930090237981E-20));
#4537=DIRECTION('',(-0.841906532970286,0.539623377682948,-1.31171159408486E-18));
#4538=DIRECTION('',(3.5278770522142E-41,0.,-1.));
#4539=DIRECTION('',(-1.,1.76324784679089E-8,-2.91930090237981E-20));
#4540=DIRECTION('',(1.76324784679089E-8,1.,-2.38524477886226E-18));
#4541=DIRECTION('',(3.5278770522142E-41,0.,-1.));
#4542=DIRECTION('',(-0.707106768718497,0.707106793654598,-1.70726533252171E-18));
#4543=DIRECTION('',(1.,-1.76325213830487E-8,2.91930090238989E-20));
#4544=DIRECTION('',(3.5278770522142E-41,0.,-1.));
#4545=DIRECTION('',(0.,1.,0.));
#4546=DIRECTION('',(3.5278770522142E-41,0.,-1.));
#4547=DIRECTION('',(-1.,0.,-3.5278770522142E-41));
#4548=DIRECTION('',(3.5278770522142E-41,0.,-1.));
#4549=DIRECTION('',(0.,1.,0.));
#4550=DIRECTION('',(3.5278770522142E-41,0.,-1.));
#4551=DIRECTION('',(0.,1.,0.));
#4552=DIRECTION('',(1.91885561436169E-32,-1.,6.76948668841899E-73));
#4553=DIRECTION('',(3.5278770522142E-41,0.,-1.));
#4554=DIRECTION('',(0.,1.,0.));
#4555=DIRECTION('',(1.91885561436169E-32,-1.,6.76948668841899E-73));
#4556=DIRECTION('',(3.5278770522142E-41,0.,-1.));
#4557=DIRECTION('',(0.,1.,0.));
#4558=DIRECTION('',(-3.5278770522142E-41,0.,1.));
#4559=DIRECTION('',(0.,1.,0.));
#4560=DIRECTION('',(3.5278770522142E-41,0.,-1.));
#4561=DIRECTION('',(-1.,0.,-3.5278770522142E-41));
#4562=DIRECTION('',(3.5278770522142E-41,0.,-1.));
#4563=DIRECTION('',(1.,-1.76324784679089E-8,2.91930090237981E-20));
#4564=DIRECTION('',(1.,-1.76325213830487E-8,2.91930090238989E-20));
#4565=DIRECTION('',(3.5278770522142E-41,0.,-1.));
#4566=DIRECTION('',(-1.,0.,-3.5278770522142E-41));
#4567=DIRECTION('',(0.46947156278895,-0.8829475928573,1.65623795303027E-41));
#4568=DIRECTION('',(0.,1.,0.));
#4569=DIRECTION('',(0.329259504616965,0.944239471013255,1.16158705056161E-41));
#4570=DIRECTION('',(3.5278770522142E-41,0.,-1.));
#4571=DIRECTION('',(1.,-1.76324784679089E-8,2.91930090237981E-20));
#4572=DIRECTION('',(-0.841906552000081,-0.53962334799315,1.26255602348458E-18));
#4573=DIRECTION('',(3.5278770522142E-41,0.,-1.));
#4574=DIRECTION('',(1.,-1.76324784679089E-8,2.91930090237981E-20));
#4575=DIRECTION('',(3.5278770522142E-41,0.,-1.));
#4576=DIRECTION('',(0.723670260028264,-0.690145893815666,1.66729297229652E-18));
#4577=DIRECTION('',(-3.5278770522142E-41,0.,1.));
#4578=DIRECTION('',(-0.892325897185121,0.451391729225037,-1.10272940605268E-18));
#4579=DIRECTION('',(0.216668188349998,-0.673093527050326,0.707106781186606));
#4580=DIRECTION('',(0.,0.,1.));
#4581=DIRECTION('',(1.,0.,0.));
#4582=DIRECTION('',(-0.690806065776288,0.150953567321513,-0.707106781186262));
#4583=DIRECTION('',(0.,0.,-1.));
#4584=DIRECTION('',(-1.,0.,0.));
#4585=DIRECTION('',(1.74523873686106E-8,0.989949493660078,0.141421356244925));
#4586=DIRECTION('',(0.370381022367629,0.131363451104368,-0.919544203387667));
#4587=DIRECTION('',(3.5278770522142E-41,0.,-1.));
#4588=DIRECTION('',(-1.,0.,-3.5278770522142E-41));
#4589=DIRECTION('',(0.,0.,-1.));
#4590=DIRECTION('',(-1.,0.,0.));
#4591=DIRECTION('',(-0.221682882887171,0.671458635684158,-0.707106781186549));
#4592=DIRECTION('',(0.,0.,-1.));
#4593=DIRECTION('',(-1.,0.,0.));
#4594=DIRECTION('',(3.5278770522142E-41,0.,-1.));
#4595=DIRECTION('',(-1.,0.,-3.5278770522142E-41));
#4596=DIRECTION('',(0.,0.,-1.));
#4597=DIRECTION('',(-1.,0.,0.));
#4598=DIRECTION('',(0.707106781186547,0.,-0.707106781186548));
#4599=DIRECTION('',(0.,0.,-1.));
#4600=DIRECTION('',(-1.,0.,0.));
#4601=DIRECTION('',(3.5278770522142E-41,0.,-1.));
#4602=DIRECTION('',(-1.,0.,-3.5278770522142E-41));
#4603=DIRECTION('',(-0.707106781186548,-1.35683581703303E-32,-0.707106781186547));
#4604=DIRECTION('',(-1.91885561436169E-32,1.,-6.76948668841898E-73));
#4605=DIRECTION('',(0.707106781186547,0.,-0.707106781186548));
#4606=DIRECTION('',(1.91885561436169E-32,-1.,-7.97594333919527E-48));
#4607=DIRECTION('',(-1.91885561436169E-32,1.,-6.76948668841898E-73));
#4608=DIRECTION('',(0.,0.,1.));
#4609=DIRECTION('',(1.,0.,0.));
#4610=DIRECTION('',(-0.707106781186547,0.,-0.707106781186548));
#4611=DIRECTION('',(0.,0.,-1.));
#4612=DIRECTION('',(-1.,0.,0.));
#4613=DIRECTION('',(3.5278770522142E-41,0.,-1.));
#4614=DIRECTION('',(-1.,0.,-3.5278770522142E-41));
#4615=DIRECTION('',(-0.707106781186548,0.,0.707106781186548));
#4616=DIRECTION('',(-9.59427807180845E-33,1.,-9.59427807180845E-33));
#4617=DIRECTION('',(-0.707106781186548,0.,-0.707106781186548));
#4618=DIRECTION('',(-1.91885561436169E-32,1.,-1.91885561436169E-32));
#4619=DIRECTION('',(0.,-1.,0.));
#4620=DIRECTION('',(0.,0.,-1.));
#4621=DIRECTION('',(-1.,0.,0.));
#4622=DIRECTION('',(0.221682882887161,0.67145863568416,-0.707106781186551));
#4623=DIRECTION('',(0.,0.,-1.));
#4624=DIRECTION('',(-1.,0.,0.));
#4625=DIRECTION('',(3.5278770522142E-41,0.,-1.));
#4626=DIRECTION('',(-1.,0.,-3.5278770522142E-41));
#4627=DIRECTION('',(0.,0.,-1.));
#4628=DIRECTION('',(-1.,0.,0.));
#4629=DIRECTION('',(0.702004962002286,0.0847881673594606,-0.707106781186543));
#4630=DIRECTION('',(0.,0.,-1.));
#4631=DIRECTION('',(-1.,0.,0.));
#4632=DIRECTION('',(3.5278770522142E-41,0.,-1.));
#4633=DIRECTION('',(-1.,0.,-3.5278770522142E-41));
#4634=DIRECTION('',(0.624338230341731,0.33196652562231,-0.707106781186553));
#4635=DIRECTION('',(-0.46947156278895,0.8829475928573,-1.10066969467006E-16));
#4636=DIRECTION('',(0.624338230341732,0.331966525622313,0.707106781186551));
#4637=DIRECTION('',(0.46947156278895,-0.8829475928573,1.10066969467006E-16));
#4638=DIRECTION('',(-0.624338230341736,-0.331966525622314,-0.707106781186547));
#4639=DIRECTION('',(-0.46947156278895,0.8829475928573,-1.10066969467006E-16));
#4640=DIRECTION('',(0.,0.,1.));
#4641=DIRECTION('',(1.,0.,0.));
#4642=DIRECTION('',(0.,0.,1.));
#4643=DIRECTION('',(1.,0.,0.));
#4644=DIRECTION('',(1.71737627929843E-16,2.15973069730896E-16,1.));
#4645=DIRECTION('',(0.,-1.,2.15973069730896E-16));
#4646=DIRECTION('',(0.,0.,1.));
#4647=DIRECTION('',(1.,0.,0.));
#4648=DIRECTION('',(1.71737627929843E-16,2.15973069730896E-16,1.));
#4649=DIRECTION('',(0.,-1.,2.15973069730896E-16));
#4650=DIRECTION('',(0.,0.,1.));
#4651=DIRECTION('',(1.,0.,0.));
#4652=DIRECTION('',(-0.624338230341685,-0.331966525622415,-0.707106781186545));
#4653=DIRECTION('',(0.469471562789093,-0.882947592857225,1.10066969466965E-16));
#4654=DIRECTION('',(-0.469471562789093,0.882947592857225,0.));
#4655=DIRECTION('',(0.469471562789093,-0.882947592857225,6.70078870827238E-17));
#4656=DIRECTION('',(0.,0.,1.));
#4657=DIRECTION('',(1.,0.,0.));
#4658=DIRECTION('',(-0.62433823034171,-0.331966525622365,0.707106781186546));
#4659=DIRECTION('',(3.5278770522142E-41,0.,-1.));
#4660=DIRECTION('',(-1.,0.,-3.5278770522142E-41));
#4661=DIRECTION('',(0.,0.,-1.));
#4662=DIRECTION('',(-1.,0.,0.));
#4663=DIRECTION('',(0.62433823034168,0.331966525622412,0.707106781186551));
#4664=DIRECTION('',(0.469471562789093,-0.882947592857225,1.65623795303077E-41));
#4665=DIRECTION('',(-0.624338230341682,-0.331966525622413,0.707106781186548));
#4666=DIRECTION('',(-0.469471562789093,0.882947592857225,-1.65623795303077E-41));
#4667=DIRECTION('',(0.469471562789093,-0.882947592857225,1.65623795303077E-41));
#4668=DIRECTION('',(0.,0.,1.));
#4669=DIRECTION('',(1.,0.,0.));
#4670=DIRECTION('',(0.624338230341707,0.331966525622364,0.707106781186549));
#4671=DIRECTION('',(3.5278770522142E-41,0.,-1.));
#4672=DIRECTION('',(-1.,0.,-3.5278770522142E-41));
#4673=DIRECTION('',(0.,0.,-1.));
#4674=DIRECTION('',(-1.,0.,0.));
#4675=DIRECTION('',(-0.624338230341737,-0.331966525622313,0.707106781186546));
#4676=DIRECTION('',(-0.46947156278895,0.882947592857301,-1.65623795303027E-41));
#4677=DIRECTION('',(0.624338230341732,0.331966525622313,0.707106781186551));
#4678=DIRECTION('',(0.46947156278895,-0.8829475928573,1.65623795303027E-41));
#4679=DIRECTION('',(-0.46947156278895,0.882947592857301,-1.65623795303027E-41));
#4680=DIRECTION('',(0.,0.,1.));
#4681=DIRECTION('',(1.,0.,0.));
#4682=DIRECTION('',(3.5278770522142E-41,0.,-1.));
#4683=DIRECTION('',(-1.,0.,-3.5278770522142E-41));
#4684=DIRECTION('',(0.,0.,-1.));
#4685=DIRECTION('',(-1.,0.,0.));
#4686=DIRECTION('',(-3.5278770522142E-41,0.,1.));
#4687=DIRECTION('',(1.,0.,3.5278770522142E-41));
#4688=DIRECTION('',(-3.5278770522142E-41,0.,1.));
#4689=DIRECTION('',(-3.5278770522142E-41,0.,1.));
#4690=DIRECTION('',(1.71737627929843E-16,2.15973069730896E-16,1.));
#4691=DIRECTION('',(0.,-1.,2.15973069730896E-16));
#4692=DIRECTION('',(0.882947592857225,0.469471562789093,3.11493055114877E-41));
#4693=DIRECTION('',(-0.469471562789093,0.882947592857225,0.));
#4694=DIRECTION('',(-3.5278770522142E-41,0.,1.));
#4695=DIRECTION('',(0.469471562789093,-0.882947592857225,1.10066969466965E-16));
#4696=DIRECTION('',(-0.8829475928573,-0.46947156278895,-3.11493055114904E-41));
#4697=DIRECTION('',(0.46947156278895,-0.882947592857301,0.));
#4698=DIRECTION('',(-3.5278770522142E-41,0.,1.));
#4699=DIRECTION('',(-0.46947156278895,0.882947592857301,-1.10066969467006E-16));
#4700=DIRECTION('',(-3.5278770522142E-41,0.,1.));
#4701=DIRECTION('',(1.,0.,3.5278770522142E-41));
#4702=DIRECTION('',(1.71737627929843E-16,2.15973069730896E-16,1.));
#4703=DIRECTION('',(0.,-1.,2.15973069730896E-16));
#4704=DIRECTION('',(0.,0.,1.));
#4705=DIRECTION('',(-1.,1.76324784679089E-8,0.));
#4706=DIRECTION('',(0.8829475928573,0.46947156278895,3.11493055114904E-41));
#4707=DIRECTION('',(-0.46947156278895,0.8829475928573,0.));
#4708=DIRECTION('',(-3.5278770522142E-41,0.,1.));
#4709=DIRECTION('',(-0.46947156278895,0.8829475928573,-1.65623795303027E-41));
#4710=DIRECTION('',(-3.5278770522142E-41,0.,1.));
#4711=DIRECTION('',(-3.5278770522142E-41,0.,1.));
#4712=DIRECTION('',(1.,0.,3.5278770522142E-41));
#4713=DIRECTION('',(-3.5278770522142E-41,0.,1.));
#4714=DIRECTION('',(-3.5278770522142E-41,0.,1.));
#4715=DIRECTION('',(1.,0.,3.5278770522142E-41));
#4716=DIRECTION('',(0.944239471013255,-0.329259504616965,3.33116076158253E-41));
#4717=DIRECTION('',(0.329259504616965,0.944239471013255,0.));
#4718=DIRECTION('',(-3.5278770522142E-41,0.,1.));
#4719=DIRECTION('',(-3.5278770522142E-41,0.,1.));
#4720=DIRECTION('',(0.329259504616965,0.944239471013255,1.16158705056161E-41));
#4721=DIRECTION('',(1.,0.,3.5278770522142E-41));
#4722=DIRECTION('',(3.5278770522142E-41,0.,-1.));
#4723=DIRECTION('',(0.,1.,0.));
#4724=DIRECTION('',(-3.5278770522142E-41,0.,1.));
#4725=DIRECTION('',(1.,0.,3.5278770522142E-41));
#4726=DIRECTION('',(3.5278770522142E-41,0.,-1.));
#4727=DIRECTION('',(-1.,0.,-3.5278770522142E-41));
#4728=DIRECTION('',(0.225519030968324,0.0528132301363692,0.972806213689896));
#4729=DIRECTION('',(3.5278770522142E-41,0.,-1.));
#4730=DIRECTION('',(-1.,0.,-3.5278770522142E-41));
#4731=DIRECTION('',(7.57818076483151E-17,4.29785340649858E-9,1.));
#4732=DIRECTION('',(1.,-3.25699100151931E-25,-7.57818076483151E-17));
#4733=DIRECTION('',(-4.08404411349146E-9,-0.231620531487018,0.972806213689896));
#4734=DIRECTION('',(3.5278770522142E-41,0.,-1.));
#4735=DIRECTION('',(-1.,0.,-3.5278770522142E-41));
#4736=DIRECTION('',(0.,0.,-1.));
#4737=DIRECTION('',(-1.,0.,0.));
#4738=DIRECTION('',(0.,0.,1.));
#4739=DIRECTION('',(1.,0.,0.));
#4740=DIRECTION('',(0.231620531487019,-4.08404411349146E-9,-0.972806213689896));
#4741=DIRECTION('',(0.,0.,-1.));
#4742=DIRECTION('',(-1.,0.,0.));
#4743=DIRECTION('',(3.5278770522142E-41,0.,-1.));
#4744=DIRECTION('',(-1.,0.,-3.5278770522142E-41));
#4745=DIRECTION('',(1.71529846338877E-8,0.972806214685367,0.23162052730604));
#4746=DIRECTION('',(4.08404396044947E-9,0.23162052730604,-0.972806214685367));
#4747=DIRECTION('',(-4.08404343918915E-9,-0.23162052730604,0.972806214685367));
#4748=DIRECTION('',(-1.,1.76324784679089E-8,-3.5278770522142E-41));
#4749=DIRECTION('',(1.,-1.76324784679089E-8,-8.60754768836485E-23));
#4750=DIRECTION('',(0.972806213689896,-1.71529843747875E-8,0.231620531487019));
#4751=DIRECTION('',(-1.76324782196091E-8,-1.,-6.22052152846257E-49));
#4752=DIRECTION('',(-0.231620531487019,8.50204020568482E-9,0.972806213689896));
#4753=DIRECTION('',(-1.76324782196091E-8,-1.,8.96831017167883E-44));
#4754=DIRECTION('',(1.76324782196091E-8,1.,6.22052152846257E-49));
#4755=DIRECTION('',(5.82867087928207E-16,4.29785418365469E-9,1.));
#4756=DIRECTION('',(1.,0.,-5.82867087928207E-16));
#4757=DIRECTION('',(3.5278770522142E-41,0.,-1.));
#4758=DIRECTION('',(-1.,0.,-3.5278770522142E-41));
#4759=DIRECTION('',(3.5278770522142E-41,0.,-1.));
#4760=DIRECTION('',(-1.,0.,-3.5278770522142E-41));
#4761=DIRECTION('',(-4.20577772039811E-26,-2.38524477886226E-18,-1.));
#4762=DIRECTION('',(3.5278770522142E-41,0.,-1.));
#4763=DIRECTION('',(0.,0.,-1.));
#4764=DIRECTION('',(1.28691668864266E-30,1.,0.));
#4765=DIRECTION('',(1.09800601749589E-16,-1.17204884867351E-14,-1.));
#4766=DIRECTION('',(1.28691668864266E-30,1.,-1.17204884867351E-14));
#4767=DIRECTION('',(0.,0.,-1.));
#4768=DIRECTION('',(1.2869166886416E-30,1.,0.));
#4769=DIRECTION('',(1.09800601749589E-16,-1.17204884867254E-14,-1.));
#4770=DIRECTION('',(1.2869166886416E-30,1.,-1.17204884867254E-14));
#4771=DIRECTION('',(0.,0.,-1.));
#4772=DIRECTION('',(1.28691668864308E-30,1.,0.));
#4773=DIRECTION('',(1.09800601749589E-16,-1.1720488486739E-14,-1.));
#4774=DIRECTION('',(1.28691668864308E-30,1.,-1.1720488486739E-14));
#4775=DIRECTION('',(1.09800601749589E-16,-1.1720488486739E-14,-1.));
#4776=DIRECTION('',(1.28691668864308E-30,1.,-1.1720488486739E-14));
#4777=DIRECTION('',(0.,0.,-1.));
#4778=DIRECTION('',(1.28691668864195E-30,1.,0.));
#4779=DIRECTION('',(1.09800601749589E-16,-1.1720488486739E-14,-1.));
#4780=DIRECTION('',(1.28691668864308E-30,1.,-1.1720488486739E-14));
#4781=DIRECTION('',(1.09800601749589E-16,-1.17204884867287E-14,-1.));
#4782=DIRECTION('',(1.28691668864195E-30,1.,-1.17204884867287E-14));
#4783=DIRECTION('',(-1.23259516087995E-32,0.,-1.));
#4784=DIRECTION('',(0.,1.,0.));
#4785=DIRECTION('',(-1.23259516087995E-32,0.,-1.));
#4786=DIRECTION('',(0.,1.,0.));
#4787=DIRECTION('',(1.23259516087995E-32,0.,1.));
#4788=DIRECTION('',(1.,0.,-1.23259516087995E-32));
#4789=DIRECTION('',(-1.23259516087995E-32,0.,-1.));
#4790=DIRECTION('',(3.5278770522142E-41,0.,-1.));
#4791=DIRECTION('',(0.0280552478777075,0.996145138020923,0.0831129777098402));
#4792=DIRECTION('',(0.999555643817482,-0.0271190239455286,-0.0123722856764884));
#4793=DIRECTION('',(-0.0291534633143031,-0.989492640131205,-0.141613525847498));
#4794=DIRECTION('',(0.999407109143098,-0.0262584428881853,-0.0222693594726835));
#4795=DIRECTION('',(-1.23259516087995E-32,0.,-1.));
#4796=DIRECTION('',(0.,1.,0.));
#4797=DIRECTION('',(-1.23259516087995E-32,0.,-1.));
#4798=DIRECTION('',(-4.20578972947286E-26,-2.38524477886226E-18,-1.));
#4799=DIRECTION('',(1.7455305615119E-8,0.989949493661178,0.141421356237228));
#4800=DIRECTION('',(-2.49361508787267E-9,-0.141421356237228,0.989949493661178));
#4801=DIRECTION('',(-1.7321105777838E-8,-0.982338566422495,-0.187112107889889));
#4802=DIRECTION('',(-3.29925822993238E-9,-0.187112107889889,0.982338566422495));
#4803=DIRECTION('',(-1.76314792600355E-8,-1.,-5.68630769989786E-13));
#4804=DIRECTION('',(-0.00185127613647575,3.32094805636302E-11,-0.999998286386865));
#4805=DIRECTION('',(-1.23259516087995E-32,0.,-1.));
#4806=DIRECTION('',(0.,1.,0.));
#4807=DIRECTION('',(-3.5278770522142E-41,0.,1.));
#4808=DIRECTION('',(0.,-1.,0.));
#4809=DIRECTION('',(3.5278770522142E-41,0.,-1.));
#4810=DIRECTION('',(0.,1.,0.));
#4811=DIRECTION('',(-1.23259516087995E-32,0.,-1.));
#4812=DIRECTION('',(0.,1.,0.));
#4813=DIRECTION('',(1.23259516087995E-32,0.,1.));
#4814=DIRECTION('',(-1.23259516087995E-32,0.,-1.));
#4815=DIRECTION('',(-1.23259516087995E-32,0.,-1.));
#4816=DIRECTION('',(0.,1.,0.));
#4817=DIRECTION('',(-1.23259516087995E-32,0.,-1.));
#4818=DIRECTION('',(1.23259516087995E-32,0.,1.));
#4819=DIRECTION('',(3.5278770522142E-41,0.,-1.));
#4820=DIRECTION('',(1.,0.,-3.5278770522142E-41));
#4821=DIRECTION('',(-1.,1.76325213830487E-8,-3.30718282637746E-33));
#4822=DIRECTION('',(3.5278770522142E-41,0.,-1.));
#4823=DIRECTION('',(-1.,0.,-3.5278770522142E-41));
#4824=DIRECTION('',(3.5278770522142E-41,0.,-1.));
#4825=DIRECTION('',(-1.,0.,-3.5278770522142E-41));
#4826=DIRECTION('',(-1.23259516087995E-32,0.,-1.));
#4827=DIRECTION('',(0.,1.,0.));
#4828=DIRECTION('',(-1.23259516087995E-32,0.,-1.));
#4829=DIRECTION('',(0.,1.,0.));
#4830=DIRECTION('',(-1.23259516087995E-32,0.,-1.));
#4831=DIRECTION('',(-1.23259516087995E-32,0.,-1.));
#4832=DIRECTION('',(-1.23259516087995E-32,0.,-1.));
#4833=DIRECTION('',(0.,1.,0.));
#4834=DIRECTION('',(-1.23259516087995E-32,0.,-1.));
#4835=DIRECTION('',(1.23259516087995E-32,0.,1.));
#4836=DIRECTION('',(1.,0.,-1.23259516087995E-32));
#4837=DIRECTION('',(0.,0.,1.));
#4838=DIRECTION('',(2.52255694198184E-30,-1.,0.));
#4839=DIRECTION('',(-1.09800601749589E-16,-2.29739810327705E-14,1.));
#4840=DIRECTION('',(2.52255694198184E-30,-1.,-2.29739810327705E-14));
#4841=DIRECTION('',(1.71737627929843E-16,2.15973069730896E-16,1.));
#4842=DIRECTION('',(-2.37139730181683E-32,-1.,2.15973069730896E-16));
#4843=DIRECTION('',(1.23259516087995E-32,0.,1.));
#4844=DIRECTION('',(0.,-1.,0.));
#4845=DIRECTION('',(3.5278770522142E-41,0.,-1.));
#4846=DIRECTION('',(0.,1.,0.));
#4847=DIRECTION('',(3.5278770522142E-41,0.,-1.));
#4848=DIRECTION('',(1.71737627929843E-16,2.15973069730896E-16,1.));
#4849=DIRECTION('',(-2.37139730181683E-32,-1.,2.15973069730896E-16));
#4850=DIRECTION('',(3.5278770522142E-41,0.,-1.));
#4851=DIRECTION('',(1.23259516087995E-32,0.,1.));
#4852=DIRECTION('',(0.,-1.,0.));
#4853=DIRECTION('',(1.23259516087995E-32,0.,1.));
#4854=DIRECTION('',(-3.5278770522142E-41,0.,1.));
#4855=DIRECTION('',(0.,-1.,0.));
#4856=DIRECTION('',(1.23259516087995E-32,0.,1.));
#4857=DIRECTION('',(0.,-1.,0.));
#4858=DIRECTION('',(-3.5278770522142E-41,0.,1.));
#4859=DIRECTION('',(0.,-1.,0.));
#4860=DIRECTION('',(1.23259516087995E-32,0.,1.));
#4861=DIRECTION('',(-1.,1.76324784679089E-8,-2.91930090237981E-20));
#4862=DIRECTION('',(-0.707106585568294,0.707106976804747,5.04870979341448E-29));
#4863=DIRECTION('',(-0.707106976804747,-0.707106585568294,4.00732999904495E-13));
#4864=DIRECTION('',(-0.707106976804747,-0.707106585568294,-1.00974195868289E-28));
#4865=DIRECTION('',(0.707106976804747,0.707106585568294,0.));
#4866=DIRECTION('',(0.707106585568194,-0.707106976804847,1.70726576398445E-18));
#4867=DIRECTION('',(-0.707106976804848,-0.707106585568193,1.66597974108305E-18));
#4868=DIRECTION('',(-0.707106976804848,-0.707106585568193,1.66597974108305E-18));
#4869=DIRECTION('',(3.5278770522142E-41,0.,-1.));
#4870=DIRECTION('',(-0.707106976804848,-0.707106585568193,1.66597974108305E-18));
#4871=DIRECTION('',(3.5278770522142E-41,0.,-1.));
#4872=DIRECTION('',(-0.707106585568195,0.707106976804846,2.79738929972486E-12));
#4873=DIRECTION('',(1.46736864258654E-6,1.46737178662611E-6,-0.999999999997847));
#4874=DIRECTION('',(-0.707105429445414,-0.707105038209616,0.00209202949181828));
#4875=DIRECTION('',(0.707107157290789,0.707106405082106,-1.66597930527842E-18));
#4876=DIRECTION('',(0.707106405082107,-0.707107157290788,1.70726618923728E-18));
#4877=DIRECTION('',(0.707106405082107,-0.707107157290788,1.70726618923728E-18));
#4878=DIRECTION('',(-3.5278770522142E-41,0.,1.));
#4879=DIRECTION('',(0.707106405082107,-0.707107157290788,1.70726618923728E-18));
#4880=DIRECTION('',(-0.685994705444746,-0.685993975695132,0.242535625036331));
#4881=DIRECTION('',(5.87749550935442E-9,0.333333485706586,0.942808987709969));
#4882=DIRECTION('',(-0.707106405082107,0.707107157290788,-1.70726618923728E-18));
#4883=DIRECTION('',(-1.34756316255813E-7,-0.333333371147519,-0.942809028212719));
#4884=DIRECTION('',(-0.333333295519122,1.34756313867106E-7,-0.942809054951395));
#4885=DIRECTION('',(-0.972806214685367,1.71529843923402E-8,0.231620527306039));
#4886=DIRECTION('',(-1.76324782196092E-8,-1.,2.38524477886226E-18));
#4887=DIRECTION('',(0.23162052730604,-4.08404396044947E-9,0.972806214685367));
#4888=DIRECTION('',(1.76324782196092E-8,1.,-2.38524477886226E-18));
#4889=DIRECTION('',(-0.23162052730604,4.08404396044947E-9,-0.972806214685367));
#4890=DIRECTION('',(-1.76324784679089E-8,-1.,-1.04047383434614E-15));
#4891=DIRECTION('',(-3.5278770522142E-41,0.,1.));
#4892=DIRECTION('',(0.382683178517929,-0.923879637658183,2.21485073992984E-18));
#4893=DIRECTION('',(3.5278770522142E-41,0.,-1.));
#4894=DIRECTION('',(0.382683178517929,-0.923879637658183,2.21485073992984E-18));
#4895=DIRECTION('',(-0.163780532633567,-0.163780358406595,0.972806214685367));
#4896=DIRECTION('',(-3.5278770522142E-41,0.,1.));
#4897=DIRECTION('',(0.382683178517929,-0.923879637658183,2.21485073992984E-18));
#4898=DIRECTION('',(0.687878237060983,0.687877505307701,0.23162052730604));
#4899=DIRECTION('',(5.62675258173038E-9,0.319112970531684,-0.947716683423081));
#4900=DIRECTION('',(-0.163780532633568,-0.163780358406595,0.972806214685367));
#4901=DIRECTION('',(0.707106405082107,-0.707107157290788,1.70726618923728E-18));
#4902=DIRECTION('',(-0.707106405082107,0.707107157290788,-1.70726618923728E-18));
#4903=DIRECTION('',(-3.5278770522142E-41,0.,1.));
#4904=DIRECTION('',(-0.923879427364322,0.382683686212219,-9.39765046281299E-19));
#4905=DIRECTION('',(3.5278770522142E-41,0.,-1.));
#4906=DIRECTION('',(-0.923879427364322,0.382683686212219,-9.39765046281299E-19));
#4907=DIRECTION('',(-4.08404396044947E-9,-0.23162052730604,-0.972806214685367));
#4908=DIRECTION('',(-3.5278770522142E-41,0.,1.));
#4909=DIRECTION('',(-0.923879427364322,0.382683686212219,-9.39765046281299E-19));
#4910=DIRECTION('',(-1.71529846338877E-8,-0.972806214685367,0.23162052730604));
#4911=DIRECTION('',(4.08404396044947E-9,0.23162052730604,0.972806214685367));
#4912=DIRECTION('',(-4.08404396044947E-9,-0.23162052730604,-0.972806214685367));
#4913=DIRECTION('',(-1.,1.76324784679089E-8,-2.91930090237981E-20));
#4914=DIRECTION('',(1.,-1.76324784679089E-8,2.91930090237981E-20));
#4915=DIRECTION('',(-3.5278770522142E-41,0.,1.));
#4916=DIRECTION('',(0.707106793654593,0.707106768718502,-1.66598018329954E-18));
#4917=DIRECTION('',(3.5278770522142E-41,0.,-1.));
#4918=DIRECTION('',(0.707106793654593,0.707106768718502,-1.66598018329954E-18));
#4919=DIRECTION('',(-3.5278770522142E-41,0.,1.));
#4920=DIRECTION('',(0.707106793654593,0.707106768718502,-1.66598018329954E-18));
#4921=DIRECTION('',(-3.5278770522142E-41,0.,1.));
#4922=DIRECTION('',(0.362766380202964,-0.931880117501408,2.23335241228323E-18));
#4923=DIRECTION('',(-0.156600854427473,0.170658258112851,-0.972806214685367));
#4924=DIRECTION('',(3.5278770522142E-41,0.,-1.));
#4925=DIRECTION('',(0.362766380202964,-0.931880117501408,2.23335241228323E-18));
#4926=DIRECTION('',(-4.08404498905128E-9,-0.231620527306042,0.972806214685366));
#4927=DIRECTION('',(-3.5278770522142E-41,0.,1.));
#4928=DIRECTION('',(0.362766380202964,-0.931880117501408,2.23335241228323E-18));
#4929=DIRECTION('',(1.71529844499391E-8,0.972806214685367,0.23162052730604));
#4930=DIRECTION('',(4.08404396044947E-9,0.23162052730604,-0.972806214685367));
#4931=DIRECTION('',(-4.08404396044947E-9,-0.23162052730604,0.972806214685367));
#4932=DIRECTION('',(1.,-1.76324782788182E-8,2.91930090238019E-20));
#4933=DIRECTION('',(-1.,1.76324782788182E-8,-2.91930090238019E-20));
#4934=DIRECTION('',(-3.5278770522142E-41,0.,1.));
#4935=DIRECTION('',(-0.707106793654593,-0.707106768718502,1.66598018329954E-18));
#4936=DIRECTION('',(3.5278770522142E-41,0.,-1.));
#4937=DIRECTION('',(-0.707106793654593,-0.707106768718502,1.66598018329954E-18));
#4938=DIRECTION('',(-0.231620527156921,8.31130880362077E-6,0.972806214685367));
#4939=DIRECTION('',(-3.5278770522142E-41,0.,1.));
#4940=DIRECTION('',(-0.707106793654593,-0.707106768718502,1.66598018329954E-18));
#4941=DIRECTION('',(0.972806214059069,-3.49074969752072E-5,0.231620527306039));
#4942=DIRECTION('',(3.58832997242908E-5,0.999999999356194,-2.38524373024524E-18));
#4943=DIRECTION('',(1.76324780195585E-8,0.999999988654427,0.000150635800724495));
#4944=DIRECTION('',(-3.58832997242902E-5,-0.999999999356194,-1.1980046033879E-45));
#4945=DIRECTION('',(-3.5278770522142E-41,0.,1.));
#4946=DIRECTION('',(-0.707106768718502,0.707106793654593,-1.70726533252171E-18));
#4947=DIRECTION('',(3.5278770522142E-41,0.,-1.));
#4948=DIRECTION('',(-0.707106768718502,0.707106793654593,-1.70726533252171E-18));
#4949=DIRECTION('',(4.08404396044947E-9,0.23162052730604,0.972806214685367));
#4950=DIRECTION('',(-3.5278770522142E-41,0.,1.));
#4951=DIRECTION('',(-0.707106768718502,0.707106793654593,-1.70726533252171E-18));
#4952=DIRECTION('',(-1.71529846338877E-8,-0.972806214685367,0.23162052730604));
#4953=DIRECTION('',(4.08404396044947E-9,0.23162052730604,0.972806214685367));
#4954=DIRECTION('',(-4.08404396044947E-9,-0.23162052730604,-0.972806214685367));
#4955=DIRECTION('',(-1.,1.76324784679089E-8,-2.91930090237981E-20));
#4956=DIRECTION('',(1.,-1.76324784679089E-8,2.91930090237981E-20));
#4957=DIRECTION('',(-3.5278770522142E-41,0.,1.));
#4958=DIRECTION('',(0.549265366057517,0.835647986684406,-1.97719031188937E-18));
#4959=DIRECTION('',(3.5278770522142E-41,0.,-1.));
#4960=DIRECTION('',(0.549265366057517,0.835647986684406,-1.97719031188937E-18));
#4961=DIRECTION('',(-0.212624166889156,-0.0918642058922844,-0.972806214685367));
#4962=DIRECTION('',(-3.5278770522142E-41,0.,1.));
#4963=DIRECTION('',(0.549265366057517,0.835647986684406,-1.97719031188937E-18));
#4964=DIRECTION('',(3.5278770522142E-41,0.,-1.));
#4965=DIRECTION('',(0.209000901231522,0.977915447921962,-2.32646636052949E-18));
#4966=DIRECTION('',(-0.204545371566289,-0.108670417503282,-0.972806214685366));
#4967=DIRECTION('',(3.5278770522142E-41,0.,-1.));
#4968=DIRECTION('',(-1.76324784679089E-8,-1.,2.38524477886226E-18));
#4969=DIRECTION('',(-3.5278770522142E-41,0.,1.));
#4970=DIRECTION('',(-1.76324784679089E-8,-1.,2.38524477886226E-18));
#4971=DIRECTION('',(-3.5278770522142E-41,0.,1.));
#4972=DIRECTION('',(0.981424242750849,-0.191850086632566,4.86260103067061E-19));
#4973=DIRECTION('',(3.5278770522142E-41,0.,-1.));
#4974=DIRECTION('',(0.981424242750849,-0.191850086632566,4.86260103067061E-19));
#4975=DIRECTION('',(-0.148565883923077,0.177697064701933,-0.972806214685367));
#4976=DIRECTION('',(-3.5278770522142E-41,0.,1.));
#4977=DIRECTION('',(0.981424242750849,-0.191850086632566,4.86260103067061E-19));
#4978=DIRECTION('',(3.5278770522142E-41,0.,-1.));
#4979=DIRECTION('',(-0.61281371944324,0.790227400981605,-1.90277563346062E-18));
#4980=DIRECTION('',(3.5278770522142E-41,0.,-1.));
#4981=DIRECTION('',(-0.61281371944324,0.790227400981605,-1.90277563346062E-18));
#4982=DIRECTION('',(-3.5278770522142E-41,0.,1.));
#4983=DIRECTION('',(-0.61281371944324,0.790227400981605,-1.90277563346062E-18));
#4984=DIRECTION('',(3.5278770522142E-41,0.,-1.));
#4985=DIRECTION('',(0.405379935047939,-0.914148296645861,2.1923016952555E-18));
#4986=DIRECTION('',(-4.08400141501895E-9,-0.23162052730604,-0.972806214685367));
#4987=DIRECTION('',(-3.5278770522142E-41,0.,1.));
#4988=DIRECTION('',(0.405379935047939,-0.914148296645861,2.1923016952555E-18));
#4989=DIRECTION('',(3.5278770522142E-41,0.,-1.));
#4990=DIRECTION('',(0.405379935047939,-0.914148296645861,2.1923016952555E-18));
#4991=DIRECTION('',(-3.5278770522142E-41,0.,1.));
#4992=DIRECTION('',(1.,0.,3.5278770522142E-41));
#4993=DIRECTION('',(3.5278770522142E-41,0.,-1.));
#4994=DIRECTION('',(-1.76324784679089E-8,-1.,2.38524477886226E-18));
#4995=DIRECTION('',(-3.5278770522142E-41,0.,1.));
#4996=DIRECTION('',(1.,0.,3.5278770522142E-41));
#4997=DIRECTION('',(-3.5278770522142E-41,0.,1.));
#4998=DIRECTION('',(0.636485785241187,0.771288431902041,-1.82113079704483E-18));
#4999=DIRECTION('',(0.23162052730604,-4.08404390293814E-9,0.972806214685367));
#5000=DIRECTION('',(3.5278770522142E-41,0.,-1.));
#5001=DIRECTION('',(-1.,0.,-3.5278770522142E-41));
#5002=DIRECTION('',(-0.972806214685367,1.71529843923402E-8,0.231620527306039));
#5003=DIRECTION('',(-1.76324782196092E-8,-1.,2.38524477886226E-18));
#5004=DIRECTION('',(1.76324782196092E-8,1.,-2.38524477886226E-18));
#5005=DIRECTION('',(-1.76324784679089E-8,-1.,-1.04047383434614E-15));
#5006=DIRECTION('',(-3.5278770522142E-41,0.,1.));
#5007=DIRECTION('',(0.707094088176319,-0.707119473968933,1.70729520805997E-18));
#5008=DIRECTION('',(3.5278770522142E-41,0.,-1.));
#5009=DIRECTION('',(0.707094088176319,-0.707119473968933,1.70729520805997E-18));
#5010=DIRECTION('',(-4.08404396044945E-9,-0.231620527306039,0.972806214685367));
#5011=DIRECTION('',(-3.5278770522142E-41,0.,1.));
#5012=DIRECTION('',(0.707094088176319,-0.707119473968933,1.70729520805997E-18));
#5013=DIRECTION('',(1.71529846338877E-8,0.972806214685367,0.23162052730604));
#5014=DIRECTION('',(4.08404396044947E-9,0.23162052730604,-0.972806214685367));
#5015=DIRECTION('',(-1.,1.76324784679089E-8,-2.91930090237981E-20));
#5016=DIRECTION('',(-4.08404396044947E-9,-0.23162052730604,0.972806214685367));
#5017=DIRECTION('',(1.,-1.76324784679089E-8,2.91930090237981E-20));
#5018=DIRECTION('',(-3.5278770522142E-41,0.,1.));
#5019=DIRECTION('',(-0.518095978250268,-0.855322487323289,2.025028738829E-18));
#5020=DIRECTION('',(3.5278770522142E-41,0.,-1.));
#5021=DIRECTION('',(-0.518095978250268,-0.855322487323289,2.025028738829E-18));
#5022=DIRECTION('',(-0.205280241027548,-0.107275772256367,0.972806214685367));
#5023=DIRECTION('',(-3.5278770522142E-41,0.,1.));
#5024=DIRECTION('',(-0.518095978250268,-0.855322487323289,2.025028738829E-18));
#5025=DIRECTION('',(-0.685994150792358,0.685994530347662,0.24253562503633));
#5026=DIRECTION('',(5.87749146943615E-9,0.333333256588582,-0.942809068715427));
#5027=DIRECTION('',(0.707106976804848,0.707106585568193,-1.66597974108305E-18));
#5028=DIRECTION('',(-0.685645874138207,0.686363639541803,0.242476162936041));
#5029=DIRECTION('',(-0.707476606578442,-0.706736762270262,1.66508683136818E-18));
#5030=DIRECTION('',(-0.685645874138207,0.686363639541803,0.242476162936041));
#5031=DIRECTION('',(0.727935254866294,0.646489358095896,0.228389523821696));
#5032=DIRECTION('',(-0.835796022004764,0.497478953915877,0.232292272819775));
#5033=DIRECTION('',(-0.523173872303899,-0.849958958226397,-0.0621197928943839));
#5034=DIRECTION('',(0.707106565461249,-0.707057935886484,0.00832948867220128));
#5035=DIRECTION('',(-0.0212850204813892,-0.0330578649244529,-0.999226763787752));
#5036=DIRECTION('',(3.5278770522142E-41,0.,-1.));
#5037=DIRECTION('',(0.405379935047939,-0.914148296645861,2.1923016952555E-18));
#5038=DIRECTION('',(3.5278770522142E-41,0.,-1.));
#5039=DIRECTION('',(3.5278770522142E-41,0.,-1.));
#5040=DIRECTION('',(-0.518095978250268,-0.855322487323289,2.025028738829E-18));
#5041=DIRECTION('',(3.5278770522142E-41,0.,-1.));
#5042=DIRECTION('',(3.5278770522142E-41,0.,-1.));
#5043=DIRECTION('',(1.76324782788182E-8,1.,-2.38524477886226E-18));
#5044=DIRECTION('',(1.,-1.76324782788182E-8,2.91930090238019E-20));
#5045=DIRECTION('',(3.5278770522142E-41,0.,-1.));
#5046=DIRECTION('',(3.5278770522142E-41,0.,-1.));
#5047=DIRECTION('',(3.5278770522142E-41,0.,-1.));
#5048=DIRECTION('',(0.362766380202964,-0.931880117501408,2.23335241228323E-18));
#5049=DIRECTION('',(3.5278770522142E-41,0.,-1.));
#5050=DIRECTION('',(3.5278770522142E-41,0.,-1.));
#5051=DIRECTION('',(-0.61281371944324,0.790227400981605,-1.90277563346062E-18));
#5052=DIRECTION('',(3.5278770522142E-41,0.,-1.));
#5053=DIRECTION('',(3.5278770522142E-41,0.,-1.));
#5054=DIRECTION('',(0.981424242750849,-0.191850086632566,4.86260103067061E-19));
#5055=DIRECTION('',(3.5278770522142E-41,0.,-1.));
#5056=DIRECTION('',(3.5278770522142E-41,0.,-1.));
#5057=DIRECTION('',(0.209000901231522,0.977915447921962,-2.32646636052949E-18));
#5058=DIRECTION('',(3.5278770522142E-41,0.,-1.));
#5059=DIRECTION('',(3.5278770522142E-41,0.,-1.));
#5060=DIRECTION('',(0.549265366057517,0.835647986684406,-1.97719031188937E-18));
#5061=DIRECTION('',(3.5278770522142E-41,0.,-1.));
#5062=DIRECTION('',(-1.76324784679089E-8,-1.,2.38524477886226E-18));
#5063=DIRECTION('',(-1.,1.76324784679089E-8,-2.91930090237981E-20));
#5064=DIRECTION('',(3.5278770522142E-41,0.,-1.));
#5065=DIRECTION('',(3.5278770522142E-41,0.,-1.));
#5066=DIRECTION('',(-0.707106768718502,0.707106793654593,-1.70726533252171E-18));
#5067=DIRECTION('',(3.5278770522142E-41,0.,-1.));
#5068=DIRECTION('',(1.,-1.76324782196091E-8,2.91930090237916E-20));
#5069=DIRECTION('',(-1.76324782196092E-8,-1.,2.38524477886226E-18));
#5070=DIRECTION('',(3.5278770522142E-41,0.,-1.));
#5071=DIRECTION('',(3.5278770522142E-41,0.,-1.));
#5072=DIRECTION('',(-0.707106793654593,-0.707106768718502,1.66598018329954E-18));
#5073=DIRECTION('',(-1.,1.76324784679089E-8,-2.91930090237981E-20));
#5074=DIRECTION('',(1.76324784679089E-8,1.,-2.38524477886226E-18));
#5075=DIRECTION('',(3.5278770522142E-41,0.,-1.));
#5076=DIRECTION('',(3.5278770522142E-41,0.,-1.));
#5077=DIRECTION('',(3.5278770522142E-41,0.,-1.));
#5078=DIRECTION('',(0.707106793654593,0.707106768718502,-1.66598018329954E-18));
#5079=DIRECTION('',(3.5278770522142E-41,0.,-1.));
#5080=DIRECTION('',(-1.76324784679089E-8,-1.,2.38524477886226E-18));
#5081=DIRECTION('',(-1.,1.76324784679089E-8,-2.91930090237981E-20));
#5082=DIRECTION('',(3.5278770522142E-41,0.,-1.));
#5083=DIRECTION('',(3.5278770522142E-41,0.,-1.));
#5084=DIRECTION('',(-0.923879427364322,0.382683686212219,-9.39765046281299E-19));
#5085=DIRECTION('',(3.5278770522142E-41,0.,-1.));
#5086=DIRECTION('',(0.707107157290789,0.707106405082106,-1.66597930527842E-18));
#5087=DIRECTION('',(0.707106405082107,-0.707107157290788,1.70726618923728E-18));
#5088=DIRECTION('',(3.5278770522142E-41,0.,-1.));
#5089=DIRECTION('',(3.5278770522142E-41,0.,-1.));
#5090=DIRECTION('',(0.382683178517929,-0.923879637658183,2.21485073992984E-18));
#5091=DIRECTION('',(3.5278770522142E-41,0.,-1.));
#5092=DIRECTION('',(-0.0131805690071779,0.999913132527345,-2.38542235915131E-18));
#5093=DIRECTION('',(3.5278770522142E-41,0.,-1.));
#5094=DIRECTION('',(-0.636461574595009,0.771308410471481,-1.85833956113133E-18));
#5095=DIRECTION('',(3.5278770522142E-41,0.,-1.));
#5096=DIRECTION('',(1.,-1.76324782196091E-8,2.91930090237916E-20));
#5097=DIRECTION('',(-1.76324782196092E-8,-1.,2.38524477886226E-18));
#5098=DIRECTION('',(3.5278770522142E-41,0.,-1.));
#5099=DIRECTION('',(-0.707119473968934,-0.707094088176318,1.66594956691361E-18));
#5100=DIRECTION('',(3.5278770522142E-41,0.,-1.));
#5101=DIRECTION('',(1.76324784679089E-8,1.,-2.38524477886226E-18));
#5102=DIRECTION('',(1.,-1.76324784679089E-8,2.91930090237981E-20));
#5103=DIRECTION('',(1.76324784679089E-8,1.,-2.38524477886226E-18));
#5104=DIRECTION('',(1.,-1.76324784679089E-8,2.91930090237981E-20));
#5105=DIRECTION('',(3.5278770522142E-41,0.,-1.));
#5106=DIRECTION('',(3.5278770522142E-41,0.,-1.));
#5107=DIRECTION('',(0.707094088176319,-0.707119473968933,1.70729520805997E-18));
#5108=DIRECTION('',(-1.,1.76324784679089E-8,-2.91930090237981E-20));
#5109=DIRECTION('',(1.76324784679089E-8,1.,-2.38524477886226E-18));
#5110=DIRECTION('',(3.5278770522142E-41,0.,-1.));
#5111=DIRECTION('',(3.5278770522142E-41,0.,-1.));
#5112=DIRECTION('',(0.636485785241187,0.771288431902041,-1.82113079704483E-18));
#5113=DIRECTION('',(3.5278770522142E-41,0.,-1.));
#5114=DIRECTION('',(-0.0131805690071779,0.999913132527345,-2.38542235915131E-18));
#5115=DIRECTION('',(3.5278770522142E-41,0.,-1.));
#5116=DIRECTION('',(0.998812371937474,-0.0487221270537104,1.45372495776692E-19));
#5117=DIRECTION('',(-3.5278770522142E-41,0.,1.));
#5118=DIRECTION('',(0.998812371937474,-0.0487221270537104,1.45372495776692E-19));
#5119=DIRECTION('',(3.5278770522142E-41,0.,-1.));
#5120=DIRECTION('',(-1.76326625636172E-8,-1.,2.38524477886226E-18));
#5121=DIRECTION('',(-1.,1.76326625636172E-8,-2.91930090242341E-20));
#5122=DIRECTION('',(1.,-1.76326625636172E-8,-1.54468282537917E-12));
#5123=DIRECTION('',(3.5278770522142E-41,0.,-1.));
#5124=DIRECTION('',(-1.71528059430796E-8,-0.972806214685367,0.23162052730604));
#5125=DIRECTION('',(4.08404396044947E-9,0.23162052730604,0.972806214685367));
#5126=DIRECTION('',(-1.,1.76322947819852E-8,-2.91930090233585E-20));
#5127=DIRECTION('',(-4.08400141501895E-9,-0.23162052730604,-0.972806214685367));
#5128=DIRECTION('',(3.5278770522142E-41,0.,-1.));
#5129=DIRECTION('',(0.998812371937474,-0.0487221270537104,1.45372495776692E-19));
#5130=DIRECTION('',(3.5278770522142E-41,0.,-1.));
#5131=DIRECTION('',(0.998812371937474,-0.0487221270537104,1.45372495776692E-19));
#5132=DIRECTION('',(-0.00709175420900631,-0.231511934231837,0.972806214685367));
#5133=DIRECTION('',(-0.707106585568295,0.707106976804746,-1.70726576398445E-18));
#5134=DIRECTION('',(0.707106976804747,0.707106585568294,-1.66597974103257E-18));
#5135=DIRECTION('',(0.707106976804747,0.707106585568294,-1.66597974103257E-18));
#5136=DIRECTION('',(0.707106976804747,0.707106585568294,-1.66597974103257E-18));
#5137=DIRECTION('',(3.5278770522142E-41,0.,-1.));
#5138=DIRECTION('',(0.685994150792455,-0.685994530347564,0.242535625036332));
#5139=DIRECTION('',(5.87749146943695E-9,0.333333256588628,0.942809068715411));
#5140=DIRECTION('',(-0.707106976804747,-0.707106585568294,1.66597974103257E-18));
#5141=DIRECTION('',(0.685994150792455,-0.685994530347564,0.242535625036332));
#5142=DIRECTION('',(0.171498537698113,-0.17149863258689,-0.970142500145332));
#5143=DIRECTION('',(3.5278770522142E-41,0.,-1.));
#5144=DIRECTION('',(0.63561129630804,0.772009248652898,-1.82287565043551E-18));
#5145=DIRECTION('',(-3.5278770522142E-41,0.,1.));
#5146=DIRECTION('',(0.,-1.,0.));
#5147=DIRECTION('',(3.5278770522142E-41,0.,-1.));
#5148=DIRECTION('',(1.,-1.76324784679089E-8,2.91930090237981E-20));
#5149=DIRECTION('',(3.5278770522142E-41,0.,-1.));
#5150=DIRECTION('',(3.5278770522142E-41,0.,-1.));
#5151=DIRECTION('',(0.,0.,1.));
#5152=DIRECTION('',(-1.,1.76324784679089E-8,0.));
#5153=DIRECTION('',(1.71737627929843E-16,2.15973069730896E-16,1.));
#5154=DIRECTION('',(-2.37139730181683E-32,-1.,2.15973069730896E-16));
#5155=DIRECTION('',(-3.5278770522142E-41,0.,1.));
#5156=DIRECTION('',(0.,-1.,0.));
#5157=DIRECTION('',(-0.704371136384415,0.709831883074104,-1.7136854766202E-18));
#5158=DIRECTION('',(0.709831883074105,0.704371136384414,-1.65937547710172E-18));
#5159=DIRECTION('',(0.143461186104661,0.142357537174097,0.979363681014959));
#5160=DIRECTION('',(-0.539623377682948,-0.841906532970285,1.99239995514953E-18));
#5161=DIRECTION('',(-0.841906532970286,0.539623377682948,-1.31171159408486E-18));
#5162=DIRECTION('',(0.539623377682632,0.841906532970488,-5.47712923036031E-12));
#5163=DIRECTION('',(-0.0550806443826793,0.0353041605073406,0.997857574438988));
#5164=DIRECTION('',(3.5278770522142E-41,0.,-1.));
#5165=DIRECTION('',(-0.707106768718497,0.707106793654598,-1.70726533252171E-18));
#5166=DIRECTION('',(3.5278770522142E-41,0.,-1.));
#5167=DIRECTION('',(-0.707106768718497,0.707106793654598,-1.70726533252171E-18));
#5168=DIRECTION('',(3.5278770522142E-41,0.,-1.));
#5169=DIRECTION('',(3.5278770522142E-41,0.,-1.));
#5170=DIRECTION('',(3.5278770522142E-41,0.,-1.));
#5171=DIRECTION('',(-0.707106768718497,0.707106793654598,-1.70726533252171E-18));
#5172=DIRECTION('',(-2.49361404305127E-9,-0.141421356237228,0.989949493661178));
#5173=DIRECTION('',(0.141421356237311,-2.49360901875686E-9,0.989949493661166));
#5174=DIRECTION('',(3.5278770522142E-41,0.,-1.));
#5175=DIRECTION('',(-0.707106768718497,0.707106793654598,-1.70726533252171E-18));
#5176=DIRECTION('',(-3.5278770522142E-41,0.,1.));
#5177=DIRECTION('',(-0.717850264420549,-0.696197527912407,1.63964533985767E-18));
#5178=DIRECTION('',(-0.231620527156921,8.31130880362092E-6,0.972806214685367));
#5179=DIRECTION('',(3.5278770522142E-41,0.,-1.));
#5180=DIRECTION('',(-1.,0.,-3.5278770522142E-41));
#5181=DIRECTION('',(0.972806214059069,-3.49074969752077E-5,0.23162052730604));
#5182=DIRECTION('',(3.39591759444229E-5,0.999999999390733,8.08131987544544E-6));
#5183=DIRECTION('',(-0.231620527156921,8.31130880362093E-6,0.972806214685367));
#5184=DIRECTION('',(-3.58832997242909E-5,-0.999999999356194,2.38524373024524E-18));
#5185=DIRECTION('',(1.76324782678584E-8,0.999999988654428,0.000150635800723452));
#5186=DIRECTION('',(-3.5278770522142E-41,0.,1.));
#5187=DIRECTION('',(-0.707106768718438,0.707106793654656,-1.70726533252171E-18));
#5188=DIRECTION('',(3.5278770522142E-41,0.,-1.));
#5189=DIRECTION('',(-0.707106768718438,0.707106793654656,-1.70726533252171E-18));
#5190=DIRECTION('',(-3.5278770522142E-41,0.,1.));
#5191=DIRECTION('',(-0.707106768718438,0.707106793654656,-1.70726533252171E-18));
#5192=DIRECTION('',(-0.989949493661166,1.74552631312979E-8,0.141421356237311));
#5193=DIRECTION('',(-1.76324784679089E-8,-1.,2.38524477886226E-18));
#5194=DIRECTION('',(1.76324784679089E-8,1.,-2.38524477886226E-18));
#5195=DIRECTION('',(1.76324784679089E-8,1.,-2.38524477886226E-18));
#5196=DIRECTION('',(3.5278770522142E-41,0.,-1.));
#5197=DIRECTION('',(1.,-1.76324784679089E-8,2.91930090237981E-20));
#5198=DIRECTION('',(-3.5278770522142E-41,0.,1.));
#5199=DIRECTION('',(-1.,1.76324784679089E-8,-2.91930090237981E-20));
#5200=DIRECTION('',(3.5278770522142E-41,0.,-1.));
#5201=DIRECTION('',(1.,-1.76324784679089E-8,2.91930090237981E-20));
#5202=DIRECTION('',(-3.5278770522142E-41,0.,1.));
#5203=DIRECTION('',(-1.,1.76324784679089E-8,-2.91930090237981E-20));
#5204=DIRECTION('',(3.5278770522142E-41,0.,-1.));
#5205=DIRECTION('',(1.,-1.76324784679089E-8,2.91930090237981E-20));
#5206=DIRECTION('',(3.5278770522142E-41,0.,-1.));
#5207=DIRECTION('',(-0.707106768718438,0.707106793654656,-1.70726533252171E-18));
#5208=DIRECTION('',(3.5278770522142E-41,0.,-1.));
#5209=DIRECTION('',(3.5278770522142E-41,0.,-1.));
#5210=DIRECTION('',(-0.717850264420549,-0.696197527912407,1.63964533985767E-18));
#5211=DIRECTION('',(3.5278770522142E-41,0.,-1.));
#5212=DIRECTION('',(3.5278770522142E-41,0.,-1.));
#5213=DIRECTION('',(-1.,1.76324784679089E-8,-2.91930090237981E-20));
#5214=DIRECTION('',(3.5278770522142E-41,0.,-1.));
#5215=DIRECTION('',(-1.,1.76324784679089E-8,-2.91930090237981E-20));
#5216=DIRECTION('',(1.76324784679089E-8,1.,-2.38524477886226E-18));
#5217=DIRECTION('',(1.,-1.76324784679089E-8,2.91930090237981E-20));
#5218=DIRECTION('',(-1.76324784679089E-8,-1.,2.38524477886226E-18));
#5219=DIRECTION('',(-3.5278770522142E-41,0.,1.));
#5220=DIRECTION('',(-1.,1.76324784679089E-8,-2.91930090237981E-20));
#5221=DIRECTION('',(3.5278770522142E-41,0.,-1.));
#5222=DIRECTION('',(-1.,1.76324784679089E-8,-2.91930090237981E-20));
#5223=DIRECTION('',(3.5278770522142E-41,0.,-1.));
#5224=DIRECTION('',(-0.635611269083167,0.772009271067703,-1.85998646223139E-18));
#5225=DIRECTION('',(3.5278770522142E-41,0.,-1.));
#5226=DIRECTION('',(1.,-1.76324784679089E-8,2.91930090237981E-20));
#5227=DIRECTION('',(3.5278770522142E-41,0.,-1.));
#5228=DIRECTION('',(3.5278770522142E-41,0.,-1.));
#5229=DIRECTION('',(1.76325213830487E-8,1.,-2.38524477886226E-18));
#5230=DIRECTION('',(1.,-1.76325213830487E-8,2.91930090238989E-20));
#5231=DIRECTION('',(3.5278770522142E-41,0.,-1.));
#5232=DIRECTION('',(1.,-1.76325213830487E-8,3.5278770522142E-41));
#5233=DIRECTION('',(1.76324784679089E-8,1.,-2.38524477886226E-18));
#5234=DIRECTION('',(1.,-1.76324784679089E-8,2.91930090237981E-20));
#5235=DIRECTION('',(0.362533587155975,-6.38931541365703E-9,-0.93197070671981));
#5236=DIRECTION('',(-1.,1.76324784679089E-8,-2.91930090237981E-20));
#5237=DIRECTION('',(0.53962334799315,-0.84190655200008,2.02390641437797E-18));
#5238=DIRECTION('',(-0.841906552000081,-0.53962334799315,1.26255602348458E-18));
#5239=DIRECTION('',(-0.539623347992569,0.841906552000453,2.68361653612452E-12));
#5240=DIRECTION('',(-0.125519375557998,-0.0804521422457734,0.988823714909587));
#5241=DIRECTION('',(3.5278770522142E-41,0.,-1.));
#5242=DIRECTION('',(1.,-1.76324784679089E-8,2.91930090237981E-20));
#5243=DIRECTION('',(3.5278770522142E-41,0.,-1.));
#5244=DIRECTION('',(-1.,1.76324784679089E-8,-2.91930090237981E-20));
#5245=DIRECTION('',(-3.5278770522142E-41,0.,1.));
#5246=DIRECTION('',(-1.,1.76324784679089E-8,-2.91930090237981E-20));
#5247=DIRECTION('',(-3.5278770522142E-41,0.,1.));
#5248=DIRECTION('',(1.76324784679089E-8,1.,-2.38524477886226E-18));
#5249=DIRECTION('',(-3.5278770522142E-41,0.,1.));
#5250=DIRECTION('',(1.76324784679089E-8,1.,-2.38524477886226E-18));
#5251=DIRECTION('',(1.76324784679089E-8,1.,-2.38524477886226E-18));
#5252=DIRECTION('',(-3.5278770522142E-41,0.,1.));
#5253=DIRECTION('',(3.5278770522142E-41,0.,-1.));
#5254=DIRECTION('',(-0.723670284366229,-0.690145868295465,1.62504074670191E-18));
#5255=DIRECTION('',(3.5278770522142E-41,0.,-1.));
#5256=DIRECTION('',(3.5278770522142E-41,0.,-1.));
#5257=DIRECTION('',(0.723670260028264,-0.690145893815666,1.66729297229652E-18));
#5258=DIRECTION('',(3.5278770522142E-41,0.,-1.));
#5259=DIRECTION('',(0.,1.,0.));
#5260=DIRECTION('',(3.5278770522142E-41,0.,-1.));
#5261=DIRECTION('',(3.5278770522142E-41,0.,-1.));
#5262=DIRECTION('',(0.892325913103431,0.451391697757202,-1.05063004959901E-18));
#5263=DIRECTION('',(3.5278770522142E-41,0.,-1.));
#5264=DIRECTION('',(-0.892325897185121,0.451391729225037,-1.10272940605268E-18));
#5265=DIRECTION('',(1.,-1.76324784679089E-8,2.91930090237981E-20));
#5266=DIRECTION('',(1.76324784679089E-8,1.,-5.66832000797381E-13));
#5267=DIRECTION('',(-1.,1.76324784679089E-8,-1.09386802310119E-33));
#5268=DIRECTION('',(3.5278770522142E-41,0.,-1.));
#5269=DIRECTION('',(-1.76324784679089E-8,-1.,2.38524477886226E-18));
#5270=DIRECTION('',(1.7455305615119E-8,0.989949493661178,0.141421356237228));
#5271=DIRECTION('',(2.4936090187554E-9,0.141421356237228,-0.989949493661178));
#5272=DIRECTION('',(1.,-1.76325213830487E-8,2.91930086676912E-20));
#5273=DIRECTION('',(1.,-1.76325213830487E-8,2.91930090238989E-20));
#5274=DIRECTION('',(-5.7126917807099E-8,-0.989949496503007,-0.141421336344411));
#5275=DIRECTION('',(-0.997972875638848,-0.00900009728245984,0.0630010931495185));
#5276=DIRECTION('',(1.76325213830487E-8,1.,-2.38524477886226E-18));
#5277=DIRECTION('',(1.,-1.76325213830487E-8,2.91930090238989E-20));
#5278=DIRECTION('',(0.,0.,-1.));
#5279=DIRECTION('',(-0.744330647551462,0.66781126608917,-1.61462567203045E-18));
#5280=DIRECTION('',(3.5278770522142E-41,0.,-1.));
#5281=DIRECTION('',(-1.,0.,-3.5278770522142E-41));
#5282=DIRECTION('',(0.,0.,-1.));
#5283=DIRECTION('',(-0.744330647551462,0.66781126608917,-1.61462567203045E-18));
#5284=DIRECTION('',(3.5278770522142E-41,0.,-1.));
#5285=DIRECTION('',(-1.,0.,-3.5278770522142E-41));
#5286=DIRECTION('',(3.5278770522142E-41,0.,-1.));
#5287=DIRECTION('',(-1.,1.76324784679089E-8,-2.91930090237981E-20));
#5288=DIRECTION('',(3.5278770522142E-41,0.,-1.));
#5289=DIRECTION('',(1.,-1.76324784679089E-8,2.91930090237981E-20));
#5290=DIRECTION('',(-3.5278770522142E-41,0.,1.));
#5291=DIRECTION('',(1.,0.,3.5278770522142E-41));
#5292=DIRECTION('',(-3.5278770522142E-41,0.,1.));
#5293=DIRECTION('',(-0.8829475928573,-0.46947156278895,-3.11493055114903E-41));
#5294=DIRECTION('',(0.46947156278895,-0.8829475928573,0.));
#5295=DIRECTION('',(-3.5278770522142E-41,0.,1.));
#5296=DIRECTION('',(-3.5278770522142E-41,0.,1.));
#5297=DIRECTION('',(1.,0.,3.5278770522142E-41));
#5298=DIRECTION('',(0.882947592857225,0.469471562789093,3.11493055114877E-41));
#5299=DIRECTION('',(-0.469471562789093,0.882947592857225,0.));
#5300=DIRECTION('',(3.5278770522142E-41,0.,-1.));
#5301=DIRECTION('',(1.,-1.76324784679089E-8,2.91930090237981E-20));
#5302=DIRECTION('',(3.5278770522142E-41,0.,-1.));
#5303=DIRECTION('',(-1.,1.76324784679089E-8,-2.91930090237981E-20));
#5304=DIRECTION('',(3.5278770522142E-41,0.,-1.));
#5305=DIRECTION('',(-1.,1.76324784679089E-8,-2.91930090237981E-20));
#5306=DIRECTION('',(3.5278770522142E-41,0.,-1.));
#5307=DIRECTION('',(-1.,1.76324784679089E-8,-2.91930090237981E-20));
#5308=DIRECTION('',(-1.,-1.91885561436169E-32,1.2325951679368E-32));
#5309=DIRECTION('',(-1.23259516440783E-32,-5.66832000799317E-13,-1.));
#5310=DIRECTION('',(-1.,-1.91885561436169E-32,1.2325951679368E-32));
#5311=DIRECTION('',(-1.23259516440783E-32,-5.66832000799317E-13,-1.));
#5312=DIRECTION('',(1.76324784679089E-8,1.,-2.38524477886226E-18));
#5313=DIRECTION('',(-3.5278770522142E-41,0.,1.));
#5314=DIRECTION('',(1.76324784679089E-8,1.,-2.38524477886226E-18));
#5315=DIRECTION('',(-3.5278770522142E-41,0.,1.));
#5316=DIRECTION('',(1.76324784679089E-8,1.,-2.38524477886226E-18));
#5317=DIRECTION('',(-1.,1.76324784679089E-8,-1.09810596402638E-16));
#5318=DIRECTION('',(1.76324784679089E-8,1.,-2.38524477886226E-18));
#5319=DIRECTION('',(-3.5278770522142E-41,0.,1.));
#5320=DIRECTION('',(-1.,1.76324784679089E-8,-2.91930090237981E-20));
#5321=DIRECTION('',(-1.76324784679089E-8,-1.,2.38524477886226E-18));
#5322=DIRECTION('',(-3.5278770522142E-41,0.,1.));
#5323=DIRECTION('',(1.76324784679089E-8,1.,-2.38524477886226E-18));
#5324=DIRECTION('',(-1.,1.76324784679089E-8,-1.09810596402638E-16));
#5325=DIRECTION('',(-1.,1.76324784679089E-8,-1.12095141294413E-33));
#5326=DIRECTION('',(1.76324784679089E-8,1.,-2.38524477886226E-18));
#5327=DIRECTION('',(-3.5278770522142E-41,0.,1.));
#5328=DIRECTION('',(-1.76324784679089E-8,-1.,2.38524477886226E-18));
#5329=DIRECTION('',(3.5278770522142E-41,0.,-1.));
#5330=DIRECTION('',(1.76324784679089E-8,1.,-2.38524477886226E-18));
#5331=DIRECTION('',(1.76324784679089E-8,1.,-2.38524477886226E-18));
#5332=DIRECTION('',(3.5278770522142E-41,0.,-1.));
#5333=DIRECTION('',(-1.76324784679089E-8,-1.,2.38524477886226E-18));
#5334=DIRECTION('',(-1.,1.76324784679089E-8,-2.91930090237981E-20));
#5335=DIRECTION('',(-1.76324784679089E-8,-1.,2.38524477886226E-18));
#5336=DIRECTION('',(-1.76324784679089E-8,-1.,2.38524477886226E-18));
#5337=DIRECTION('',(-1.76324784679089E-8,-1.,2.38524477886226E-18));
#5338=DIRECTION('',(-3.5278770522142E-41,0.,1.));
#5339=DIRECTION('',(1.76324784679089E-8,1.,-2.38524477886226E-18));
#5340=DIRECTION('',(3.5278770522142E-41,0.,-1.));
#5341=DIRECTION('',(-1.76324784679089E-8,-1.,2.38524477886226E-18));
#5342=DIRECTION('',(0.655737704880697,-1.15622809619049E-8,-0.754988782961572));
#5343=DIRECTION('',(-1.76324784679089E-8,-1.,2.38524477886226E-18));
#5344=DIRECTION('',(1.76324784679089E-8,1.,-2.38524477886226E-18));
#5345=DIRECTION('',(-1.,1.76324784679089E-8,-1.09810596402638E-16));
#5346=DIRECTION('',(-3.5278770522142E-41,0.,1.));
#5347=DIRECTION('',(1.76324784679089E-8,1.,-2.38524477886226E-18));
#5348=DIRECTION('',(1.76324784679089E-8,1.,-2.38524477886226E-18));
#5349=DIRECTION('',(-1.,1.76324784679089E-8,-1.12095141294413E-33));
#5350=DIRECTION('',(1.76324784679089E-8,1.,-2.38524477886226E-18));
#5351=DIRECTION('',(-0.655737704880697,1.15622809619049E-8,-0.754988782961572));
#5352=DIRECTION('',(1.76324784679089E-8,1.,-2.38524477886226E-18));
#5353=DIRECTION('',(-1.,1.76324784679089E-8,-1.09810596402638E-16));
#5354=DIRECTION('',(1.76324784679089E-8,1.,-2.38524477886226E-18));
#5355=DIRECTION('',(-3.5278770522142E-41,0.,1.));
#5356=DIRECTION('',(1.76324784679089E-8,1.,-2.38524477886226E-18));
#5357=DIRECTION('',(-3.5278770522142E-41,0.,1.));
#5358=DIRECTION('',(1.76324784679089E-8,1.,-2.38524477886226E-18));
#5359=DIRECTION('',(-1.,1.76324784679089E-8,-1.09810596402638E-16));
#5360=DIRECTION('',(1.76324784679089E-8,1.,-2.38524477886226E-18));
#5361=DIRECTION('',(-3.5278770522142E-41,0.,1.));
#5362=DIRECTION('',(-1.,1.76324784679089E-8,-2.91930090237981E-20));
#5363=DIRECTION('',(-1.76324784679089E-8,-1.,2.38524477886226E-18));
#5364=DIRECTION('',(-3.5278770522142E-41,0.,1.));
#5365=DIRECTION('',(1.76324784679089E-8,1.,-2.38524477886226E-18));
#5366=DIRECTION('',(-1.,1.76324784679089E-8,-1.09810596402638E-16));
#5367=DIRECTION('',(-1.,1.76324784679089E-8,-1.12095141294413E-33));
#5368=DIRECTION('',(1.76324784679089E-8,1.,-2.38524477886226E-18));
#5369=DIRECTION('',(-3.5278770522142E-41,0.,1.));
#5370=DIRECTION('',(-1.76324784679089E-8,-1.,2.38524477886226E-18));
#5371=DIRECTION('',(3.5278770522142E-41,0.,-1.));
#5372=DIRECTION('',(1.76324784679089E-8,1.,-2.38524477886226E-18));
#5373=DIRECTION('',(1.76324784679089E-8,1.,-2.38524477886226E-18));
#5374=DIRECTION('',(3.5278770522142E-41,0.,-1.));
#5375=DIRECTION('',(-1.76324784679089E-8,-1.,2.38524477886226E-18));
#5376=DIRECTION('',(-1.,1.76324784679089E-8,-2.91930090237981E-20));
#5377=DIRECTION('',(-1.76324784679089E-8,-1.,2.38524477886226E-18));
#5378=DIRECTION('',(-1.76324784679089E-8,-1.,2.38524477886226E-18));
#5379=DIRECTION('',(-1.76324784679089E-8,-1.,2.38524477886226E-18));
#5380=DIRECTION('',(-3.5278770522142E-41,0.,1.));
#5381=DIRECTION('',(1.76324784679089E-8,1.,-2.38524477886226E-18));
#5382=DIRECTION('',(3.5278770522142E-41,0.,-1.));
#5383=DIRECTION('',(-1.76324784679089E-8,-1.,2.38524477886226E-18));
#5384=DIRECTION('',(0.655737704880697,-1.15622809619049E-8,-0.754988782961572));
#5385=DIRECTION('',(-1.76324784679089E-8,-1.,2.38524477886226E-18));
#5386=DIRECTION('',(1.76324784679089E-8,1.,-2.38524477886226E-18));
#5387=DIRECTION('',(-1.,1.76324784679089E-8,-1.09810596402638E-16));
#5388=DIRECTION('',(-3.5278770522142E-41,0.,1.));
#5389=DIRECTION('',(1.76324784679089E-8,1.,-2.38524477886226E-18));
#5390=DIRECTION('',(1.76324784679089E-8,1.,-2.38524477886226E-18));
#5391=DIRECTION('',(-1.,1.76324784679089E-8,-1.12095141294413E-33));
#5392=DIRECTION('',(1.76324784679089E-8,1.,-2.38524477886226E-18));
#5393=DIRECTION('',(-0.655737704880697,1.15622809619049E-8,-0.754988782961572));
#5394=DIRECTION('',(1.76324784679089E-8,1.,-2.38524477886226E-18));
#5395=DIRECTION('',(-1.,1.76324784679089E-8,-1.09810596402638E-16));
#5396=DIRECTION('',(1.76324784679089E-8,1.,-2.38524477886226E-18));
#5397=DIRECTION('',(-3.5278770522142E-41,0.,1.));
#5398=DIRECTION('',(1.76324784679089E-8,1.,-2.38524477886226E-18));
#5399=DIRECTION('',(-3.5278770522142E-41,0.,1.));
#5400=DIRECTION('',(1.76324784679089E-8,1.,-2.38524477886226E-18));
#5401=DIRECTION('',(-1.,1.76324784679089E-8,-1.09810596402638E-16));
#5402=DIRECTION('',(1.76324784679089E-8,1.,-2.38524477886226E-18));
#5403=DIRECTION('',(-3.5278770522142E-41,0.,1.));
#5404=DIRECTION('',(-1.,1.76324784679089E-8,-2.91930090237981E-20));
#5405=DIRECTION('',(-1.76324784679089E-8,-1.,2.38524477886226E-18));
#5406=DIRECTION('',(-3.5278770522142E-41,0.,1.));
#5407=DIRECTION('',(1.76324784679089E-8,1.,-2.38524477886226E-18));
#5408=DIRECTION('',(-1.,1.76324784679089E-8,-1.09810596402638E-16));
#5409=DIRECTION('',(-1.,1.76324784679089E-8,-1.12095141294413E-33));
#5410=DIRECTION('',(1.76324784679089E-8,1.,-2.38524477886226E-18));
#5411=DIRECTION('',(-3.5278770522142E-41,0.,1.));
#5412=DIRECTION('',(-1.76324784679089E-8,-1.,2.38524477886226E-18));
#5413=DIRECTION('',(3.5278770522142E-41,0.,-1.));
#5414=DIRECTION('',(1.76324784679089E-8,1.,-2.38524477886226E-18));
#5415=DIRECTION('',(1.76324784679089E-8,1.,-2.38524477886226E-18));
#5416=DIRECTION('',(3.5278770522142E-41,0.,-1.));
#5417=DIRECTION('',(-1.76324784679089E-8,-1.,2.38524477886226E-18));
#5418=DIRECTION('',(-1.,1.76324784679089E-8,-2.91930090237981E-20));
#5419=DIRECTION('',(-1.76324784679089E-8,-1.,2.38524477886226E-18));
#5420=DIRECTION('',(-1.76324784679089E-8,-1.,2.38524477886226E-18));
#5421=DIRECTION('',(-1.76324784679089E-8,-1.,2.38524477886226E-18));
#5422=DIRECTION('',(-3.5278770522142E-41,0.,1.));
#5423=DIRECTION('',(1.76324784679089E-8,1.,-2.38524477886226E-18));
#5424=DIRECTION('',(3.5278770522142E-41,0.,-1.));
#5425=DIRECTION('',(-1.76324784679089E-8,-1.,2.38524477886226E-18));
#5426=DIRECTION('',(0.655737704880697,-1.15622809619049E-8,-0.754988782961572));
#5427=DIRECTION('',(-1.76324784679089E-8,-1.,2.38524477886226E-18));
#5428=DIRECTION('',(1.76324784679089E-8,1.,-2.38524477886226E-18));
#5429=DIRECTION('',(-1.,1.76324784679089E-8,-1.09810596402638E-16));
#5430=DIRECTION('',(-3.5278770522142E-41,0.,1.));
#5431=DIRECTION('',(1.76324784679089E-8,1.,-2.38524477886226E-18));
#5432=DIRECTION('',(1.76324784679089E-8,1.,-2.38524477886226E-18));
#5433=DIRECTION('',(-1.,1.76324784679089E-8,-1.12095141294413E-33));
#5434=DIRECTION('',(1.76324784679089E-8,1.,-2.38524477886226E-18));
#5435=DIRECTION('',(-0.655737704880697,1.15622809619049E-8,-0.754988782961572));
#5436=DIRECTION('',(1.76324784679089E-8,1.,-2.38524477886226E-18));
#5437=DIRECTION('',(-1.,1.76324784679089E-8,-1.09810596402638E-16));
#5438=DIRECTION('',(1.76324784679089E-8,1.,-2.38524477886226E-18));
#5439=DIRECTION('',(-3.5278770522142E-41,0.,1.));
#5440=DIRECTION('',(1.76324784679089E-8,1.,-2.38524477886226E-18));
#5441=DIRECTION('',(-3.5278770522142E-41,0.,1.));
#5442=DIRECTION('',(1.76324784679089E-8,1.,-2.38524477886226E-18));
#5443=DIRECTION('',(-1.,1.76324784679089E-8,-1.09810596402638E-16));
#5444=DIRECTION('',(1.76324784679089E-8,1.,-2.38524477886226E-18));
#5445=DIRECTION('',(-3.5278770522142E-41,0.,1.));
#5446=DIRECTION('',(-1.,1.76324784679089E-8,-2.91930090237981E-20));
#5447=DIRECTION('',(-1.76324784679089E-8,-1.,2.38524477886226E-18));
#5448=DIRECTION('',(-3.5278770522142E-41,0.,1.));
#5449=DIRECTION('',(1.76324784679089E-8,1.,-2.38524477886226E-18));
#5450=DIRECTION('',(-1.,1.76324784679089E-8,-1.09810596402638E-16));
#5451=DIRECTION('',(-1.,1.76324784679089E-8,-1.12095141294413E-33));
#5452=DIRECTION('',(1.76324784679089E-8,1.,-2.38524477886226E-18));
#5453=DIRECTION('',(-3.5278770522142E-41,0.,1.));
#5454=DIRECTION('',(1.76324784679089E-8,1.,-2.38524477886226E-18));
#5455=DIRECTION('',(-1.,1.76324784679089E-8,-1.09810596402638E-16));
#5456=DIRECTION('',(1.76324784679089E-8,1.,-2.38524477886226E-18));
#5457=DIRECTION('',(3.5278770522142E-41,0.,-1.));
#5458=DIRECTION('',(-1.76324784679089E-8,-1.,2.38524477886226E-18));
#5459=DIRECTION('',(-1.,1.76324784679089E-8,-1.12095141294413E-33));
#5460=DIRECTION('',(-1.76324784679089E-8,-1.,2.38524477886226E-18));
#5461=DIRECTION('',(-1.76324784679089E-8,-1.,2.38524477886226E-18));
#5462=DIRECTION('',(-3.5278770522142E-41,0.,1.));
#5463=DIRECTION('',(1.76324784679089E-8,1.,-2.38524477886226E-18));
#5464=DIRECTION('',(-1.,1.76324784679089E-8,-1.09810596402638E-16));
#5465=DIRECTION('',(-1.76324784679089E-8,-1.,2.38524477886226E-18));
#5466=DIRECTION('',(0.655737704880697,-1.15622809619049E-8,-0.754988782961572));
#5467=DIRECTION('',(-1.76324784679089E-8,-1.,2.38524477886226E-18));
#5468=DIRECTION('',(1.76324784679089E-8,1.,-2.38524477886226E-18));
#5469=DIRECTION('',(-1.,1.76324784679089E-8,-1.09810596402638E-16));
#5470=DIRECTION('',(-3.5278770522142E-41,0.,1.));
#5471=DIRECTION('',(1.76324784679089E-8,1.,-2.38524477886226E-18));
#5472=DIRECTION('',(1.76324784679089E-8,1.,-2.38524477886226E-18));
#5473=DIRECTION('',(-1.,1.76324784679089E-8,-1.12095141294413E-33));
#5474=DIRECTION('',(1.76324784679089E-8,1.,-2.38524477886226E-18));
#5475=DIRECTION('',(-0.655737704880697,1.15622809619049E-8,-0.754988782961572));
#5476=DIRECTION('',(1.76324784679089E-8,1.,-2.38524477886226E-18));
#5477=DIRECTION('',(-1.,1.76324784679089E-8,-1.09810596402638E-16));
#5478=DIRECTION('',(1.76324784679089E-8,1.,-2.38524477886226E-18));
#5479=DIRECTION('',(-3.5278770522142E-41,0.,1.));
#5480=DIRECTION('',(-1.76324784679089E-8,-1.,2.38524477886226E-18));
#5481=DIRECTION('',(-1.,1.76324784679089E-8,-2.91930090237981E-20));
#5482=CARTESIAN_POINT('',(0.,0.,0.));
#5483=CARTESIAN_POINT('',(-0.000640849964689822,-0.0311554380280732,0.00920000256088629));
#5484=CARTESIAN_POINT('',(0.00322078458610798,-0.0311554380961634,0.00920000256088629));
#5485=CARTESIAN_POINT('',(0.00322078435512242,-0.0607554435863573,0.00920000256088629));
#5486=CARTESIAN_POINT('',(0.00322078454462125,-0.0335082967365751,0.00920000256088629));
#5487=CARTESIAN_POINT('',(0.00422078435223842,-0.0607554436039898,0.00920000256088629));
#5488=CARTESIAN_POINT('',(0.00422078435223842,-0.0607554436039898,0.00920000256088629));
#5489=CARTESIAN_POINT('',(0.00422078469183883,-0.0249955073392312,0.00920000256088629));
#5490=CARTESIAN_POINT('',(0.00422078454173725,-0.0335082967453914,0.00920000256088629));
#5491=CARTESIAN_POINT('',(0.0167207845417372,-0.0335082969657973,0.00920000256088629));
#5492=CARTESIAN_POINT('',(-0.000640849964689822,-0.0311554380280732,0.00920000256088629));
#5493=CARTESIAN_POINT('',(-0.00421965741539336,-0.0249955071904053,0.00920000256088629));
#5494=CARTESIAN_POINT('',(-0.00421965756549494,-0.0335082965965654,0.00920000256088629));
#5495=CARTESIAN_POINT('',(-0.00421965775499378,-0.0607554434551638,0.00920000256088629));
#5496=CARTESIAN_POINT('',(0.00422078435223842,-0.0607554436039898,0.00920000256088629));
#5497=CARTESIAN_POINT('',(-0.00321965775787778,-0.0607554434727963,0.00920000256088629));
#5498=CARTESIAN_POINT('',(-0.00321965752689221,-0.0311554379826025,0.00920000256088629));
#5499=CARTESIAN_POINT('',(-0.00321965756837894,-0.0335082966141979,0.00920000256088629));
#5500=CARTESIAN_POINT('',(0.0167207845417372,-0.0335082969657973,0.00920000256088629));
#5501=CARTESIAN_POINT('',(-0.000219657569331089,-0.0337054407805969,0.0092600992413764));
#5502=CARTESIAN_POINT('',(-0.00421965760423604,-0.0357054407100669,0.00401033734173941));
#5503=CARTESIAN_POINT('',(-0.00421965760459605,-0.0357054407100669,0.00401033734201372));
#5504=CARTESIAN_POINT('',(-0.00421965754252237,-0.032205440710067,0.00401033734173942));
#5505=CARTESIAN_POINT('',(-0.000219657604596046,-0.0357054407805969,0.0092600992413764));
#5506=CARTESIAN_POINT('',(-0.000219657604596046,-0.0357054407805969,0.0026600992413764));
#5507=CARTESIAN_POINT('',(-0.000219657569331088,-0.0337054407805969,0.0026600992413764));
#5508=CARTESIAN_POINT('',(-0.000219657542882371,-0.0322054407805969,0.00266009950077391));
#5509=CARTESIAN_POINT('',(-0.000219657542882371,-0.0322054407805969,0.00926009924137641));
#5510=CARTESIAN_POINT('',(-0.000219657639861003,-0.0377054407805969,0.0092600992413764));
#5511=CARTESIAN_POINT('',(-0.000219657639861003,-0.0377054407805969,0.00426009939960889));
#5512=CARTESIAN_POINT('',(-0.000219657542882371,-0.0322054407805969,0.00426009939960889));
#5513=CARTESIAN_POINT('',(-0.000219855820377857,-0.0357054407805934,0.00426009932835059));
#5514=CARTESIAN_POINT('',(-0.000219657604596046,-0.0357054407805969,0.00926009924137639));
#5515=CARTESIAN_POINT('',(-0.00421965760459605,-0.035705440710067,0.00626009924137638));
#5516=CARTESIAN_POINT('',(-0.004219657639501,-0.037705440710067,0.00626009924089639));
#5517=CARTESIAN_POINT('',(-0.00421965754252237,-0.032205440710067,0.00626009924089639));
#5518=CARTESIAN_POINT('',(-0.000219657542882371,-0.0322054407805969,0.0092600992413764));
#5519=CARTESIAN_POINT('',(0.000222563378850141,-0.0397054407883943,0.0026600995007739));
#5520=CARTESIAN_POINT('',(0.000222563449380054,-0.0357054407883943,0.0026600995007739));
#5521=CARTESIAN_POINT('',(0.000220784503356153,-0.035705440788363,0.0026600992413764));
#5522=CARTESIAN_POINT('',(0.000220784538621109,-0.0337054407883629,0.0026600992413764));
#5523=CARTESIAN_POINT('',(0.000220784565069828,-0.032205440788363,0.00266009924137641));
#5524=CARTESIAN_POINT('',(0.000222563511093728,-0.0322054407883943,0.00266009950077391));
#5525=CARTESIAN_POINT('',(0.000222563431747575,-0.0367054407883943,0.00426009955784129));
#5526=CARTESIAN_POINT('',(0.000220784468091198,-0.0377054407883629,0.00426009939960889));
#5527=CARTESIAN_POINT('',(0.000220982719647956,-0.0357054407883665,0.00426009932835059));
#5528=CARTESIAN_POINT('',(0.00022078456506983,-0.032205440788363,0.00426009939960889));
#5529=CARTESIAN_POINT('',(0.000222563449380054,-0.0357054407883943,0.00426009955784129));
#5530=CARTESIAN_POINT('',(0.000220784565174329,-0.032205440788363,0.0042600995578413));
#5531=CARTESIAN_POINT('',(0.000220784538621111,-0.0337054407883629,0.0092600992413764));
#5532=CARTESIAN_POINT('',(0.000220784503356153,-0.035705440788363,0.0092600992413764));
#5533=CARTESIAN_POINT('',(0.00422078450335615,-0.0357054408588929,0.00401033734201372));
#5534=CARTESIAN_POINT('',(0.00422078453826112,-0.0337054408588929,0.00401033734173943));
#5535=CARTESIAN_POINT('',(0.00422078456470984,-0.0322054408588929,0.00401033734173943));
#5536=CARTESIAN_POINT('',(0.000220784565069828,-0.032205440788363,0.00926009924137641));
#5537=CARTESIAN_POINT('',(0.000220784468091196,-0.0377054407883629,0.0092600992413764));
#5538=CARTESIAN_POINT('',(0.0042207844677312,-0.0377054408588929,0.00626009924089639));
#5539=CARTESIAN_POINT('',(0.00422078456470983,-0.0322054408588929,0.00626009924089639));
#5540=CARTESIAN_POINT('',(0.00422078450335615,-0.0357054408588929,0.00626009924137638));
#5541=CARTESIAN_POINT('',(0.000220784503356153,-0.0357054407883629,0.00926009924137639));
#5542=CARTESIAN_POINT('',(0.000220784565069828,-0.032205440788363,0.0092600992413764));
#5543=CARTESIAN_POINT('',(0.00022256335151975,-0.0412554435334914,0.00696517713507599));
#5544=CARTESIAN_POINT('',(-0.000221436465802521,-0.0311554380354685,0.006965177135076));
#5545=CARTESIAN_POINT('',(-0.000221436696788086,-0.0607554435256624,0.006965177135076));
#5546=CARTESIAN_POINT('',(-0.000221436514936466,-0.0243950413886345,0.006965177135076));
#5547=CARTESIAN_POINT('',(0.00422078435223842,-0.0607554436039898,0.00696517713507599));
#5548=CARTESIAN_POINT('',(0.000222563298622315,-0.0607554435334912,0.006965177135076));
#5549=CARTESIAN_POINT('',(0.000222563529607879,-0.0311554380432973,0.006965177135076));
#5550=CARTESIAN_POINT('',(0.000222563480473934,-0.0243950413964633,0.006965177135076));
#5551=CARTESIAN_POINT('',(0.0167207847024265,-0.0243950416873679,0.006965177135076));
#5552=CARTESIAN_POINT('',(0.00022078458358398,-0.0311554380432659,0.0100961692413764));
#5553=CARTESIAN_POINT('',(0.000220784352598414,-0.0607554435334598,0.0100961692413764));
#5554=CARTESIAN_POINT('',(0.000222563436445241,-0.0243950619090082,0.0069651771410286));
#5555=CARTESIAN_POINT('',(0.000445071125516649,-0.0243955400418459,0.00696530354885822));
#5556=CARTESIAN_POINT('',(0.000856772936076999,-0.0245850570732619,0.00701456534225023));
#5557=CARTESIAN_POINT('',(0.001436699321337,-0.0252226785484294,0.00719091546406207));
#5558=CARTESIAN_POINT('',(0.00182807164601366,-0.0259832702641499,0.00738555726439392));
#5559=CARTESIAN_POINT('',(0.00229217618815372,-0.0266359295318612,0.00773589280734724));
#5560=CARTESIAN_POINT('',(0.00262509263488592,-0.0273626589550816,0.00807062034974945));
#5561=CARTESIAN_POINT('',(0.00289532784440007,-0.0283682657459059,0.0084466927337356));
#5562=CARTESIAN_POINT('',(0.00307042477212098,-0.0296106812409625,0.00878667321336968));
#5563=CARTESIAN_POINT('',(0.00319757393315229,-0.0313178741468482,0.00910809407545737));
#5564=CARTESIAN_POINT('',(0.00322078456018429,-0.0326325722830951,0.00920000256129422));
#5565=CARTESIAN_POINT('',(0.00322078454462124,-0.0335082967365495,0.0092000025608863));
#5566=CARTESIAN_POINT('',(-0.000219657524368221,-0.0311554380354999,0.0100961692413764));
#5567=CARTESIAN_POINT('',(-0.000219657755353785,-0.0607554435256937,0.0100961692413764));
#5568=CARTESIAN_POINT('',(-0.00321965756837894,-0.0335082966141724,0.00920000256088629));
#5569=CARTESIAN_POINT('',(-0.00321965755301043,-0.0326367342284665,0.00920000256088393));
#5570=CARTESIAN_POINT('',(-0.00319650833520959,-0.0313417912068262,0.00910967135441295));
#5571=CARTESIAN_POINT('',(-0.0030735478394391,-0.0296496044739431,0.00879585076285234));
#5572=CARTESIAN_POINT('',(-0.00289804699019351,-0.0283903586934423,0.0084536395209934));
#5573=CARTESIAN_POINT('',(-0.00263810641431949,-0.0274085544176647,0.00808860096548586));
#5574=CARTESIAN_POINT('',(-0.00231238000718159,-0.0266712321031449,0.00775457512776026));
#5575=CARTESIAN_POINT('',(-0.00184205746741992,-0.0260058566488556,0.00739342975053971));
#5576=CARTESIAN_POINT('',(-0.00144426943183444,-0.0252359947187049,0.00719439230288776));
#5577=CARTESIAN_POINT('',(-0.000861837551681245,-0.0245887492988961,0.00701557065868832));
#5578=CARTESIAN_POINT('',(-0.000445589524356861,-0.0243955436301795,0.00696530450169431));
#5579=CARTESIAN_POINT('',(-0.0002214364737883,-0.0243950618789273,0.00696517713514553));
#5580=CARTESIAN_POINT('',(-0.00421965770209634,-0.0412554434551639,0.00249999946901199));
#5581=CARTESIAN_POINT('',(-0.00421965760459605,-0.0357054407100669,0.00360504935515139));
#5582=CARTESIAN_POINT('',(-0.00421965754252237,-0.0322054407100669,0.00249999946901199));
#5583=CARTESIAN_POINT('',(-0.00421965716354111,-0.0107120779346479,6.93889390390723E-18));
#5584=CARTESIAN_POINT('',(-0.00421965775499378,-0.0607554434551638,6.93889390390723E-18));
#5585=CARTESIAN_POINT('',(-0.00421965748408333,-0.0288911570913267,0.));
#5586=CARTESIAN_POINT('',(-0.00421965775499378,-0.0607554434551638,0.00249999946901199));
#5587=CARTESIAN_POINT('',(-0.00421965756549494,-0.0335082965965398,0.00920000256088629));
#5588=CARTESIAN_POINT('',(-0.00421965753787518,-0.0319418825450862,0.00920000256088204));
#5589=CARTESIAN_POINT('',(-0.00421965751070096,-0.0304007372346395,0.0090105118570571));
#5590=CARTESIAN_POINT('',(-0.00421965748408335,-0.0288911584506322,0.00858430331171055));
#5591=CARTESIAN_POINT('',(-0.00421965748408351,-0.0288911584539856,0.00858430331265739));
#5592=CARTESIAN_POINT('',(-0.00421965748408333,-0.0288911570913267,0.00249999946901199));
#5593=CARTESIAN_POINT('',(-0.00421965770121467,-0.0577054407100669,0.00249999946901199));
#5594=CARTESIAN_POINT('',(-0.00421965770157468,-0.0577054407100669,0.00626009924137638));
#5595=CARTESIAN_POINT('',(-0.00421965770121467,-0.0577054407100669,0.00401033734173942));
#5596=CARTESIAN_POINT('',(-0.00421965785990698,-0.0502054407100669,0.00401033734173942));
#5597=CARTESIAN_POINT('',(-0.00421965793079688,-0.0542054407100669,0.00401033734201373));
#5598=CARTESIAN_POINT('',(-0.00421965793079688,-0.0542054407100669,0.00571502441210339));
#5599=CARTESIAN_POINT('',(-0.00421965793066769,-0.0542054407100669,0.00626009924120419));
#5600=CARTESIAN_POINT('',(-0.00421965793079688,-0.0542054407100669,0.00626009924137638));
#5601=CARTESIAN_POINT('',(-0.00421965770157468,-0.0412054407100668,0.00360504935515139));
#5602=CARTESIAN_POINT('',(-0.00421965770157468,-0.0412054407100669,0.00626009924137638));
#5603=CARTESIAN_POINT('',(-0.00421965770157468,-0.0412054407100668,0.00401033734201372));
#5604=CARTESIAN_POINT('',(-0.00421965756897109,-0.033705440710067,0.00401033734173942));
#5605=CARTESIAN_POINT('',(-0.004219657639861,-0.037705440710067,0.00401033734201373));
#5606=CARTESIAN_POINT('',(-0.004219657639861,-0.037705440710067,0.00571502441210339));
#5607=CARTESIAN_POINT('',(-0.00421965763973181,-0.037705440710067,0.00626009924120419));
#5608=CARTESIAN_POINT('',(-0.004219657639861,-0.037705440710067,0.00626009924137638));
#5609=CARTESIAN_POINT('',(-0.00421965779855331,-0.0467054407100668,0.00360504935515139));
#5610=CARTESIAN_POINT('',(-0.00421965779855331,-0.0467054407100669,0.00626009924137638));
#5611=CARTESIAN_POINT('',(-0.00421965779855331,-0.0467054407100668,0.00401033734201372));
#5612=CARTESIAN_POINT('',(-0.00421965766594972,-0.0392054407100669,0.00401033734173942));
#5613=CARTESIAN_POINT('',(-0.00421965773683963,-0.0432054407100669,0.00401033734201373));
#5614=CARTESIAN_POINT('',(-0.00421965773683963,-0.0432054407100669,0.00571502441210339));
#5615=CARTESIAN_POINT('',(-0.00421965773671044,-0.0432054407100669,0.00626009924120419));
#5616=CARTESIAN_POINT('',(-0.00421965773683963,-0.0432054407100669,0.00626009924137638));
#5617=CARTESIAN_POINT('',(-0.00421965789553193,-0.0522054407100668,0.00360504935515139));
#5618=CARTESIAN_POINT('',(-0.00421965789553193,-0.0522054407100669,0.00626009924137638));
#5619=CARTESIAN_POINT('',(-0.00421965789553193,-0.0522054407100668,0.00401033734201372));
#5620=CARTESIAN_POINT('',(-0.00421965776292835,-0.0447054407100669,0.00401033734173942));
#5621=CARTESIAN_POINT('',(-0.00421965783381825,-0.0487054407100669,0.00401033734201373));
#5622=CARTESIAN_POINT('',(-0.00421965783381825,-0.0487054407100669,0.00571502441210339));
#5623=CARTESIAN_POINT('',(-0.00421965783368906,-0.0487054407100669,0.00626009924120419));
#5624=CARTESIAN_POINT('',(-0.00421965783381825,-0.0487054407100669,0.00626009924137638));
#5625=CARTESIAN_POINT('',(0.00422078462314887,-0.0288911572401526,0.00249999946901199));
#5626=CARTESIAN_POINT('',(0.00422078450335615,-0.0357054408588929,0.00360504935515139));
#5627=CARTESIAN_POINT('',(0.00422078456470983,-0.0322054408588929,0.0047100992412903));
#5628=CARTESIAN_POINT('',(0.00422078435223842,-0.0607554436039898,0.00249999946901199));
#5629=CARTESIAN_POINT('',(0.00422078435223842,-0.0607554436039898,6.93889390390723E-18));
#5630=CARTESIAN_POINT('',(0.00422078494369108,-0.0107120780834738,6.93889390390723E-18));
#5631=CARTESIAN_POINT('',(0.00422078462314887,-0.0288911572401526,0.));
#5632=CARTESIAN_POINT('',(0.00422078462314887,-0.0288911572401526,0.00249999946901199));
#5633=CARTESIAN_POINT('',(0.00422078462314885,-0.02889115860763,0.00858430331401783));
#5634=CARTESIAN_POINT('',(0.00422078454173725,-0.0335082967453658,0.00920000256088629));
#5635=CARTESIAN_POINT('',(0.00422078456935702,-0.0319418826956107,0.00920000256088204));
#5636=CARTESIAN_POINT('',(0.00422078459653123,-0.0304007373867805,0.0090105118574509));
#5637=CARTESIAN_POINT('',(0.00422078462314885,-0.0288911586042766,0.00858430331307099));
#5638=CARTESIAN_POINT('',(0.00422078440601753,-0.0577054408588928,0.00893004935519429));
#5639=CARTESIAN_POINT('',(0.00422078440637753,-0.0577054408588927,0.00626009924137638));
#5640=CARTESIAN_POINT('',(0.00422078440601753,-0.0577054408588928,0.00401033734173942));
#5641=CARTESIAN_POINT('',(0.00422078417715532,-0.0542054408588928,0.00626009924137638));
#5642=CARTESIAN_POINT('',(0.00422078417715532,-0.0542054408588927,0.00626009924137638));
#5643=CARTESIAN_POINT('',(0.00422078417715532,-0.0542054408588928,0.00571502441210339));
#5644=CARTESIAN_POINT('',(0.00422078417715532,-0.0542054408588927,0.00401033734201373));
#5645=CARTESIAN_POINT('',(0.00422078411508165,-0.0577054408588928,0.00401033734173942));
#5646=CARTESIAN_POINT('',(0.00422078440637753,-0.0412054408588928,0.00360504935515139));
#5647=CARTESIAN_POINT('',(0.00422078440637753,-0.0412054408588928,0.00626009924137638));
#5648=CARTESIAN_POINT('',(0.00422078440637753,-0.0412054408588928,0.00401033734201372));
#5649=CARTESIAN_POINT('',(0.0042207844680912,-0.0377054408588929,0.00626009924137638));
#5650=CARTESIAN_POINT('',(0.0042207844680912,-0.0377054408588928,0.00626009924137638));
#5651=CARTESIAN_POINT('',(0.0042207844680912,-0.0377054408588929,0.00571502441210339));
#5652=CARTESIAN_POINT('',(0.0042207844680912,-0.0377054408588928,0.00401033734201373));
#5653=CARTESIAN_POINT('',(0.00422078440601753,-0.0412054408588929,0.00401033734173942));
#5654=CARTESIAN_POINT('',(0.00422078430939889,-0.0467054408588928,0.00360504935515139));
#5655=CARTESIAN_POINT('',(0.00422078430939889,-0.0467054408588928,0.00626009924137638));
#5656=CARTESIAN_POINT('',(0.00422078430939889,-0.0467054408588928,0.00401033734201372));
#5657=CARTESIAN_POINT('',(0.00422078437111257,-0.0432054408588929,0.00626009924137638));
#5658=CARTESIAN_POINT('',(0.00422078437111257,-0.0432054408588928,0.00626009924137638));
#5659=CARTESIAN_POINT('',(0.00422078437111257,-0.0432054408588929,0.00571502441210339));
#5660=CARTESIAN_POINT('',(0.00422078437111257,-0.0432054408588928,0.00401033734201373));
#5661=CARTESIAN_POINT('',(0.0042207843090389,-0.0467054408588929,0.00401033734173942));
#5662=CARTESIAN_POINT('',(0.00422078421242027,-0.0522054408588928,0.00360504935515139));
#5663=CARTESIAN_POINT('',(0.00422078421242027,-0.0522054408588928,0.00626009924137638));
#5664=CARTESIAN_POINT('',(0.00422078421242027,-0.0522054408588928,0.00401033734201372));
#5665=CARTESIAN_POINT('',(0.00422078427413394,-0.0487054408588928,0.00626009924137638));
#5666=CARTESIAN_POINT('',(0.00422078427413394,-0.0487054408588927,0.00626009924137638));
#5667=CARTESIAN_POINT('',(0.00422078427413394,-0.0487054408588928,0.00571502441210339));
#5668=CARTESIAN_POINT('',(0.00422078427413394,-0.0487054408588927,0.00401033734201373));
#5669=CARTESIAN_POINT('',(0.00422078421206027,-0.0522054408588928,0.00401033734173942));
#5670=CARTESIAN_POINT('',(0.00500660153071251,0.0119750407048902,6.93889390390723E-18));
#5671=CARTESIAN_POINT('',(0.019682027582199,0.00923330043299661,6.93889390390723E-18));
#5672=CARTESIAN_POINT('',(0.0182044079732488,0.00839268144008383,6.93889390390723E-18));
#5673=CARTESIAN_POINT('',(0.0211830384900564,0.010031402089738,6.93889390390723E-18));
#5674=CARTESIAN_POINT('',(0.0138099978504557,0.0166558895587926,6.93889390390723E-18));
#5675=CARTESIAN_POINT('',(0.0205060869894726,0.00406385279957705,6.93889390390723E-18));
#5676=CARTESIAN_POINT('',(0.0220292661181524,0.00481878679798587,6.93889390390723E-18));
#5677=CARTESIAN_POINT('',(0.0235302770260095,0.00561688845472712,6.93889390390723E-18));
#5678=CARTESIAN_POINT('',(0.0168120196661727,0.0182520928722743,6.93889390390723E-18));
#5679=CARTESIAN_POINT('',(-0.01724312649699,-0.0148509077764672,1.38777878078145E-17));
#5680=CARTESIAN_POINT('',(-0.01724312649699,-0.0131509077764672,1.38777878078145E-17));
#5681=CARTESIAN_POINT('',(-0.00119999976416489,0.011975040814328,6.93889390390723E-18));
#5682=CARTESIAN_POINT('',(-0.00120000012851815,-0.00868871683948552,6.93889390390723E-18));
#5683=CARTESIAN_POINT('',(-0.00120000005765343,-0.00466972872866302,6.93889390390723E-18));
#5684=CARTESIAN_POINT('',(-0.00320000005765344,-0.00466972869339806,6.93889390390723E-18));
#5685=CARTESIAN_POINT('',(-0.00320000002238848,-0.00266972869339806,0.));
#5686=CARTESIAN_POINT('',(1.07854686185339E-5,-0.00266972875001216,0.));
#5687=CARTESIAN_POINT('',(-0.00721898271396065,-0.00266972862253344,0.));
#5688=CARTESIAN_POINT('',(-0.00721898272718501,-0.00341972862253344,6.93889390390723E-18));
#5689=CARTESIAN_POINT('',(-0.00774931309515314,-0.003950058426345,0.));
#5690=CARTESIAN_POINT('',(-0.00384935854888059,-0.00785001712132787,6.93889390390723E-18));
#5691=CARTESIAN_POINT('',(-0.00248033049648628,-0.00921904663007271,6.93889390390723E-18));
#5692=CARTESIAN_POINT('',(-0.00195000012851814,-0.00868871682626117,6.93889390390723E-18));
#5693=CARTESIAN_POINT('',(0.00623884003115887,-0.0105491920977259,6.93889390390723E-18));
#5694=CARTESIAN_POINT('',(0.00319999983867707,-0.0105491920441436,6.93889390390723E-18));
#5695=CARTESIAN_POINT('',(0.0106808771554484,-0.01054919217605,6.93889390390723E-18));
#5696=CARTESIAN_POINT('',(0.0106808772347945,-0.00604919217605003,0.));
#5697=CARTESIAN_POINT('',(0.0137233702863387,-0.00936479710295334,6.93889390390723E-18));
#5698=CARTESIAN_POINT('',(0.0572648264017715,-0.0568147876124133,0.));
#5699=CARTESIAN_POINT('',(0.0159574214151473,-0.00740772037228038,6.93889390390723E-18));
#5700=CARTESIAN_POINT('',(0.0143538730849212,-0.00548974415954235,0.));
#5701=CARTESIAN_POINT('',(0.0165616369427422,-0.0043168082072844,0.));
#5702=CARTESIAN_POINT('',(0.0219205640530406,-0.00146972913633586,0.));
#5703=CARTESIAN_POINT('',(0.01634997888887,-0.00387649874276834,0.));
#5704=CARTESIAN_POINT('',(0.0145140089136509,-0.00466972900573995,6.93889390390723E-18));
#5705=CARTESIAN_POINT('',(0.0145140089489159,-0.00266972900573995,0.));
#5706=CARTESIAN_POINT('',(-0.0203194359681186,-0.00266972839153998,0.));
#5707=CARTESIAN_POINT('',(0.00319999997761154,-0.00266972880624593,0.));
#5708=CARTESIAN_POINT('',(0.00319999994234659,-0.00466972880624593,6.93889390390723E-18));
#5709=CARTESIAN_POINT('',(0.00119999994234658,-0.00466972877098098,6.93889390390723E-18));
#5710=CARTESIAN_POINT('',(0.0012,-0.00140000002115898,0.));
#5711=CARTESIAN_POINT('',(0.00119999987394203,-0.00854919200887867,0.));
#5712=CARTESIAN_POINT('',(0.00319999987394203,-0.00854919204414363,0.));
#5713=CARTESIAN_POINT('',(-0.0219194359469596,-0.001469728363328,0.));
#5714=CARTESIAN_POINT('',(-0.0217336375903445,0.00459570138075492,0.));
#5715=CARTESIAN_POINT('',(-0.0165412558374448,0.00134081210415236,0.));
#5716=CARTESIAN_POINT('',(-0.0138824210172091,0.0027302714949595,6.93889390390723E-18));
#5717=CARTESIAN_POINT('',(-0.0138824210701065,-0.000269728505040508,0.));
#5718=CARTESIAN_POINT('',(-0.0203194359258006,-0.00026972839153998,0.));
#5719=CARTESIAN_POINT('',(-0.00319988771286161,-0.000269728693400044,0.));
#5720=CARTESIAN_POINT('',(-0.00319988767759666,0.00173027130659996,0.));
#5721=CARTESIAN_POINT('',(-0.00119988416158852,0.00173024972078195,0.));
#5722=CARTESIAN_POINT('',(-0.00119999976416489,0.011975040814328,6.93889390390723E-18));
#5723=CARTESIAN_POINT('',(-0.00119999975368078,0.0125696317711572,6.93889390390723E-18));
#5724=CARTESIAN_POINT('',(-0.00269999975368073,0.0125696344879887,6.93889390390723E-18));
#5725=CARTESIAN_POINT('',(-0.00298422941358198,0.0140424717404517,6.93889390390723E-18));
#5726=CARTESIAN_POINT('',(0.,-0.0014,0.));
#5727=CARTESIAN_POINT('',(-0.0116562745455603,0.009159215857311,6.93889390390723E-18));
#5728=CARTESIAN_POINT('',(-0.0135088516491549,0.0108372706949135,0.));
#5729=CARTESIAN_POINT('',(-0.0135088516932365,0.00833727069491356,6.93889390390723E-18));
#5730=CARTESIAN_POINT('',(-0.0115884624540784,0.00833727066105133,6.93889390390723E-18));
#5731=CARTESIAN_POINT('',(-0.0221877105708579,0.00833727084794435,6.93889390390723E-18));
#5732=CARTESIAN_POINT('',(-0.0221877105884905,0.00733727084794435,0.));
#5733=CARTESIAN_POINT('',(-0.0231877105884906,0.00733727086557682,0.));
#5734=CARTESIAN_POINT('',(-0.023187710701326,0.000937976114220805,6.93889390390723E-18));
#5735=CARTESIAN_POINT('',(-0.0231877106103949,0.00609499814651582,0.));
#5736=CARTESIAN_POINT('',(-0.0216877106103949,0.0060949981215791,0.));
#5737=CARTESIAN_POINT('',(0.0219205640530406,-0.00146972913633586,6.93889390390723E-18));
#5738=CARTESIAN_POINT('',(0.0219205640530406,0.00128027086366414,6.93889390390723E-18));
#5739=CARTESIAN_POINT('',(-0.0219194359469596,-0.001469728363328,1.38777878078145E-17));
#5740=CARTESIAN_POINT('',(-0.0219194359469596,0.00128027163667196,1.38777878078145E-17));
#5741=CARTESIAN_POINT('',(1.07855109364834E-5,-0.000269728750012162,0.));
#5742=CARTESIAN_POINT('',(0.00320011229125479,-0.0002697288062479,0.));
#5743=CARTESIAN_POINT('',(0.0133666447246452,-0.000269728985509062,3.89897718546375E-22));
#5744=CARTESIAN_POINT('',(0.0133666447599101,0.00173027101449093,6.93889390390723E-18));
#5745=CARTESIAN_POINT('',(0.0153139594432888,0.00218630338603679,5.40257660985175E-43));
#5746=CARTESIAN_POINT('',(0.,-0.0014,0.));
#5747=CARTESIAN_POINT('',(0.00298518936991085,0.0140423467544727,6.93889390390723E-18));
#5748=CARTESIAN_POINT('',(0.00270000024631971,0.0125696587428253,6.93889390390723E-18));
#5749=CARTESIAN_POINT('',(0.00120000024631971,0.01256965878628,6.93889390390723E-18));
#5750=CARTESIAN_POINT('',(0.0011999999790424,-0.00258857954901727,6.93889390390723E-18));
#5751=CARTESIAN_POINT('',(0.0012001123278073,0.00173034296035107,0.));
#5752=CARTESIAN_POINT('',(0.00320011232651974,0.0017302711937521,0.));
#5753=CARTESIAN_POINT('',(0.00500660053922971,-0.0607554436178456,1.38777878078145E-17));
#5754=CARTESIAN_POINT('',(-0.0202196574840834,-0.028891156809207,0.));
#5755=CARTESIAN_POINT('',(-0.00570540093167406,-0.0221579289999877,0.));
#5756=CARTESIAN_POINT('',(-0.0129625292078787,-0.0255245429045974,1.38777878078145E-17));
#5757=CARTESIAN_POINT('',(-0.0159403315850948,-0.0180994036464912,1.38777878078145E-17));
#5758=CARTESIAN_POINT('',(-0.01724312649699,-0.0148509077764672,1.38777878078145E-17));
#5759=CARTESIAN_POINT('',(-0.0205318313596776,-0.0136532348970318,1.38777878078145E-17));
#5760=CARTESIAN_POINT('',(-0.02755668437707,-0.0110949402819063,1.38777878078145E-17));
#5761=CARTESIAN_POINT('',(-0.0234832967808497,-0.00482589372403911,1.38777878078145E-17));
#5762=CARTESIAN_POINT('',(-0.0572638719901334,-0.0568150535415427,1.38777878078145E-17));
#5763=CARTESIAN_POINT('',(-0.0238072225737906,-0.00461684849738506,6.93889390390723E-18));
#5764=CARTESIAN_POINT('',(-0.00784632886780086,-0.0148470474983098,6.93889390390723E-18));
#5765=CARTESIAN_POINT('',(-0.02393943227784,-0.00453173012822227,0.));
#5766=CARTESIAN_POINT('',(-0.0219194359469596,-0.001469728363328,0.));
#5767=CARTESIAN_POINT('',(-0.0255877107437798,-0.00146972829864722,0.));
#5768=CARTESIAN_POINT('',(-0.02558771065536,0.00354486829921177,0.));
#5769=CARTESIAN_POINT('',(-0.025587710552009,0.00940627150669478,6.93889390390723E-18));
#5770=CARTESIAN_POINT('',(-0.0241614730555679,0.00940627148154666,6.93889390390723E-18));
#5771=CARTESIAN_POINT('',(-0.0241614730304198,0.0108325089779877,6.93889390390723E-18));
#5772=CARTESIAN_POINT('',(1.07857066970422E-5,0.0108325085517698,6.93889390390723E-18));
#5773=CARTESIAN_POINT('',(-0.0220335871297235,0.0108325089404677,6.93889390390723E-18));
#5774=CARTESIAN_POINT('',(-0.0220335870768259,0.0138325089404673,1.38777878078145E-17));
#5775=CARTESIAN_POINT('',(-0.0208716520114551,0.0110666624328205,1.38777878078145E-17));
#5776=CARTESIAN_POINT('',(-0.0255193922729381,0.0221300484634076,6.93889390390723E-18));
#5777=CARTESIAN_POINT('',(-0.0137960245866572,0.0195682814770723,6.93889390390723E-18));
#5778=CARTESIAN_POINT('',(-0.00970288582189811,0.0186738621309754,6.93555456121682E-18));
#5779=CARTESIAN_POINT('',(-0.0110163927614231,0.0226523631595101,6.93555456121682E-18));
#5780=CARTESIAN_POINT('',(-0.0107028858218981,0.021702777250353,6.93555456121682E-18));
#5781=CARTESIAN_POINT('',(-0.00970288582189811,0.0217027772415367,6.93555456121682E-18));
#5782=CARTESIAN_POINT('',(-0.00970288584658364,0.0119750407048902,6.93889390390723E-18));
#5783=CARTESIAN_POINT('',(-0.00970288584658365,0.0179635841878942,0.));
#5784=CARTESIAN_POINT('',(-0.00800288584658365,0.0179635841878942,0.));
#5785=CARTESIAN_POINT('',(-0.00630288584658365,0.0179635841878942,0.));
#5786=CARTESIAN_POINT('',(-0.00630288584658365,0.0197135841878942,6.93889390390723E-18));
#5787=CARTESIAN_POINT('',(-0.00630288582189812,0.021702777262108,4.62258992658108E-18));
#5788=CARTESIAN_POINT('',(-0.00530288582189812,0.021702777250353,6.93555456121682E-18));
#5789=CARTESIAN_POINT('',(-0.00498937888237312,0.0226523631595101,6.93555456121682E-18));
#5790=CARTESIAN_POINT('',(-0.00630288582189812,0.0186738621309754,6.93555456121682E-18));
#5791=CARTESIAN_POINT('',(-0.00216567087315484,0.0193350908222335,6.93889390390723E-18));
#5792=CARTESIAN_POINT('',(0.000796730960160951,0.0198085624454417,6.93889390390723E-18));
#5793=CARTESIAN_POINT('',(0.000684110969929705,0.0168106770677462,2.41345939198374E-44));
#5794=CARTESIAN_POINT('',(-2.09901540593193E-16,-0.0014,0.));
#5795=CARTESIAN_POINT('',(0.0100033722150558,0.0138325083755749,3.52906663347095E-43));
#5796=CARTESIAN_POINT('',(0.00337526949267211,0.0138325084924456,6.93173816957064E-18));
#5797=CARTESIAN_POINT('',(0.0219570690128896,0.0138325081648011,6.93889390390723E-18));
#5798=CARTESIAN_POINT('',(0.0219570689776245,0.0118325081648011,6.93889390390723E-18));
#5799=CARTESIAN_POINT('',(0.0237229641633391,0.012771451290379,6.93889390390723E-18));
#5800=CARTESIAN_POINT('',(0.0199279385777239,0.0199088563458523,6.93889390390723E-18));
#5801=CARTESIAN_POINT('',(0.0271747130900621,0.00627965573221445,6.93889390390723E-18));
#5802=CARTESIAN_POINT('',(0.0271747130900621,0.0043721932418121,6.93889390390723E-18));
#5803=CARTESIAN_POINT('',(0.0271747130900621,0.00246473075140975,6.93889390390723E-18));
#5804=CARTESIAN_POINT('',(0.0263008456933926,-4.13171433258845E-5,6.93889390390723E-18));
#5805=CARTESIAN_POINT('',(0.0254269782967228,-0.00254736503806205,0.));
#5806=CARTESIAN_POINT('',(0.0219205640530406,-0.00146972913633586,0.));
#5807=CARTESIAN_POINT('',(0.0239405602759393,-0.0045317309724654,6.93889390390723E-18));
#5808=CARTESIAN_POINT('',(0.00786194654647369,-0.0148377603235642,0.));
#5809=CARTESIAN_POINT('',(0.0238083505688882,-0.00461684933696581,-5.9015469612945E-43));
#5810=CARTESIAN_POINT('',(0.0572649981444636,-0.0568150555609708,0.));
#5811=CARTESIAN_POINT('',(0.0124614125889544,-0.0139588086499149,3.08696109056968E-18));
#5812=CARTESIAN_POINT('',(-0.125923782204132,0.118411305413235,2.08166817117217E-17));
#5813=CARTESIAN_POINT('',(0.00895180597622598,-0.0175328953200163,0.));
#5814=CARTESIAN_POINT('',(0.0202207846231489,-0.0288911575222723,0.));
#5815=CARTESIAN_POINT('',(-0.0217758242821608,0.0105004160662692,0.00381730948262115));
#5816=CARTESIAN_POINT('',(-0.0221662929998945,0.0103744093060773,0.00382558857020362));
#5817=CARTESIAN_POINT('',(-0.0225793138050193,0.0103098511792178,0.00383432044308667));
#5818=CARTESIAN_POINT('',(-0.0229923322249491,0.0103092773816471,0.00384330682182102));
#5819=CARTESIAN_POINT('',(-0.0218424111869445,0.0107072725270056,0.0036));
#5820=CARTESIAN_POINT('',(-0.0222111249364765,0.0105882900154298,0.00361812702202886));
#5821=CARTESIAN_POINT('',(-0.0226013082123006,0.0105265243498377,0.00363724541527296));
#5822=CARTESIAN_POINT('',(-0.0229919318367474,0.0105243755619364,0.00365692104784172));
#5823=CARTESIAN_POINT('',(-0.0218428319473517,0.0107085796460093,0.00359862682870332));
#5824=CARTESIAN_POINT('',(-0.0222114082279728,0.0105896415204238,0.00361681607949804));
#5825=CARTESIAN_POINT('',(-0.0226014471942189,0.0105278935003003,0.00363600010481425));
#5826=CARTESIAN_POINT('',(-0.0229919293067079,0.0105257347600882,0.00365574328241772));
#5827=CARTESIAN_POINT('',(-0.0218092932360147,0.0106043895031073,0.0037080819840687));
#5828=CARTESIAN_POINT('',(-0.0218425893858698,0.0107072151680031,0.00360030113477935));
#5829=CARTESIAN_POINT('',(-0.0217762214207579,0.0105016498026155,0.00381601340220792));
#5830=CARTESIAN_POINT('',(-0.0218426031249613,0.0107072135635978,0.00360000656866853));
#5831=CARTESIAN_POINT('',(-0.022211549426932,0.0105884716685527,0.00361786163395817));
#5832=CARTESIAN_POINT('',(-0.0225974532210676,0.0105272089798215,0.00363709926312883));
#5833=CARTESIAN_POINT('',(-0.0229849410528131,0.0105244286189793,0.00365656183685097));
#5834=CARTESIAN_POINT('',(-0.0229849410528131,0.0105244286189792,0.00365656183685146));
#5835=CARTESIAN_POINT('',(-0.0217762214207579,0.0105016498026155,0.00381601340220792));
#5836=CARTESIAN_POINT('',(-0.0221640619029776,0.0105201210966345,0.00368671439194505));
#5837=CARTESIAN_POINT('',(-0.0225762608066968,0.0105273610428135,0.00363603481956897));
#5838=CARTESIAN_POINT('',(-0.0229849410528131,0.0105244286189793,0.00365656183685098));
#5839=CARTESIAN_POINT('',(-0.0255193922729381,0.0221300484634076,0.004));
#5840=CARTESIAN_POINT('',(-0.0134052456637792,0.0194828892441941,0.004));
#5841=CARTESIAN_POINT('',(-0.0134052456637792,0.0194828892441941,0.004));
#5842=CARTESIAN_POINT('',(-0.0137960245866572,0.0195682814770723,0.0036));
#5843=CARTESIAN_POINT('',(-0.0255193922729381,0.0221300484634076,0.0036));
#5844=CARTESIAN_POINT('',(-0.0268168119152616,0.00851346333554229,0.017733319293));
#5845=CARTESIAN_POINT('',(-0.0212852009046074,0.010475365994273,0.004));
#5846=CARTESIAN_POINT('',(-0.0255193922729381,0.0221300484634076,0.004));
#5847=CARTESIAN_POINT('',(-0.00970288582189811,0.0186738621309754,0.004));
#5848=CARTESIAN_POINT('',(-0.0108909899856131,0.0222725287958473,0.004));
#5849=CARTESIAN_POINT('',(-0.0108909899856131,0.0222725287958473,0.004));
#5850=CARTESIAN_POINT('',(-0.0110163927614231,0.0226523631595101,0.0036));
#5851=CARTESIAN_POINT('',(-0.00970288582189811,0.0186738621309754,0.0036));
#5852=CARTESIAN_POINT('',(-0.00970288582189811,0.0186738621309754,0.004));
#5853=CARTESIAN_POINT('',(-0.0107028858218981,0.021702777250353,0.004));
#5854=CARTESIAN_POINT('',(-0.0101028858218981,0.021702777250353,0.004));
#5855=CARTESIAN_POINT('',(-0.0101028858218981,0.0217027772433,0.004));
#5856=CARTESIAN_POINT('',(-0.00970288582189811,0.021702777250353,0.0036));
#5857=CARTESIAN_POINT('',(-0.0107028858218981,0.021702777250353,0.0036));
#5858=CARTESIAN_POINT('',(-0.0107028858218981,0.021702777250353,0.004));
#5859=CARTESIAN_POINT('',(-0.0101028858465836,0.0163056838905089,0.004));
#5860=CARTESIAN_POINT('',(-0.0101028858465836,0.0179635841878942,0.004));
#5861=CARTESIAN_POINT('',(-0.0101028858465836,0.0179635841878942,0.004));
#5862=CARTESIAN_POINT('',(-0.00970288584658365,0.0179635841878942,0.0036));
#5863=CARTESIAN_POINT('',(-0.00970288584658364,0.0197135841878942,0.0036));
#5864=CARTESIAN_POINT('',(-0.0101028858465836,0.0163056838905089,0.004));
#5865=CARTESIAN_POINT('',(-0.00800288584658365,0.0179635841878942,0.004));
#5866=CARTESIAN_POINT('',(-0.00590288584658365,0.0179635841878942,0.004));
#5867=CARTESIAN_POINT('',(-0.00590288584658365,0.0179635841878942,0.004));
#5868=CARTESIAN_POINT('',(-0.00630288584658365,0.0179635841878942,0.0036));
#5869=CARTESIAN_POINT('',(-0.00800288584658365,0.0179635841878942,0.0036));
#5870=CARTESIAN_POINT('',(-0.00800288584658365,0.0179635841878942,0.004));
#5871=CARTESIAN_POINT('',(-0.00590288584658365,0.0163056838905089,0.004));
#5872=CARTESIAN_POINT('',(-0.00560288583424089,0.021702777250353,0.00430000001234276));
#5873=CARTESIAN_POINT('',(-0.00590288582189812,0.021702777255055,0.004));
#5874=CARTESIAN_POINT('',(-0.00630288582189812,0.021702777250353,0.0036));
#5875=CARTESIAN_POINT('',(-0.00630288584658365,0.0197135841878942,0.0036));
#5876=CARTESIAN_POINT('',(-0.00590288584658365,0.0163056838905089,0.004));
#5877=CARTESIAN_POINT('',(-0.00530288582189812,0.021702777250353,0.004));
#5878=CARTESIAN_POINT('',(-0.00511478165818312,0.0222725287958473,0.004));
#5879=CARTESIAN_POINT('',(-0.00511478165818312,0.0222725287958473,0.004));
#5880=CARTESIAN_POINT('',(-0.00498937888237312,0.0226523631595101,0.0036));
#5881=CARTESIAN_POINT('',(-0.00530288582189812,0.021702777250353,0.0036));
#5882=CARTESIAN_POINT('',(-0.00530288582189812,0.021702777250353,0.004));
#5883=CARTESIAN_POINT('',(-0.00630288582189812,0.0186738621309754,0.004));
#5884=CARTESIAN_POINT('',(-0.00234194985651651,0.0191522640222873,0.0038));
#5885=CARTESIAN_POINT('',(-0.00254050684413988,0.0191282823070456,0.004));
#5886=CARTESIAN_POINT('',(-0.00214339286889314,0.0191762457375289,0.00359999999999949));
#5887=CARTESIAN_POINT('',(-0.00630288582189812,0.0186738621309754,0.0036));
#5888=CARTESIAN_POINT('',(-0.00630288582189812,0.0186738621309754,0.004));
#5889=CARTESIAN_POINT('',(0.000735968446844476,0.0160996516421892,0.00400224882628838));
#5890=CARTESIAN_POINT('',(-3.79289266484977E-5,0.0161234939326585,0.00400226070930258));
#5891=CARTESIAN_POINT('',(-0.000797052455766388,0.016424258689159,0.00400230254537325));
#5892=CARTESIAN_POINT('',(-0.00202084749753093,0.0174893580446735,0.00400243384992846));
#5893=CARTESIAN_POINT('',(-0.00244338656931499,0.0182856533340947,0.00400252636072646));
#5894=CARTESIAN_POINT('',(-0.00254310779171091,0.0191279681645682,0.00400261984995054));
#5895=CARTESIAN_POINT('',(0.000736050837254326,0.0161022441865907,0.004));
#5896=CARTESIAN_POINT('',(-3.72508627344816E-5,0.0161260698249691,0.004));
#5897=CARTESIAN_POINT('',(-0.000795790568896321,0.0164266090111209,0.004));
#5898=CARTESIAN_POINT('',(-0.00201864549582383,0.0174909071374293,0.004));
#5899=CARTESIAN_POINT('',(-0.00244086077979021,0.0182866025969515,0.004));
#5900=CARTESIAN_POINT('',(-0.00254050684413989,0.0191282823070456,0.004));
#5901=CARTESIAN_POINT('',(0.000748630246213641,0.0164980751616983,0.00365664807819808));
#5902=CARTESIAN_POINT('',(6.62762745927954E-5,0.0165193583505394,0.00365483377364949));
#5903=CARTESIAN_POINT('',(-0.000603125050811084,0.0167854573430847,0.00364844622146737));
#5904=CARTESIAN_POINT('',(-0.00168244277449672,0.017727423393704,0.00362839857634492));
#5905=CARTESIAN_POINT('',(-0.00205522197261251,0.0184315365244354,0.0036142739814625));
#5906=CARTESIAN_POINT('',(-0.00214339286889314,0.0191762457375289,0.00359999999999949));
#5907=CARTESIAN_POINT('',(0.000748731806397891,0.0165012709133345,0.00365387601755887));
#5908=CARTESIAN_POINT('',(6.71121036190858E-5,0.0165225335756434,0.0036520470651755));
#5909=CARTESIAN_POINT('',(-0.000601569560757574,0.0167883545143929,0.00364560794292528));
#5910=CARTESIAN_POINT('',(-0.00167972843311282,0.0177293329138287,0.00362539844262037));
#5911=CARTESIAN_POINT('',(-0.00205210850770829,0.0184327066522552,0.0036111598124551));
#5912=CARTESIAN_POINT('',(-0.00214018675892211,0.019176632971528,0.00359677058963282));
#5913=CARTESIAN_POINT('',(0.000723092406815187,0.0164995440637103,0.00365609456557062));
#5914=CARTESIAN_POINT('',(0.000241814703367459,0.0165192232827303,0.00365442729172315));
#5915=CARTESIAN_POINT('',(-0.000223389125562815,0.0164981835061594,0.00379475480849113));
#5916=CARTESIAN_POINT('',(-0.000655265562515469,0.016452966044061,0.0040001875557886));
#5917=CARTESIAN_POINT('',(0.000723080183161034,0.0164992655973676,0.00365633626075015));
#5918=CARTESIAN_POINT('',(-0.000655385694797482,0.0164532614975765,0.0040000000362997));
#5919=CARTESIAN_POINT('',(0.000723068316056474,0.0164989871162401,0.00365657795731791));
#5920=CARTESIAN_POINT('',(1.32427567872909E-5,0.0165274935137913,0.00365457097638351));
#5921=CARTESIAN_POINT('',(-0.00137596849718191,0.0171196904087758,0.00364055894488617));
#5922=CARTESIAN_POINT('',(-0.00205951560501188,0.0184678014116072,0.00361357888555371));
#5923=CARTESIAN_POINT('',(-0.00214339286889314,0.0191762457375289,0.00359999999999949));
#5924=CARTESIAN_POINT('',(-0.000655385697840259,0.0164532614914188,0.004));
#5925=CARTESIAN_POINT('',(-0.00168369332166457,0.0169613853157635,0.004));
#5926=CARTESIAN_POINT('',(-0.00240558674989879,0.0179886536970464,0.004));
#5927=CARTESIAN_POINT('',(-0.00254050684413989,0.0191282823070456,0.004));
#5928=CARTESIAN_POINT('',(0.0223566577580329,0.00782414527223256,0.00160008261712149));
#5929=CARTESIAN_POINT('',(0.0235302770260095,0.00561688845472712,0.00160008261712149));
#5930=CARTESIAN_POINT('',(0.0235302770260095,0.00561688845472712,0.00160008261712149));
#5931=CARTESIAN_POINT('',(0.0238834560631524,0.00580467707984259,0.00200008261712149));
#5932=CARTESIAN_POINT('',(0.0196802857591566,0.0137096907088593,0.00200008261712149));
#5933=CARTESIAN_POINT('',(0.0215362175271993,0.0102191907148535,0.00200008261712149));
#5934=CARTESIAN_POINT('',(0.0215362175271992,0.0102191907148536,0.00200008261712149));
#5935=CARTESIAN_POINT('',(0.0211830384900564,0.010031402089738,0.00160008261712149));
#5936=CARTESIAN_POINT('',(0.0223566577580329,0.00782414527223256,0.00160008261712149));
#5937=CARTESIAN_POINT('',(0.019682027582199,0.00923330043299661,0.00200008261712149));
#5938=CARTESIAN_POINT('',(0.0182041022037266,0.00839251885954571,0.00159973631171857));
#5939=CARTESIAN_POINT('',(0.0180872221976777,0.00832833091776662,0.00173306964505188));
#5940=CARTESIAN_POINT('',(0.0179703421916287,0.00826414297598754,0.0018664029783852));
#5941=CARTESIAN_POINT('',(0.0178534621855797,0.00819995503420845,0.00199973631171851));
#5942=CARTESIAN_POINT('',(0.0182044079732488,0.0083926814400838,0.00160008261712149));
#5943=CARTESIAN_POINT('',(0.0178537679550998,0.00820011761475044,0.00200008261712146));
#5944=CARTESIAN_POINT('',(0.019682027582199,0.00923330043299661,0.00160008261712149));
#5945=CARTESIAN_POINT('',(0.019682027582199,0.00923330043299661,0.00200008261712149));
#5946=CARTESIAN_POINT('',(0.0220292661181524,0.00481878679798587,0.00200008261712149));
#5947=CARTESIAN_POINT('',(0.0201500631638117,0.00388067679414492,0.00199973631171863));
#5948=CARTESIAN_POINT('',(0.0202686358491914,0.00394168126910943,0.00186640297838529));
#5949=CARTESIAN_POINT('',(0.0203872085345711,0.00400268574407394,0.00173306964505195));
#5950=CARTESIAN_POINT('',(0.0205057812199507,0.00406369021903845,0.00159973631171861));
#5951=CARTESIAN_POINT('',(0.0205060869894728,0.00406385279957685,0.00160008261712149));
#5952=CARTESIAN_POINT('',(0.0201503689333363,0.00388083937467839,0.00200008261712149));
#5953=CARTESIAN_POINT('',(0.0220292661181524,0.00481878679798587,0.00200008261712149));
#5954=CARTESIAN_POINT('',(0.0220292661181524,0.00481878679798587,0.00160008261712149));
#5955=CARTESIAN_POINT('',(0.0193549417118387,0.00622810453929209,0.00159973631171862));
#5956=CARTESIAN_POINT('',(0.0190014569051739,0.00604015333363776,0.0020000826171215));
#5957=CARTESIAN_POINT('',(0.0193546359423168,0.0062279419587534,0.0016000826171215));
#5958=CARTESIAN_POINT('',(0.0220292661181525,0.00481878679798566,0.00459999946901199));
#5959=CARTESIAN_POINT('',(0.019424570719224,0.00343384568775829,0.00459999946901199));
#5960=CARTESIAN_POINT('',(0.0194245707192235,0.00343384568775805,0.00459999946901199));
#5961=CARTESIAN_POINT('',(0.0190713916820811,0.00324605706264268,0.00499999946901199));
#5962=CARTESIAN_POINT('',(0.0220292661181525,0.00481878679798566,0.00499999946901199));
#5963=CARTESIAN_POINT('',(0.02042305612396,0.00187895866447919,0.00499999946901199));
#5964=CARTESIAN_POINT('',(0.020839617889936,0.00211929849589928,0.00459999946901198));
#5965=CARTESIAN_POINT('',(0.0206891458859443,0.00204760040870782,0.00472628994379172));
#5966=CARTESIAN_POINT('',(0.0205518552527673,0.001967016570342,0.00486096855648461));
#5967=CARTESIAN_POINT('',(0.02042305612396,0.00187895866447917,0.004999999469012));
#5968=CARTESIAN_POINT('',(0.020839617889936,0.00211929849589927,0.00459999946901198));
#5969=CARTESIAN_POINT('',(0.0220292661181525,0.00481878679798566,0.00459999946901199));
#5970=CARTESIAN_POINT('',(0.0172896290780197,0.00659706514703602,0.00499999946901199));
#5971=CARTESIAN_POINT('',(0.0170773321832702,0.00784835932276879,0.00459999946901199));
#5972=CARTESIAN_POINT('',(0.0170773321832702,0.00784835932276879,0.00459999946901199));
#5973=CARTESIAN_POINT('',(0.0167241531461273,0.00766057069765315,0.00499999946901199));
#5974=CARTESIAN_POINT('',(0.0167241531461273,0.00766057069765315,0.00499999946901199));
#5975=CARTESIAN_POINT('',(0.019424570719224,0.00343384568775829,0.00459999946901199));
#5976=CARTESIAN_POINT('',(0.0196820275821992,0.0092333004329964,0.00459999946901199));
#5977=CARTESIAN_POINT('',(0.0222867229811283,0.0106182415432241,0.00459999946901199));
#5978=CARTESIAN_POINT('',(0.022286722981128,0.010618241543224,0.00459999946901199));
#5979=CARTESIAN_POINT('',(0.0226399020182713,0.0108060301683398,0.00499999946901199));
#5980=CARTESIAN_POINT('',(0.0196820275821992,0.0092333004329964,0.00499999946901199));
#5981=CARTESIAN_POINT('',(0.0196820275821992,0.0092333004329964,0.00459999946901199));
#5982=CARTESIAN_POINT('',(0.0232053779501652,0.00974252461771925,0.00499999946901199));
#5983=CARTESIAN_POINT('',(0.0246339615170814,0.00620372790821327,0.00459999946901199));
#5984=CARTESIAN_POINT('',(0.0246339615170814,0.00620372790821327,0.00459999946901199));
#5985=CARTESIAN_POINT('',(0.0249871405542244,0.00639151653332885,0.00499999946901199));
#5986=CARTESIAN_POINT('',(0.0249871405542244,0.00639151653332885,0.00499999946901199));
#5987=CARTESIAN_POINT('',(0.0222867229811283,0.0106182415432242,0.00459999946901199));
#5988=CARTESIAN_POINT('',(0.0220292661181525,0.00481878679798566,0.00459999946901199));
#5989=CARTESIAN_POINT('',(0.0235329122938676,0.0018252022947092,0.00499999946901196));
#5990=CARTESIAN_POINT('',(0.0234072335065451,0.00191765905640661,0.0048609685564846));
#5991=CARTESIAN_POINT('',(0.0232728099744698,0.00200293969306181,0.0047262899437917));
#5992=CARTESIAN_POINT('',(0.0231249058434138,0.00207979545217435,0.00459999946901198));
#5993=CARTESIAN_POINT('',(0.0235329122938676,0.00182520229470916,0.00499999946901199));
#5994=CARTESIAN_POINT('',(0.0231249058434138,0.00207979545217434,0.00459999946901199));
#5995=CARTESIAN_POINT('',(0.0220292661181525,0.00481878679798566,0.00499999946901199));
#5996=CARTESIAN_POINT('',(0.0220292661181525,0.00481878679798566,0.00459999946901199));
#5997=CARTESIAN_POINT('',(0.0196820275821992,0.0092333004329964,0.0019980826171215));
#5998=CARTESIAN_POINT('',(0.022286722981128,0.010618241543224,0.0019980826171215));
#5999=CARTESIAN_POINT('',(0.0222867229811283,0.0106182415432239,0.00200008261712149));
#6000=CARTESIAN_POINT('',(0.0170773321832702,0.00784835932276879,0.0019980826171215));
#6001=CARTESIAN_POINT('',(0.0170773321832703,0.00784835932276862,0.00200008261712149));
#6002=CARTESIAN_POINT('',(0.0196820275821992,0.0092333004329964,0.00200008261712149));
#6003=CARTESIAN_POINT('',(0.0182509514512471,0.00564110250526354,0.0019980826171215));
#6004=CARTESIAN_POINT('',(0.0194245707192235,0.00343384568775805,0.0019980826171215));
#6005=CARTESIAN_POINT('',(0.0194245707192239,0.00343384568775806,0.00200008261712149));
#6006=CARTESIAN_POINT('',(0.0182509514512471,0.00564110250526354,0.00200008261712149));
#6007=CARTESIAN_POINT('',(0.0234603422491049,0.00841098472571871,0.0019980826171215));
#6008=CARTESIAN_POINT('',(0.0246339615170814,0.00620372790821327,0.0019980826171215));
#6009=CARTESIAN_POINT('',(0.0246339615170815,0.00620372790821314,0.00200008261712149));
#6010=CARTESIAN_POINT('',(0.0234603422491049,0.00841098472571871,0.00200008261712149));
#6011=CARTESIAN_POINT('',(0.0220292661181525,0.00481878679798566,0.0019980826171215));
#6012=CARTESIAN_POINT('',(0.0231249058434138,0.00207979545217434,0.004599999469012));
#6013=CARTESIAN_POINT('',(0.0230692388723907,0.00205752778603837,0.00479486470161032));
#6014=CARTESIAN_POINT('',(0.022951026316857,0.00201412315209585,0.00518219531665284));
#6015=CARTESIAN_POINT('',(0.0227420410339017,0.0019528441123505,0.00575309041917395));
#6016=CARTESIAN_POINT('',(0.0225188436281134,0.00190639275656249,0.00621027675318307));
#6017=CARTESIAN_POINT('',(0.0222735938988324,0.00187561085855742,0.00653582421599594));
#6018=CARTESIAN_POINT('',(0.0219781908488352,0.00186348308560773,0.00669825014576218));
#6019=CARTESIAN_POINT('',(0.0216832266431567,0.00188582309017593,0.00653575495065733));
#6020=CARTESIAN_POINT('',(0.0214390006871225,0.00192511943417497,0.00620971724025533));
#6021=CARTESIAN_POINT('',(0.0212179451685394,0.00197918181767777,0.00575316897821881));
#6022=CARTESIAN_POINT('',(0.0210112992450504,0.00204758589582885,0.00518277116057662));
#6023=CARTESIAN_POINT('',(0.0208944752641852,0.00209512318162591,0.00479484075877231));
#6024=CARTESIAN_POINT('',(0.020839617889936,0.00211929849589927,0.004599999469012));
#6025=CARTESIAN_POINT('',(0.0220292661181525,0.00481878679798566,0.00200008261712149));
#6026=CARTESIAN_POINT('',(-0.0128961743398546,-0.00361152037607348,0.0020000826171215));
#6027=CARTESIAN_POINT('',(0.0254488386267006,0.00952555351129672,-0.020000000530988));
#6028=CARTESIAN_POINT('',(0.0237229641633391,0.012771451290379,-0.020000000530988));
#6029=CARTESIAN_POINT('',(0.0237229641633391,0.012771451290379,0.00499999946901199));
#6030=CARTESIAN_POINT('',(0.0254488386267006,0.00952555351129672,0.00499999946901199));
#6031=CARTESIAN_POINT('',(0.0271747130900621,0.00627965573221445,0.00499999946901199));
#6032=CARTESIAN_POINT('',(0.0271747130900621,0.00627965573221445,-1.99999999999332E-6));
#6033=CARTESIAN_POINT('',(0.0219570689776245,0.0118325081648011,-0.020000000530988));
#6034=CARTESIAN_POINT('',(0.0219570690128896,0.0138325081648011,-0.020000000530988));
#6035=CARTESIAN_POINT('',(0.0219570690128896,0.0138325081648011,0.00499999946901199));
#6036=CARTESIAN_POINT('',(0.0219570689776245,0.0118325081648011,0.00499999946901199));
#6037=CARTESIAN_POINT('',(0.0263008456933926,-4.13171433258845E-5,-1.99999999999332E-6));
#6038=CARTESIAN_POINT('',(0.0254269782967229,-0.00254736503806151,-1.99999999999332E-6));
#6039=CARTESIAN_POINT('',(0.0254269782967229,-0.00254736503806151,0.00499999946901199));
#6040=CARTESIAN_POINT('',(0.0271747130900621,0.00246473075140975,-1.99999999999332E-6));
#6041=CARTESIAN_POINT('',(0.0271747130900621,0.00246473075140975,0.00499999946901199));
#6042=CARTESIAN_POINT('',(0.0263008456933926,-4.13171433258845E-5,0.00499999946901199));
#6043=CARTESIAN_POINT('',(0.0271747130900621,0.0043721932418121,-1.99999999999332E-6));
#6044=CARTESIAN_POINT('',(0.0271747130900621,0.0043721932418121,0.00499999946901199));
#6045=CARTESIAN_POINT('',(-8.8196926305355E-44,-0.0014,0.00499999946901199));
#6046=CARTESIAN_POINT('',(0.00308009690425225,0.0145333025537755,0.00499998874674273));
#6047=CARTESIAN_POINT('',(0.0030484640476428,0.0143696661993085,0.00429999233418484));
#6048=CARTESIAN_POINT('',(0.00301683119111944,0.0142060298448247,0.00359999592162696));
#6049=CARTESIAN_POINT('',(0.00298519833468217,0.0140423934903244,0.00289999950906907));
#6050=CARTESIAN_POINT('',(0.00298518744367209,0.0140423363519155,0.00289981276435089));
#6051=CARTESIAN_POINT('',(0.00308008836709307,0.0145332583372189,0.00499999946901199));
#6052=CARTESIAN_POINT('',(-1.41115096219831E-44,-0.0014,0.00289999950906799));
#6053=CARTESIAN_POINT('',(0.0153139594432888,0.00218630338603679,0.00289999950906799));
#6054=CARTESIAN_POINT('',(0.0153139594432888,0.00218630338603679,0.00289999950906799));
#6055=CARTESIAN_POINT('',(0.0158007881141335,0.00230031147892326,0.00499999946901199));
#6056=CARTESIAN_POINT('',(-8.8196926305355E-44,-0.0014,0.00499999946901199));
#6057=CARTESIAN_POINT('',(0.0133666447599101,0.00173027101900367,0.00499999946486465));
#6058=CARTESIAN_POINT('',(0.0133666447246452,-0.000269728985509074,0.00289999950906799));
#6059=CARTESIAN_POINT('',(0.0133666447246452,-0.000269728985509073,0.00289999950906799));
#6060=CARTESIAN_POINT('',(0.0133666447158289,-0.000769728985509074,0.00499999946901199));
#6061=CARTESIAN_POINT('',(0.0133666447599101,0.00173027102156192,0.00499999946901199));
#6062=CARTESIAN_POINT('',(0.0133666447599101,0.00173027101449093,0.00289999950906799));
#6063=CARTESIAN_POINT('',(0.00270000024631971,0.0125696587428253,0.00499999946901199));
#6064=CARTESIAN_POINT('',(0.000700000246319704,0.0125696587780903,0.00499999946901199));
#6065=CARTESIAN_POINT('',(0.000700000246319704,0.0125696587780903,0.00499999946901199));
#6066=CARTESIAN_POINT('',(0.0012000002463197,0.012569658769274,0.00289999950906799));
#6067=CARTESIAN_POINT('',(0.00270000024631971,0.0125696587428253,0.00289999950906799));
#6068=CARTESIAN_POINT('',(0.00270000024631971,0.0125696587428253,0.00499999946901199));
#6069=CARTESIAN_POINT('',(-0.0101527459286813,-0.000519728570803917,0.00394999946901198));
#6070=CARTESIAN_POINT('',(0.00320000573144987,-0.000635602916737896,0.00443667073307785));
#6071=CARTESIAN_POINT('',(0.00320011229125479,-0.000269728806247903,0.00289999950906799));
#6072=CARTESIAN_POINT('',(0.0032000057290849,-0.000769728806185116,0.00499999946875617));
#6073=CARTESIAN_POINT('',(0.00320011228243855,-0.000769728806247911,0.00499999946901199));
#6074=CARTESIAN_POINT('',(-0.0138824210701065,-0.000269728505040508,0.00289999946901201));
#6075=CARTESIAN_POINT('',(0.000699999979042397,-0.00258857954020104,0.00499999946901199));
#6076=CARTESIAN_POINT('',(0.000834125949682026,0.00173027695088361,0.00443667072290964));
#6077=CARTESIAN_POINT('',(0.000700000055194581,0.00173027996837241,0.00499999946901204));
#6078=CARTESIAN_POINT('',(0.00120005518741868,0.00173032900421173,0.0029000037119622));
#6079=CARTESIAN_POINT('',(0.0012000000551957,0.00173034296035304,0.00289999950906799));
#6080=CARTESIAN_POINT('',(0.000700000246319704,0.0125696587780903,0.00499999946901199));
#6081=CARTESIAN_POINT('',(0.0032000057731662,0.00173027690916728,0.00499997545353146));
#6082=CARTESIAN_POINT('',(0.00320011229126109,-0.0002697288062479,0.00289999948093325));
#6083=CARTESIAN_POINT('',(0.00267188551787094,-0.000269728796935617,0.00289988128416898));
#6084=CARTESIAN_POINT('',(0.00163677670203053,0.000164958425954658,0.00289964444986697));
#6085=CARTESIAN_POINT('',(0.001200097060779,0.00120210221014167,0.00289953429800413));
#6086=CARTESIAN_POINT('',(0.00120011232735504,0.00173032899686403,0.00289952796885258));
#6087=CARTESIAN_POINT('',(0.0032000057731662,0.00173027691172564,0.00499999946901199));
#6088=CARTESIAN_POINT('',(0.0133666447599101,0.00173027101449093,0.00249999946901199));
#6089=CARTESIAN_POINT('',(0.0133666447246452,-0.000269728985509074,0.00249999946901199));
#6090=CARTESIAN_POINT('',(0.0153139594432888,0.00218630338603679,0.00249999946901199));
#6091=CARTESIAN_POINT('',(0.0219205640530406,-0.00146972913633586,0.000400000000000012));
#6092=CARTESIAN_POINT('',(0.0219205640530406,-0.00146972913633586,0.000400000000000019));
#6093=CARTESIAN_POINT('',(0.0219205640530406,0.00088027086366414,0.000399999999999991));
#6094=CARTESIAN_POINT('',(-0.0219194359469596,-0.001469728363328,0.000400000000000005));
#6095=CARTESIAN_POINT('',(-0.0219194359469596,-0.001469728363328,0.000400000000000012));
#6096=CARTESIAN_POINT('',(-0.0219194359469596,0.000880271636672,0.000399999999999984));
#6097=CARTESIAN_POINT('',(0.0219205640530406,-0.00146972913633588,0.0046));
#6098=CARTESIAN_POINT('',(0.0219205640530406,-0.00146972913633588,0.004225));
#6099=CARTESIAN_POINT('',(0.0219205640530406,0.00088027086366412,0.00422499999999997));
#6100=CARTESIAN_POINT('',(0.0219205640530406,-0.00146972913633586,0.004975));
#6101=CARTESIAN_POINT('',(0.0219205640530406,0.00013027086366414,0.00497499999999998));
#6102=CARTESIAN_POINT('',(-0.0219194359469596,-0.00146972836332801,0.0046));
#6103=CARTESIAN_POINT('',(-0.0219194359469596,-0.00146972836332801,0.004225));
#6104=CARTESIAN_POINT('',(-0.0219194359469596,0.00088027163667199,0.00422499999999997));
#6105=CARTESIAN_POINT('',(-0.0219194359469596,-0.001469728363328,0.004975));
#6106=CARTESIAN_POINT('',(-0.0219194359469596,0.000130271636672,0.00497499999999998));
#6107=CARTESIAN_POINT('',(0.0219205640530406,-0.00146972913633588,0.0046));
#6108=CARTESIAN_POINT('',(-0.0219194359469596,-0.00146972836332801,0.0046));
#6109=CARTESIAN_POINT('',(0.000796730960160951,0.0198085624454417,0.003));
#6110=CARTESIAN_POINT('',(-0.00216567150513053,0.0193350947763924,0.00170364555062098));
#6111=CARTESIAN_POINT('',(-0.00216567150513053,0.0193350947763924,0.00170364555062098));
#6112=CARTESIAN_POINT('',(-0.00216567150512249,0.0193350947763421,0.0017036455506294));
#6113=CARTESIAN_POINT('',(-0.00209427347908793,0.0188883701061162,0.00167080202457044));
#6114=CARTESIAN_POINT('',(-0.0018488495202038,0.018328325898694,0.00162874216475292));
#6115=CARTESIAN_POINT('',(-0.00152011499778658,0.017892112994652,0.00159324440312663));
#6116=CARTESIAN_POINT('',(-0.00132252164648335,0.0176832763022875,0.00157573761945847));
#6117=CARTESIAN_POINT('',(-0.00121624591298151,0.0175800250312135,0.00156702158880565));
#6118=CARTESIAN_POINT('',(-0.000978966518797129,0.0173842471334722,0.0015503436689221));
#6119=CARTESIAN_POINT('',(-0.00068882585347263,0.0171927347358429,0.00153342418589358));
#6120=CARTESIAN_POINT('',(-0.000131595116202689,0.0169176393515146,0.00150755010993728));
#6121=CARTESIAN_POINT('',(0.000362968263455364,0.0168227417932002,0.00149496194000762));
#6122=CARTESIAN_POINT('',(0.000684106070706615,0.0168106772517968,0.00149047779546425));
#6123=CARTESIAN_POINT('',(0.000686655833181634,0.0168105810865034,0.00149046016461178));
#6124=CARTESIAN_POINT('',(0.000684110969929705,0.0168106770677462,2.41345939198374E-44));
#6125=CARTESIAN_POINT('',(0.000707826952532187,0.0168420893094993,0.00126448273172055));
#6126=CARTESIAN_POINT('',(6.56307868608985E-5,0.0168636431741211,0.00128237187256118));
#6127=CARTESIAN_POINT('',(-0.000650796003511999,0.0171077519216024,0.0013339788618659));
#6128=CARTESIAN_POINT('',(-0.00173599849770373,0.0180569024150589,0.00149547924315993));
#6129=CARTESIAN_POINT('',(-0.00206886884333972,0.0187305398191239,0.00160002911783152));
#6130=CARTESIAN_POINT('',(-0.00216944041360995,0.0193586336285376,0.00169267916625387));
#6131=CARTESIAN_POINT('',(0.000723317003150101,0.0167268452363754,0.00206638337648532));
#6132=CARTESIAN_POINT('',(7.52495915195497E-5,0.0167494889031273,0.00208301817210564));
#6133=CARTESIAN_POINT('',(-0.000649343360092515,0.0169994875304847,0.00213392212724717));
#6134=CARTESIAN_POINT('',(-0.00173918598406482,0.0179694635479517,0.0022958569745156));
#6135=CARTESIAN_POINT('',(-0.00206705673508501,0.0186561930112838,0.00240133352570658));
#6136=CARTESIAN_POINT('',(-0.00215834947665346,0.0192916929383102,0.00249455552933773));
#6137=CARTESIAN_POINT('',(0.000736268563107336,0.0166116494096759,0.00286840991940511));
#6138=CARTESIAN_POINT('',(8.23690309403583E-5,0.0166353286335472,0.00288375857262132));
#6139=CARTESIAN_POINT('',(-0.000650456390144458,0.0168912454820481,0.0029339247120698));
#6140=CARTESIAN_POINT('',(-0.00174470122360051,0.0178822526417452,0.00309630487986986));
#6141=CARTESIAN_POINT('',(-0.00206720109646424,0.0185821180744071,0.00320274317384791));
#6142=CARTESIAN_POINT('',(-0.00214893241658836,0.0192247751359005,0.00329655737952456));
#6143=CARTESIAN_POINT('',(0.000746752327443639,0.0164965410667722,0.00367041126021805));
#6144=CARTESIAN_POINT('',(8.70551280226612E-5,0.0165211935971562,0.00368443865617152));
#6145=CARTESIAN_POINT('',(-0.000654086858439666,0.0167830530631205,0.00373382747775713));
#6146=CARTESIAN_POINT('',(-0.00175250888022957,0.0177953088824282,0.00389666481338825));
#6147=CARTESIAN_POINT('',(-0.00206925621454523,0.0185083516993399,0.00400410442876361));
#6148=CARTESIAN_POINT('',(-0.00214115368235875,0.0191579044670964,0.00409853358759331));
#6149=CARTESIAN_POINT('',(-0.583373048188625,0.0349456339031219,0.0107943361870259));
#6150=CARTESIAN_POINT('',(-0.393179246974162,0.0271621243631049,0.0102449620318981));
#6151=CARTESIAN_POINT('',(-0.0220335870768259,0.0138325089404673,0.004));
#6152=CARTESIAN_POINT('',(-0.0220335871297234,0.0108325089404673,0.00150587238539361));
#6153=CARTESIAN_POINT('',(-0.0218063961142483,0.0108325089364614,0.00154364837178836));
#6154=CARTESIAN_POINT('',(-0.0213955372848689,0.0108465776711651,0.00161275854485931));
#6155=CARTESIAN_POINT('',(-0.0208716520114549,0.0110666624328206,0.00171320290460648));
#6156=CARTESIAN_POINT('',(-0.0220335871297234,0.0108325089404673,0.00150587238539361));
#6157=CARTESIAN_POINT('',(-0.0208716520114551,0.0110666624328205,0.00171320290460652));
#6158=CARTESIAN_POINT('',(-0.0208716520114551,0.0110666624328205,1.38777878078145E-17));
#6159=CARTESIAN_POINT('',(-0.0220335871297234,0.0108325089404673,0.001499999469012));
#6160=CARTESIAN_POINT('',(-0.0229958793152148,0.0105230735723031,0.00366604716493465));
#6161=CARTESIAN_POINT('',(-0.0227079272839596,0.0105034014713443,0.0038037518361047));
#6162=CARTESIAN_POINT('',(-0.0224165767462368,0.010534751013719,0.0039504037178519));
#6163=CARTESIAN_POINT('',(-0.0221430010268596,0.0106148407809863,0.00409534472401819));
#6164=CARTESIAN_POINT('',(-0.0226695018808586,0.0106188162371301,0.00299584847086125));
#6165=CARTESIAN_POINT('',(-0.0223435285750971,0.0105993090789103,0.00313239853816376));
#6166=CARTESIAN_POINT('',(-0.0220130055213032,0.0106418510523772,0.00327980007496795));
#6167=CARTESIAN_POINT('',(-0.0217063393408072,0.0107428747104209,0.00342513246340218));
#6168=CARTESIAN_POINT('',(-0.022348566437281,0.010733153604409,0.00219548686029623));
#6169=CARTESIAN_POINT('',(-0.0219847291561436,0.0107138444988675,0.00233065055417347));
#6170=CARTESIAN_POINT('',(-0.0216147840770471,0.0107699166919135,0.0024789502636323));
#6171=CARTESIAN_POINT('',(-0.0212769720349578,0.0108957718334322,0.00262475459866384));
#6172=CARTESIAN_POINT('',(-0.0220351428106485,0.0108653493951909,0.00127011628613641));
#6173=CARTESIAN_POINT('',(-0.0216336609928026,0.0108462717985064,0.00140365941337443));
#6174=CARTESIAN_POINT('',(-0.0212239944645785,0.0109183607855238,0.00155300434197407));
#6175=CARTESIAN_POINT('',(-0.0208576726773837,0.0110725432928024,0.00169936510947778));
#6176=CARTESIAN_POINT('',(-0.0255193923253041,0.0191601999824241,-0.0567938373944767));
#6177=CARTESIAN_POINT('',(-0.022106246865314,0.0108325089417484,0.00149999946901037));
#6178=CARTESIAN_POINT('',(-0.0255193922729381,0.0221300484634076,-0.056369573325765));
#6179=CARTESIAN_POINT('',(-0.02210542808209,0.0108325089417337,0.00194227915096952));
#6180=CARTESIAN_POINT('',(-0.00567320254282561,0.015284937929567,0.0035644548274781));
#6181=CARTESIAN_POINT('',(-0.00532480989412891,0.0155893893180246,0.00371106316781437));
#6182=CARTESIAN_POINT('',(-0.004886360704178,0.0158106972573336,0.003861823107218));
#6183=CARTESIAN_POINT('',(-0.00442898713332343,0.0159086193901695,0.00399137141342246));
#6184=CARTESIAN_POINT('',(-0.00573563681657979,0.0152306391286599,0.00404960013913351));
#6185=CARTESIAN_POINT('',(-0.00540398967445938,0.0155060363263341,0.00419564087361282));
#6186=CARTESIAN_POINT('',(-0.00499672204675018,0.0157067201347243,0.00434532138108314));
#6187=CARTESIAN_POINT('',(-0.00457124198798814,0.0158006839490841,0.00447650645556344));
#6188=CARTESIAN_POINT('',(-0.00580525249749815,0.0151736519738054,0.0045335169353934));
#6189=CARTESIAN_POINT('',(-0.00549379391369921,0.0154184710359391,0.00467899637553692));
#6190=CARTESIAN_POINT('',(-0.00512037605921927,0.0155977063010418,0.00482759686686288));
#6191=CARTESIAN_POINT('',(-0.00472987939810719,0.0156866141946212,0.00496041309678559));
#6192=CARTESIAN_POINT('',(-0.00588859275539485,0.0151118643584441,0.00500577815361225));
#6193=CARTESIAN_POINT('',(-0.00560377632462915,0.0153238297716134,0.00515071409827261));
#6194=CARTESIAN_POINT('',(-0.00526939284322434,0.0154798896287257,0.00529825724673289));
#6195=CARTESIAN_POINT('',(-0.00491959907140676,0.0155613462188881,0.00543266448160324));
#6196=CARTESIAN_POINT('',(-0.00572513121262007,0.0152406195121297,0.004));
#6197=CARTESIAN_POINT('',(-0.00534907878599502,0.015555183664543,0.004));
#6198=CARTESIAN_POINT('',(-0.00490653747212301,0.0157850767400524,0.004));
#6199=CARTESIAN_POINT('',(-0.00443151922056688,0.0159066989325808,0.004));
#6200=CARTESIAN_POINT('',(-0.00572514953898205,0.0152406414207701,0.004));
#6201=CARTESIAN_POINT('',(-0.00443151921377226,0.0159066989060431,0.00400000009708184));
#6202=CARTESIAN_POINT('',(-0.00588195034456558,0.0151168083631621,0.00499999946901205));
#6203=CARTESIAN_POINT('',(-0.00582894340368982,0.0151563001635982,0.00470065123808472));
#6204=CARTESIAN_POINT('',(-0.00577663111968231,0.0151975771790426,0.00436731808174737));
#6205=CARTESIAN_POINT('',(-0.005725149538982,0.0152406414207701,0.004));
#6206=CARTESIAN_POINT('',(-0.0058819503445656,0.0151168083631621,0.00499999946901199));
#6207=CARTESIAN_POINT('',(-0.0047553687119101,0.0156723205725683,0.00499999946901171));
#6208=CARTESIAN_POINT('',(-0.00516155521222868,0.0155591415676939,0.00499999946901171));
#6209=CARTESIAN_POINT('',(-0.00554384692458937,0.0153687046280644,0.00499999946901205));
#6210=CARTESIAN_POINT('',(-0.00588195033003543,0.0151168083436616,0.00499999946901205));
#6211=CARTESIAN_POINT('',(-0.00475536445318522,0.0156723052884973,0.00500000141563662));
#6212=CARTESIAN_POINT('',(-0.00443151921183866,0.0159066988990514,0.0040000000960929));
#6213=CARTESIAN_POINT('',(-0.00453871225929787,0.0158254705755931,0.00436471495383626));
#6214=CARTESIAN_POINT('',(-0.0046465872961406,0.0157473638828465,0.00469804799993861));
#6215=CARTESIAN_POINT('',(-0.0047553603571058,0.0156722905757771,0.00499999923439995));
#6216=CARTESIAN_POINT('',(-0.00908336585792471,0.0139851177401362,0.00399137141342673));
#6217=CARTESIAN_POINT('',(-0.00869032852956067,0.0142386363641369,0.00386183178060721));
#6218=CARTESIAN_POINT('',(-0.00822359774202085,0.0143914371248973,0.00371108279894787));
#6219=CARTESIAN_POINT('',(-0.00776194859007404,0.0144217601148573,0.00356448427419253));
#6220=CARTESIAN_POINT('',(-0.00890641561262648,0.014009099268754,0.00447650645532677));
#6221=CARTESIAN_POINT('',(-0.0085387595499924,0.0142429070466561,0.00434533016379944));
#6222=CARTESIAN_POINT('',(-0.00810867030200076,0.0143882992998607,0.00419566042846975));
#6223=CARTESIAN_POINT('',(-0.00767939015013205,0.0144273775884477,0.00404962947155017));
#6224=CARTESIAN_POINT('',(-0.00871353184530349,0.0140403016559493,0.00496041309632364));
#6225=CARTESIAN_POINT('',(-0.0083742201240868,0.0142529947122688,0.00482760575854185));
#6226=CARTESIAN_POINT('',(-0.00798324390507846,0.0143896787756114,0.00467901585497173));
#6227=CARTESIAN_POINT('',(-0.00758984690357009,0.0144361611180341,0.00453354615478899));
#6228=CARTESIAN_POINT('',(-0.00849072857530611,0.014085515845386,0.00543266448094678));
#6229=CARTESIAN_POINT('',(-0.00818550268518957,0.0142747531139942,0.00529826624471578));
#6230=CARTESIAN_POINT('',(-0.0078385301412003,0.0144002921389746,0.00515073350469445));
#6231=CARTESIAN_POINT('',(-0.00748719305489847,0.0144512343626734,0.00500580726358095));
#6232=CARTESIAN_POINT('',(-0.00749531724497,0.0144500568595079,0.00499999946901199));
#6233=CARTESIAN_POINT('',(-0.00791262496029255,0.0143897711303729,0.00499999946901199));
#6234=CARTESIAN_POINT('',(-0.00831778927550491,0.0142547764783191,0.00499999946901199));
#6235=CARTESIAN_POINT('',(-0.00868538830316363,0.0140481727292871,0.00499999946901199));
#6236=CARTESIAN_POINT('',(-0.00749531724844704,0.0144500568835765,0.00499999946901199));
#6237=CARTESIAN_POINT('',(-0.00868538052941125,0.0140481588978613,0.00500000141563655));
#6238=CARTESIAN_POINT('',(-0.0076937927737838,0.0144270659181341,0.004));
#6239=CARTESIAN_POINT('',(-0.00762692924930714,0.0144329098161892,0.004367318081749));
#6240=CARTESIAN_POINT('',(-0.00756073909591875,0.0144406059607481,0.00470065123808633));
#6241=CARTESIAN_POINT('',(-0.00749531724844704,0.0144500568835765,0.004999999469012));
#6242=CARTESIAN_POINT('',(-0.0076937927737838,0.014427065918134,0.004));
#6243=CARTESIAN_POINT('',(-0.00908021673839554,0.0139855451384616,0.004));
#6244=CARTESIAN_POINT('',(-0.00865822282863002,0.0142345758796692,0.004));
#6245=CARTESIAN_POINT('',(-0.00818187673958895,0.0143843762339348,0.004));
#6246=CARTESIAN_POINT('',(-0.00769379028671642,0.0144270374636343,0.004));
#6247=CARTESIAN_POINT('',(-0.00908021672447316,0.0139855451148695,0.00400000009708261));
#6248=CARTESIAN_POINT('',(-0.00868537304390671,0.0140481455860742,0.00499999923442568));
#6249=CARTESIAN_POINT('',(-0.00881541040132142,0.0140245264014468,0.00469804799996762));
#6250=CARTESIAN_POINT('',(-0.00894695319238754,0.0140036895801157,0.00436471495388066));
#6251=CARTESIAN_POINT('',(-0.00908021672115939,0.0139855451089786,0.00400000009616479));
#6252=CARTESIAN_POINT('',(-0.00800288584658365,0.0179635841878942,0.029));
#6253=CARTESIAN_POINT('',(-0.00800288584658365,0.0179635841878942,0.004));
#6254=CARTESIAN_POINT('',(-0.00800288584658365,0.0179635841878942,0.00499999946901199));
#6255=CARTESIAN_POINT('',(-0.00530288582189812,0.021702777250353,0.004));
#6256=CARTESIAN_POINT('',(-0.00630288583424089,0.021702777250353,0.004));
#6257=CARTESIAN_POINT('',(-0.00498937888237312,0.0226523631595101,0.004));
#6258=CARTESIAN_POINT('',(-0.0107028858218981,0.021702777250353,0.004));
#6259=CARTESIAN_POINT('',(-0.0110163927614231,0.0226523631595101,0.004));
#6260=CARTESIAN_POINT('',(-0.00970288583424087,0.021702777250353,0.004));
#6261=CARTESIAN_POINT('',(-0.00543921741003344,0.0163056838905089,0.004));
#6262=CARTESIAN_POINT('',(-0.012073764385,0.0104753658318522,0.004));
#6263=CARTESIAN_POINT('',(-0.0133473001179389,0.0104753658439286,0.004));
#6264=CARTESIAN_POINT('',(-2.36095865080443E-14,-0.00140133896007947,0.004));
#6265=CARTESIAN_POINT('',(-2.36095865080443E-14,-0.00140133896007947,0.004));
#6266=CARTESIAN_POINT('',(-0.00630288582189812,0.0186738621309754,0.004));
#6267=CARTESIAN_POINT('',(-0.00800288584658365,0.0179635841878942,0.004));
#6268=CARTESIAN_POINT('',(-0.00970288584658365,0.0179635841878942,0.004));
#6269=CARTESIAN_POINT('',(-0.00630288584658365,0.0179635841878942,0.004));
#6270=CARTESIAN_POINT('',(-0.00970288582189811,0.0186738621309754,0.004));
#6271=CARTESIAN_POINT('',(-0.0137960245866572,0.0195682814770723,0.004));
#6272=CARTESIAN_POINT('',(-0.0255193922729381,0.0221300484634076,0.004));
#6273=CARTESIAN_POINT('',(-0.01724312649699,-0.0148509077764672,0.00160008261712148));
#6274=CARTESIAN_POINT('',(-0.01724312649699,-0.0148509077764672,0.00160008261712149));
#6275=CARTESIAN_POINT('',(-0.01724312649699,-0.0165509077764672,0.00160008261712145));
#6276=CARTESIAN_POINT('',(-0.01724312649699,-0.0148509077764672,0.0020000826171215));
#6277=CARTESIAN_POINT('',(-0.01724312649699,-0.0169509077764672,0.0020000826171215));
#6278=CARTESIAN_POINT('',(-0.01724312649699,-0.0148509077764672,-1.99999999999506E-6));
#6279=CARTESIAN_POINT('',(-0.0129625292078787,-0.0255245429045974,-2.000000000002E-6));
#6280=CARTESIAN_POINT('',(-0.00570540093167406,-0.0221579289999877,0.00249999946901199));
#6281=CARTESIAN_POINT('',(-0.00570540093167406,-0.0221579289999877,0.0020000826171215));
#6282=CARTESIAN_POINT('',(-0.0129625292078787,-0.0255245429045974,0.0020000826171215));
#6283=CARTESIAN_POINT('',(-0.0159403345401617,-0.018099404831603,0.00200008261712149));
#6284=CARTESIAN_POINT('',(-0.0159403315850948,-0.0180994036464912,1.38777878078145E-17));
#6285=CARTESIAN_POINT('',(-0.01724312649699,-0.0148509077764672,-1.99999999999506E-6));
#6286=CARTESIAN_POINT('',(-0.0205318313596776,-0.0136532348970318,1.38777878078145E-17));
#6287=CARTESIAN_POINT('',(-0.0205318313596776,-0.0136532348970319,0.00200008261712149));
#6288=CARTESIAN_POINT('',(-0.01724312649699,-0.0148509077764672,0.00200008261712149));
#6289=CARTESIAN_POINT('',(-0.02755668437707,-0.0110949402819063,-2.000000000002E-6));
#6290=CARTESIAN_POINT('',(-0.02755668437707,-0.0110949402819063,0.00200008261712148));
#6291=CARTESIAN_POINT('',(-0.0234832967808497,-0.00482589372403911,0.00200008261712148));
#6292=CARTESIAN_POINT('',(-0.0234832967808497,-0.00482589372403911,-1.99999999999506E-6));
#6293=CARTESIAN_POINT('',(0.0065202803677594,-0.0335082967947278,0.0092000025608863));
#6294=CARTESIAN_POINT('',(-0.0065191533915171,-0.0335082965648103,0.0092000025608863));
#6295=CARTESIAN_POINT('',(0.00652028038558093,-0.0324975754499548,0.00920000256135711));
#6296=CARTESIAN_POINT('',(-0.00651915337369557,-0.0324975752200373,0.00920000256135711));
#6297=CARTESIAN_POINT('',(0.00652028041783832,-0.0306681451334137,0.00903760907156884));
#6298=CARTESIAN_POINT('',(-0.00651915334143818,-0.0306681449034962,0.00903760907156884));
#6299=CARTESIAN_POINT('',(0.00652028045543875,-0.0285356925383787,0.00852161149998578));
#6300=CARTESIAN_POINT('',(-0.00651915330383776,-0.0285356923084612,0.00852161149998578));
#6301=CARTESIAN_POINT('',(0.00652028047720134,-0.0273014589160031,0.00804503254528345));
#6302=CARTESIAN_POINT('',(-0.00651915328207516,-0.0273014586860856,0.00804503254528345));
#6303=CARTESIAN_POINT('',(0.0065202804886431,-0.0266525565130717,0.00774103607771907));
#6304=CARTESIAN_POINT('',(-0.0065191532706334,-0.0266525562831542,0.00774103607771907));
#6305=CARTESIAN_POINT('',(0.00652028049391114,-0.0263537872926879,0.00758465259548468));
#6306=CARTESIAN_POINT('',(-0.00651915326536536,-0.0263537870627704,0.00758465259548468));
#6307=CARTESIAN_POINT('',(0.0065202804983118,-0.026104210395591,0.00746564917299313));
#6308=CARTESIAN_POINT('',(-0.0065191532609647,-0.0261042101656735,0.00746564917299313));
#6309=CARTESIAN_POINT('',(0.00652028050758374,-0.0255783662598959,0.00728305509616014));
#6310=CARTESIAN_POINT('',(-0.00651915325169276,-0.0255783660299784,0.00728305509616014));
#6311=CARTESIAN_POINT('',(0.00652028053129244,-0.0242337619805925,0.00691712488351796));
#6312=CARTESIAN_POINT('',(-0.00651915322798406,-0.024233761750675,0.00691712488351796));
#6313=CARTESIAN_POINT('',(0.00652028056612783,-0.0222581240936213,0.00641647067931781));
#6314=CARTESIAN_POINT('',(-0.00651915319314867,-0.0222581238637038,0.00641647067931781));
#6315=CARTESIAN_POINT('',(0.00652028058573245,-0.0211462778830971,0.00613611905047006));
#6316=CARTESIAN_POINT('',(-0.00651915317354405,-0.0211462776531796,0.00613611905047006));
#6317=CARTESIAN_POINT('',(0.00652028059260436,-0.0207565480697476,0.00603372264917186));
#6318=CARTESIAN_POINT('',(-0.00651915316667214,-0.0207565478398301,0.00603372264917186));
#6319=CARTESIAN_POINT('',(0.0042207846231489,-0.0288911586042766,0.00858430331307103));
#6320=CARTESIAN_POINT('',(0.00422078459881247,-0.0285312868940878,0.00848269854777055));
#6321=CARTESIAN_POINT('',(0.00424487138212209,-0.0278250061533855,0.00825158410512689));
#6322=CARTESIAN_POINT('',(0.00433050447735039,-0.0269698578207749,0.00790760347196288));
#6323=CARTESIAN_POINT('',(0.00442651546347504,-0.026317271518684,0.00755607754857056));
#6324=CARTESIAN_POINT('',(0.00454830516496782,-0.0256368067213128,0.00729126386470192));
#6325=CARTESIAN_POINT('',(0.0047518243068839,-0.0247547629221817,0.00706240541492323));
#6326=CARTESIAN_POINT('',(0.00506887009751159,-0.0237131010165727,0.00678514255260823));
#6327=CARTESIAN_POINT('',(0.00558282606402841,-0.022360806164773,0.00644218355998568));
#6328=CARTESIAN_POINT('',(0.00607140243572871,-0.0213858851985355,0.0061990727347803));
#6329=CARTESIAN_POINT('',(0.00644297169681082,-0.0207565480684121,0.00603372264917912));
#6330=CARTESIAN_POINT('',(0.00644297169679837,-0.0207565480684333,0.00603372264918469));
#6331=CARTESIAN_POINT('',(0.0167207847665822,-0.0207565482496566,0.00603372264918466));
#6332=CARTESIAN_POINT('',(-0.00644184427086615,-0.020756547841242,0.00603372264918466));
#6333=CARTESIAN_POINT('',(-0.00644184427086616,-0.0207565478412177,0.00603372264917826));
#6334=CARTESIAN_POINT('',(-0.00607056919063983,-0.0213853867597459,0.00619894183277063));
#6335=CARTESIAN_POINT('',(-0.00558390685275597,-0.0223566349013951,0.00644107859083097));
#6336=CARTESIAN_POINT('',(-0.00507274275226103,-0.0236993008272107,0.00678172673176708));
#6337=CARTESIAN_POINT('',(-0.00475842741221085,-0.0247270259764126,0.00705466502324133));
#6338=CARTESIAN_POINT('',(-0.00455320970556569,-0.025606900799027,0.00728375874027271));
#6339=CARTESIAN_POINT('',(-0.00442825606058755,-0.0262993037413792,0.00754595192149256));
#6340=CARTESIAN_POINT('',(-0.00433113671324676,-0.026954989743401,0.00790132643511472));
#6341=CARTESIAN_POINT('',(-0.00424407698761395,-0.0278170587647034,0.00824883483490091));
#6342=CARTESIAN_POINT('',(-0.00421965744688684,-0.0285285794839776,0.00848193419021234));
#6343=CARTESIAN_POINT('',(-0.00421965748408349,-0.0288911584506322,0.00858430331171055));
#6344=CARTESIAN_POINT('',(-0.0196701800025226,-0.00318027054256878,0.029999999469012));
#6345=CARTESIAN_POINT('',(-0.0182637924354068,-0.00177388375359565,0.00499999946901199));
#6346=CARTESIAN_POINT('',(-0.0184488578820537,-0.00195894909784728,0.0058454168812773));
#6347=CARTESIAN_POINT('',(-0.0186449868574687,-0.0021550779647458,0.00668528110372273));
#6348=CARTESIAN_POINT('',(-0.0188912135106279,-0.00240130448166982,0.00749999946901213));
#6349=CARTESIAN_POINT('',(-0.0182637924354068,-0.00177388375359565,0.00499999946901199));
#6350=CARTESIAN_POINT('',(-0.0188912135106282,-0.0024013044816701,0.00749999946901201));
#6351=CARTESIAN_POINT('',(-0.00954406775652931,0.00694583610073016,0.00749999946901199));
#6352=CARTESIAN_POINT('',(-0.0209878615041086,-0.0044979513150925,0.007499999469012));
#6353=CARTESIAN_POINT('',(-0.0209878615041086,-0.00449795131509251,0.007499999469012));
#6354=CARTESIAN_POINT('',(-0.0212340881572678,-0.00474417783201656,0.00668528110372263));
#6355=CARTESIAN_POINT('',(-0.0214302171326831,-0.00494030669891532,0.00584541688127734));
#6356=CARTESIAN_POINT('',(-0.0216152825793299,-0.00512537204316695,0.00499999946901202));
#6357=CARTESIAN_POINT('',(-0.0216152825793299,-0.00512537204316692,0.00499999946901199));
#6358=CARTESIAN_POINT('',(-0.0196701800025226,-0.00318027054256878,0.00499999946901199));
#6359=CARTESIAN_POINT('',(-0.00654282182505695,-0.00855066533488533,0.00749999946901199));
#6360=CARTESIAN_POINT('',(-0.00341310800105407,-0.00542095324252816,0.00299999946901199));
#6361=CARTESIAN_POINT('',(-0.00654282182505695,-0.00855066533488533,0.00299999946901199));
#6362=CARTESIAN_POINT('',(-0.0105877976262125,-0.0125956388979881,0.00299973796694099));
#6363=CARTESIAN_POINT('',(-0.00654282182505695,-0.00855066533488533,0.00749999946901199));
#6364=CARTESIAN_POINT('',(-0.00654282182505695,-0.00855066533488537,0.00200008261712149));
#6365=CARTESIAN_POINT('',(-0.0121531472478316,-0.0141609876535117,0.0020000826171215));
#6366=CARTESIAN_POINT('',(-0.0122109348538616,-0.0142187752275682,0.00200008261712148));
#6367=CARTESIAN_POINT('',(-0.0122109348538617,-0.0142187752275683,0.00249999946901199));
#6368=CARTESIAN_POINT('',(-0.0122109348538635,-0.0142187752275701,0.00302600765752669));
#6369=CARTESIAN_POINT('',(-0.0109414400491483,-0.0129492811255014,0.0649787134302711));
#6370=CARTESIAN_POINT('',(-0.010941349065403,-0.0129491901415613,0.0030002609721059));
#6371=CARTESIAN_POINT('',(-0.00654949708627538,-0.00855734059241042,0.0029875288204118));
#6372=CARTESIAN_POINT('',(-0.0128961737681321,-0.00219730663321429,0.00749999946901199));
#6373=CARTESIAN_POINT('',(-0.00957082952667811,-0.00552265441211715,0.00299999946901199));
#6374=CARTESIAN_POINT('',(-0.0128961737681321,-0.0021973066332143,0.00299999946901199));
#6375=CARTESIAN_POINT('',(-0.0128961737681321,-0.00219730663321429,0.00749999946901199));
#6376=CARTESIAN_POINT('',(-0.0128961737681321,-0.00219730663321434,0.00200008261712149));
#6377=CARTESIAN_POINT('',(-0.0128961737681321,-0.0021973066332143,0.0020000826171215));
#6378=CARTESIAN_POINT('',(-0.0093940527373554,-0.00534587781084667,0.00399999946901198));
#6379=CARTESIAN_POINT('',(-0.00921727594803268,-0.00516910120957609,0.00499999946901199));
#6380=CARTESIAN_POINT('',(-0.00583571513411346,-0.00855066562074658,0.00499999946901199));
#6381=CARTESIAN_POINT('',(-0.0128961734822706,-0.0014901997617848,0.00499999946901199));
#6382=CARTESIAN_POINT('',(-0.0128961734822706,-0.0014901997617848,0.00499999946901199));
#6383=CARTESIAN_POINT('',(-0.00583571513411346,-0.00855066562074658,0.00499999946901199));
#6384=CARTESIAN_POINT('',(-0.000950000010478803,-0.00199428974717833,0.00394999946901198));
#6385=CARTESIAN_POINT('',(-0.00120000012851814,-0.00868871683948554,0.00289999946901199));
#6386=CARTESIAN_POINT('',(-0.00119999749142471,-0.00868872088020717,0.0029000105448961));
#6387=CARTESIAN_POINT('',(-0.000700000128518144,-0.00868871684830176,0.00499999946901199));
#6388=CARTESIAN_POINT('',(-0.000700000010478802,-0.00199428975158644,0.00499999946901199));
#6389=CARTESIAN_POINT('',(-0.000700000057653422,-0.00466972873747926,0.00499999946901199));
#6390=CARTESIAN_POINT('',(-0.000700000057653422,-0.00466972873747926,0.00499999946901199));
#6391=CARTESIAN_POINT('',(-0.00120000005765342,-0.00466972872866303,0.00289999946901199));
#6392=CARTESIAN_POINT('',(-0.00120000001047881,-0.00199428974277022,0.00289999946901199));
#6393=CARTESIAN_POINT('',(-0.00195000012851814,-0.00868871682626117,0.00394999946901198));
#6394=CARTESIAN_POINT('',(-0.00195000012851814,-0.00868871682626117,0.00289999946901199));
#6395=CARTESIAN_POINT('',(-0.00248033049648628,-0.00921904663007273,0.00289999946901199));
#6396=CARTESIAN_POINT('',(-0.00248033049648628,-0.00921904663007273,0.00289999946901199));
#6397=CARTESIAN_POINT('',(-0.00283388407513171,-0.0095725998326138,0.00499999946901199));
#6398=CARTESIAN_POINT('',(-0.00195000012851814,-0.00868871682626117,0.00499999946901199));
#6399=CARTESIAN_POINT('',(-0.00402534569744993,-0.00802758336419177,0.00394999946901198));
#6400=CARTESIAN_POINT('',(-0.00774931309515314,-0.00395005842634501,0.00289999946901199));
#6401=CARTESIAN_POINT('',(-0.00774931309515314,-0.00395005842634501,0.00289999946901199));
#6402=CARTESIAN_POINT('',(-0.00810286667379856,-0.00430361162888597,0.00499999946901199));
#6403=CARTESIAN_POINT('',(-0.00420212248677263,-0.00820435996546226,0.00499999946901199));
#6404=CARTESIAN_POINT('',(-0.00384856890812721,-0.0078508067629213,0.00289999946901199));
#6405=CARTESIAN_POINT('',(-0.00721898272718501,-0.00341972862253344,0.00394999946901198));
#6406=CARTESIAN_POINT('',(-0.00721898272718501,-0.00341972862253344,0.00289999946901199));
#6407=CARTESIAN_POINT('',(-0.00721898271396065,-0.00266972862253344,0.00289999946901199));
#6408=CARTESIAN_POINT('',(-0.00721898270514441,-0.00216972862253344,0.00499999946901199));
#6409=CARTESIAN_POINT('',(-0.00721898270514441,-0.00216972862253344,0.00499999946901199));
#6410=CARTESIAN_POINT('',(-0.00721898272718501,-0.00341972862253344,0.00499999946901199));
#6411=CARTESIAN_POINT('',(-0.010152745962183,-0.00241972857080391,0.00394999946901198));
#6412=CARTESIAN_POINT('',(-0.00320000001357224,-0.00216972869339806,0.00499999946901199));
#6413=CARTESIAN_POINT('',(-0.00320000001357224,-0.00216972869339806,0.00499999946901199));
#6414=CARTESIAN_POINT('',(-0.00320000002238848,-0.00266972869339807,0.00289999946901199));
#6415=CARTESIAN_POINT('',(-0.0101527459577749,-0.00216972857080391,0.00499999946901199));
#6416=CARTESIAN_POINT('',(-0.0101527459665911,-0.00266972857080393,0.00289999946901199));
#6417=CARTESIAN_POINT('',(-0.00320000005765344,-0.00466972869339806,0.00394999946901198));
#6418=CARTESIAN_POINT('',(-0.00320000005765344,-0.00466972869339808,0.00289999946901199));
#6419=CARTESIAN_POINT('',(-0.00320000005765344,-0.00466972869339806,0.00499999946901199));
#6420=CARTESIAN_POINT('',(0.0106808772347945,-0.00604919217605003,0.00394999946901198));
#6421=CARTESIAN_POINT('',(0.0140614250698436,-0.00973319765038708,0.00499999946901199));
#6422=CARTESIAN_POINT('',(0.0140614250698436,-0.00973319765038708,0.00499999946901199));
#6423=CARTESIAN_POINT('',(0.0137233702863387,-0.00936479710295334,0.00289999946901199));
#6424=CARTESIAN_POINT('',(0.0106808772347945,-0.00604919217605003,0.00289999946901199));
#6425=CARTESIAN_POINT('',(0.0106808771554484,-0.01054919217605,0.00289999946901199));
#6426=CARTESIAN_POINT('',(0.0106808771554484,-0.01054919217605,0.00289999946901199));
#6427=CARTESIAN_POINT('',(0.0106808771466321,-0.01104919217605,0.00499999946901199));
#6428=CARTESIAN_POINT('',(0.0106808772347945,-0.00604919217605003,0.00499999946901199));
#6429=CARTESIAN_POINT('',(0.00624041930990955,-0.0107991920977538,0.00394999946901198));
#6430=CARTESIAN_POINT('',(0.00319999983867707,-0.0105491920441436,0.00289999946901199));
#6431=CARTESIAN_POINT('',(0.00319999983867707,-0.0105491920441436,0.00289999946901199));
#6432=CARTESIAN_POINT('',(0.00319999982986083,-0.0110491920441436,0.00499999946901199));
#6433=CARTESIAN_POINT('',(0.00624041930550142,-0.0110491920977538,0.00499999946901199));
#6434=CARTESIAN_POINT('',(0.00624041931431766,-0.0105491920977538,0.00289999946901199));
#6435=CARTESIAN_POINT('',(0.00319999987394203,-0.00854919204414363,0.00394999946901198));
#6436=CARTESIAN_POINT('',(0.00319999987394203,-0.00854919204414363,0.00289999946901199));
#6437=CARTESIAN_POINT('',(0.00119999987394203,-0.00854919200452748,0.00289946100849692));
#6438=CARTESIAN_POINT('',(0.00107070802981931,-0.00854911563812614,0.00344302522008494));
#6439=CARTESIAN_POINT('',(0.000699999875551538,-0.00854910233589432,0.00499999946901199));
#6440=CARTESIAN_POINT('',(0.00319999987394203,-0.00854919204414363,0.00499999946901199));
#6441=CARTESIAN_POINT('',(0.000950503493838373,0.00586913537976638,0.00395005724345552));
#6442=CARTESIAN_POINT('',(0.00120000012817566,0.00586929322449147,0.00290217140370232));
#6443=CARTESIAN_POINT('',(0.00119999994234658,-0.0046697287759458,0.00289979937194317));
#6444=CARTESIAN_POINT('',(0.00120018710555447,-0.00466972877172667,0.00289979776419441));
#6445=CARTESIAN_POINT('',(0.00103350089374489,-0.00466972876878755,0.00359987985334437));
#6446=CARTESIAN_POINT('',(0.000866814681935315,-0.00466972876584843,0.00429996194249433));
#6447=CARTESIAN_POINT('',(0.000700128470125736,-0.00466972876290932,0.00500004403164429));
#6448=CARTESIAN_POINT('',(0.000699941307070073,-0.00466972875807056,0.00499999946901197));
#6449=CARTESIAN_POINT('',(0.000700213757894453,-0.00258860415372628,0.00499999946901199));
#6450=CARTESIAN_POINT('',(0.00319999994234659,-0.00466972880624593,0.00394999946901198));
#6451=CARTESIAN_POINT('',(0.00319999994234659,-0.00466972880624593,0.00289999946901199));
#6452=CARTESIAN_POINT('',(0.00319999997761154,-0.00266972880624593,0.00289999946901199));
#6453=CARTESIAN_POINT('',(0.00319999997761154,-0.00266972880624593,0.00289999946901199));
#6454=CARTESIAN_POINT('',(0.00319999998642778,-0.00216972880624593,0.00499999946901199));
#6455=CARTESIAN_POINT('',(0.00319999994234658,-0.00466972880624593,0.00499999946901199));
#6456=CARTESIAN_POINT('',(-0.010152745962183,-0.00241972857080391,0.00394999946901198));
#6457=CARTESIAN_POINT('',(0.0145140089577321,-0.00216972900573995,0.00499999946901199));
#6458=CARTESIAN_POINT('',(0.0145140089577321,-0.00216972900573995,0.00499999946901199));
#6459=CARTESIAN_POINT('',(0.0145140089489159,-0.00266972900573995,0.00289999946901199));
#6460=CARTESIAN_POINT('',(-0.0101527459577749,-0.00216972857080391,0.00499999946901199));
#6461=CARTESIAN_POINT('',(-0.0101527459665911,-0.00266972857080393,0.00289999946901199));
#6462=CARTESIAN_POINT('',(0.0145140089136509,-0.00466972900573995,0.00394999946901198));
#6463=CARTESIAN_POINT('',(0.0145140089136509,-0.00466972900573995,0.00289999946901199));
#6464=CARTESIAN_POINT('',(0.01634997888887,-0.00387649874276834,0.00289999946901199));
#6465=CARTESIAN_POINT('',(0.0168089713826749,-0.00367819117702553,0.00499999946901199));
#6466=CARTESIAN_POINT('',(0.0168089713826748,-0.00367819117702553,0.00499999946901199));
#6467=CARTESIAN_POINT('',(0.0145140089136509,-0.00466972900573995,0.00499999946901199));
#6468=CARTESIAN_POINT('',(0.0219205640530406,-0.00146972913633586,0.00394999946901198));
#6469=CARTESIAN_POINT('',(0.0170031897143065,-0.00408222101683277,0.00499999946901199));
#6470=CARTESIAN_POINT('',(0.0170031897143065,-0.00408222101683277,0.00499999946901199));
#6471=CARTESIAN_POINT('',(0.0165616369427422,-0.0043168082072844,0.00289999946901199));
#6472=CARTESIAN_POINT('',(0.0219205640530406,-0.00146972913633586,0.00499999946901199));
#6473=CARTESIAN_POINT('',(0.0219205640530406,-0.00146972913633586,0.00289999946901199));
#6474=CARTESIAN_POINT('',(0.0143538730849212,-0.00548974415954236,0.00394999946901198));
#6475=CARTESIAN_POINT('',(0.0143538730849212,-0.00548974415954236,0.00289999946901199));
#6476=CARTESIAN_POINT('',(0.0159574214151473,-0.0074077203722804,0.00289999946901199));
#6477=CARTESIAN_POINT('',(0.0162781310811925,-0.0077913156148281,0.00499999946901199));
#6478=CARTESIAN_POINT('',(0.0162781310811925,-0.0077913156148281,0.00499999946901199));
#6479=CARTESIAN_POINT('',(0.0143538730849212,-0.00548974415954236,0.00499999946901199));
#6480=CARTESIAN_POINT('',(0.0572648264017715,-0.0568147876124133,0.00394999946901198));
#6481=CARTESIAN_POINT('',(0.0572648264017715,-0.0568147876124133,0.00499999946901199));
#6482=CARTESIAN_POINT('',(0.0572648264017715,-0.0568147876124133,0.00289999946901199));
#6483=CARTESIAN_POINT('',(-0.0135088516491549,0.0108372706949135,0.00394999946901198));
#6484=CARTESIAN_POINT('',(-0.0135088516866992,0.00870797884941456,0.00445697371794019));
#6485=CARTESIAN_POINT('',(-0.0135088516844202,0.00883727069491354,0.00499999946901199));
#6486=CARTESIAN_POINT('',(-0.0135088516932365,0.00833727069491355,0.00289999946901199));
#6487=CARTESIAN_POINT('',(-0.0135088516491549,0.0108372706949135,0.00289999946901199));
#6488=CARTESIAN_POINT('',(-0.0116562745282582,0.0091592158764116,0.00289999946898244));
#6489=CARTESIAN_POINT('',(-0.0116559813303748,0.00915895027064494,0.00290009366305862));
#6490=CARTESIAN_POINT('',(-0.0117795071246292,0.00927083930466943,0.00360009366310049));
#6491=CARTESIAN_POINT('',(-0.0119030329192444,0.00938272833829547,0.00430009366314236));
#6492=CARTESIAN_POINT('',(-0.0120265587142206,0.00949461737152307,0.00500009366318423));
#6493=CARTESIAN_POINT('',(-0.0120268519284419,0.00949488295966995,0.00499999946901185));
#6494=CARTESIAN_POINT('',(-0.0135088516491549,0.0108372706949135,0.00499999946901199));
#6495=CARTESIAN_POINT('',(-8.8196926305355E-44,-0.0014,0.00499999946901199));
#6496=CARTESIAN_POINT('',(-0.00298425190175683,0.0140425878975112,0.00290004685140547));
#6497=CARTESIAN_POINT('',(-0.00301588498242164,0.0142062194486198,0.00360002363355275));
#6498=CARTESIAN_POINT('',(-0.00304751841801719,0.0143698509311261,0.00430000041570003));
#6499=CARTESIAN_POINT('',(-0.00307915220854327,0.014533482345029,0.00499997719784732));
#6500=CARTESIAN_POINT('',(-0.00307913592964023,0.0145333981259759,0.00499999762116184));
#6501=CARTESIAN_POINT('',(-0.00298423843630702,0.0140425183144336,0.0029000637261657));
#6502=CARTESIAN_POINT('',(0.,-0.0014,0.00499999946901199));
#6503=CARTESIAN_POINT('',(-1.4111509621983E-44,-0.0014,0.00289999950906798));
#6504=CARTESIAN_POINT('',(-0.00269995024394747,0.0125696344879878,0.00395020740989167));
#6505=CARTESIAN_POINT('',(-0.0029842271443456,0.0140424599326344,0.00290024681486617));
#6506=CARTESIAN_POINT('',(-0.00254786517399018,0.0141266695208585,0.00290018632358341));
#6507=CARTESIAN_POINT('',(-0.00161743780531887,0.0138834592537011,0.0029000573395477));
#6508=CARTESIAN_POINT('',(-0.00119999942702187,0.0130140465127016,0.00289999946896778));
#6509=CARTESIAN_POINT('',(-0.00119999975368113,0.012569633385436,0.00289999946901198));
#6510=CARTESIAN_POINT('',(-0.00119999975368093,0.012569633923488,0.00289999946901199));
#6511=CARTESIAN_POINT('',(-0.00104383155744491,0.0125696344587863,0.00355590589320239));
#6512=CARTESIAN_POINT('',(-0.000699999753680724,0.0125696344527237,0.00499999946901199));
#6513=CARTESIAN_POINT('',(-0.00269995024394747,0.0125696344879878,0.00499999946901199));
#6514=CARTESIAN_POINT('',(-0.000950000010478803,-0.00199428974717833,0.00394999946901198));
#6515=CARTESIAN_POINT('',(-0.00119993816295157,0.00173019953800191,0.00290025895280408));
#6516=CARTESIAN_POINT('',(-0.00103329008262587,0.00173019355811882,0.00360018089017245));
#6517=CARTESIAN_POINT('',(-0.000866642002300173,0.00173018757823574,0.00430010282754081));
#6518=CARTESIAN_POINT('',(-0.000699993921974477,0.00173018159835265,0.00500002476490918));
#6519=CARTESIAN_POINT('',(-0.00119988504117298,0.00173021357599394,0.00290024630488149));
#6520=CARTESIAN_POINT('',(-0.000699887679206142,0.00173018159835077,0.00499999946901199));
#6521=CARTESIAN_POINT('',(-0.000700000020957604,-0.00258857951551555,0.00499999946901199));
#6522=CARTESIAN_POINT('',(-0.00120000001047881,-0.00199428974277022,0.00289999946901199));
#6523=CARTESIAN_POINT('',(-0.00319988767759666,0.00173027130659996,0.00394999946901198));
#6524=CARTESIAN_POINT('',(-0.00319988767759666,0.00173027130659996,0.00289999946901199));
#6525=CARTESIAN_POINT('',(-0.00319988771286161,-0.000269728693400044,0.00289999946901199));
#6526=CARTESIAN_POINT('',(-0.00319988771286161,-0.000269728693400044,0.00289999946901199));
#6527=CARTESIAN_POINT('',(-0.00319988772167785,-0.000769728693400045,0.00499999946901199));
#6528=CARTESIAN_POINT('',(-0.00319988767759666,0.00173027130659996,0.00499999946901199));
#6529=CARTESIAN_POINT('',(-0.0101527459286813,-0.000519728570803917,0.00394999946901198));
#6530=CARTESIAN_POINT('',(-0.0101527459242732,-0.00026972857080393,0.00289999946901199));
#6531=CARTESIAN_POINT('',(-0.0138824210701065,-0.000269728505040508,0.00289999946901199));
#6532=CARTESIAN_POINT('',(-0.0138824210701065,-0.000269728505040508,0.00289999946901199));
#6533=CARTESIAN_POINT('',(-0.0138824210789227,-0.000769728505040508,0.00499999946901199));
#6534=CARTESIAN_POINT('',(-0.0101527459330894,-0.000769728570803917,0.00499999946901199));
#6535=CARTESIAN_POINT('',(-0.0138824210172091,0.0027302714949595,0.00394999946901198));
#6536=CARTESIAN_POINT('',(-0.0138824210172091,0.0027302714949595,0.00289999946901199));
#6537=CARTESIAN_POINT('',(-0.0165412558374448,0.00134081210415235,0.00289999946901199));
#6538=CARTESIAN_POINT('',(-0.0165412558374448,0.00134081210415235,0.00289999946901199));
#6539=CARTESIAN_POINT('',(-0.0169843949741508,0.00110923553901799,0.00499999946901199));
#6540=CARTESIAN_POINT('',(-0.0138824210172091,0.0027302714949595,0.00499999946901199));
#6541=CARTESIAN_POINT('',(-0.00323633135466199,-0.00559772998672936,0.00399999946901199));
#6542=CARTESIAN_POINT('',(-0.0105878406442723,-0.0125955949036276,0.00299975336072178));
#6543=CARTESIAN_POINT('',(-0.0104699750144046,-0.012713460538303,0.00366650206350609));
#6544=CARTESIAN_POINT('',(-0.0103521093845369,-0.0128313261729784,0.00433325076629041));
#6545=CARTESIAN_POINT('',(-0.0102342437546692,-0.0129491918076538,0.00499999946907472));
#6546=CARTESIAN_POINT('',(-0.0102342433701449,-0.0129491918073619,0.00499999946902768));
#6547=CARTESIAN_POINT('',(-0.00305955470827001,-0.00577450673093057,0.00499999946901199));
#6548=CARTESIAN_POINT('',(-0.0105877964549819,-0.0129491910195623,0.0040002598857717));
#6549=CARTESIAN_POINT('',(-0.0109413925564338,-0.0129491466358246,0.00300027634710299));
#6550=CARTESIAN_POINT('',(-0.0108234694453054,-0.0130670699385595,0.00366752445884969));
#6551=CARTESIAN_POINT('',(-0.010705546334177,-0.0131849932412945,0.0043347725705964));
#6552=CARTESIAN_POINT('',(-0.0105876232230487,-0.0133029165440294,0.0050020206823431));
#6553=CARTESIAN_POINT('',(-0.0105876118510615,-0.0133029279160351,0.00500208502882218));
#6554=CARTESIAN_POINT('',(0.000375147421199243,-0.0129491919943346,0.034999999469012));
#6555=CARTESIAN_POINT('',(-0.0122629758406064,-0.0142665758315128,0.00301598528617988));
#6556=CARTESIAN_POINT('',(-0.0118233931820638,-0.0138269919590727,0.00299729162338861));
#6557=CARTESIAN_POINT('',(-0.0113834316945094,-0.0133870298966511,0.0029879562662971));
#6558=CARTESIAN_POINT('',(-0.0109434705066116,-0.0129470687748009,0.002987986390979));
#6559=CARTESIAN_POINT('',(-0.0122621832316595,-0.0142671966743399,0.00302001790387859));
#6560=CARTESIAN_POINT('',(-0.0118226291800185,-0.0138276418944906,0.00300131544432081));
#6561=CARTESIAN_POINT('',(-0.0113826961796973,-0.0133877085920512,0.00299197065956287));
#6562=CARTESIAN_POINT('',(-0.0109427633722501,-0.0129477759097623,0.00299199075032333));
#6563=CARTESIAN_POINT('',(-0.0122613906227127,-0.0142678175171671,0.00302405052157729));
#6564=CARTESIAN_POINT('',(-0.0118218651779732,-0.0138282918299086,0.003005339265253));
#6565=CARTESIAN_POINT('',(-0.0113819606648851,-0.0133883872874512,0.00299598505282863));
#6566=CARTESIAN_POINT('',(-0.0109420562378885,-0.0129484830447238,0.00299599510966766));
#6567=CARTESIAN_POINT('',(-0.0122605980137659,-0.0142684383599943,0.003028083139276));
#6568=CARTESIAN_POINT('',(-0.0118211011759279,-0.0138289417653265,0.00300936308618519));
#6569=CARTESIAN_POINT('',(-0.0113812251500729,-0.0133890659828513,0.0029999994460944));
#6570=CARTESIAN_POINT('',(-0.0109413491035269,-0.0129491901796852,0.002999999469012));
#6571=CARTESIAN_POINT('',(-0.012128502877709,-0.0143719071866473,0.0037001537558197));
#6572=CARTESIAN_POINT('',(-0.0116937736274276,-0.0139372591238445,0.00367996764550809));
#6573=CARTESIAN_POINT('',(-0.0112586452453506,-0.0135021764411313,0.0036690328032694));
#6574=CARTESIAN_POINT('',(-0.010823499046353,-0.0130670403368344,0.00366736058639959));
#6575=CARTESIAN_POINT('',(-0.0119964077416521,-0.0144753760133003,0.00437222437236348));
#6576=CARTESIAN_POINT('',(-0.0115664460789272,-0.0140455764823625,0.00435057220483101));
#6577=CARTESIAN_POINT('',(-0.0111360653406285,-0.0136152868994113,0.0043380661604444));
#6578=CARTESIAN_POINT('',(-0.0107056489891791,-0.0131848904939836,0.00433472170378719));
#6579=CARTESIAN_POINT('',(-0.0118643126055952,-0.0145788448399533,0.00504429498890719));
#6580=CARTESIAN_POINT('',(-0.0114391185304269,-0.0141538938408806,0.00502117676415388));
#6581=CARTESIAN_POINT('',(-0.0110134854359063,-0.0137283973576913,0.00500709951761948));
#6582=CARTESIAN_POINT('',(-0.0105877989320052,-0.0133027406511328,0.00500208282117479));
#6583=CARTESIAN_POINT('',(1.66346072549442,2.70811162802272,0.201989262538578));
#6584=CARTESIAN_POINT('',(-0.0118643126099033,-0.0145788448354839,0.00504429496385912));
#6585=CARTESIAN_POINT('',(-0.0105877806561075,-0.0125962570949798,0.0649711759554306));
#6586=CARTESIAN_POINT('',(-0.0135088516491549,0.0108372706949135,0.00249999946901199));
#6587=CARTESIAN_POINT('',(-0.0135088516932365,0.00833727069491355,0.00249999946901199));
#6588=CARTESIAN_POINT('',(-0.0116559646798838,0.00915893524599239,-1.51738201927567E-17));
#6589=CARTESIAN_POINT('',(-0.0116559646798838,0.00915893524599239,0.000966666489650953));
#6590=CARTESIAN_POINT('',(-0.0116559646798838,0.00915893524599239,0.00193333297930192));
#6591=CARTESIAN_POINT('',(-0.0116559646798838,0.00915893524599239,0.00289999946895289));
#6592=CARTESIAN_POINT('',(-0.0138824210172091,0.0027302714949595,0.00249999946901199));
#6593=CARTESIAN_POINT('',(-0.0138824210701065,-0.000269728505040508,0.00249999946901199));
#6594=CARTESIAN_POINT('',(-0.0165412558374448,0.00134081210415235,0.00249999946901199));
#6595=CARTESIAN_POINT('',(0.00319999983867707,-0.0105491920441436,0.00249999946901199));
#6596=CARTESIAN_POINT('',(0.0106808771554484,-0.01054919217605,0.00249999946901199));
#6597=CARTESIAN_POINT('',(0.00319999983867707,-0.0105491920441436,0.00374999946901199));
#6598=CARTESIAN_POINT('',(0.0106808772347945,-0.00604919217605003,0.00249999946901199));
#6599=CARTESIAN_POINT('',(0.0137233702863387,-0.00936479710295334,0.00249999946901199));
#6600=CARTESIAN_POINT('',(0.0572648264017715,-0.0568147876124133,0.00249999946901199));
#6601=CARTESIAN_POINT('',(0.0159574214151473,-0.00740772037228038,0.00249999946901199));
#6602=CARTESIAN_POINT('',(0.0143538730849212,-0.00548974415954236,0.00249999946901199));
#6603=CARTESIAN_POINT('',(0.0165616369427422,-0.0043168082072844,0.00249999946901199));
#6604=CARTESIAN_POINT('',(0.0219205640530406,-0.00146972913633586,0.00249999946901199));
#6605=CARTESIAN_POINT('',(0.01634997888887,-0.00387649874276834,0.00249999946901199));
#6606=CARTESIAN_POINT('',(0.0145140089136509,-0.00466972900573995,0.00249999946901199));
#6607=CARTESIAN_POINT('',(0.0145140089489159,-0.00266972900573995,0.00249999946901199));
#6608=CARTESIAN_POINT('',(0.0145140089489159,-0.00266972900573995,0.00249999946901199));
#6609=CARTESIAN_POINT('',(0.00319999997761154,-0.00266972880624593,0.00249999946901199));
#6610=CARTESIAN_POINT('',(0.00319999994234659,-0.00466972880624593,0.00249999946901199));
#6611=CARTESIAN_POINT('',(0.00119999994234658,-0.00466972877098098,0.00249999946901199));
#6612=CARTESIAN_POINT('',(0.00119999994234658,-0.00466972877098098,0.00249999946901199));
#6613=CARTESIAN_POINT('',(0.00119999987394203,-0.00854919200887867,0.00249999946901199));
#6614=CARTESIAN_POINT('',(0.00319999987394203,-0.00854919204414363,0.00249999946901199));
#6615=CARTESIAN_POINT('',(-0.00119999994080729,0.00195702811055398,0.0014666443090091));
#6616=CARTESIAN_POINT('',(-0.00120000005765343,-0.00466972872866302,0.00249999946901199));
#6617=CARTESIAN_POINT('',(-0.00120000012851814,-0.00868871683948552,0.00249999946901199));
#6618=CARTESIAN_POINT('',(-0.00320000005765344,-0.00466972869339806,0.00249999946901199));
#6619=CARTESIAN_POINT('',(-0.00320000002238848,-0.00266972869339806,0.00249999946901199));
#6620=CARTESIAN_POINT('',(0.0145140089489159,-0.00266972900573995,0.00249999946901199));
#6621=CARTESIAN_POINT('',(-0.00721898271396065,-0.00266972862253344,0.00249999946901199));
#6622=CARTESIAN_POINT('',(-0.00721898272718501,-0.00341972862253344,0.00249999946901199));
#6623=CARTESIAN_POINT('',(-0.00774931309515314,-0.003950058426345,0.00249999946901199));
#6624=CARTESIAN_POINT('',(-0.00774931309515314,-0.003950058426345,0.00249999946901199));
#6625=CARTESIAN_POINT('',(-0.00248033049648628,-0.00921904663007271,0.00249999946901199));
#6626=CARTESIAN_POINT('',(-0.00195000012851814,-0.00868871682626117,0.00249999946901199));
#6627=CARTESIAN_POINT('',(0.,-0.0014,0.00249999946901199));
#6628=CARTESIAN_POINT('',(0.00298519836368351,0.0140423934847178,0.00289981276435094));
#6629=CARTESIAN_POINT('',(0.00298519836368351,0.0140423934847178,0.00193320850956729));
#6630=CARTESIAN_POINT('',(0.00298519836368351,0.0140423934847178,0.00096660425478364));
#6631=CARTESIAN_POINT('',(0.00298519836368351,0.0140423934847178,-1.00113995593684E-17));
#6632=CARTESIAN_POINT('',(0.00270000024631971,0.0125696587428253,0.00249999946901199));
#6633=CARTESIAN_POINT('',(0.0012000002463197,0.012569658769274,0.00249999946901199));
#6634=CARTESIAN_POINT('',(0.00119999994234658,-0.00466972877098098,0.00249999946901199));
#6635=CARTESIAN_POINT('',(0.00120000005519571,0.00173034296035302,0.00289999946901199));
#6636=CARTESIAN_POINT('',(0.00120000005519571,0.00173034296035302,0.00193333297934132));
#6637=CARTESIAN_POINT('',(0.00120000005519571,0.00173034296035302,0.000966666489670656));
#6638=CARTESIAN_POINT('',(0.00120000005519571,0.00173034296035302,-1.04083408558608E-17));
#6639=CARTESIAN_POINT('',(0.00320011232651974,0.0017302711937521,0.00249999946901199));
#6640=CARTESIAN_POINT('',(0.00320011229125479,-0.0002697288062479,0.00249999946901199));
#6641=CARTESIAN_POINT('',(-0.0138824210701065,-0.000269728505040508,0.00249999946901199));
#6642=CARTESIAN_POINT('',(-0.0138824210701065,-0.000269728505040508,0.00249999946901199));
#6643=CARTESIAN_POINT('',(-0.00319988771286161,-0.000269728693400044,0.00249999946901199));
#6644=CARTESIAN_POINT('',(-0.00319988767759666,0.00173027130659996,0.00249999946901199));
#6645=CARTESIAN_POINT('',(-0.00119999994480596,0.00173024972079298,-4.33680868994202E-19));
#6646=CARTESIAN_POINT('',(-0.00119999994480596,0.00173024972079298,0.000966748768293833));
#6647=CARTESIAN_POINT('',(-0.00119999994480596,0.00173024972079298,0.00193349753658767));
#6648=CARTESIAN_POINT('',(-0.00119999994480596,0.00173024972079298,0.0029002463048815));
#6649=CARTESIAN_POINT('',(-0.00119999994080729,0.00195702811055398,0.0014666443090091));
#6650=CARTESIAN_POINT('',(-0.00119999975368073,0.01256963446154,0.00249999946901199));
#6651=CARTESIAN_POINT('',(-0.00269999975368073,0.0125696344879887,0.00249999946901199));
#6652=CARTESIAN_POINT('',(-0.00298422716600115,0.0140424599284553,0.00289986707364379));
#6653=CARTESIAN_POINT('',(-0.00298422716600115,0.0140424599284553,0.00193324471576252));
#6654=CARTESIAN_POINT('',(-0.00298422716600115,0.0140424599284553,0.000966622357881253));
#6655=CARTESIAN_POINT('',(-0.00298422716600115,0.0140424599284553,-1.51805697158439E-17));
#6656=CARTESIAN_POINT('',(0.,-0.0014,0.00249999946901199));
#6657=CARTESIAN_POINT('',(-0.0219194359469596,-0.001469728363328,0.00249999946901199));
#6658=CARTESIAN_POINT('',(-0.0219194359469596,-0.00146972836332801,0.00289999946901199));
#6659=CARTESIAN_POINT('',(-0.0217336375895296,0.00459570138148579,0.00289999173961839));
#6660=CARTESIAN_POINT('',(-0.0217336375903817,0.00459570138075591,0.0690398781874137));
#6661=CARTESIAN_POINT('',(-0.0135088516932365,0.00833727069491355,0.00249999946901199));
#6662=CARTESIAN_POINT('',(0.00618282213906241,0.00833727034769653,0.00289999946900229));
#6663=CARTESIAN_POINT('',(-0.0221877105708579,0.00833727084794435,0.00289999946901199));
#6664=CARTESIAN_POINT('',(-0.0221877105708579,0.00833727084794435,0.00249999946901199));
#6665=CARTESIAN_POINT('',(0.00618282214347223,0.00858727034769854,0.00394999946901198));
#6666=CARTESIAN_POINT('',(0.00618282214788025,0.00883727034769854,0.00499999946901199));
#6667=CARTESIAN_POINT('',(-0.0221877105620415,0.00883727084794434,0.00499999946901199));
#6668=CARTESIAN_POINT('',(-0.0221877105676326,0.00852021076210033,0.00366834710849879));
#6669=CARTESIAN_POINT('',(-0.0219194359469596,-0.00146972836332801,0.00394999946901198));
#6670=CARTESIAN_POINT('',(-0.0219194359469596,-0.00146972836332801,0.00499999946901199));
#6671=CARTESIAN_POINT('',(-0.0217489466221804,0.00409593454224178,0.00499999960718317));
#6672=CARTESIAN_POINT('',(-0.0217336375903445,0.00459570138075491,0.00289999946901199));
#6673=CARTESIAN_POINT('',(-0.018489889605236,-0.00779101937536163,0.007499999469012));
#6674=CARTESIAN_POINT('',(-0.018489889605236,-0.00779101937536163,0.00200008261712149));
#6675=CARTESIAN_POINT('',(-0.0188488608919169,-0.00814999046329865,0.00200008261712148));
#6676=CARTESIAN_POINT('',(-0.0125633186735158,-0.00186445172276415,0.00299999946901199));
#6677=CARTESIAN_POINT('',(-0.0188488691720828,-0.00814999874346002,0.00299999946937409));
#6678=CARTESIAN_POINT('',(-0.0188488691720899,-0.00814999874333902,0.0029999994690115));
#6679=CARTESIAN_POINT('',(-0.0127400953199078,-0.00168767497856294,0.003999999469012));
#6680=CARTESIAN_POINT('',(-0.0129168719662999,-0.00151089823436172,0.00499999946901199));
#6681=CARTESIAN_POINT('',(-0.0192454955369209,-0.00783951830340761,0.00499999946901199));
#6682=CARTESIAN_POINT('',(-0.0572638719901334,-0.0568150535415427,-0.0259915937187921));
#6683=CARTESIAN_POINT('',(-0.0572638719901334,-0.0568150535415427,0.002499999469012));
#6684=CARTESIAN_POINT('',(-0.0572638719901334,-0.0568150535415427,0.00200008261712148));
#6685=CARTESIAN_POINT('',(-0.0572638719901334,-0.0568150535415427,0.004999999469012));
#6686=CARTESIAN_POINT('',(-0.0238067112134011,-0.00461622507388899,0.00499993582398881));
#6687=CARTESIAN_POINT('',(-0.0238072822869145,-0.00461681022406641,0.00499999946901199));
#6688=CARTESIAN_POINT('',(-0.0238072857997795,-0.00461680797243325,0.00499220690890589));
#6689=CARTESIAN_POINT('',(-0.0238072225737906,-0.00461684849738506,0.00249999946901199));
#6690=CARTESIAN_POINT('',(-0.0128961743398546,-0.00361152037607348,0.0020000826171215));
#6691=CARTESIAN_POINT('',(-0.0202196574840834,-0.028891156809207,0.0020000826171215));
#6692=CARTESIAN_POINT('',(-0.00895067843661182,-0.0175328950043512,0.00200008261712149));
#6693=CARTESIAN_POINT('',(0.125924914537812,0.118411300972519,0.00200008261712148));
#6694=CARTESIAN_POINT('',(-0.0238070508310889,-0.00461658054883378,0.00499999946901199));
#6695=CARTESIAN_POINT('',(-0.0238065752848216,-0.00461610866095078,0.0049967530665852));
#6696=CARTESIAN_POINT('',(-0.0238072225737903,-0.00461684849738526,0.00249999946901199));
#6697=CARTESIAN_POINT('',(-0.0239396040205017,-0.00453199807679887,0.00499920831730367));
#6698=CARTESIAN_POINT('',(-0.0239396040205017,-0.00453199807679887,0.00333280554486911));
#6699=CARTESIAN_POINT('',(-0.0239396040205017,-0.00453199807679887,0.00166640277243455));
#6700=CARTESIAN_POINT('',(-0.0239396040205017,-0.00453199807679887,-9.54097911787244E-18));
#6701=CARTESIAN_POINT('',(-0.0239394253893151,-0.00453192422960491,0.00499920831730367));
#6702=CARTESIAN_POINT('',(-0.0238988799414247,-0.0045581003390429,0.00426223697348368));
#6703=CARTESIAN_POINT('',(-0.0241614730555679,0.00940627148154666,0.00149999946901199));
#6704=CARTESIAN_POINT('',(-0.0241614730555679,0.00940627148154666,0.00149999946901199));
#6705=CARTESIAN_POINT('',(-0.025587710552009,0.00940627150669476,0.00149999946901199));
#6706=CARTESIAN_POINT('',(-0.0241614730304198,0.0108325089779877,0.00149999946901199));
#6707=CARTESIAN_POINT('',(-0.0241614730304198,0.0108325089779877,0.00149999946901199));
#6708=CARTESIAN_POINT('',(-0.025587710552009,0.00940627150669476,0.00149999946901199));
#6709=CARTESIAN_POINT('',(-0.0241614730555679,0.00940627148154666,0.00324999946901199));
#6710=CARTESIAN_POINT('',(-0.0241614730304198,0.0108325089779877,0.00149999946901199));
#6711=CARTESIAN_POINT('',(-0.0241614730392361,0.0103325089779877,0.00499999946901199));
#6712=CARTESIAN_POINT('',(-0.025587710552009,0.00940627150669476,0.00149999946901199));
#6713=CARTESIAN_POINT('',(-0.0250877105520089,0.00940627149787854,0.00499999946901199));
#6714=CARTESIAN_POINT('',(-0.0241614730555679,0.00940627148154666,0.00499999946901199));
#6715=CARTESIAN_POINT('',(-0.0216877505127081,0.00609499812301093,0.00394997992933041));
#6716=CARTESIAN_POINT('',(-0.0217336375876163,0.00459570138218316,0.00289997480630888));
#6717=CARTESIAN_POINT('',(-0.0221218851201634,0.00460759431512633,0.00289993142869687));
#6718=CARTESIAN_POINT('',(-0.0228734890384559,0.00494360621788003,0.00289984745216673));
#6719=CARTESIAN_POINT('',(-0.0231877175750937,0.00570659537162378,0.00289981234039377));
#6720=CARTESIAN_POINT('',(-0.0231877106101538,0.00609502501810979,0.00289981233961465));
#6721=CARTESIAN_POINT('',(-0.0231877109434314,0.0060950250172567,0.00289981513985392));
#6722=CARTESIAN_POINT('',(-0.0233438686535062,0.00609505754848227,0.00355567612516018));
#6723=CARTESIAN_POINT('',(-0.0236877551637142,0.00609506988826504,0.00499999946896369));
#6724=CARTESIAN_POINT('',(-0.0216877505127081,0.00609499812301093,0.00499999946901199));
#6725=CARTESIAN_POINT('',(-0.0234377316825304,0.00671613451121131,0.0039499944492293));
#6726=CARTESIAN_POINT('',(-0.0233706505018922,0.00733731329573149,0.00366834710849699));
#6727=CARTESIAN_POINT('',(-0.0231877105881686,0.00733728879841082,0.00289999946766128));
#6728=CARTESIAN_POINT('',(-0.0236877105875499,0.00733732198296906,0.00499999946891419));
#6729=CARTESIAN_POINT('',(-0.0236880667312016,-0.00258772902174717,0.00499999946901199));
#6730=CARTESIAN_POINT('',(-0.0231877105994399,0.00671629268772982,0.0028999059247646));
#6731=CARTESIAN_POINT('',(-0.0221877105884905,0.00733727084794435,0.00394999946901198));
#6732=CARTESIAN_POINT('',(-0.0221877105884905,0.00733727084794435,0.00289999946901199));
#6733=CARTESIAN_POINT('',(-0.0221877105884905,0.00733727084794435,0.00499999946901199));
#6734=CARTESIAN_POINT('',(-0.0253377107536438,-0.00202915369207346,0.00324999946901199));
#6735=CARTESIAN_POINT('',(-0.0250877107111798,0.000379129393069514,0.00499999946901197));
#6736=CARTESIAN_POINT('',(-0.0253067339054116,0.000612184926518306,0.00346683708062408));
#6737=CARTESIAN_POINT('',(-0.0255877107019584,0.000902103212136759,0.00149999946901212));
#6738=CARTESIAN_POINT('',(-0.0250877107111798,0.00037912939306954,0.00499999946901199));
#6739=CARTESIAN_POINT('',(-0.0255877107019585,0.000902103212136755,0.00149999946901198));
#6740=CARTESIAN_POINT('',(-0.0250877107536439,-0.00202915369648157,0.00499999946901199));
#6741=CARTESIAN_POINT('',(-0.02558771065536,0.00354486829921176,0.00149999946901198));
#6742=CARTESIAN_POINT('',(-0.0219194359469596,-0.00146972836332801,0.00624999946901199));
#6743=CARTESIAN_POINT('',(-0.0219194359469596,-0.00146972836332801,0.00499999946901199));
#6744=CARTESIAN_POINT('',(-0.0255877107019586,0.000902103212136827,0.00149999946901202));
#6745=CARTESIAN_POINT('',(-0.0255877107246905,-0.000387108244862171,0.00499999946901197));
#6746=CARTESIAN_POINT('',(-0.0255877107437798,-0.00146972829864724,0.00499999946901198));
#6747=CARTESIAN_POINT('',(-0.0255877107437798,-0.00146972829864722,0.00499999946901199));
#6748=CARTESIAN_POINT('',(-0.0219194359469596,-0.00146972836332801,0.00499999946901199));
#6749=CARTESIAN_POINT('',(-0.0219194359469596,-0.00146972836332801,0.00499999946901199));
#6750=CARTESIAN_POINT('',(-0.0219194359469596,-0.00146972836332801,0.007499999469012));
#6751=CARTESIAN_POINT('',(-0.0221877105884905,0.00733727084794435,0.00249999946901199));
#6752=CARTESIAN_POINT('',(-0.0231877105884906,0.00733727086557682,0.00249999946901199));
#6753=CARTESIAN_POINT('',(-0.0216877106103949,0.0060949981215791,0.00249999946901199));
#6754=CARTESIAN_POINT('',(-0.0231877106103949,0.00609499814802782,0.00249999946901199));
#6755=CARTESIAN_POINT('',(-0.0219194359469596,-0.001469728363328,0.00249999946901199));
#6756=CARTESIAN_POINT('',(-0.0255877107437798,-0.00146972829864722,0.00249999946901199));
#6757=CARTESIAN_POINT('',(-0.0255877107437798,-0.00146972829864722,0.00249999946901199));
#6758=CARTESIAN_POINT('',(-0.0231877105884906,0.00733727086557682,0.00249999946901199));
#6759=CARTESIAN_POINT('',(-9.65740342460421E-6,-0.00258857952768801,0.00749999946901199));
#6760=CARTESIAN_POINT('',(-0.0219194359469596,-0.00146972836332801,0.007499999469012));
#6761=CARTESIAN_POINT('',(-0.0235194359469596,-0.00146972833511604,0.007499999469012));
#6762=CARTESIAN_POINT('',(0.0572649981444636,-0.0568150555609708,0.00249999946901199));
#6763=CARTESIAN_POINT('',(0.0572649981444636,-0.0568150555609708,0.00499999946901199));
#6764=CARTESIAN_POINT('',(0.0124614125889544,-0.0139588086499149,0.00499999946901199));
#6765=CARTESIAN_POINT('',(0.0238087686190461,-0.00461658138841869,0.00499999946901199));
#6766=CARTESIAN_POINT('',(0.0124615243523348,-0.0139589155556223,0.00499999946901199));
#6767=CARTESIAN_POINT('',(0.0124615243523348,-0.0139589155556223,0.00333333297934133));
#6768=CARTESIAN_POINT('',(0.0124615243523348,-0.0139589155556223,0.00166666648967066));
#6769=CARTESIAN_POINT('',(0.0124615243523348,-0.0139589155556223,-5.31867664475705E-18));
#6770=CARTESIAN_POINT('',(0.0238083505688882,-0.00461684933696583,0.002499999469012));
#6771=CARTESIAN_POINT('',(0.0238085595939671,-0.00461671536269227,0.00499215762650025));
#6772=CARTESIAN_POINT('',(0.0238087686190461,-0.0046165813884187,0.002499999469012));
#6773=CARTESIAN_POINT('',(0.0135078684057572,0.0138325083137818,0.00149999946901199));
#6774=CARTESIAN_POINT('',(0.0100033722150558,0.0138325083755749,0.00149197373002865));
#6775=CARTESIAN_POINT('',(0.0100033721968548,0.0138325083875277,0.00149197376822513));
#6776=CARTESIAN_POINT('',(0.0100033721821238,0.0138325083755749,0.00149197383297369));
#6777=CARTESIAN_POINT('',(0.00969833332759866,0.0138325083809535,0.00266400896519771));
#6778=CARTESIAN_POINT('',(0.00938428749596271,0.0138325083864909,0.00383361750301643));
#6779=CARTESIAN_POINT('',(0.00905826535821028,0.0138325083922395,0.00499999947126418));
#6780=CARTESIAN_POINT('',(0.00905826535418154,0.0138325083922395,0.00499999947013809));
#6781=CARTESIAN_POINT('',(1.39443259122715E-5,0.0138325085517137,0.00499999946901199));
#6782=CARTESIAN_POINT('',(0.0231105281114484,-0.00461658137610699,0.00499999946901199));
#6783=CARTESIAN_POINT('',(0.0238069159861641,-0.00461658138838603,0.0049967530665852));
#6784=CARTESIAN_POINT('',(0.0238056531461322,-0.00461658138836376,0.004999999469012));
#6785=CARTESIAN_POINT('',(0.0238081788261961,-0.00461658138840829,0.004999999469012));
#6786=CARTESIAN_POINT('',(0.023940732018592,-0.00453199892104783,0.00249999946901199));
#6787=CARTESIAN_POINT('',(0.0239407320185919,-0.00453199892104789,-1.12757025938492E-17));
#6788=CARTESIAN_POINT('',(0.0239407320185919,-0.00453199892104789,0.00166640276647184));
#6789=CARTESIAN_POINT('',(0.0239407320185919,-0.00453199892104789,0.00333280553294369));
#6790=CARTESIAN_POINT('',(0.0239407320185919,-0.00453199892104789,0.00499920829941554));
#6791=CARTESIAN_POINT('',(0.023940553644243,-0.00453192490770025,0.00499920829941554));
#6792=CARTESIAN_POINT('',(0.0239000763520139,-0.00455805733199577,0.00426031514606519));
#6793=CARTESIAN_POINT('',(0.0219205640530406,-0.00146972913633586,0.00249999946901199));
#6794=CARTESIAN_POINT('',(0.0219205640530406,-0.00146972913633586,0.00499999946901199));
#6795=CARTESIAN_POINT('',(-9.65740342460421E-6,-0.00258857952768801,0.00749999946901199));
#6796=CARTESIAN_POINT('',(0.0219205640530406,-0.00146972913633586,0.007499999469012));
#6797=CARTESIAN_POINT('',(0.0219205641089051,0.00169854566048439,0.007499999469012));
#6798=CARTESIAN_POINT('',(0.0219205640530406,-0.00146972913633586,0.007499999469012));
#6799=CARTESIAN_POINT('',(0.0219205640812526,0.00013027086366414,0.007499999469012));
#6800=CARTESIAN_POINT('',(0.000220784565174328,-0.032205440788363,0.0047100992412903));
#6801=CARTESIAN_POINT('',(0.125924914537812,0.118411300972519,0.00249999946901198));
#6802=CARTESIAN_POINT('',(-0.00895067843661181,-0.0175328950043512,0.00249999946901199));
#6803=CARTESIAN_POINT('',(-0.00895067843661182,-0.0175328950043512,0.00535223960071));
#6804=CARTESIAN_POINT('',(-0.011864312605595,-0.0145788448399531,0.00504429498890723));
#6805=CARTESIAN_POINT('',(-0.0109012762257285,-0.0155766333428689,0.00509857677225986));
#6806=CARTESIAN_POINT('',(-0.00993005100943936,-0.0165612208879693,0.00520201355758148));
#6807=CARTESIAN_POINT('',(-0.00895067843661157,-0.0175328950043509,0.00535223960070996));
#6808=CARTESIAN_POINT('',(-0.125923782204132,0.118411305413235,0.00249999946901201));
#6809=CARTESIAN_POINT('',(-0.125923782204132,0.118411305413235,0.00499999946901199));
#6810=CARTESIAN_POINT('',(0.0134199283120122,-0.0129491922243464,0.004999999469012));
#6811=CARTESIAN_POINT('',(0.0134199283120121,-0.0129491922243464,0.00499999946901201));
#6812=CARTESIAN_POINT('',(0.0119516611970543,-0.0145066907989294,0.00499999946901201));
#6813=CARTESIAN_POINT('',(0.0104622550468098,-0.0160343193917115,0.00512055169604801));
#6814=CARTESIAN_POINT('',(0.00895180597622591,-0.0175328953200162,0.00535223960070998));
#6815=CARTESIAN_POINT('',(0.00895180597622594,-0.0175328953200162,0.00535223960070998));
#6816=CARTESIAN_POINT('',(0.00895180597622598,-0.0175328953200163,0.00249999946901199));
#6817=CARTESIAN_POINT('',(-0.0202196574840834,-0.028891156809207,0.00249999946901199));
#6818=CARTESIAN_POINT('',(-0.00644184427086617,-0.020756547841242,0.00603372264918473));
#6819=CARTESIAN_POINT('',(-0.00713229302937509,-0.0195871155961892,0.00571852253636794));
#6820=CARTESIAN_POINT('',(-0.00796699236954255,-0.0185088487083197,0.00550312729109096));
#6821=CARTESIAN_POINT('',(-0.00895067843661182,-0.0175328950043512,0.00535223960071));
#6822=CARTESIAN_POINT('',(0.0202207846231489,-0.0288911575222723,0.00249999946901199));
#6823=CARTESIAN_POINT('',(0.00644297169679838,-0.0207565480684332,0.00603372264918472));
#6824=CARTESIAN_POINT('',(0.00713342049654729,-0.0195871158477291,0.00571852253636793));
#6825=CARTESIAN_POINT('',(0.0079681198747398,-0.0185088489892952,0.00550312729109096));
#6826=CARTESIAN_POINT('',(0.00895180597622604,-0.0175328953200163,0.00535223960071));
#6827=CARTESIAN_POINT('',(-0.000615108883966078,-0.0129491919768738,0.034999999469012));
#6828=CARTESIAN_POINT('',(-0.000615108883966078,-0.0129491919768738,0.004999999469012));
#6829=CARTESIAN_POINT('',(-2.09901540593193E-16,-0.0014,0.003));
#6830=CARTESIAN_POINT('',(0.0100033721756483,0.0138325083949039,0.00149197370603921));
#6831=CARTESIAN_POINT('',(0.00861376315269902,0.0147450814179951,0.00149150438038276));
#6832=CARTESIAN_POINT('',(0.00564832426713765,0.0161598066520213,0.00149077680921925));
#6833=CARTESIAN_POINT('',(0.00234794421490449,0.0167479400493343,0.0014904743427889));
#6834=CARTESIAN_POINT('',(0.000686655841122817,0.0168105812878328,0.00149044212753178));
#6835=CARTESIAN_POINT('',(-0.0120737643831108,0.0105825087648504,0.00324999946901199));
#6836=CARTESIAN_POINT('',(0.0135078683528597,0.0108325083137818,0.00149999946901239));
#6837=CARTESIAN_POINT('',(-0.0120737643875189,0.0103325087648504,0.00499999946901199));
#6838=CARTESIAN_POINT('',(-0.0132830378568361,0.0103325088983612,0.00499999883314536));
#6839=CARTESIAN_POINT('',(3.29006962611275,0.0401233942403953,-0.203537562901139));
#6840=CARTESIAN_POINT('',(0.0135078683528597,0.0108325083137818,0.00149999946901199));
#6841=CARTESIAN_POINT('',(-2.36095865080443E-14,-0.00140133896007947,0.00324980819290644));
#6842=CARTESIAN_POINT('',(-2.36095865080443E-14,-0.00140133896007947,0.00499999946901199));
#6843=CARTESIAN_POINT('',(-2.36095865080443E-14,-0.00140133896007947,0.00324980819290644));
#6844=CARTESIAN_POINT('',(-2.36095865080443E-14,-0.00140133896007947,0.00499999946901199));
#6845=CARTESIAN_POINT('',(-0.0219194359469596,-0.001469728363328,0.00249999946901199));
#6846=CARTESIAN_POINT('',(0.0219205640530406,-0.00146972913633586,0.00249999946901199));
#6847=CARTESIAN_POINT('',(0.019682027582199,0.00923330043299661,-0.020000000530988));
#6848=CARTESIAN_POINT('',(0.0211830384900564,0.010031402089738,-0.020000000530988));
#6849=CARTESIAN_POINT('',(0.0182037964342047,0.008392356279007,2.08166817117217E-17));
#6850=CARTESIAN_POINT('',(0.0182037964342047,0.008392356279007,0.000533360872373854));
#6851=CARTESIAN_POINT('',(0.0182037964342047,0.008392356279007,0.00106672174474769));
#6852=CARTESIAN_POINT('',(0.0182037964342047,0.008392356279007,0.00160008261712152));
#6853=CARTESIAN_POINT('',(0.0223566577580329,0.00782414527223256,-0.020000000530988));
#6854=CARTESIAN_POINT('',(0.0235302770260095,0.00561688845472712,-0.020000000530988));
#6855=CARTESIAN_POINT('',(0.0220292661181524,0.00481878679798587,-0.020000000530988));
#6856=CARTESIAN_POINT('',(0.0205054754504288,0.00406352763849977,0.00160008261712152));
#6857=CARTESIAN_POINT('',(0.0205054754504288,0.00406352763849977,0.00106672174474769));
#6858=CARTESIAN_POINT('',(0.0205054754504288,0.00406352763849977,0.000533360872373854));
#6859=CARTESIAN_POINT('',(0.0205054754504288,0.00406352763849977,2.08166817117217E-17));
#6860=CARTESIAN_POINT('',(0.0193546359423168,0.0062279419587534,-0.020000000530988));
#6861=CARTESIAN_POINT('',(1.39440363670848E-5,-0.00258857952810416,0.00499999946901199));
#6862=CARTESIAN_POINT('',(0.0219205640530406,-0.00146972913633586,0.00499999946901199));
#6863=CARTESIAN_POINT('',(0.0219205640530406,-0.00146972913633586,0.00499999946901199));
#6864=CARTESIAN_POINT('',(0.0219205640530406,-0.00146972913633586,0.00624999946901199));
#6865=CARTESIAN_POINT('',(-0.00630288584658365,0.0197135841878942,0.004));
#6866=CARTESIAN_POINT('',(-0.00970288584658364,0.0197135841878942,0.004));
#6867=CARTESIAN_POINT('',(0.000220784503460653,-0.035705440788363,0.00471009924129029));
#6868=CARTESIAN_POINT('',(0.000220784468091196,-0.037705440788363,0.00893004935519429));
#6869=CARTESIAN_POINT('',(0.000220784468091198,-0.037705440788363,0.0092600992413764));
#6870=CARTESIAN_POINT('',(0.000220784468091196,-0.037705440788363,0.0026600992413764));
#6871=CARTESIAN_POINT('',(0.000220784468091196,-0.0377054407883629,0.0092600992413764));
#6872=CARTESIAN_POINT('',(0.000222563414115097,-0.0377054407883943,0.00426009955784129));
#6873=CARTESIAN_POINT('',(0.000222563414115097,-0.0377054407883943,0.00426009955784129));
#6874=CARTESIAN_POINT('',(-0.000221436581295304,-0.0377054407805656,0.00426009955784129));
#6875=CARTESIAN_POINT('',(-0.000219657639861003,-0.0377054407805969,0.0092600992413764));
#6876=CARTESIAN_POINT('',(-0.000219657639861003,-0.0377054407805969,0.0092600992413764));
#6877=CARTESIAN_POINT('',(-0.000219657639861003,-0.0377054407805969,0.0026600992413764));
#6878=CARTESIAN_POINT('',(0.000222563414115097,-0.0377054407883943,0.0026600995007739));
#6879=CARTESIAN_POINT('',(0.000220784468091196,-0.0377054407883629,0.0092600992413764));
#6880=CARTESIAN_POINT('',(0.000220784406377526,-0.0412054407883629,0.00926009924137639));
#6881=CARTESIAN_POINT('',(0.000220982622669328,-0.0412054407883665,0.00426009932835059));
#6882=CARTESIAN_POINT('',(0.00022078437111257,-0.0432054407883629,0.00426009939960889));
#6883=CARTESIAN_POINT('',(0.000220784435471117,-0.0395554407883629,0.00426009947872509));
#6884=CARTESIAN_POINT('',(0.000222563414115097,-0.0377054407883943,0.00426009955784129));
#6885=CARTESIAN_POINT('',(0.000222563431747575,-0.0367054407883943,0.00426009955784129));
#6886=CARTESIAN_POINT('',(0.000222563352401427,-0.0412054407883942,0.00426009955784129));
#6887=CARTESIAN_POINT('',(-0.000219855917356485,-0.0412054407805933,0.00426009932835059));
#6888=CARTESIAN_POINT('',(-0.00021965773683963,-0.0432054407805968,0.00426009939960889));
#6889=CARTESIAN_POINT('',(-0.00022010240783966,-0.039555440780589,0.00426009943916549));
#6890=CARTESIAN_POINT('',(-0.000221436581295304,-0.0377054407805656,0.00426009955784129));
#6891=CARTESIAN_POINT('',(-0.000219657639861003,-0.0377054407805969,0.0092600992413764));
#6892=CARTESIAN_POINT('',(-0.000219657701574673,-0.0412054407805968,0.00926009924137639));
#6893=CARTESIAN_POINT('',(0.000220784538621111,-0.0337054407883629,0.0092600992413764));
#6894=CARTESIAN_POINT('',(0.000220784538621109,-0.0337054407883629,0.0026600992413764));
#6895=CARTESIAN_POINT('',(0.000220784406377526,-0.0412054407883629,0.0026600992413764));
#6896=CARTESIAN_POINT('',(0.000220784406377526,-0.0412054407883629,0.0092600992413764));
#6897=CARTESIAN_POINT('',(0.000222563378850141,-0.0397054407883943,0.0026600995007739));
#6898=CARTESIAN_POINT('',(-0.000219657569331088,-0.0337054407805969,0.0026600992413764));
#6899=CARTESIAN_POINT('',(-0.000219657701574673,-0.0412054407805968,0.0026600992413764));
#6900=CARTESIAN_POINT('',(0.000222563352401427,-0.0412054407883942,0.0026600995007739));
#6901=CARTESIAN_POINT('',(-0.000219657569331089,-0.0337054407805969,0.0092600992413764));
#6902=CARTESIAN_POINT('',(-0.000219657701574673,-0.0412054407805968,0.0092600992413764));
#6903=CARTESIAN_POINT('',(0.000220784406482025,-0.0412054407883629,0.00471009924129029));
#6904=CARTESIAN_POINT('',(0.000220784371112569,-0.0432054407883629,0.00893004935519429));
#6905=CARTESIAN_POINT('',(0.00022078437111257,-0.0432054407883629,0.0092600992413764));
#6906=CARTESIAN_POINT('',(0.000220784371112569,-0.0432054407883629,0.0026600992413764));
#6907=CARTESIAN_POINT('',(0.000220784371112569,-0.0432054407883629,0.0092600992413764));
#6908=CARTESIAN_POINT('',(0.00022256331713647,-0.0432054407883943,0.00426009955784129));
#6909=CARTESIAN_POINT('',(0.00022256331713647,-0.0432054407883943,0.00426009955784129));
#6910=CARTESIAN_POINT('',(-0.000221436678273931,-0.0432054407805655,0.00426009955784129));
#6911=CARTESIAN_POINT('',(-0.00021965773683963,-0.0432054407805968,0.0092600992413764));
#6912=CARTESIAN_POINT('',(-0.00021965773683963,-0.0432054407805968,0.0092600992413764));
#6913=CARTESIAN_POINT('',(-0.00021965773683963,-0.0432054407805968,0.0026600992413764));
#6914=CARTESIAN_POINT('',(0.00022256331713647,-0.0432054407883943,0.0026600995007739));
#6915=CARTESIAN_POINT('',(0.000220784371112569,-0.0432054407883629,0.0092600992413764));
#6916=CARTESIAN_POINT('',(0.000220784309398898,-0.0467054407883628,0.00926009924137639));
#6917=CARTESIAN_POINT('',(0.000220982525690701,-0.0467054407883664,0.00426009932835059));
#6918=CARTESIAN_POINT('',(0.000220784274133943,-0.0487054407883628,0.00426009939960889));
#6919=CARTESIAN_POINT('',(0.00022078433849249,-0.0450554407883629,0.00426009947872509));
#6920=CARTESIAN_POINT('',(0.00022256331713647,-0.0432054407883943,0.00426009955784129));
#6921=CARTESIAN_POINT('',(0.000222563334768947,-0.0422054407883942,0.00426009955784129));
#6922=CARTESIAN_POINT('',(0.000222563255422799,-0.0467054407883942,0.00426009955784129));
#6923=CARTESIAN_POINT('',(-0.000219856014335112,-0.0467054407805933,0.00426009932835059));
#6924=CARTESIAN_POINT('',(-0.000219657833818258,-0.0487054407805968,0.00426009939960889));
#6925=CARTESIAN_POINT('',(-0.000220102504818288,-0.045055440780589,0.00426009943916549));
#6926=CARTESIAN_POINT('',(-0.000221436678273931,-0.0432054407805655,0.00426009955784129));
#6927=CARTESIAN_POINT('',(-0.00021965773683963,-0.0432054407805968,0.0092600992413764));
#6928=CARTESIAN_POINT('',(-0.000219657798553301,-0.0467054407805968,0.00926009924137639));
#6929=CARTESIAN_POINT('',(0.000220784441642483,-0.0392054407883628,0.0092600992413764));
#6930=CARTESIAN_POINT('',(0.000220784441642482,-0.0392054407883628,0.0026600992413764));
#6931=CARTESIAN_POINT('',(0.000220784309398898,-0.0467054407883629,0.0026600992413764));
#6932=CARTESIAN_POINT('',(0.000220784309398898,-0.0467054407883629,0.0092600992413764));
#6933=CARTESIAN_POINT('',(0.000222563281871513,-0.0452054407883943,0.0026600995007739));
#6934=CARTESIAN_POINT('',(-0.000219657666309715,-0.0392054407805968,0.0026600992413764));
#6935=CARTESIAN_POINT('',(-0.000219657798553301,-0.0467054407805968,0.0026600992413764));
#6936=CARTESIAN_POINT('',(0.000222563255422799,-0.0467054407883942,0.0026600995007739));
#6937=CARTESIAN_POINT('',(-0.000219657666309716,-0.0392054407805968,0.0092600992413764));
#6938=CARTESIAN_POINT('',(-0.000219657798553301,-0.0467054407805968,0.0092600992413764));
#6939=CARTESIAN_POINT('',(0.000220784309503398,-0.0467054407883629,0.00471009924129029));
#6940=CARTESIAN_POINT('',(0.000220784274133941,-0.0487054407883629,0.00893004935519429));
#6941=CARTESIAN_POINT('',(0.000220784274133943,-0.0487054407883629,0.0092600992413764));
#6942=CARTESIAN_POINT('',(0.000220784274133941,-0.0487054407883629,0.0026600992413764));
#6943=CARTESIAN_POINT('',(0.000220784274133941,-0.0487054407883628,0.0092600992413764));
#6944=CARTESIAN_POINT('',(0.000222563220157842,-0.0487054407883942,0.00426009955784129));
#6945=CARTESIAN_POINT('',(0.000222563220157842,-0.0487054407883942,0.00426009955784129));
#6946=CARTESIAN_POINT('',(-0.000221436775252559,-0.0487054407805655,0.00426009955784129));
#6947=CARTESIAN_POINT('',(-0.000219657833818258,-0.0487054407805968,0.0092600992413764));
#6948=CARTESIAN_POINT('',(-0.000219657833818258,-0.0487054407805968,0.0092600992413764));
#6949=CARTESIAN_POINT('',(-0.000219657833818258,-0.0487054407805968,0.0026600992413764));
#6950=CARTESIAN_POINT('',(0.000222563220157842,-0.0487054407883942,0.0026600995007739));
#6951=CARTESIAN_POINT('',(0.000220784274133941,-0.0487054407883628,0.0092600992413764));
#6952=CARTESIAN_POINT('',(0.000220784212420271,-0.0522054407883628,0.00926009924137639));
#6953=CARTESIAN_POINT('',(0.000220982428712074,-0.0522054407883664,0.00426009932835059));
#6954=CARTESIAN_POINT('',(0.000220784177155316,-0.0542054407883628,0.00426009939960889));
#6955=CARTESIAN_POINT('',(0.000220784241513862,-0.0505554407883629,0.00426009947872509));
#6956=CARTESIAN_POINT('',(0.000222563220157842,-0.0487054407883942,0.00426009955784129));
#6957=CARTESIAN_POINT('',(0.00022256323779032,-0.0477054407883942,0.00426009955784129));
#6958=CARTESIAN_POINT('',(0.000222563158444172,-0.0522054407883942,0.00426009955784129));
#6959=CARTESIAN_POINT('',(-0.000219856111313739,-0.0522054407805933,0.00426009932835059));
#6960=CARTESIAN_POINT('',(-0.000219657930796885,-0.0542054407805968,0.00426009939960889));
#6961=CARTESIAN_POINT('',(-0.000220102601796916,-0.050555440780589,0.00426009943916549));
#6962=CARTESIAN_POINT('',(-0.000221436775252559,-0.0487054407805655,0.00426009955784129));
#6963=CARTESIAN_POINT('',(-0.000219657833818258,-0.0487054407805968,0.0092600992413764));
#6964=CARTESIAN_POINT('',(-0.000219657895531928,-0.0522054407805968,0.00926009924137639));
#6965=CARTESIAN_POINT('',(0.000220784344663856,-0.0447054407883628,0.0092600992413764));
#6966=CARTESIAN_POINT('',(0.000220784344663854,-0.0447054407883628,0.0026600992413764));
#6967=CARTESIAN_POINT('',(0.000220784212420271,-0.0522054407883629,0.0026600992413764));
#6968=CARTESIAN_POINT('',(0.000220784212420271,-0.0522054407883629,0.0092600992413764));
#6969=CARTESIAN_POINT('',(0.000222563184892887,-0.0507054407883942,0.0026600995007739));
#6970=CARTESIAN_POINT('',(-0.000219657763288343,-0.0447054407805968,0.0026600992413764));
#6971=CARTESIAN_POINT('',(-0.000219657895531928,-0.0522054407805968,0.0026600992413764));
#6972=CARTESIAN_POINT('',(0.000222563158444172,-0.0522054407883942,0.0026600995007739));
#6973=CARTESIAN_POINT('',(-0.000219657763288344,-0.0447054407805968,0.0092600992413764));
#6974=CARTESIAN_POINT('',(-0.000219657895531928,-0.0522054407805968,0.0092600992413764));
#6975=CARTESIAN_POINT('',(0.000220784212524771,-0.0522054407883629,0.00471009924129029));
#6976=CARTESIAN_POINT('',(0.000220784177155314,-0.0542054407883629,0.00893004935519429));
#6977=CARTESIAN_POINT('',(0.000220784177155316,-0.0542054407883629,0.0092600992413764));
#6978=CARTESIAN_POINT('',(0.000220784177155314,-0.0542054407883629,0.0026600992413764));
#6979=CARTESIAN_POINT('',(0.000220784177155314,-0.0542054407883628,0.0092600992413764));
#6980=CARTESIAN_POINT('',(0.000222563123179215,-0.0542054407883942,0.00426009955784129));
#6981=CARTESIAN_POINT('',(0.000222563123179215,-0.0542054407883942,0.00426009955784129));
#6982=CARTESIAN_POINT('',(-0.000221436872231186,-0.0542054407805655,0.00426009955784129));
#6983=CARTESIAN_POINT('',(-0.000219657930796885,-0.0542054407805968,0.0092600992413764));
#6984=CARTESIAN_POINT('',(-0.000219657930796885,-0.0542054407805968,0.0092600992413764));
#6985=CARTESIAN_POINT('',(-0.000219657930796885,-0.0542054407805968,0.0026600992413764));
#6986=CARTESIAN_POINT('',(0.000222563123179215,-0.0542054407883942,0.0026600995007739));
#6987=CARTESIAN_POINT('',(0.000220784177155314,-0.0542054407883628,0.0092600992413764));
#6988=CARTESIAN_POINT('',(0.000220784406377522,-0.0577054407883629,0.0092600992413764));
#6989=CARTESIAN_POINT('',(0.000222563352401422,-0.0577054407883942,0.00426009955784129));
#6990=CARTESIAN_POINT('',(0.000222563123179215,-0.0542054407883942,0.00426009955784129));
#6991=CARTESIAN_POINT('',(0.000222563140811693,-0.0532054407883942,0.00426009955784129));
#6992=CARTESIAN_POINT('',(0.000220784406377524,-0.0577054407883629,0.00426009955784129));
#6993=CARTESIAN_POINT('',(-0.000221436643008978,-0.0577054407805654,0.00426009955784129));
#6994=CARTESIAN_POINT('',(-0.000221436872231186,-0.0542054407805655,0.00426009955784129));
#6995=CARTESIAN_POINT('',(-0.000219657930796885,-0.0542054407805968,0.0092600992413764));
#6996=CARTESIAN_POINT('',(-0.000219657701574678,-0.0577054407805968,0.0092600992413764));
#6997=CARTESIAN_POINT('',(0.000220784247685229,-0.0502054407883628,0.0092600992413764));
#6998=CARTESIAN_POINT('',(0.000220784247685227,-0.0502054407883628,0.0026600992413764));
#6999=CARTESIAN_POINT('',(0.000220784406377524,-0.0577054407883629,0.0026600995007739));
#7000=CARTESIAN_POINT('',(0.000220784406377522,-0.0577054407883629,0.0092600992413764));
#7001=CARTESIAN_POINT('',(0.000222563087914259,-0.0562054407883942,0.0026600995007739));
#7002=CARTESIAN_POINT('',(-0.00021965786026697,-0.0502054407805968,0.0026600992413764));
#7003=CARTESIAN_POINT('',(-0.000219657701574678,-0.0577054407805967,0.0026600992413764));
#7004=CARTESIAN_POINT('',(0.000222563352401422,-0.0577054407883942,0.0026600995007739));
#7005=CARTESIAN_POINT('',(-0.000219657860266971,-0.0502054407805968,0.0092600992413764));
#7006=CARTESIAN_POINT('',(-0.000219657701574678,-0.0577054407805968,0.0092600992413764));
#7007=CARTESIAN_POINT('',(0.000220784406377522,-0.0577054407883629,0.00893004935519429));
#7008=CARTESIAN_POINT('',(0.00422078435223842,-0.0607554436039898,0.00249999946901199));
#7009=MECHANICAL_DESIGN_GEOMETRIC_PRESENTATION_REPRESENTATION('',(#3916),
#7010);
#7010=(
GEOMETRIC_REPRESENTATION_CONTEXT(3)
GLOBAL_UNCERTAINTY_ASSIGNED_CONTEXT((#7011))
GLOBAL_UNIT_ASSIGNED_CONTEXT((#7014,#7013,#7012))
REPRESENTATION_CONTEXT('A4T - THB Mount - WWBMG',
'TOP_LEVEL_ASSEMBLY_PART')
);
#7011=UNCERTAINTY_MEASURE_WITH_UNIT(LENGTH_MEASURE(3.13634019912698E-5),
#7014,'DISTANCE_ACCURACY_VALUE','Maximum Tolerance applied to model');
#7012=(
NAMED_UNIT(*)
SI_UNIT($,.STERADIAN.)
SOLID_ANGLE_UNIT()
);
#7013=(
NAMED_UNIT(*)
PLANE_ANGLE_UNIT()
SI_UNIT($,.RADIAN.)
);
#7014=(
LENGTH_UNIT()
NAMED_UNIT(*)
SI_UNIT($,.METRE.)
);
#7015=PRODUCT_DEFINITION_SHAPE('','',#7016);
#7016=PRODUCT_DEFINITION('','',#7018,#7017);
#7017=PRODUCT_DEFINITION_CONTEXT('',#7024,'design');
#7018=PRODUCT_DEFINITION_FORMATION_WITH_SPECIFIED_SOURCE('','',#7020,
 .NOT_KNOWN.);
#7019=PRODUCT_RELATED_PRODUCT_CATEGORY('','',(#7020));
#7020=PRODUCT('A4T - THB Mount - WWBMG','A4T - THB Mount - WWBMG',
'A4T - THB Mount - WWBMG',(#7022));
#7021=PRODUCT_CATEGORY('','');
#7022=PRODUCT_CONTEXT('',#7024,'mechanical');
#7023=APPLICATION_PROTOCOL_DEFINITION('international standard',
'ap242_managed_model_based_3d_engineering',2020,#7024);
#7024=APPLICATION_CONTEXT('managed model based 3d engineering');
ENDSEC;
END-ISO-10303-21;
