ISO-10303-21;
HEADER;
/* Generated by software containing ST-Developer
 * from STEP Tools, Inc. (www.steptools.com) 
 */
/* OPTION: using custom renumber hook */

FILE_DESCRIPTION(
/* description */ ('STEP AP242 Edition 2',
'CAx-IF Rec.Pracs.---Representation and Presentation of Product Manufa
cturing Information (PMI)---4.0---2014-10-13',
'CAx-IF Rec.Pracs.---3D Tessellated Geometry---0.4---2014-09-14','2;1',
'CAx-IF Rec.Pracs.---User Defined Attributes---1.5---2016-08-15'),
/* implementation_level */ '2;1');

FILE_NAME(
/* name */ '69469ca9c5231a76682b09a4',
/* time_stamp */ '2025-12-20T12:55:06Z',
/* author */ (''),
/* organization */ (''),
/* preprocessor_version */ 'ST-DEVELOPER v20',
/* originating_system */ 'ONSHAPE BY PTC INC, 1.208',
/* authorisation */ '  ');

FILE_SCHEMA (('AP242_MANAGED_MODEL_BASED_3D_ENGINEERING_MIM_LF { 1 0 10303 442 3 1 4 }'));
ENDSEC;

DATA;
#10=SHAPE_REPRESENTATION_RELATIONSHIP('','',#3750,#11);
#11=ADVANCED_BREP_SHAPE_REPRESENTATION('',(#3748),#6716);
#12=(
BOUNDED_CURVE()
B_SPLINE_CURVE(2,(#6477,#6478,#6479),.UNSPECIFIED.,.F.,.F.)
B_SPLINE_CURVE_WITH_KNOTS((3,3),(1.05767571646845,1.36307405565269),
 .UNSPECIFIED.)
CURVE()
GEOMETRIC_REPRESENTATION_ITEM()
RATIONAL_B_SPLINE_CURVE((1.1232148758876,1.11526688387561,1.09245614832434))
REPRESENTATION_ITEM('')
);
#13=(
BOUNDED_CURVE()
B_SPLINE_CURVE(2,(#6486,#6487,#6488),.UNSPECIFIED.,.F.,.F.)
B_SPLINE_CURVE_WITH_KNOTS((3,3),(0.426967556698272,1.14046812382741),
 .UNSPECIFIED.)
CURVE()
GEOMETRIC_REPRESENTATION_ITEM()
RATIONAL_B_SPLINE_CURVE((1.17420411380374,1.28623809778648,1.28623809778648))
REPRESENTATION_ITEM('')
);
#14=ELLIPSE('',#3906,0.063639610306826,0.009);
#15=ELLIPSE('',#3907,0.0641326749793323,0.012);
#16=ELLIPSE('',#3990,0.0437543644642785,0.03);
#17=ELLIPSE('',#4029,0.255632548788296,0.062);
#18=CONICAL_SURFACE('',#3824,0.0124,0.785398163397448);
#19=CONICAL_SURFACE('',#3828,0.00378972205691879,0.785398163397448);
#20=CONICAL_SURFACE('',#3831,0.0006,0.785398163397448);
#21=CONICAL_SURFACE('',#3835,0.0021,0.785398163397448);
#22=CONICAL_SURFACE('',#3839,0.0006,0.785398163397448);
#23=CONICAL_SURFACE('',#3842,0.00378972205691879,0.785398163397448);
#24=CONICAL_SURFACE('',#3846,0.0021,0.785398163397446);
#25=CONICAL_SURFACE('',#3849,0.0020999999999997,0.785398163397448);
#26=CONICAL_SURFACE('',#3853,0.00295,0.785398163397446);
#27=CONICAL_SURFACE('',#3857,0.00295,0.785398163397446);
#28=CONICAL_SURFACE('',#3861,0.00295,0.785398163397446);
#29=CONICAL_SURFACE('',#3876,0.0162282842613997,0.233743185166755);
#30=CONICAL_SURFACE('',#3879,0.0025,0.233743185166755);
#31=CONICAL_SURFACE('',#3882,0.002,0.233743185166756);
#32=CONICAL_SURFACE('',#3887,0.0025,0.233743185166756);
#33=CONICAL_SURFACE('',#3890,0.00235,0.785398163397467);
#34=CONICAL_SURFACE('',#3892,0.00235,0.78539816339746);
#35=CONICAL_SURFACE('',#3894,0.001975,0.785398163397457);
#36=CONICAL_SURFACE('',#3897,0.001975,0.785398163397467);
#37=CONICAL_SURFACE('',#3921,0.0017,0.785398163397426);
#38=CONICAL_SURFACE('',#3937,0.001,0.233743180868901);
#39=CONICAL_SURFACE('',#3941,0.001,0.233743180868902);
#40=CONICAL_SURFACE('',#3945,0.00225,0.233743180868901);
#41=CONICAL_SURFACE('',#3948,0.00475,0.233743180868902);
#42=CONICAL_SURFACE('',#3952,0.00225,0.233743180868901);
#43=CONICAL_SURFACE('',#3956,0.00225,0.233743180868901);
#44=CONICAL_SURFACE('',#3960,0.00225,0.233743180868902);
#45=CONICAL_SURFACE('',#3963,0.00581827479682025,0.233743180868902);
#46=CONICAL_SURFACE('',#3966,0.00275,0.233743180868902);
#47=CONICAL_SURFACE('',#3969,0.06415,0.233743180868903);
#48=CONICAL_SURFACE('',#3972,0.00225,0.233743180868901);
#49=CONICAL_SURFACE('',#3975,0.0162282842613997,0.233743185166755);
#50=CONICAL_SURFACE('',#3978,0.00175,0.233743180868901);
#51=CONICAL_SURFACE('',#3981,0.00225,0.233743180868901);
#52=CONICAL_SURFACE('',#3985,0.00325,0.233743180868902);
#53=CONICAL_SURFACE('',#4025,0.00581827479682025,0.233743180868901);
#54=CONICAL_SURFACE('',#4041,0.001176237496441,0.141897054604165);
#55=CONICAL_SURFACE('',#4043,0.00175,0.233743180868901);
#56=CONICAL_SURFACE('',#4046,0.00125,0.233743180868902);
#57=CONICAL_SURFACE('',#4050,0.00341827479682025,0.197395559849881);
#58=CONICAL_SURFACE('',#4084,0.0179735223613833,0.141897051978212);
#59=CONICAL_SURFACE('',#4086,0.0179735223613833,0.141897051978212);
#60=CONICAL_SURFACE('',#4097,0.00341827479682025,0.197395559849881);
#61=B_SPLINE_SURFACE_WITH_KNOTS('',1,3,((#5557,#5558,#5559,#5560),(#5561,
#5562,#5563,#5564),(#5565,#5566,#5567,#5568)),.RULED_SURF.,.F.,.F.,.F.,
(2,1,2),(4,4),(0.456726293447136,1.,1.0034329282417),(0.00212631729188058,
0.00341525007398777),.PIECEWISE_BEZIER_KNOTS.);
#62=B_SPLINE_SURFACE_WITH_KNOTS('',1,3,((#5631,#5632,#5633,#5634,#5635,
#5636),(#5637,#5638,#5639,#5640,#5641,#5642),(#5643,#5644,#5645,#5646,#5647,
#5648),(#5649,#5650,#5651,#5652,#5653,#5654)),.RULED_SURF.,.F.,.F.,.F.,
(2,1,1,2),(4,2,4),(-0.00654962487634847,0.,1.,1.00807352591667),(0.000217125200404801,
0.00252538518598689,0.00505077037197379),.UNSPECIFIED.);
#63=B_SPLINE_SURFACE_WITH_KNOTS('',3,3,((#5867,#5868,#5869,#5870,#5871,
#5872),(#5873,#5874,#5875,#5876,#5877,#5878),(#5879,#5880,#5881,#5882,#5883,
#5884),(#5885,#5886,#5887,#5888,#5889,#5890)),.UNSPECIFIED.,.F.,.F.,.F.,
(4,4),(4,2,4),(0.0136502735624837,0.0160807288388195),(-0.00600097150184301,
0.499999553153189,1.00600007780822),.UNSPECIFIED.);
#64=B_SPLINE_SURFACE_WITH_KNOTS('',3,3,((#5902,#5903,#5904,#5905),(#5906,
#5907,#5908,#5909),(#5910,#5911,#5912,#5913),(#5914,#5915,#5916,#5917)),
 .UNSPECIFIED.,.F.,.F.,.F.,(4,4),(4,4),(0.284793836480993,0.398387399008805),
(-0.00600189592874184,1.00601278852163),.UNSPECIFIED.);
#65=B_SPLINE_SURFACE_WITH_KNOTS('',3,3,((#5922,#5923,#5924,#5925),(#5926,
#5927,#5928,#5929),(#5930,#5931,#5932,#5933),(#5934,#5935,#5936,#5937)),
 .UNSPECIFIED.,.F.,.F.,.F.,(4,4),(4,4),(0.0124800440353558,0.0139989000004126),
(-0.00606743895003434,1.),.UNSPECIFIED.);
#66=B_SPLINE_SURFACE_WITH_KNOTS('',3,3,((#5958,#5959,#5960,#5961),(#5962,
#5963,#5964,#5965),(#5966,#5967,#5968,#5969),(#5970,#5971,#5972,#5973)),
 .UNSPECIFIED.,.F.,.F.,.F.,(4,4),(4,4),(0.0124800440358636,0.0139988999997454),
(0.,1.00600008369522),.UNSPECIFIED.);
#67=B_SPLINE_SURFACE_WITH_KNOTS('',3,1,((#6035,#6036),(#6037,#6038),(#6039,
#6040),(#6041,#6042),(#6043,#6044),(#6045,#6046),(#6047,#6048),(#6049,#6050),
(#6051,#6052),(#6053,#6054),(#6055,#6056),(#6057,#6058),(#6059,#6060)),
 .SURF_OF_LINEAR_EXTRUSION.,.F.,.F.,.F.,(4,1,1,1,1,1,1,1,1,1,4),(2,2),(-3.62392641428582E-10,
0.124999999683557,0.249999999729508,0.374999999775458,0.437499999798433,
0.499999999821408,0.562499999844383,0.624999999867358,0.749999999913308,
0.874999999959258,1.00000000000521),(0.,1.),.UNSPECIFIED.);
#68=B_SPLINE_SURFACE_WITH_KNOTS('',3,3,((#6297,#6298,#6299,#6300),(#6301,
#6302,#6303,#6304),(#6305,#6306,#6307,#6308),(#6309,#6310,#6311,#6312),
(#6313,#6314,#6315,#6316),(#6317,#6318,#6319,#6320),(#6321,#6322,#6323,
#6324)),.RULED_SURF.,.F.,.F.,.F.,(4,3,4),(4,4),(-0.00600028865932139,0.,
1.),(1.52822775132048,1.57079637889527),.PIECEWISE_BEZIER_KNOTS.);
#69=B_SPLINE_CURVE_WITH_KNOTS('',3,(#5312,#5313,#5314,#5315,#5316,#5317,
#5318,#5319,#5320,#5321,#5322,#5323),.UNSPECIFIED.,.F.,.F.,(4,1,1,1,1,1,
1,1,1,4),(0.,0.00065388355744757,0.00130776711489514,0.00261553422979028,
0.00326941778723785,0.00392330134468542,0.00523106845958056,0.0065388355744757,
0.00784660268937084,0.0104621369191611),.UNSPECIFIED.);
#70=B_SPLINE_CURVE_WITH_KNOTS('',3,(#5326,#5327,#5328,#5329,#5330,#5331,
#5332,#5333,#5334,#5335,#5336,#5337),.UNSPECIFIED.,.F.,.F.,(4,1,1,1,1,1,
1,1,1,4),(0.,0.00258795848977445,0.00388193773466168,0.0051759169795489,
0.00646989622443613,0.00711688584687974,0.00776387546932335,0.00905785471421058,
0.00970484433665419,0.0103518339590978),.UNSPECIFIED.);
#71=B_SPLINE_CURVE_WITH_KNOTS('',3,(#5345,#5346,#5347,#5348),
 .UNSPECIFIED.,.F.,.F.,(4,4),(0.,0.00465800925199794),.UNSPECIFIED.);
#72=B_SPLINE_CURVE_WITH_KNOTS('',3,(#5384,#5385,#5386,#5387),
 .UNSPECIFIED.,.F.,.F.,(4,4),(0.,0.00465800924704196),.UNSPECIFIED.);
#73=B_SPLINE_CURVE_WITH_KNOTS('',3,(#5572,#5573,#5574,#5575),
 .UNSPECIFIED.,.F.,.F.,(4,4),(0.,0.00116301969429941),.UNSPECIFIED.);
#74=B_SPLINE_CURVE_WITH_KNOTS('',3,(#5577,#5578,#5579,#5580),
 .UNSPECIFIED.,.F.,.F.,(4,4),(3.49644694633735E-18,0.00122629222295336),
 .UNSPECIFIED.);
#75=B_SPLINE_CURVE_WITH_KNOTS('',3,(#5655,#5656,#5657,#5658),
 .UNSPECIFIED.,.F.,.F.,(4,4),(2.42434975903054E-18,0.00142470548390674),
 .UNSPECIFIED.);
#76=B_SPLINE_CURVE_WITH_KNOTS('',3,(#5661,#5662,#5663,#5664,#5665),
 .UNSPECIFIED.,.F.,.F.,(4,1,4),(2.67835019020923E-7,0.50000013391751,1.),
 .UNSPECIFIED.);
#77=B_SPLINE_CURVE_WITH_KNOTS('',3,(#5666,#5667,#5668,#5669),
 .UNSPECIFIED.,.F.,.F.,(4,4),(0.,0.00339174506298768),.UNSPECIFIED.);
#78=B_SPLINE_CURVE_WITH_KNOTS('',3,(#5680,#5681,#5682,#5683),
 .UNSPECIFIED.,.F.,.F.,(4,4),(0.,1.),.UNSPECIFIED.);
#79=B_SPLINE_CURVE_WITH_KNOTS('',3,(#5689,#5690,#5691,#5692),
 .UNSPECIFIED.,.F.,.F.,(4,4),(0.,1.),.UNSPECIFIED.);
#80=B_SPLINE_CURVE_WITH_KNOTS('',3,(#5706,#5707,#5708,#5709),
 .UNSPECIFIED.,.F.,.F.,(4,4),(4.52776119935015E-18,0.000625529327402073),
 .UNSPECIFIED.);
#81=B_SPLINE_CURVE_WITH_KNOTS('',3,(#5731,#5732,#5733,#5734),
 .UNSPECIFIED.,.F.,.F.,(4,4),(3.30174720557554E-17,0.000625529327401994),
 .UNSPECIFIED.);
#82=B_SPLINE_CURVE_WITH_KNOTS('',3,(#5754,#5755,#5756,#5757,#5758,#5759,
#5760,#5761,#5762,#5763,#5764,#5765,#5766),.UNSPECIFIED.,.F.,.F.,(4,1,1,
1,1,1,1,1,1,1,4),(9.38195166207825E-18,0.00061053787730312,0.00122107575460623,
0.00183161363190934,0.0021368825705609,0.00244215150921245,0.00274742044786401,
0.00305268938651556,0.00366322726381867,0.00427376514112178,0.0048843030184249),
 .UNSPECIFIED.);
#83=B_SPLINE_CURVE_WITH_KNOTS('',3,(#5788,#5789,#5790,#5791),
 .UNSPECIFIED.,.F.,.F.,(4,4),(0.,1.),.UNSPECIFIED.);
#84=B_SPLINE_CURVE_WITH_KNOTS('',3,(#5824,#5825,#5826,#5827,#5828),
 .UNSPECIFIED.,.F.,.F.,(4,1,4),(0.,0.00156218815182648,0.00312437630365297),
 .UNSPECIFIED.);
#85=B_SPLINE_CURVE_WITH_KNOTS('',3,(#5854,#5855,#5856,#5857,#5858,#5859,
#5860,#5861,#5862,#5863,#5864),.UNSPECIFIED.,.F.,.F.,(4,1,1,1,1,1,1,1,4),
(0.,0.25,0.375,0.4375,0.5,0.5625,0.625,0.75,1.),.UNSPECIFIED.);
#86=B_SPLINE_CURVE_WITH_KNOTS('',3,(#5894,#5895,#5896,#5897),
 .UNSPECIFIED.,.F.,.F.,(4,4),(0.,1.),.UNSPECIFIED.);
#87=B_SPLINE_CURVE_WITH_KNOTS('',3,(#5938,#5939,#5940,#5941),
 .UNSPECIFIED.,.F.,.F.,(4,4),(0.,0.00146853363608728),.UNSPECIFIED.);
#88=B_SPLINE_CURVE_WITH_KNOTS('',3,(#5944,#5945,#5946,#5947),
 .UNSPECIFIED.,.F.,.F.,(4,4),(0.,1.),.UNSPECIFIED.);
#89=B_SPLINE_CURVE_WITH_KNOTS('',3,(#5949,#5950,#5951,#5952),
 .UNSPECIFIED.,.F.,.F.,(4,4),(1.41340713716206E-15,0.00126299285442467),
 .UNSPECIFIED.);
#90=B_SPLINE_CURVE_WITH_KNOTS('',3,(#5954,#5955,#5956,#5957),
 .UNSPECIFIED.,.F.,.F.,(4,4),(0.,1.),.UNSPECIFIED.);
#91=B_SPLINE_CURVE_WITH_KNOTS('',3,(#5974,#5975,#5976,#5977),
 .UNSPECIFIED.,.F.,.F.,(4,4),(8.67361737988404E-19,0.00126313762922379),
 .UNSPECIFIED.);
#92=B_SPLINE_CURVE_WITH_KNOTS('',3,(#5980,#5981,#5982,#5983),
 .UNSPECIFIED.,.F.,.F.,(4,4),(0.,1.),.UNSPECIFIED.);
#93=B_SPLINE_CURVE_WITH_KNOTS('',3,(#5985,#5986,#5987,#5988),
 .UNSPECIFIED.,.F.,.F.,(4,4),(2.4532694666934E-18,0.00146482791959257),
 .UNSPECIFIED.);
#94=B_SPLINE_CURVE_WITH_KNOTS('',3,(#5990,#5991,#5992,#5993),
 .UNSPECIFIED.,.F.,.F.,(4,4),(0.,1.),.UNSPECIFIED.);
#95=B_SPLINE_CURVE_WITH_KNOTS('',3,(#6061,#6062,#6063,#6064,#6065,#6066,
#6067,#6068,#6069,#6070,#6071),.UNSPECIFIED.,.F.,.F.,(4,1,1,1,1,1,1,1,4),
(0.,0.00110957103077738,0.00221914206155476,0.00277392757694345,0.00332871309233214,
0.00443828412310952,0.0055478551538869,0.00665742618466428,0.00887656824621905),
 .UNSPECIFIED.);
#96=B_SPLINE_CURVE_WITH_KNOTS('',3,(#6075,#6076,#6077,#6078,#6079,#6080,
#6081,#6082,#6083,#6084,#6085),.UNSPECIFIED.,.F.,.F.,(4,1,1,1,1,1,1,1,4),
(2.36482728114036E-14,0.00221437527435121,0.00332156291151499,0.00442875054867877,
0.00553593818584256,0.00608953200442445,0.00664312582300634,0.00775031346017012,
0.0088575010973339),.UNSPECIFIED.);
#97=B_SPLINE_CURVE_WITH_KNOTS('',3,(#6087,#6088,#6089,#6090),
 .UNSPECIFIED.,.F.,.F.,(4,4),(0.,0.00265279361723626),.UNSPECIFIED.);
#98=B_SPLINE_CURVE_WITH_KNOTS('',3,(#6095,#6096,#6097,#6098),
 .UNSPECIFIED.,.F.,.F.,(4,4),(8.67361737988404E-19,0.00265279361723625),
 .UNSPECIFIED.);
#99=B_SPLINE_CURVE_WITH_KNOTS('',3,(#6186,#6187,#6188,#6189),
 .UNSPECIFIED.,.F.,.F.,(4,4),(0.,1.),.UNSPECIFIED.);
#100=B_SPLINE_CURVE_WITH_KNOTS('',3,(#6231,#6232,#6233,#6234),
 .UNSPECIFIED.,.F.,.F.,(4,4),(0.,1.),.UNSPECIFIED.);
#101=B_SPLINE_CURVE_WITH_KNOTS('',3,(#6238,#6239,#6240,#6241),
 .UNSPECIFIED.,.F.,.F.,(4,4),(0.,1.),.UNSPECIFIED.);
#102=B_SPLINE_CURVE_WITH_KNOTS('',3,(#6247,#6248,#6249,#6250,#6251),
 .UNSPECIFIED.,.F.,.F.,(4,1,4),(4.33680868994202E-19,0.00131431600838445,
0.00262863201676889),.UNSPECIFIED.);
#103=B_SPLINE_CURVE_WITH_KNOTS('',3,(#6257,#6258,#6259,#6260),
 .UNSPECIFIED.,.F.,.F.,(4,4),(0.,1.),.UNSPECIFIED.);
#104=B_SPLINE_CURVE_WITH_KNOTS('',3,(#6284,#6285,#6286,#6287),
 .UNSPECIFIED.,.F.,.F.,(4,4),(0.,1.),.UNSPECIFIED.);
#105=B_SPLINE_CURVE_WITH_KNOTS('',3,(#6291,#6292,#6293,#6294),
 .UNSPECIFIED.,.F.,.F.,(4,4),(0.,1.),.UNSPECIFIED.);
#106=B_SPLINE_CURVE_WITH_KNOTS('',3,(#6330,#6331,#6332,#6333),
 .UNSPECIFIED.,.F.,.F.,(4,4),(0.,1.),.UNSPECIFIED.);
#107=B_SPLINE_CURVE_WITH_KNOTS('',3,(#6370,#6371,#6372,#6373),
 .UNSPECIFIED.,.F.,.F.,(4,4),(0.,1.),.UNSPECIFIED.);
#108=B_SPLINE_CURVE_WITH_KNOTS('',3,(#6377,#6378,#6379,#6380),
 .UNSPECIFIED.,.F.,.F.,(4,4),(0.,1.),.UNSPECIFIED.);
#109=B_SPLINE_CURVE_WITH_KNOTS('',3,(#6387,#6388,#6389,#6390),
 .UNSPECIFIED.,.F.,.F.,(4,4),(0.,1.),.UNSPECIFIED.);
#110=B_SPLINE_CURVE_WITH_KNOTS('',3,(#6394,#6395,#6396,#6397),
 .UNSPECIFIED.,.F.,.F.,(4,4),(0.,1.),.UNSPECIFIED.);
#111=B_SPLINE_CURVE_WITH_KNOTS('',3,(#6439,#6440,#6441,#6442),
 .UNSPECIFIED.,.F.,.F.,(4,4),(0.,1.),.UNSPECIFIED.);
#112=B_SPLINE_CURVE_WITH_KNOTS('',3,(#6458,#6459,#6460,#6461,#6462),
 .UNSPECIFIED.,.F.,.F.,(4,1,4),(3.5762240613455E-18,0.00114874937603199,
0.00229749875206398),.UNSPECIFIED.);
#113=B_SPLINE_CURVE_WITH_KNOTS('',3,(#6508,#6509,#6510,#6511),
 .UNSPECIFIED.,.F.,.F.,(4,4),(0.,1.),.UNSPECIFIED.);
#114=B_SPLINE_CURVE_WITH_KNOTS('',3,(#6518,#6519,#6520,#6521),
 .UNSPECIFIED.,.F.,.F.,(4,4),(0.,0.00363310759367594),.UNSPECIFIED.);
#115=B_SPLINE_CURVE_WITH_KNOTS('',3,(#6529,#6530,#6531,#6532),
 .UNSPECIFIED.,.F.,.F.,(4,4),(0.,1.),.UNSPECIFIED.);
#116=B_SPLINE_CURVE_WITH_KNOTS('',3,(#6546,#6547,#6548,#6549),
 .UNSPECIFIED.,.F.,.F.,(4,4),(0.,0.00416058966114),.UNSPECIFIED.);
#117=B_SPLINE_CURVE_WITH_KNOTS('',3,(#6553,#6554,#6555,#6556),
 .UNSPECIFIED.,.F.,.F.,(4,4),(8.47577085334502E-17,0.00641081308315748),
 .UNSPECIFIED.);
#118=B_SPLINE_CURVE_WITH_KNOTS('',3,(#6560,#6561,#6562,#6563),
 .UNSPECIFIED.,.F.,.F.,(4,4),(0.,0.00414132896898631),.UNSPECIFIED.);
#119=B_SPLINE_CURVE_WITH_KNOTS('',3,(#6565,#6566,#6567,#6568),
 .UNSPECIFIED.,.F.,.F.,(4,4),(4.06921167100251E-17,0.00414132896898633),
 .UNSPECIFIED.);
#120=B_SPLINE_CURVE_WITH_KNOTS('',3,(#6572,#6573,#6574,#6575,#6576),
 .UNSPECIFIED.,.F.,.F.,(4,1,4),(0.,0.00491661791958355,0.0098332358391671),
 .UNSPECIFIED.);
#121=B_SPLINE_CURVE_WITH_KNOTS('',3,(#6591,#6592,#6593,#6594),
 .UNSPECIFIED.,.F.,.F.,(4,4),(0.,1.),.UNSPECIFIED.);
#122=B_SPLINE_CURVE_WITH_KNOTS('',3,(#6598,#6599,#6600,#6601),
 .UNSPECIFIED.,.F.,.F.,(4,4),(0.,1.),.UNSPECIFIED.);
#123=CIRCLE('',#3755,0.0066);
#124=CIRCLE('',#3756,0.0066);
#125=CIRCLE('',#3758,0.005);
#126=CIRCLE('',#3759,0.005);
#127=CIRCLE('',#3763,0.0066);
#128=CIRCLE('',#3764,0.0066);
#129=CIRCLE('',#3766,0.005);
#130=CIRCLE('',#3767,0.005);
#131=CIRCLE('',#3770,0.00313099261167519);
#132=CIRCLE('',#3772,0.00313099261167519);
#133=CIRCLE('',#3776,0.0017);
#134=CIRCLE('',#3777,0.00169999999999971);
#135=CIRCLE('',#3778,0.0017);
#136=CIRCLE('',#3779,0.002);
#137=CIRCLE('',#3780,0.00075);
#138=CIRCLE('',#3781,0.00075);
#139=CIRCLE('',#3782,0.0045);
#140=CIRCLE('',#3783,0.0644);
#141=CIRCLE('',#3784,0.0025);
#142=CIRCLE('',#3785,0.00606827479682025);
#143=CIRCLE('',#3786,0.002);
#144=CIRCLE('',#3787,0.002);
#145=CIRCLE('',#3788,0.002);
#146=CIRCLE('',#3789,0.00606827479682025);
#147=CIRCLE('',#3790,0.003);
#148=CIRCLE('',#3791,0.002);
#149=CIRCLE('',#3792,0.0015);
#150=CIRCLE('',#3793,0.0157282842613997);
#151=CIRCLE('',#3794,0.0025);
#152=CIRCLE('',#3795,0.001);
#153=CIRCLE('',#3796,0.0015);
#154=CIRCLE('',#3797,0.00275);
#155=CIRCLE('',#3798,0.00274999999999996);
#156=CIRCLE('',#3799,0.002);
#157=CIRCLE('',#3800,0.0157282842613997);
#158=CIRCLE('',#3801,0.0015);
#159=CIRCLE('',#3802,0.002);
#160=CIRCLE('',#3803,0.016);
#161=CIRCLE('',#3804,0.008);
#162=CIRCLE('',#3805,0.0035);
#163=CIRCLE('',#3806,0.00747619095888729);
#164=CIRCLE('',#3807,0.062);
#165=CIRCLE('',#3808,0.00366827479682025);
#166=CIRCLE('',#3809,0.001426237496441);
#167=CIRCLE('',#3810,0.003);
#168=CIRCLE('',#3811,0.012);
#169=CIRCLE('',#3812,0.00418972205691879);
#170=CIRCLE('',#3813,0.001);
#171=CIRCLE('',#3814,0.0017);
#172=CIRCLE('',#3815,0.001);
#173=CIRCLE('',#3816,0.00418972205691879);
#174=CIRCLE('',#3817,0.003);
#175=CIRCLE('',#3818,0.0182235223566937);
#176=CIRCLE('',#3819,0.002);
#177=CIRCLE('',#3820,0.00366827479682025);
#178=CIRCLE('',#3821,0.062);
#179=CIRCLE('',#3822,0.1915);
#180=CIRCLE('',#3823,0.016);
#181=CIRCLE('',#3825,0.012);
#182=CIRCLE('',#3826,0.014934920194598);
#183=CIRCLE('',#3827,0.0124);
#184=CIRCLE('',#3829,0.00418972205691879);
#185=CIRCLE('',#3830,0.00378972205691879);
#186=CIRCLE('',#3832,0.001);
#187=CIRCLE('',#3833,0.0006);
#188=CIRCLE('',#3836,0.0017);
#189=CIRCLE('',#3837,0.0021);
#190=CIRCLE('',#3840,0.001);
#191=CIRCLE('',#3841,0.0006);
#192=CIRCLE('',#3843,0.00418972205691879);
#193=CIRCLE('',#3844,0.00378972205691879);
#194=CIRCLE('',#3847,0.0017);
#195=CIRCLE('',#3848,0.0021);
#196=CIRCLE('',#3850,0.0020999999999997);
#197=CIRCLE('',#3851,0.00169999999999971);
#198=CIRCLE('',#3854,0.00335);
#199=CIRCLE('',#3855,0.00295);
#200=CIRCLE('',#3858,0.00335);
#201=CIRCLE('',#3859,0.00295);
#202=CIRCLE('',#3862,0.00335);
#203=CIRCLE('',#3863,0.00295);
#204=CIRCLE('',#3865,0.00295);
#205=CIRCLE('',#3869,0.00295);
#206=CIRCLE('',#3873,0.002);
#207=CIRCLE('',#3877,0.0157282842613997);
#208=CIRCLE('',#3878,0.0162282842613997);
#209=CIRCLE('',#3880,0.00250000000098746);
#210=CIRCLE('',#3881,0.002);
#211=CIRCLE('',#3883,0.0015);
#212=CIRCLE('',#3884,0.002);
#213=CIRCLE('',#3888,0.00250000571797166);
#214=CIRCLE('',#3891,0.00235);
#215=CIRCLE('',#3893,0.00235);
#216=CIRCLE('',#3895,0.00235);
#217=CIRCLE('',#3896,0.0016);
#218=CIRCLE('',#3898,0.00235);
#219=CIRCLE('',#3899,0.0016);
#220=CIRCLE('',#3903,0.581488043126755);
#221=CIRCLE('',#3904,0.394101707990607);
#222=CIRCLE('',#3908,0.000442280439856722);
#223=CIRCLE('',#3910,0.00355);
#224=CIRCLE('',#3911,0.00355);
#225=CIRCLE('',#3915,0.0178663521052373);
#226=CIRCLE('',#3916,0.0178663521052373);
#227=CIRCLE('',#3922,0.0017);
#228=CIRCLE('',#3923,0.00210000000000004);
#229=CIRCLE('',#3926,0.008);
#230=CIRCLE('',#3928,0.0035);
#231=CIRCLE('',#3930,0.00747619095888729);
#232=CIRCLE('',#3933,0.0619787139613925);
#233=CIRCLE('',#3938,0.00075);
#234=CIRCLE('',#3939,0.00125);
#235=CIRCLE('',#3942,0.00075);
#236=CIRCLE('',#3943,0.00125);
#237=CIRCLE('',#3946,0.002);
#238=CIRCLE('',#3947,0.0025);
#239=CIRCLE('',#3949,0.0045);
#240=CIRCLE('',#3950,0.005);
#241=CIRCLE('',#3953,0.002);
#242=CIRCLE('',#3954,0.0025);
#243=CIRCLE('',#3957,0.002);
#244=CIRCLE('',#3958,0.0025);
#245=CIRCLE('',#3961,0.002);
#246=CIRCLE('',#3962,0.0025);
#247=CIRCLE('',#3964,0.00556827479682025);
#248=CIRCLE('',#3965,0.00606827479682025);
#249=CIRCLE('',#3967,0.0025);
#250=CIRCLE('',#3968,0.003);
#251=CIRCLE('',#3970,0.0639);
#252=CIRCLE('',#3971,0.0644);
#253=CIRCLE('',#3973,0.0025);
#254=CIRCLE('',#3974,0.002);
#255=CIRCLE('',#3976,0.016228284261456);
#256=CIRCLE('',#3977,0.0157282842613997);
#257=CIRCLE('',#3979,0.00199995049026674);
#258=CIRCLE('',#3982,0.002);
#259=CIRCLE('',#3983,0.0025);
#260=CIRCLE('',#3986,0.003);
#261=CIRCLE('',#3987,0.0035);
#262=CIRCLE('',#3991,3.20289630093531);
#263=CIRCLE('',#3992,0.0599732544586372);
#264=CIRCLE('',#4022,0.00606827479682025);
#265=CIRCLE('',#4026,0.00556827479682025);
#266=CIRCLE('',#4031,0.062);
#267=CIRCLE('',#4032,0.062);
#268=CIRCLE('',#4034,0.016);
#269=CIRCLE('',#4035,0.1915);
#270=CIRCLE('',#4038,0.000737758771325551);
#271=CIRCLE('',#4040,0.001426237496441);
#272=CIRCLE('',#4042,0.000926237496441);
#273=CIRCLE('',#4044,0.00200000465230514);
#274=CIRCLE('',#4047,0.001);
#275=CIRCLE('',#4048,0.0015);
#276=CIRCLE('',#4051,0.00366827479682025);
#277=CIRCLE('',#4052,0.00366827479682025);
#278=CIRCLE('',#4053,0.00366827479682025);
#279=CIRCLE('',#4054,0.00316827479682025);
#280=CIRCLE('',#4061,0.0016);
#281=CIRCLE('',#4063,0.062);
#282=CIRCLE('',#4067,0.000739671193948427);
#283=CIRCLE('',#4069,0.00366827479682025);
#284=CIRCLE('',#4071,0.00316827479682025);
#285=CIRCLE('',#4072,0.0016);
#286=CIRCLE('',#4076,0.1915);
#287=CIRCLE('',#4082,3.31006257252767);
#288=CIRCLE('',#4085,0.0177234950409151);
#289=CIRCLE('',#4087,0.0177234950409151);
#290=CIRCLE('',#4095,0.00366827479682025);
#291=CIRCLE('',#4096,0.00366827479682025);
#292=CIRCLE('',#4102,0.0066);
#293=CIRCLE('',#4103,0.005);
#294=CIRCLE('',#4104,0.005);
#295=CIRCLE('',#4105,0.0066);
#296=CIRCLE('',#4107,0.005);
#297=CIRCLE('',#4110,0.005);
#298=CIRCLE('',#4112,0.0066);
#299=CIRCLE('',#4115,0.0066);
#300=CIRCLE('',#4118,0.0066);
#301=CIRCLE('',#4119,0.005);
#302=CIRCLE('',#4120,0.005);
#303=CIRCLE('',#4121,0.0066);
#304=CIRCLE('',#4123,0.005);
#305=CIRCLE('',#4126,0.005);
#306=CIRCLE('',#4128,0.0066);
#307=CIRCLE('',#4131,0.0066);
#308=CIRCLE('',#4134,0.0066);
#309=CIRCLE('',#4135,0.005);
#310=CIRCLE('',#4136,0.005);
#311=CIRCLE('',#4137,0.0066);
#312=CIRCLE('',#4139,0.005);
#313=CIRCLE('',#4142,0.005);
#314=CIRCLE('',#4144,0.0066);
#315=CIRCLE('',#4147,0.0066);
#316=CYLINDRICAL_SURFACE('',#3754,0.0066);
#317=CYLINDRICAL_SURFACE('',#3757,0.005);
#318=CYLINDRICAL_SURFACE('',#3762,0.0066);
#319=CYLINDRICAL_SURFACE('',#3765,0.005);
#320=CYLINDRICAL_SURFACE('',#3769,0.00313099261167519);
#321=CYLINDRICAL_SURFACE('',#3771,0.00313099261167519);
#322=CYLINDRICAL_SURFACE('',#3864,0.00295);
#323=CYLINDRICAL_SURFACE('',#3868,0.00295);
#324=CYLINDRICAL_SURFACE('',#3872,0.002);
#325=CYLINDRICAL_SURFACE('',#3889,0.002);
#326=CYLINDRICAL_SURFACE('',#3900,0.00235);
#327=CYLINDRICAL_SURFACE('',#3901,0.00235);
#328=CYLINDRICAL_SURFACE('',#3902,0.003);
#329=CYLINDRICAL_SURFACE('',#3905,0.003);
#330=CYLINDRICAL_SURFACE('',#3909,0.00355);
#331=CYLINDRICAL_SURFACE('',#3912,0.001);
#332=CYLINDRICAL_SURFACE('',#3913,0.001);
#333=CYLINDRICAL_SURFACE('',#3917,0.00418972205691879);
#334=CYLINDRICAL_SURFACE('',#3918,0.0017);
#335=CYLINDRICAL_SURFACE('',#3919,0.00418972205691879);
#336=CYLINDRICAL_SURFACE('',#3920,0.012);
#337=CYLINDRICAL_SURFACE('',#3924,0.0017);
#338=CYLINDRICAL_SURFACE('',#3925,0.008);
#339=CYLINDRICAL_SURFACE('',#3927,0.0035);
#340=CYLINDRICAL_SURFACE('',#3929,0.00747619095888729);
#341=CYLINDRICAL_SURFACE('',#3993,0.0025);
#342=CYLINDRICAL_SURFACE('',#3994,0.003);
#343=CYLINDRICAL_SURFACE('',#3996,0.0045);
#344=CYLINDRICAL_SURFACE('',#3997,0.0644);
#345=CYLINDRICAL_SURFACE('',#3998,0.0025);
#346=CYLINDRICAL_SURFACE('',#3999,0.00606827479682025);
#347=CYLINDRICAL_SURFACE('',#4000,0.002);
#348=CYLINDRICAL_SURFACE('',#4002,0.002);
#349=CYLINDRICAL_SURFACE('',#4004,0.002);
#350=CYLINDRICAL_SURFACE('',#4006,0.002);
#351=CYLINDRICAL_SURFACE('',#4008,0.00075);
#352=CYLINDRICAL_SURFACE('',#4010,0.00075);
#353=CYLINDRICAL_SURFACE('',#4011,0.0157282842613997);
#354=CYLINDRICAL_SURFACE('',#4012,0.0015);
#355=CYLINDRICAL_SURFACE('',#4014,0.002);
#356=CYLINDRICAL_SURFACE('',#4017,0.002);
#357=CYLINDRICAL_SURFACE('',#4019,0.0015);
#358=CYLINDRICAL_SURFACE('',#4020,0.0157282842613997);
#359=CYLINDRICAL_SURFACE('',#4021,0.00606827479682025);
#360=CYLINDRICAL_SURFACE('',#4030,0.062);
#361=CYLINDRICAL_SURFACE('',#4039,0.001426237496441);
#362=CYLINDRICAL_SURFACE('',#4055,0.001);
#363=CYLINDRICAL_SURFACE('',#4056,0.0015);
#364=CYLINDRICAL_SURFACE('',#4057,0.00366827479682025);
#365=CYLINDRICAL_SURFACE('',#4062,0.062);
#366=CYLINDRICAL_SURFACE('',#4068,0.00366827479682025);
#367=CYLINDRICAL_SURFACE('',#4074,0.1915);
#368=CYLINDRICAL_SURFACE('',#4075,0.1915);
#369=CYLINDRICAL_SURFACE('',#4077,0.016);
#370=CYLINDRICAL_SURFACE('',#4078,0.016);
#371=CYLINDRICAL_SURFACE('',#4079,0.03);
#372=CYLINDRICAL_SURFACE('',#4080,0.0182235223566937);
#373=CYLINDRICAL_SURFACE('',#4088,0.0016);
#374=CYLINDRICAL_SURFACE('',#4089,0.0016);
#375=CYLINDRICAL_SURFACE('',#4090,0.0017);
#376=CYLINDRICAL_SURFACE('',#4092,0.00169999999999971);
#377=CYLINDRICAL_SURFACE('',#4106,0.005);
#378=CYLINDRICAL_SURFACE('',#4109,0.005);
#379=CYLINDRICAL_SURFACE('',#4111,0.0066);
#380=CYLINDRICAL_SURFACE('',#4114,0.0066);
#381=CYLINDRICAL_SURFACE('',#4122,0.005);
#382=CYLINDRICAL_SURFACE('',#4125,0.005);
#383=CYLINDRICAL_SURFACE('',#4127,0.0066);
#384=CYLINDRICAL_SURFACE('',#4130,0.0066);
#385=CYLINDRICAL_SURFACE('',#4138,0.005);
#386=CYLINDRICAL_SURFACE('',#4141,0.005);
#387=CYLINDRICAL_SURFACE('',#4143,0.0066);
#388=CYLINDRICAL_SURFACE('',#4146,0.0066);
#389=ORIENTED_EDGE('',*,*,#1479,.F.);
#390=ORIENTED_EDGE('',*,*,#1480,.T.);
#391=ORIENTED_EDGE('',*,*,#1481,.F.);
#392=ORIENTED_EDGE('',*,*,#1482,.T.);
#393=ORIENTED_EDGE('',*,*,#1483,.T.);
#394=ORIENTED_EDGE('',*,*,#1484,.T.);
#395=ORIENTED_EDGE('',*,*,#1485,.T.);
#396=ORIENTED_EDGE('',*,*,#1486,.T.);
#397=ORIENTED_EDGE('',*,*,#1487,.F.);
#398=ORIENTED_EDGE('',*,*,#1488,.F.);
#399=ORIENTED_EDGE('',*,*,#1489,.T.);
#400=ORIENTED_EDGE('',*,*,#1490,.T.);
#401=ORIENTED_EDGE('',*,*,#1491,.T.);
#402=ORIENTED_EDGE('',*,*,#1492,.T.);
#403=ORIENTED_EDGE('',*,*,#1493,.F.);
#404=ORIENTED_EDGE('',*,*,#1494,.F.);
#405=ORIENTED_EDGE('',*,*,#1489,.F.);
#406=ORIENTED_EDGE('',*,*,#1495,.F.);
#407=ORIENTED_EDGE('',*,*,#1496,.F.);
#408=ORIENTED_EDGE('',*,*,#1497,.T.);
#409=ORIENTED_EDGE('',*,*,#1498,.F.);
#410=ORIENTED_EDGE('',*,*,#1499,.T.);
#411=ORIENTED_EDGE('',*,*,#1491,.F.);
#412=ORIENTED_EDGE('',*,*,#1500,.F.);
#413=ORIENTED_EDGE('',*,*,#1496,.T.);
#414=ORIENTED_EDGE('',*,*,#1501,.F.);
#415=ORIENTED_EDGE('',*,*,#1502,.F.);
#416=ORIENTED_EDGE('',*,*,#1503,.T.);
#417=ORIENTED_EDGE('',*,*,#1504,.T.);
#418=ORIENTED_EDGE('',*,*,#1505,.F.);
#419=ORIENTED_EDGE('',*,*,#1498,.T.);
#420=ORIENTED_EDGE('',*,*,#1506,.F.);
#421=ORIENTED_EDGE('',*,*,#1507,.F.);
#422=ORIENTED_EDGE('',*,*,#1508,.F.);
#423=ORIENTED_EDGE('',*,*,#1509,.F.);
#424=ORIENTED_EDGE('',*,*,#1510,.T.);
#425=ORIENTED_EDGE('',*,*,#1509,.T.);
#426=ORIENTED_EDGE('',*,*,#1511,.T.);
#427=ORIENTED_EDGE('',*,*,#1479,.T.);
#428=ORIENTED_EDGE('',*,*,#1512,.F.);
#429=ORIENTED_EDGE('',*,*,#1485,.F.);
#430=ORIENTED_EDGE('',*,*,#1513,.T.);
#431=ORIENTED_EDGE('',*,*,#1507,.T.);
#432=ORIENTED_EDGE('',*,*,#1514,.F.);
#433=ORIENTED_EDGE('',*,*,#1515,.T.);
#434=ORIENTED_EDGE('',*,*,#1487,.T.);
#435=ORIENTED_EDGE('',*,*,#1516,.F.);
#436=ORIENTED_EDGE('',*,*,#1493,.T.);
#437=ORIENTED_EDGE('',*,*,#1517,.F.);
#438=ORIENTED_EDGE('',*,*,#1518,.F.);
#439=ORIENTED_EDGE('',*,*,#1483,.F.);
#440=ORIENTED_EDGE('',*,*,#1519,.T.);
#441=ORIENTED_EDGE('',*,*,#1520,.T.);
#442=ORIENTED_EDGE('',*,*,#1521,.T.);
#443=ORIENTED_EDGE('',*,*,#1522,.T.);
#444=ORIENTED_EDGE('',*,*,#1523,.T.);
#445=ORIENTED_EDGE('',*,*,#1524,.T.);
#446=ORIENTED_EDGE('',*,*,#1525,.T.);
#447=ORIENTED_EDGE('',*,*,#1526,.T.);
#448=ORIENTED_EDGE('',*,*,#1527,.T.);
#449=ORIENTED_EDGE('',*,*,#1528,.T.);
#450=ORIENTED_EDGE('',*,*,#1529,.T.);
#451=ORIENTED_EDGE('',*,*,#1530,.T.);
#452=ORIENTED_EDGE('',*,*,#1531,.T.);
#453=ORIENTED_EDGE('',*,*,#1532,.T.);
#454=ORIENTED_EDGE('',*,*,#1533,.F.);
#455=ORIENTED_EDGE('',*,*,#1504,.F.);
#456=ORIENTED_EDGE('',*,*,#1534,.T.);
#457=ORIENTED_EDGE('',*,*,#1502,.T.);
#458=ORIENTED_EDGE('',*,*,#1481,.T.);
#459=ORIENTED_EDGE('',*,*,#1535,.T.);
#460=ORIENTED_EDGE('',*,*,#1536,.F.);
#461=ORIENTED_EDGE('',*,*,#1537,.F.);
#462=ORIENTED_EDGE('',*,*,#1538,.F.);
#463=ORIENTED_EDGE('',*,*,#1539,.F.);
#464=ORIENTED_EDGE('',*,*,#1540,.F.);
#465=ORIENTED_EDGE('',*,*,#1541,.F.);
#466=ORIENTED_EDGE('',*,*,#1542,.T.);
#467=ORIENTED_EDGE('',*,*,#1543,.F.);
#468=ORIENTED_EDGE('',*,*,#1544,.F.);
#469=ORIENTED_EDGE('',*,*,#1545,.F.);
#470=ORIENTED_EDGE('',*,*,#1546,.T.);
#471=ORIENTED_EDGE('',*,*,#1547,.F.);
#472=ORIENTED_EDGE('',*,*,#1548,.F.);
#473=ORIENTED_EDGE('',*,*,#1549,.F.);
#474=ORIENTED_EDGE('',*,*,#1550,.T.);
#475=ORIENTED_EDGE('',*,*,#1551,.F.);
#476=ORIENTED_EDGE('',*,*,#1552,.T.);
#477=ORIENTED_EDGE('',*,*,#1553,.F.);
#478=ORIENTED_EDGE('',*,*,#1554,.T.);
#479=ORIENTED_EDGE('',*,*,#1555,.F.);
#480=ORIENTED_EDGE('',*,*,#1556,.T.);
#481=ORIENTED_EDGE('',*,*,#1557,.T.);
#482=ORIENTED_EDGE('',*,*,#1558,.T.);
#483=ORIENTED_EDGE('',*,*,#1559,.T.);
#484=ORIENTED_EDGE('',*,*,#1560,.T.);
#485=ORIENTED_EDGE('',*,*,#1561,.T.);
#486=ORIENTED_EDGE('',*,*,#1562,.T.);
#487=ORIENTED_EDGE('',*,*,#1563,.T.);
#488=ORIENTED_EDGE('',*,*,#1564,.T.);
#489=ORIENTED_EDGE('',*,*,#1565,.T.);
#490=ORIENTED_EDGE('',*,*,#1566,.T.);
#491=ORIENTED_EDGE('',*,*,#1567,.T.);
#492=ORIENTED_EDGE('',*,*,#1568,.T.);
#493=ORIENTED_EDGE('',*,*,#1569,.T.);
#494=ORIENTED_EDGE('',*,*,#1570,.T.);
#495=ORIENTED_EDGE('',*,*,#1571,.T.);
#496=ORIENTED_EDGE('',*,*,#1572,.T.);
#497=ORIENTED_EDGE('',*,*,#1573,.T.);
#498=ORIENTED_EDGE('',*,*,#1574,.T.);
#499=ORIENTED_EDGE('',*,*,#1575,.T.);
#500=ORIENTED_EDGE('',*,*,#1576,.T.);
#501=ORIENTED_EDGE('',*,*,#1577,.F.);
#502=ORIENTED_EDGE('',*,*,#1578,.F.);
#503=ORIENTED_EDGE('',*,*,#1579,.T.);
#504=ORIENTED_EDGE('',*,*,#1580,.T.);
#505=ORIENTED_EDGE('',*,*,#1581,.T.);
#506=ORIENTED_EDGE('',*,*,#1582,.T.);
#507=ORIENTED_EDGE('',*,*,#1583,.T.);
#508=ORIENTED_EDGE('',*,*,#1584,.F.);
#509=ORIENTED_EDGE('',*,*,#1585,.F.);
#510=ORIENTED_EDGE('',*,*,#1586,.T.);
#511=ORIENTED_EDGE('',*,*,#1587,.F.);
#512=ORIENTED_EDGE('',*,*,#1588,.T.);
#513=ORIENTED_EDGE('',*,*,#1589,.F.);
#514=ORIENTED_EDGE('',*,*,#1590,.T.);
#515=ORIENTED_EDGE('',*,*,#1591,.T.);
#516=ORIENTED_EDGE('',*,*,#1536,.T.);
#517=ORIENTED_EDGE('',*,*,#1592,.T.);
#518=ORIENTED_EDGE('',*,*,#1517,.T.);
#519=ORIENTED_EDGE('',*,*,#1593,.T.);
#520=ORIENTED_EDGE('',*,*,#1594,.F.);
#521=ORIENTED_EDGE('',*,*,#1595,.T.);
#522=ORIENTED_EDGE('',*,*,#1596,.F.);
#523=ORIENTED_EDGE('',*,*,#1597,.F.);
#524=ORIENTED_EDGE('',*,*,#1598,.T.);
#525=ORIENTED_EDGE('',*,*,#1599,.T.);
#526=ORIENTED_EDGE('',*,*,#1600,.T.);
#527=ORIENTED_EDGE('',*,*,#1601,.T.);
#528=ORIENTED_EDGE('',*,*,#1602,.T.);
#529=ORIENTED_EDGE('',*,*,#1603,.F.);
#530=ORIENTED_EDGE('',*,*,#1604,.F.);
#531=ORIENTED_EDGE('',*,*,#1605,.T.);
#532=ORIENTED_EDGE('',*,*,#1606,.T.);
#533=ORIENTED_EDGE('',*,*,#1607,.T.);
#534=ORIENTED_EDGE('',*,*,#1608,.F.);
#535=ORIENTED_EDGE('',*,*,#1609,.F.);
#536=ORIENTED_EDGE('',*,*,#1610,.T.);
#537=ORIENTED_EDGE('',*,*,#1611,.F.);
#538=ORIENTED_EDGE('',*,*,#1612,.F.);
#539=ORIENTED_EDGE('',*,*,#1613,.T.);
#540=ORIENTED_EDGE('',*,*,#1614,.T.);
#541=ORIENTED_EDGE('',*,*,#1615,.T.);
#542=ORIENTED_EDGE('',*,*,#1616,.T.);
#543=ORIENTED_EDGE('',*,*,#1617,.F.);
#544=ORIENTED_EDGE('',*,*,#1618,.F.);
#545=ORIENTED_EDGE('',*,*,#1619,.T.);
#546=ORIENTED_EDGE('',*,*,#1620,.T.);
#547=ORIENTED_EDGE('',*,*,#1621,.F.);
#548=ORIENTED_EDGE('',*,*,#1622,.T.);
#549=ORIENTED_EDGE('',*,*,#1623,.T.);
#550=ORIENTED_EDGE('',*,*,#1624,.F.);
#551=ORIENTED_EDGE('',*,*,#1625,.T.);
#552=ORIENTED_EDGE('',*,*,#1626,.F.);
#553=ORIENTED_EDGE('',*,*,#1627,.T.);
#554=ORIENTED_EDGE('',*,*,#1628,.T.);
#555=ORIENTED_EDGE('',*,*,#1624,.T.);
#556=ORIENTED_EDGE('',*,*,#1629,.F.);
#557=ORIENTED_EDGE('',*,*,#1630,.F.);
#558=ORIENTED_EDGE('',*,*,#1631,.T.);
#559=ORIENTED_EDGE('',*,*,#1632,.F.);
#560=ORIENTED_EDGE('',*,*,#1627,.F.);
#561=ORIENTED_EDGE('',*,*,#1633,.T.);
#562=ORIENTED_EDGE('',*,*,#1634,.T.);
#563=ORIENTED_EDGE('',*,*,#1635,.F.);
#564=ORIENTED_EDGE('',*,*,#1631,.F.);
#565=ORIENTED_EDGE('',*,*,#1636,.T.);
#566=ORIENTED_EDGE('',*,*,#1637,.T.);
#567=ORIENTED_EDGE('',*,*,#1638,.F.);
#568=ORIENTED_EDGE('',*,*,#1634,.F.);
#569=ORIENTED_EDGE('',*,*,#1639,.F.);
#570=ORIENTED_EDGE('',*,*,#1640,.T.);
#571=ORIENTED_EDGE('',*,*,#1641,.T.);
#572=ORIENTED_EDGE('',*,*,#1637,.F.);
#573=ORIENTED_EDGE('',*,*,#1642,.F.);
#574=ORIENTED_EDGE('',*,*,#1643,.T.);
#575=ORIENTED_EDGE('',*,*,#1644,.F.);
#576=ORIENTED_EDGE('',*,*,#1640,.F.);
#577=ORIENTED_EDGE('',*,*,#1645,.F.);
#578=ORIENTED_EDGE('',*,*,#1646,.T.);
#579=ORIENTED_EDGE('',*,*,#1647,.F.);
#580=ORIENTED_EDGE('',*,*,#1643,.F.);
#581=ORIENTED_EDGE('',*,*,#1648,.T.);
#582=ORIENTED_EDGE('',*,*,#1649,.T.);
#583=ORIENTED_EDGE('',*,*,#1650,.F.);
#584=ORIENTED_EDGE('',*,*,#1646,.F.);
#585=ORIENTED_EDGE('',*,*,#1651,.T.);
#586=ORIENTED_EDGE('',*,*,#1652,.F.);
#587=ORIENTED_EDGE('',*,*,#1653,.T.);
#588=ORIENTED_EDGE('',*,*,#1649,.F.);
#589=ORIENTED_EDGE('',*,*,#1654,.F.);
#590=ORIENTED_EDGE('',*,*,#1655,.T.);
#591=ORIENTED_EDGE('',*,*,#1656,.F.);
#592=ORIENTED_EDGE('',*,*,#1657,.T.);
#593=ORIENTED_EDGE('',*,*,#1658,.F.);
#594=ORIENTED_EDGE('',*,*,#1659,.F.);
#595=ORIENTED_EDGE('',*,*,#1660,.F.);
#596=ORIENTED_EDGE('',*,*,#1657,.F.);
#597=ORIENTED_EDGE('',*,*,#1661,.T.);
#598=ORIENTED_EDGE('',*,*,#1662,.T.);
#599=ORIENTED_EDGE('',*,*,#1663,.T.);
#600=ORIENTED_EDGE('',*,*,#1655,.F.);
#601=ORIENTED_EDGE('',*,*,#1664,.F.);
#602=ORIENTED_EDGE('',*,*,#1659,.T.);
#603=ORIENTED_EDGE('',*,*,#1665,.F.);
#604=ORIENTED_EDGE('',*,*,#1662,.F.);
#605=ORIENTED_EDGE('',*,*,#1666,.F.);
#606=ORIENTED_EDGE('',*,*,#1667,.T.);
#607=ORIENTED_EDGE('',*,*,#1668,.F.);
#608=ORIENTED_EDGE('',*,*,#1669,.F.);
#609=ORIENTED_EDGE('',*,*,#1670,.T.);
#610=ORIENTED_EDGE('',*,*,#1671,.T.);
#611=ORIENTED_EDGE('',*,*,#1672,.F.);
#612=ORIENTED_EDGE('',*,*,#1667,.F.);
#613=ORIENTED_EDGE('',*,*,#1673,.F.);
#614=ORIENTED_EDGE('',*,*,#1674,.T.);
#615=ORIENTED_EDGE('',*,*,#1675,.F.);
#616=ORIENTED_EDGE('',*,*,#1671,.F.);
#617=ORIENTED_EDGE('',*,*,#1676,.T.);
#618=ORIENTED_EDGE('',*,*,#1677,.T.);
#619=ORIENTED_EDGE('',*,*,#1678,.F.);
#620=ORIENTED_EDGE('',*,*,#1674,.F.);
#621=ORIENTED_EDGE('',*,*,#1679,.F.);
#622=ORIENTED_EDGE('',*,*,#1680,.F.);
#623=ORIENTED_EDGE('',*,*,#1681,.F.);
#624=ORIENTED_EDGE('',*,*,#1677,.F.);
#625=ORIENTED_EDGE('',*,*,#1682,.T.);
#626=ORIENTED_EDGE('',*,*,#1683,.T.);
#627=ORIENTED_EDGE('',*,*,#1676,.F.);
#628=ORIENTED_EDGE('',*,*,#1684,.F.);
#629=ORIENTED_EDGE('',*,*,#1685,.F.);
#630=ORIENTED_EDGE('',*,*,#1684,.T.);
#631=ORIENTED_EDGE('',*,*,#1673,.T.);
#632=ORIENTED_EDGE('',*,*,#1686,.F.);
#633=ORIENTED_EDGE('',*,*,#1687,.F.);
#634=ORIENTED_EDGE('',*,*,#1688,.T.);
#635=ORIENTED_EDGE('',*,*,#1679,.T.);
#636=ORIENTED_EDGE('',*,*,#1683,.F.);
#637=ORIENTED_EDGE('',*,*,#1689,.F.);
#638=ORIENTED_EDGE('',*,*,#1686,.T.);
#639=ORIENTED_EDGE('',*,*,#1670,.F.);
#640=ORIENTED_EDGE('',*,*,#1690,.F.);
#641=ORIENTED_EDGE('',*,*,#1682,.F.);
#642=ORIENTED_EDGE('',*,*,#1688,.F.);
#643=ORIENTED_EDGE('',*,*,#1691,.F.);
#644=ORIENTED_EDGE('',*,*,#1691,.T.);
#645=ORIENTED_EDGE('',*,*,#1689,.T.);
#646=ORIENTED_EDGE('',*,*,#1685,.T.);
#647=ORIENTED_EDGE('',*,*,#1687,.T.);
#648=ORIENTED_EDGE('',*,*,#1661,.F.);
#649=ORIENTED_EDGE('',*,*,#1656,.T.);
#650=ORIENTED_EDGE('',*,*,#1663,.F.);
#651=ORIENTED_EDGE('',*,*,#1665,.T.);
#652=ORIENTED_EDGE('',*,*,#1692,.T.);
#653=ORIENTED_EDGE('',*,*,#1693,.F.);
#654=ORIENTED_EDGE('',*,*,#1694,.F.);
#655=ORIENTED_EDGE('',*,*,#1616,.F.);
#656=ORIENTED_EDGE('',*,*,#1695,.T.);
#657=ORIENTED_EDGE('',*,*,#1696,.F.);
#658=ORIENTED_EDGE('',*,*,#1692,.F.);
#659=ORIENTED_EDGE('',*,*,#1615,.F.);
#660=ORIENTED_EDGE('',*,*,#1697,.F.);
#661=ORIENTED_EDGE('',*,*,#1618,.T.);
#662=ORIENTED_EDGE('',*,*,#1698,.T.);
#663=ORIENTED_EDGE('',*,*,#1699,.F.);
#664=ORIENTED_EDGE('',*,*,#1698,.F.);
#665=ORIENTED_EDGE('',*,*,#1617,.T.);
#666=ORIENTED_EDGE('',*,*,#1694,.T.);
#667=ORIENTED_EDGE('',*,*,#1700,.F.);
#668=ORIENTED_EDGE('',*,*,#1701,.F.);
#669=ORIENTED_EDGE('',*,*,#1702,.T.);
#670=ORIENTED_EDGE('',*,*,#1703,.T.);
#671=ORIENTED_EDGE('',*,*,#1704,.F.);
#672=ORIENTED_EDGE('',*,*,#1705,.T.);
#673=ORIENTED_EDGE('',*,*,#1706,.F.);
#674=ORIENTED_EDGE('',*,*,#1703,.F.);
#675=ORIENTED_EDGE('',*,*,#1707,.T.);
#676=ORIENTED_EDGE('',*,*,#1708,.T.);
#677=ORIENTED_EDGE('',*,*,#1709,.T.);
#678=ORIENTED_EDGE('',*,*,#1701,.T.);
#679=ORIENTED_EDGE('',*,*,#1710,.F.);
#680=ORIENTED_EDGE('',*,*,#1711,.T.);
#681=ORIENTED_EDGE('',*,*,#1712,.F.);
#682=ORIENTED_EDGE('',*,*,#1705,.F.);
#683=ORIENTED_EDGE('',*,*,#1713,.F.);
#684=ORIENTED_EDGE('',*,*,#1714,.T.);
#685=ORIENTED_EDGE('',*,*,#1715,.F.);
#686=ORIENTED_EDGE('',*,*,#1708,.F.);
#687=ORIENTED_EDGE('',*,*,#1716,.F.);
#688=ORIENTED_EDGE('',*,*,#1711,.F.);
#689=ORIENTED_EDGE('',*,*,#1717,.T.);
#690=ORIENTED_EDGE('',*,*,#1714,.F.);
#691=ORIENTED_EDGE('',*,*,#1718,.F.);
#692=ORIENTED_EDGE('',*,*,#1719,.F.);
#693=ORIENTED_EDGE('',*,*,#1707,.F.);
#694=ORIENTED_EDGE('',*,*,#1720,.T.);
#695=ORIENTED_EDGE('',*,*,#1587,.T.);
#696=ORIENTED_EDGE('',*,*,#1721,.F.);
#697=ORIENTED_EDGE('',*,*,#1584,.T.);
#698=ORIENTED_EDGE('',*,*,#1722,.F.);
#699=ORIENTED_EDGE('',*,*,#1585,.T.);
#700=ORIENTED_EDGE('',*,*,#1723,.T.);
#701=ORIENTED_EDGE('',*,*,#1724,.F.);
#702=ORIENTED_EDGE('',*,*,#1725,.T.);
#703=ORIENTED_EDGE('',*,*,#1726,.F.);
#704=ORIENTED_EDGE('',*,*,#1723,.F.);
#705=ORIENTED_EDGE('',*,*,#1721,.T.);
#706=ORIENTED_EDGE('',*,*,#1725,.F.);
#707=ORIENTED_EDGE('',*,*,#1722,.T.);
#708=ORIENTED_EDGE('',*,*,#1612,.T.);
#709=ORIENTED_EDGE('',*,*,#1727,.F.);
#710=ORIENTED_EDGE('',*,*,#1728,.F.);
#711=ORIENTED_EDGE('',*,*,#1729,.T.);
#712=ORIENTED_EDGE('',*,*,#1730,.F.);
#713=ORIENTED_EDGE('',*,*,#1653,.F.);
#714=ORIENTED_EDGE('',*,*,#1731,.F.);
#715=ORIENTED_EDGE('',*,*,#1728,.T.);
#716=ORIENTED_EDGE('',*,*,#1732,.T.);
#717=ORIENTED_EDGE('',*,*,#1733,.T.);
#718=ORIENTED_EDGE('',*,*,#1603,.T.);
#719=ORIENTED_EDGE('',*,*,#1734,.F.);
#720=ORIENTED_EDGE('',*,*,#1735,.F.);
#721=ORIENTED_EDGE('',*,*,#1625,.F.);
#722=ORIENTED_EDGE('',*,*,#1736,.F.);
#723=ORIENTED_EDGE('',*,*,#1732,.F.);
#724=ORIENTED_EDGE('',*,*,#1737,.F.);
#725=ORIENTED_EDGE('',*,*,#1738,.F.);
#726=ORIENTED_EDGE('',*,*,#1739,.F.);
#727=ORIENTED_EDGE('',*,*,#1740,.F.);
#728=ORIENTED_EDGE('',*,*,#1741,.F.);
#729=ORIENTED_EDGE('',*,*,#1742,.F.);
#730=ORIENTED_EDGE('',*,*,#1743,.F.);
#731=ORIENTED_EDGE('',*,*,#1744,.F.);
#732=ORIENTED_EDGE('',*,*,#1745,.F.);
#733=ORIENTED_EDGE('',*,*,#1746,.F.);
#734=ORIENTED_EDGE('',*,*,#1743,.T.);
#735=ORIENTED_EDGE('',*,*,#1747,.F.);
#736=ORIENTED_EDGE('',*,*,#1739,.T.);
#737=ORIENTED_EDGE('',*,*,#1748,.T.);
#738=ORIENTED_EDGE('',*,*,#1647,.T.);
#739=ORIENTED_EDGE('',*,*,#1749,.T.);
#740=ORIENTED_EDGE('',*,*,#1610,.F.);
#741=ORIENTED_EDGE('',*,*,#1750,.F.);
#742=ORIENTED_EDGE('',*,*,#1635,.T.);
#743=ORIENTED_EDGE('',*,*,#1751,.F.);
#744=ORIENTED_EDGE('',*,*,#1606,.F.);
#745=ORIENTED_EDGE('',*,*,#1633,.F.);
#746=ORIENTED_EDGE('',*,*,#1630,.T.);
#747=ORIENTED_EDGE('',*,*,#1752,.F.);
#748=ORIENTED_EDGE('',*,*,#1753,.T.);
#749=ORIENTED_EDGE('',*,*,#1744,.T.);
#750=ORIENTED_EDGE('',*,*,#1746,.T.);
#751=ORIENTED_EDGE('',*,*,#1738,.T.);
#752=ORIENTED_EDGE('',*,*,#1754,.T.);
#753=ORIENTED_EDGE('',*,*,#1654,.T.);
#754=ORIENTED_EDGE('',*,*,#1651,.F.);
#755=ORIENTED_EDGE('',*,*,#1648,.F.);
#756=ORIENTED_EDGE('',*,*,#1645,.T.);
#757=ORIENTED_EDGE('',*,*,#1642,.T.);
#758=ORIENTED_EDGE('',*,*,#1639,.T.);
#759=ORIENTED_EDGE('',*,*,#1636,.F.);
#760=ORIENTED_EDGE('',*,*,#1749,.F.);
#761=ORIENTED_EDGE('',*,*,#1650,.T.);
#762=ORIENTED_EDGE('',*,*,#1730,.T.);
#763=ORIENTED_EDGE('',*,*,#1727,.T.);
#764=ORIENTED_EDGE('',*,*,#1611,.T.);
#765=ORIENTED_EDGE('',*,*,#1755,.F.);
#766=ORIENTED_EDGE('',*,*,#1641,.F.);
#767=ORIENTED_EDGE('',*,*,#1756,.T.);
#768=ORIENTED_EDGE('',*,*,#1608,.T.);
#769=ORIENTED_EDGE('',*,*,#1757,.F.);
#770=ORIENTED_EDGE('',*,*,#1632,.T.);
#771=ORIENTED_EDGE('',*,*,#1750,.T.);
#772=ORIENTED_EDGE('',*,*,#1605,.F.);
#773=ORIENTED_EDGE('',*,*,#1736,.T.);
#774=ORIENTED_EDGE('',*,*,#1628,.F.);
#775=ORIENTED_EDGE('',*,*,#1757,.T.);
#776=ORIENTED_EDGE('',*,*,#1604,.T.);
#777=ORIENTED_EDGE('',*,*,#1733,.F.);
#778=ORIENTED_EDGE('',*,*,#1758,.F.);
#779=ORIENTED_EDGE('',*,*,#1759,.T.);
#780=ORIENTED_EDGE('',*,*,#1555,.T.);
#781=ORIENTED_EDGE('',*,*,#1758,.T.);
#782=ORIENTED_EDGE('',*,*,#1594,.T.);
#783=ORIENTED_EDGE('',*,*,#1760,.F.);
#784=ORIENTED_EDGE('',*,*,#1761,.T.);
#785=ORIENTED_EDGE('',*,*,#1762,.T.);
#786=ORIENTED_EDGE('',*,*,#1763,.F.);
#787=ORIENTED_EDGE('',*,*,#1595,.F.);
#788=ORIENTED_EDGE('',*,*,#1762,.F.);
#789=ORIENTED_EDGE('',*,*,#1764,.F.);
#790=ORIENTED_EDGE('',*,*,#1596,.T.);
#791=ORIENTED_EDGE('',*,*,#1763,.T.);
#792=ORIENTED_EDGE('',*,*,#1765,.T.);
#793=ORIENTED_EDGE('',*,*,#1766,.F.);
#794=ORIENTED_EDGE('',*,*,#1767,.T.);
#795=ORIENTED_EDGE('',*,*,#1768,.T.);
#796=ORIENTED_EDGE('',*,*,#1769,.T.);
#797=ORIENTED_EDGE('',*,*,#1519,.F.);
#798=ORIENTED_EDGE('',*,*,#1486,.F.);
#799=ORIENTED_EDGE('',*,*,#1514,.T.);
#800=ORIENTED_EDGE('',*,*,#1510,.F.);
#801=ORIENTED_EDGE('',*,*,#1512,.T.);
#802=ORIENTED_EDGE('',*,*,#1482,.F.);
#803=ORIENTED_EDGE('',*,*,#1538,.T.);
#804=ORIENTED_EDGE('',*,*,#1770,.T.);
#805=ORIENTED_EDGE('',*,*,#1771,.T.);
#806=ORIENTED_EDGE('',*,*,#1772,.T.);
#807=ORIENTED_EDGE('',*,*,#1773,.T.);
#808=ORIENTED_EDGE('',*,*,#1774,.F.);
#809=ORIENTED_EDGE('',*,*,#1775,.T.);
#810=ORIENTED_EDGE('',*,*,#1776,.T.);
#811=ORIENTED_EDGE('',*,*,#1777,.F.);
#812=ORIENTED_EDGE('',*,*,#1778,.F.);
#813=ORIENTED_EDGE('',*,*,#1779,.F.);
#814=ORIENTED_EDGE('',*,*,#1780,.F.);
#815=ORIENTED_EDGE('',*,*,#1781,.F.);
#816=ORIENTED_EDGE('',*,*,#1782,.T.);
#817=ORIENTED_EDGE('',*,*,#1775,.F.);
#818=ORIENTED_EDGE('',*,*,#1783,.T.);
#819=ORIENTED_EDGE('',*,*,#1784,.T.);
#820=ORIENTED_EDGE('',*,*,#1780,.T.);
#821=ORIENTED_EDGE('',*,*,#1785,.F.);
#822=ORIENTED_EDGE('',*,*,#1786,.T.);
#823=ORIENTED_EDGE('',*,*,#1787,.T.);
#824=ORIENTED_EDGE('',*,*,#1788,.T.);
#825=ORIENTED_EDGE('',*,*,#1789,.T.);
#826=ORIENTED_EDGE('',*,*,#1786,.F.);
#827=ORIENTED_EDGE('',*,*,#1790,.T.);
#828=ORIENTED_EDGE('',*,*,#1791,.T.);
#829=ORIENTED_EDGE('',*,*,#1792,.T.);
#830=ORIENTED_EDGE('',*,*,#1793,.T.);
#831=ORIENTED_EDGE('',*,*,#1794,.T.);
#832=ORIENTED_EDGE('',*,*,#1791,.F.);
#833=ORIENTED_EDGE('',*,*,#1795,.T.);
#834=ORIENTED_EDGE('',*,*,#1793,.F.);
#835=ORIENTED_EDGE('',*,*,#1796,.T.);
#836=ORIENTED_EDGE('',*,*,#1797,.F.);
#837=ORIENTED_EDGE('',*,*,#1798,.T.);
#838=ORIENTED_EDGE('',*,*,#1799,.F.);
#839=ORIENTED_EDGE('',*,*,#1800,.T.);
#840=ORIENTED_EDGE('',*,*,#1797,.T.);
#841=ORIENTED_EDGE('',*,*,#1801,.T.);
#842=ORIENTED_EDGE('',*,*,#1799,.T.);
#843=ORIENTED_EDGE('',*,*,#1802,.T.);
#844=ORIENTED_EDGE('',*,*,#1788,.F.);
#845=ORIENTED_EDGE('',*,*,#1803,.T.);
#846=ORIENTED_EDGE('',*,*,#1804,.T.);
#847=ORIENTED_EDGE('',*,*,#1805,.T.);
#848=ORIENTED_EDGE('',*,*,#1806,.T.);
#849=ORIENTED_EDGE('',*,*,#1807,.T.);
#850=ORIENTED_EDGE('',*,*,#1808,.T.);
#851=ORIENTED_EDGE('',*,*,#1809,.T.);
#852=ORIENTED_EDGE('',*,*,#1806,.F.);
#853=ORIENTED_EDGE('',*,*,#1810,.T.);
#854=ORIENTED_EDGE('',*,*,#1808,.F.);
#855=ORIENTED_EDGE('',*,*,#1811,.T.);
#856=ORIENTED_EDGE('',*,*,#1812,.F.);
#857=ORIENTED_EDGE('',*,*,#1813,.T.);
#858=ORIENTED_EDGE('',*,*,#1812,.T.);
#859=ORIENTED_EDGE('',*,*,#1814,.T.);
#860=ORIENTED_EDGE('',*,*,#1815,.T.);
#861=ORIENTED_EDGE('',*,*,#1816,.T.);
#862=ORIENTED_EDGE('',*,*,#1815,.F.);
#863=ORIENTED_EDGE('',*,*,#1817,.T.);
#864=ORIENTED_EDGE('',*,*,#1818,.T.);
#865=ORIENTED_EDGE('',*,*,#1819,.T.);
#866=ORIENTED_EDGE('',*,*,#1820,.F.);
#867=ORIENTED_EDGE('',*,*,#1821,.T.);
#868=ORIENTED_EDGE('',*,*,#1818,.F.);
#869=ORIENTED_EDGE('',*,*,#1822,.T.);
#870=ORIENTED_EDGE('',*,*,#1820,.T.);
#871=ORIENTED_EDGE('',*,*,#1823,.T.);
#872=ORIENTED_EDGE('',*,*,#1824,.F.);
#873=ORIENTED_EDGE('',*,*,#1825,.T.);
#874=ORIENTED_EDGE('',*,*,#1826,.F.);
#875=ORIENTED_EDGE('',*,*,#1827,.T.);
#876=ORIENTED_EDGE('',*,*,#1824,.T.);
#877=ORIENTED_EDGE('',*,*,#1828,.T.);
#878=ORIENTED_EDGE('',*,*,#1826,.T.);
#879=ORIENTED_EDGE('',*,*,#1829,.T.);
#880=ORIENTED_EDGE('',*,*,#1830,.F.);
#881=ORIENTED_EDGE('',*,*,#1831,.T.);
#882=ORIENTED_EDGE('',*,*,#1804,.F.);
#883=ORIENTED_EDGE('',*,*,#1832,.T.);
#884=ORIENTED_EDGE('',*,*,#1830,.T.);
#885=ORIENTED_EDGE('',*,*,#1833,.T.);
#886=ORIENTED_EDGE('',*,*,#1834,.T.);
#887=ORIENTED_EDGE('',*,*,#1835,.T.);
#888=ORIENTED_EDGE('',*,*,#1836,.F.);
#889=ORIENTED_EDGE('',*,*,#1837,.T.);
#890=ORIENTED_EDGE('',*,*,#1838,.F.);
#891=ORIENTED_EDGE('',*,*,#1839,.F.);
#892=ORIENTED_EDGE('',*,*,#1836,.T.);
#893=ORIENTED_EDGE('',*,*,#1840,.F.);
#894=ORIENTED_EDGE('',*,*,#1838,.T.);
#895=ORIENTED_EDGE('',*,*,#1841,.T.);
#896=ORIENTED_EDGE('',*,*,#1842,.T.);
#897=ORIENTED_EDGE('',*,*,#1843,.F.);
#898=ORIENTED_EDGE('',*,*,#1844,.T.);
#899=ORIENTED_EDGE('',*,*,#1845,.T.);
#900=ORIENTED_EDGE('',*,*,#1842,.F.);
#901=ORIENTED_EDGE('',*,*,#1846,.T.);
#902=ORIENTED_EDGE('',*,*,#1844,.F.);
#903=ORIENTED_EDGE('',*,*,#1847,.T.);
#904=ORIENTED_EDGE('',*,*,#1848,.T.);
#905=ORIENTED_EDGE('',*,*,#1849,.T.);
#906=ORIENTED_EDGE('',*,*,#1848,.F.);
#907=ORIENTED_EDGE('',*,*,#1850,.T.);
#908=ORIENTED_EDGE('',*,*,#1851,.T.);
#909=ORIENTED_EDGE('',*,*,#1852,.T.);
#910=ORIENTED_EDGE('',*,*,#1851,.F.);
#911=ORIENTED_EDGE('',*,*,#1853,.T.);
#912=ORIENTED_EDGE('',*,*,#1854,.T.);
#913=ORIENTED_EDGE('',*,*,#1855,.T.);
#914=ORIENTED_EDGE('',*,*,#1774,.T.);
#915=ORIENTED_EDGE('',*,*,#1856,.F.);
#916=ORIENTED_EDGE('',*,*,#1857,.T.);
#917=ORIENTED_EDGE('',*,*,#1785,.T.);
#918=ORIENTED_EDGE('',*,*,#1858,.T.);
#919=ORIENTED_EDGE('',*,*,#1859,.F.);
#920=ORIENTED_EDGE('',*,*,#1856,.T.);
#921=ORIENTED_EDGE('',*,*,#1779,.T.);
#922=ORIENTED_EDGE('',*,*,#1860,.T.);
#923=ORIENTED_EDGE('',*,*,#1861,.T.);
#924=ORIENTED_EDGE('',*,*,#1858,.F.);
#925=ORIENTED_EDGE('',*,*,#1778,.T.);
#926=ORIENTED_EDGE('',*,*,#1862,.T.);
#927=ORIENTED_EDGE('',*,*,#1579,.F.);
#928=ORIENTED_EDGE('',*,*,#1863,.F.);
#929=ORIENTED_EDGE('',*,*,#1835,.F.);
#930=ORIENTED_EDGE('',*,*,#1864,.T.);
#931=ORIENTED_EDGE('',*,*,#1573,.F.);
#932=ORIENTED_EDGE('',*,*,#1865,.F.);
#933=ORIENTED_EDGE('',*,*,#1853,.F.);
#934=ORIENTED_EDGE('',*,*,#1866,.T.);
#935=ORIENTED_EDGE('',*,*,#1562,.F.);
#936=ORIENTED_EDGE('',*,*,#1867,.F.);
#937=ORIENTED_EDGE('',*,*,#1810,.F.);
#938=ORIENTED_EDGE('',*,*,#1868,.T.);
#939=ORIENTED_EDGE('',*,*,#1563,.F.);
#940=ORIENTED_EDGE('',*,*,#1866,.F.);
#941=ORIENTED_EDGE('',*,*,#1805,.F.);
#942=ORIENTED_EDGE('',*,*,#1869,.T.);
#943=ORIENTED_EDGE('',*,*,#1564,.F.);
#944=ORIENTED_EDGE('',*,*,#1868,.F.);
#945=ORIENTED_EDGE('',*,*,#1833,.F.);
#946=ORIENTED_EDGE('',*,*,#1870,.T.);
#947=ORIENTED_EDGE('',*,*,#1565,.F.);
#948=ORIENTED_EDGE('',*,*,#1869,.F.);
#949=ORIENTED_EDGE('',*,*,#1829,.F.);
#950=ORIENTED_EDGE('',*,*,#1871,.T.);
#951=ORIENTED_EDGE('',*,*,#1566,.F.);
#952=ORIENTED_EDGE('',*,*,#1870,.F.);
#953=ORIENTED_EDGE('',*,*,#1828,.F.);
#954=ORIENTED_EDGE('',*,*,#1872,.T.);
#955=ORIENTED_EDGE('',*,*,#1567,.F.);
#956=ORIENTED_EDGE('',*,*,#1871,.F.);
#957=ORIENTED_EDGE('',*,*,#1823,.F.);
#958=ORIENTED_EDGE('',*,*,#1873,.T.);
#959=ORIENTED_EDGE('',*,*,#1568,.F.);
#960=ORIENTED_EDGE('',*,*,#1872,.F.);
#961=ORIENTED_EDGE('',*,*,#1822,.F.);
#962=ORIENTED_EDGE('',*,*,#1874,.T.);
#963=ORIENTED_EDGE('',*,*,#1569,.F.);
#964=ORIENTED_EDGE('',*,*,#1873,.F.);
#965=ORIENTED_EDGE('',*,*,#1817,.F.);
#966=ORIENTED_EDGE('',*,*,#1875,.T.);
#967=ORIENTED_EDGE('',*,*,#1570,.F.);
#968=ORIENTED_EDGE('',*,*,#1874,.F.);
#969=ORIENTED_EDGE('',*,*,#1814,.F.);
#970=ORIENTED_EDGE('',*,*,#1867,.T.);
#971=ORIENTED_EDGE('',*,*,#1571,.F.);
#972=ORIENTED_EDGE('',*,*,#1875,.F.);
#973=ORIENTED_EDGE('',*,*,#1811,.F.);
#974=ORIENTED_EDGE('',*,*,#1876,.T.);
#975=ORIENTED_EDGE('',*,*,#1556,.F.);
#976=ORIENTED_EDGE('',*,*,#1877,.F.);
#977=ORIENTED_EDGE('',*,*,#1789,.F.);
#978=ORIENTED_EDGE('',*,*,#1878,.T.);
#979=ORIENTED_EDGE('',*,*,#1557,.F.);
#980=ORIENTED_EDGE('',*,*,#1876,.F.);
#981=ORIENTED_EDGE('',*,*,#1802,.F.);
#982=ORIENTED_EDGE('',*,*,#1879,.T.);
#983=ORIENTED_EDGE('',*,*,#1558,.F.);
#984=ORIENTED_EDGE('',*,*,#1878,.F.);
#985=ORIENTED_EDGE('',*,*,#1801,.F.);
#986=ORIENTED_EDGE('',*,*,#1880,.T.);
#987=ORIENTED_EDGE('',*,*,#1559,.F.);
#988=ORIENTED_EDGE('',*,*,#1879,.F.);
#989=ORIENTED_EDGE('',*,*,#1796,.F.);
#990=ORIENTED_EDGE('',*,*,#1881,.T.);
#991=ORIENTED_EDGE('',*,*,#1560,.F.);
#992=ORIENTED_EDGE('',*,*,#1880,.F.);
#993=ORIENTED_EDGE('',*,*,#1795,.F.);
#994=ORIENTED_EDGE('',*,*,#1877,.T.);
#995=ORIENTED_EDGE('',*,*,#1561,.F.);
#996=ORIENTED_EDGE('',*,*,#1881,.F.);
#997=ORIENTED_EDGE('',*,*,#1790,.F.);
#998=ORIENTED_EDGE('',*,*,#1720,.F.);
#999=ORIENTED_EDGE('',*,*,#1702,.F.);
#1000=ORIENTED_EDGE('',*,*,#1882,.F.);
#1001=ORIENTED_EDGE('',*,*,#1588,.F.);
#1002=ORIENTED_EDGE('',*,*,#1882,.T.);
#1003=ORIENTED_EDGE('',*,*,#1709,.F.);
#1004=ORIENTED_EDGE('',*,*,#1883,.T.);
#1005=ORIENTED_EDGE('',*,*,#1589,.T.);
#1006=ORIENTED_EDGE('',*,*,#1883,.F.);
#1007=ORIENTED_EDGE('',*,*,#1715,.T.);
#1008=ORIENTED_EDGE('',*,*,#1884,.T.);
#1009=ORIENTED_EDGE('',*,*,#1590,.F.);
#1010=ORIENTED_EDGE('',*,*,#1884,.F.);
#1011=ORIENTED_EDGE('',*,*,#1717,.F.);
#1012=ORIENTED_EDGE('',*,*,#1885,.T.);
#1013=ORIENTED_EDGE('',*,*,#1591,.F.);
#1014=ORIENTED_EDGE('',*,*,#1885,.F.);
#1015=ORIENTED_EDGE('',*,*,#1713,.T.);
#1016=ORIENTED_EDGE('',*,*,#1719,.T.);
#1017=ORIENTED_EDGE('',*,*,#1586,.F.);
#1018=ORIENTED_EDGE('',*,*,#1886,.T.);
#1019=ORIENTED_EDGE('',*,*,#1574,.F.);
#1020=ORIENTED_EDGE('',*,*,#1864,.F.);
#1021=ORIENTED_EDGE('',*,*,#1850,.F.);
#1022=ORIENTED_EDGE('',*,*,#1887,.F.);
#1023=ORIENTED_EDGE('',*,*,#1575,.F.);
#1024=ORIENTED_EDGE('',*,*,#1886,.F.);
#1025=ORIENTED_EDGE('',*,*,#1847,.F.);
#1026=ORIENTED_EDGE('',*,*,#1888,.T.);
#1027=ORIENTED_EDGE('',*,*,#1576,.F.);
#1028=ORIENTED_EDGE('',*,*,#1887,.T.);
#1029=ORIENTED_EDGE('',*,*,#1846,.F.);
#1030=ORIENTED_EDGE('',*,*,#1889,.F.);
#1031=ORIENTED_EDGE('',*,*,#1577,.T.);
#1032=ORIENTED_EDGE('',*,*,#1888,.F.);
#1033=ORIENTED_EDGE('',*,*,#1841,.F.);
#1034=ORIENTED_EDGE('',*,*,#1863,.T.);
#1035=ORIENTED_EDGE('',*,*,#1578,.T.);
#1036=ORIENTED_EDGE('',*,*,#1889,.T.);
#1037=ORIENTED_EDGE('',*,*,#1840,.T.);
#1038=ORIENTED_EDGE('',*,*,#1890,.F.);
#1039=ORIENTED_EDGE('',*,*,#1865,.T.);
#1040=ORIENTED_EDGE('',*,*,#1572,.F.);
#1041=ORIENTED_EDGE('',*,*,#1891,.F.);
#1042=ORIENTED_EDGE('',*,*,#1580,.F.);
#1043=ORIENTED_EDGE('',*,*,#1862,.F.);
#1044=ORIENTED_EDGE('',*,*,#1892,.F.);
#1045=ORIENTED_EDGE('',*,*,#1893,.T.);
#1046=ORIENTED_EDGE('',*,*,#1892,.T.);
#1047=ORIENTED_EDGE('',*,*,#1834,.F.);
#1048=ORIENTED_EDGE('',*,*,#1894,.T.);
#1049=ORIENTED_EDGE('',*,*,#1895,.T.);
#1050=ORIENTED_EDGE('',*,*,#1896,.T.);
#1051=ORIENTED_EDGE('',*,*,#1854,.F.);
#1052=ORIENTED_EDGE('',*,*,#1890,.T.);
#1053=ORIENTED_EDGE('',*,*,#1897,.T.);
#1054=ORIENTED_EDGE('',*,*,#1898,.T.);
#1055=ORIENTED_EDGE('',*,*,#1781,.T.);
#1056=ORIENTED_EDGE('',*,*,#1899,.F.);
#1057=ORIENTED_EDGE('',*,*,#1900,.T.);
#1058=ORIENTED_EDGE('',*,*,#1899,.T.);
#1059=ORIENTED_EDGE('',*,*,#1784,.F.);
#1060=ORIENTED_EDGE('',*,*,#1901,.T.);
#1061=ORIENTED_EDGE('',*,*,#1902,.F.);
#1062=ORIENTED_EDGE('',*,*,#1597,.T.);
#1063=ORIENTED_EDGE('',*,*,#1766,.T.);
#1064=ORIENTED_EDGE('',*,*,#1903,.F.);
#1065=ORIENTED_EDGE('',*,*,#1900,.F.);
#1066=ORIENTED_EDGE('',*,*,#1902,.T.);
#1067=ORIENTED_EDGE('',*,*,#1904,.F.);
#1068=ORIENTED_EDGE('',*,*,#1905,.T.);
#1069=ORIENTED_EDGE('',*,*,#1906,.T.);
#1070=ORIENTED_EDGE('',*,*,#1782,.F.);
#1071=ORIENTED_EDGE('',*,*,#1898,.F.);
#1072=ORIENTED_EDGE('',*,*,#1903,.T.);
#1073=ORIENTED_EDGE('',*,*,#1765,.F.);
#1074=ORIENTED_EDGE('',*,*,#1764,.T.);
#1075=ORIENTED_EDGE('',*,*,#1761,.F.);
#1076=ORIENTED_EDGE('',*,*,#1907,.T.);
#1077=ORIENTED_EDGE('',*,*,#1908,.F.);
#1078=ORIENTED_EDGE('',*,*,#1776,.F.);
#1079=ORIENTED_EDGE('',*,*,#1759,.F.);
#1080=ORIENTED_EDGE('',*,*,#1909,.F.);
#1081=ORIENTED_EDGE('',*,*,#1905,.F.);
#1082=ORIENTED_EDGE('',*,*,#1910,.T.);
#1083=ORIENTED_EDGE('',*,*,#1598,.F.);
#1084=ORIENTED_EDGE('',*,*,#1906,.F.);
#1085=ORIENTED_EDGE('',*,*,#1911,.F.);
#1086=ORIENTED_EDGE('',*,*,#1912,.T.);
#1087=ORIENTED_EDGE('',*,*,#1913,.T.);
#1088=ORIENTED_EDGE('',*,*,#1601,.F.);
#1089=ORIENTED_EDGE('',*,*,#1914,.F.);
#1090=ORIENTED_EDGE('',*,*,#1915,.F.);
#1091=ORIENTED_EDGE('',*,*,#1912,.F.);
#1092=ORIENTED_EDGE('',*,*,#1916,.T.);
#1093=ORIENTED_EDGE('',*,*,#1917,.T.);
#1094=ORIENTED_EDGE('',*,*,#1897,.F.);
#1095=ORIENTED_EDGE('',*,*,#1918,.T.);
#1096=ORIENTED_EDGE('',*,*,#1919,.T.);
#1097=ORIENTED_EDGE('',*,*,#1920,.F.);
#1098=ORIENTED_EDGE('',*,*,#1921,.T.);
#1099=ORIENTED_EDGE('',*,*,#1922,.T.);
#1100=ORIENTED_EDGE('',*,*,#1919,.F.);
#1101=ORIENTED_EDGE('',*,*,#1923,.T.);
#1102=ORIENTED_EDGE('',*,*,#1921,.F.);
#1103=ORIENTED_EDGE('',*,*,#1924,.T.);
#1104=ORIENTED_EDGE('',*,*,#1895,.F.);
#1105=ORIENTED_EDGE('',*,*,#1925,.T.);
#1106=ORIENTED_EDGE('',*,*,#1926,.F.);
#1107=ORIENTED_EDGE('',*,*,#1927,.T.);
#1108=ORIENTED_EDGE('',*,*,#1916,.F.);
#1109=ORIENTED_EDGE('',*,*,#1928,.F.);
#1110=ORIENTED_EDGE('',*,*,#1770,.F.);
#1111=ORIENTED_EDGE('',*,*,#1929,.T.);
#1112=ORIENTED_EDGE('',*,*,#1926,.T.);
#1113=ORIENTED_EDGE('',*,*,#1930,.T.);
#1114=ORIENTED_EDGE('',*,*,#1931,.F.);
#1115=ORIENTED_EDGE('',*,*,#1911,.T.);
#1116=ORIENTED_EDGE('',*,*,#1909,.T.);
#1117=ORIENTED_EDGE('',*,*,#1932,.T.);
#1118=ORIENTED_EDGE('',*,*,#1772,.F.);
#1119=ORIENTED_EDGE('',*,*,#1933,.T.);
#1120=ORIENTED_EDGE('',*,*,#1934,.T.);
#1121=ORIENTED_EDGE('',*,*,#1581,.F.);
#1122=ORIENTED_EDGE('',*,*,#1893,.F.);
#1123=ORIENTED_EDGE('',*,*,#1924,.F.);
#1124=ORIENTED_EDGE('',*,*,#1891,.T.);
#1125=ORIENTED_EDGE('',*,*,#1583,.F.);
#1126=ORIENTED_EDGE('',*,*,#1935,.F.);
#1127=ORIENTED_EDGE('',*,*,#1918,.F.);
#1128=ORIENTED_EDGE('',*,*,#1936,.T.);
#1129=ORIENTED_EDGE('',*,*,#1599,.F.);
#1130=ORIENTED_EDGE('',*,*,#1910,.F.);
#1131=ORIENTED_EDGE('',*,*,#1931,.T.);
#1132=ORIENTED_EDGE('',*,*,#1930,.F.);
#1133=ORIENTED_EDGE('',*,*,#1928,.T.);
#1134=ORIENTED_EDGE('',*,*,#1914,.T.);
#1135=ORIENTED_EDGE('',*,*,#1600,.F.);
#1136=ORIENTED_EDGE('',*,*,#1936,.F.);
#1137=ORIENTED_EDGE('',*,*,#1935,.T.);
#1138=ORIENTED_EDGE('',*,*,#1582,.F.);
#1139=ORIENTED_EDGE('',*,*,#1934,.F.);
#1140=ORIENTED_EDGE('',*,*,#1923,.F.);
#1141=ORIENTED_EDGE('',*,*,#1937,.T.);
#1142=ORIENTED_EDGE('',*,*,#1771,.F.);
#1143=ORIENTED_EDGE('',*,*,#1933,.F.);
#1144=ORIENTED_EDGE('',*,*,#1938,.F.);
#1145=ORIENTED_EDGE('',*,*,#1939,.F.);
#1146=ORIENTED_EDGE('',*,*,#1621,.T.);
#1147=ORIENTED_EDGE('',*,*,#1940,.F.);
#1148=ORIENTED_EDGE('',*,*,#1941,.F.);
#1149=ORIENTED_EDGE('',*,*,#1695,.F.);
#1150=ORIENTED_EDGE('',*,*,#1614,.F.);
#1151=ORIENTED_EDGE('',*,*,#1942,.F.);
#1152=ORIENTED_EDGE('',*,*,#1943,.T.);
#1153=ORIENTED_EDGE('',*,*,#1944,.T.);
#1154=ORIENTED_EDGE('',*,*,#1941,.T.);
#1155=ORIENTED_EDGE('',*,*,#1945,.F.);
#1156=ORIENTED_EDGE('',*,*,#1946,.F.);
#1157=ORIENTED_EDGE('',*,*,#1940,.T.);
#1158=ORIENTED_EDGE('',*,*,#1620,.F.);
#1159=ORIENTED_EDGE('',*,*,#1947,.T.);
#1160=ORIENTED_EDGE('',*,*,#1948,.F.);
#1161=ORIENTED_EDGE('',*,*,#1697,.T.);
#1162=ORIENTED_EDGE('',*,*,#1949,.T.);
#1163=ORIENTED_EDGE('',*,*,#1947,.F.);
#1164=ORIENTED_EDGE('',*,*,#1619,.F.);
#1165=ORIENTED_EDGE('',*,*,#1950,.T.);
#1166=ORIENTED_EDGE('',*,*,#1951,.F.);
#1167=ORIENTED_EDGE('',*,*,#1503,.F.);
#1168=ORIENTED_EDGE('',*,*,#1534,.F.);
#1169=ORIENTED_EDGE('',*,*,#1506,.T.);
#1170=ORIENTED_EDGE('',*,*,#1500,.T.);
#1171=ORIENTED_EDGE('',*,*,#1494,.T.);
#1172=ORIENTED_EDGE('',*,*,#1516,.T.);
#1173=ORIENTED_EDGE('',*,*,#1490,.F.);
#1174=ORIENTED_EDGE('',*,*,#1497,.F.);
#1175=ORIENTED_EDGE('',*,*,#1908,.T.);
#1176=ORIENTED_EDGE('',*,*,#1952,.F.);
#1177=ORIENTED_EDGE('',*,*,#1953,.F.);
#1178=ORIENTED_EDGE('',*,*,#1860,.F.);
#1179=ORIENTED_EDGE('',*,*,#1777,.T.);
#1180=ORIENTED_EDGE('',*,*,#1939,.T.);
#1181=ORIENTED_EDGE('',*,*,#1954,.F.);
#1182=ORIENTED_EDGE('',*,*,#1955,.T.);
#1183=ORIENTED_EDGE('',*,*,#1956,.T.);
#1184=ORIENTED_EDGE('',*,*,#1622,.F.);
#1185=ORIENTED_EDGE('',*,*,#1769,.F.);
#1186=ORIENTED_EDGE('',*,*,#1957,.T.);
#1187=ORIENTED_EDGE('',*,*,#1952,.T.);
#1188=ORIENTED_EDGE('',*,*,#1907,.F.);
#1189=ORIENTED_EDGE('',*,*,#1760,.T.);
#1190=ORIENTED_EDGE('',*,*,#1593,.F.);
#1191=ORIENTED_EDGE('',*,*,#1520,.F.);
#1192=ORIENTED_EDGE('',*,*,#1767,.F.);
#1193=ORIENTED_EDGE('',*,*,#1537,.T.);
#1194=ORIENTED_EDGE('',*,*,#1623,.F.);
#1195=ORIENTED_EDGE('',*,*,#1956,.F.);
#1196=ORIENTED_EDGE('',*,*,#1958,.F.);
#1197=ORIENTED_EDGE('',*,*,#1953,.T.);
#1198=ORIENTED_EDGE('',*,*,#1957,.F.);
#1199=ORIENTED_EDGE('',*,*,#1768,.F.);
#1200=ORIENTED_EDGE('',*,*,#1958,.T.);
#1201=ORIENTED_EDGE('',*,*,#1955,.F.);
#1202=ORIENTED_EDGE('',*,*,#1959,.T.);
#1203=ORIENTED_EDGE('',*,*,#1859,.T.);
#1204=ORIENTED_EDGE('',*,*,#1861,.F.);
#1205=ORIENTED_EDGE('',*,*,#1613,.F.);
#1206=ORIENTED_EDGE('',*,*,#1729,.F.);
#1207=ORIENTED_EDGE('',*,*,#1960,.F.);
#1208=ORIENTED_EDGE('',*,*,#1942,.T.);
#1209=ORIENTED_EDGE('',*,*,#1752,.T.);
#1210=ORIENTED_EDGE('',*,*,#1629,.T.);
#1211=ORIENTED_EDGE('',*,*,#1626,.T.);
#1212=ORIENTED_EDGE('',*,*,#1735,.T.);
#1213=ORIENTED_EDGE('',*,*,#1961,.F.);
#1214=ORIENTED_EDGE('',*,*,#1915,.T.);
#1215=ORIENTED_EDGE('',*,*,#1962,.T.);
#1216=ORIENTED_EDGE('',*,*,#1963,.T.);
#1217=ORIENTED_EDGE('',*,*,#1961,.T.);
#1218=ORIENTED_EDGE('',*,*,#1737,.T.);
#1219=ORIENTED_EDGE('',*,*,#1734,.T.);
#1220=ORIENTED_EDGE('',*,*,#1602,.F.);
#1221=ORIENTED_EDGE('',*,*,#1913,.F.);
#1222=ORIENTED_EDGE('',*,*,#1731,.T.);
#1223=ORIENTED_EDGE('',*,*,#1652,.T.);
#1224=ORIENTED_EDGE('',*,*,#1754,.F.);
#1225=ORIENTED_EDGE('',*,*,#1741,.T.);
#1226=ORIENTED_EDGE('',*,*,#1964,.T.);
#1227=ORIENTED_EDGE('',*,*,#1943,.F.);
#1228=ORIENTED_EDGE('',*,*,#1960,.T.);
#1229=ORIENTED_EDGE('',*,*,#1965,.T.);
#1230=ORIENTED_EDGE('',*,*,#1745,.T.);
#1231=ORIENTED_EDGE('',*,*,#1753,.F.);
#1232=ORIENTED_EDGE('',*,*,#1963,.F.);
#1233=ORIENTED_EDGE('',*,*,#1937,.F.);
#1234=ORIENTED_EDGE('',*,*,#1726,.T.);
#1235=ORIENTED_EDGE('',*,*,#1951,.T.);
#1236=ORIENTED_EDGE('',*,*,#1724,.T.);
#1237=ORIENTED_EDGE('',*,*,#1966,.T.);
#1238=ORIENTED_EDGE('',*,*,#1660,.T.);
#1239=ORIENTED_EDGE('',*,*,#1967,.F.);
#1240=ORIENTED_EDGE('',*,*,#1551,.T.);
#1241=ORIENTED_EDGE('',*,*,#1968,.T.);
#1242=ORIENTED_EDGE('',*,*,#1658,.T.);
#1243=ORIENTED_EDGE('',*,*,#1966,.F.);
#1244=ORIENTED_EDGE('',*,*,#1554,.F.);
#1245=ORIENTED_EDGE('',*,*,#1969,.T.);
#1246=ORIENTED_EDGE('',*,*,#1664,.T.);
#1247=ORIENTED_EDGE('',*,*,#1968,.F.);
#1248=ORIENTED_EDGE('',*,*,#1553,.T.);
#1249=ORIENTED_EDGE('',*,*,#1967,.T.);
#1250=ORIENTED_EDGE('',*,*,#1666,.T.);
#1251=ORIENTED_EDGE('',*,*,#1969,.F.);
#1252=ORIENTED_EDGE('',*,*,#1552,.F.);
#1253=ORIENTED_EDGE('',*,*,#1970,.T.);
#1254=ORIENTED_EDGE('',*,*,#1668,.T.);
#1255=ORIENTED_EDGE('',*,*,#1672,.T.);
#1256=ORIENTED_EDGE('',*,*,#1675,.T.);
#1257=ORIENTED_EDGE('',*,*,#1678,.T.);
#1258=ORIENTED_EDGE('',*,*,#1681,.T.);
#1259=ORIENTED_EDGE('',*,*,#1971,.T.);
#1260=ORIENTED_EDGE('',*,*,#1699,.T.);
#1261=ORIENTED_EDGE('',*,*,#1700,.T.);
#1262=ORIENTED_EDGE('',*,*,#1693,.T.);
#1263=ORIENTED_EDGE('',*,*,#1696,.T.);
#1264=ORIENTED_EDGE('',*,*,#1944,.F.);
#1265=ORIENTED_EDGE('',*,*,#1964,.F.);
#1266=ORIENTED_EDGE('',*,*,#1740,.T.);
#1267=ORIENTED_EDGE('',*,*,#1747,.T.);
#1268=ORIENTED_EDGE('',*,*,#1742,.T.);
#1269=ORIENTED_EDGE('',*,*,#1965,.F.);
#1270=ORIENTED_EDGE('',*,*,#1962,.F.);
#1271=ORIENTED_EDGE('',*,*,#1917,.F.);
#1272=ORIENTED_EDGE('',*,*,#1927,.F.);
#1273=ORIENTED_EDGE('',*,*,#1929,.F.);
#1274=ORIENTED_EDGE('',*,*,#1773,.F.);
#1275=ORIENTED_EDGE('',*,*,#1932,.F.);
#1276=ORIENTED_EDGE('',*,*,#1904,.T.);
#1277=ORIENTED_EDGE('',*,*,#1901,.F.);
#1278=ORIENTED_EDGE('',*,*,#1783,.F.);
#1279=ORIENTED_EDGE('',*,*,#1857,.F.);
#1280=ORIENTED_EDGE('',*,*,#1959,.F.);
#1281=ORIENTED_EDGE('',*,*,#1954,.T.);
#1282=ORIENTED_EDGE('',*,*,#1938,.T.);
#1283=ORIENTED_EDGE('',*,*,#1946,.T.);
#1284=ORIENTED_EDGE('',*,*,#1807,.F.);
#1285=ORIENTED_EDGE('',*,*,#1809,.F.);
#1286=ORIENTED_EDGE('',*,*,#1813,.F.);
#1287=ORIENTED_EDGE('',*,*,#1816,.F.);
#1288=ORIENTED_EDGE('',*,*,#1819,.F.);
#1289=ORIENTED_EDGE('',*,*,#1821,.F.);
#1290=ORIENTED_EDGE('',*,*,#1825,.F.);
#1291=ORIENTED_EDGE('',*,*,#1827,.F.);
#1292=ORIENTED_EDGE('',*,*,#1831,.F.);
#1293=ORIENTED_EDGE('',*,*,#1832,.F.);
#1294=ORIENTED_EDGE('',*,*,#1787,.F.);
#1295=ORIENTED_EDGE('',*,*,#1792,.F.);
#1296=ORIENTED_EDGE('',*,*,#1794,.F.);
#1297=ORIENTED_EDGE('',*,*,#1798,.F.);
#1298=ORIENTED_EDGE('',*,*,#1800,.F.);
#1299=ORIENTED_EDGE('',*,*,#1803,.F.);
#1300=ORIENTED_EDGE('',*,*,#1855,.F.);
#1301=ORIENTED_EDGE('',*,*,#1896,.F.);
#1302=ORIENTED_EDGE('',*,*,#1920,.T.);
#1303=ORIENTED_EDGE('',*,*,#1922,.F.);
#1304=ORIENTED_EDGE('',*,*,#1925,.F.);
#1305=ORIENTED_EDGE('',*,*,#1894,.F.);
#1306=ORIENTED_EDGE('',*,*,#1837,.F.);
#1307=ORIENTED_EDGE('',*,*,#1839,.T.);
#1308=ORIENTED_EDGE('',*,*,#1843,.T.);
#1309=ORIENTED_EDGE('',*,*,#1845,.F.);
#1310=ORIENTED_EDGE('',*,*,#1849,.F.);
#1311=ORIENTED_EDGE('',*,*,#1852,.F.);
#1312=ORIENTED_EDGE('',*,*,#1710,.T.);
#1313=ORIENTED_EDGE('',*,*,#1704,.T.);
#1314=ORIENTED_EDGE('',*,*,#1706,.T.);
#1315=ORIENTED_EDGE('',*,*,#1712,.T.);
#1316=ORIENTED_EDGE('',*,*,#1718,.T.);
#1317=ORIENTED_EDGE('',*,*,#1716,.T.);
#1318=ORIENTED_EDGE('',*,*,#1971,.F.);
#1319=ORIENTED_EDGE('',*,*,#1680,.T.);
#1320=ORIENTED_EDGE('',*,*,#1690,.T.);
#1321=ORIENTED_EDGE('',*,*,#1669,.T.);
#1322=ORIENTED_EDGE('',*,*,#1970,.F.);
#1323=ORIENTED_EDGE('',*,*,#1945,.T.);
#1324=ORIENTED_EDGE('',*,*,#1948,.T.);
#1325=ORIENTED_EDGE('',*,*,#1949,.F.);
#1326=ORIENTED_EDGE('',*,*,#1950,.F.);
#1327=ORIENTED_EDGE('',*,*,#1609,.T.);
#1328=ORIENTED_EDGE('',*,*,#1756,.F.);
#1329=ORIENTED_EDGE('',*,*,#1644,.T.);
#1330=ORIENTED_EDGE('',*,*,#1748,.F.);
#1331=ORIENTED_EDGE('',*,*,#1751,.T.);
#1332=ORIENTED_EDGE('',*,*,#1638,.T.);
#1333=ORIENTED_EDGE('',*,*,#1755,.T.);
#1334=ORIENTED_EDGE('',*,*,#1607,.F.);
#1335=ORIENTED_EDGE('',*,*,#1505,.T.);
#1336=ORIENTED_EDGE('',*,*,#1533,.T.);
#1337=ORIENTED_EDGE('',*,*,#1501,.T.);
#1338=ORIENTED_EDGE('',*,*,#1495,.T.);
#1339=ORIENTED_EDGE('',*,*,#1488,.T.);
#1340=ORIENTED_EDGE('',*,*,#1515,.F.);
#1341=ORIENTED_EDGE('',*,*,#1492,.F.);
#1342=ORIENTED_EDGE('',*,*,#1499,.F.);
#1343=ORIENTED_EDGE('',*,*,#1972,.F.);
#1344=ORIENTED_EDGE('',*,*,#1545,.T.);
#1345=ORIENTED_EDGE('',*,*,#1973,.T.);
#1346=ORIENTED_EDGE('',*,*,#1974,.T.);
#1347=ORIENTED_EDGE('',*,*,#1975,.F.);
#1348=ORIENTED_EDGE('',*,*,#1527,.F.);
#1349=ORIENTED_EDGE('',*,*,#1976,.F.);
#1350=ORIENTED_EDGE('',*,*,#1977,.F.);
#1351=ORIENTED_EDGE('',*,*,#1544,.T.);
#1352=ORIENTED_EDGE('',*,*,#1978,.F.);
#1353=ORIENTED_EDGE('',*,*,#1979,.T.);
#1354=ORIENTED_EDGE('',*,*,#1980,.T.);
#1355=ORIENTED_EDGE('',*,*,#1973,.F.);
#1356=ORIENTED_EDGE('',*,*,#1980,.F.);
#1357=ORIENTED_EDGE('',*,*,#1979,.F.);
#1358=ORIENTED_EDGE('',*,*,#1981,.T.);
#1359=ORIENTED_EDGE('',*,*,#1982,.F.);
#1360=ORIENTED_EDGE('',*,*,#1983,.F.);
#1361=ORIENTED_EDGE('',*,*,#1974,.F.);
#1362=ORIENTED_EDGE('',*,*,#1983,.T.);
#1363=ORIENTED_EDGE('',*,*,#1982,.T.);
#1364=ORIENTED_EDGE('',*,*,#1984,.T.);
#1365=ORIENTED_EDGE('',*,*,#1528,.F.);
#1366=ORIENTED_EDGE('',*,*,#1975,.T.);
#1367=ORIENTED_EDGE('',*,*,#1985,.T.);
#1368=ORIENTED_EDGE('',*,*,#1986,.F.);
#1369=ORIENTED_EDGE('',*,*,#1546,.F.);
#1370=ORIENTED_EDGE('',*,*,#1972,.T.);
#1371=ORIENTED_EDGE('',*,*,#1987,.F.);
#1372=ORIENTED_EDGE('',*,*,#1988,.F.);
#1373=ORIENTED_EDGE('',*,*,#1985,.F.);
#1374=ORIENTED_EDGE('',*,*,#1977,.T.);
#1375=ORIENTED_EDGE('',*,*,#1526,.F.);
#1376=ORIENTED_EDGE('',*,*,#1989,.F.);
#1377=ORIENTED_EDGE('',*,*,#1987,.T.);
#1378=ORIENTED_EDGE('',*,*,#1976,.T.);
#1379=ORIENTED_EDGE('',*,*,#1978,.T.);
#1380=ORIENTED_EDGE('',*,*,#1543,.T.);
#1381=ORIENTED_EDGE('',*,*,#1986,.T.);
#1382=ORIENTED_EDGE('',*,*,#1988,.T.);
#1383=ORIENTED_EDGE('',*,*,#1989,.T.);
#1384=ORIENTED_EDGE('',*,*,#1525,.F.);
#1385=ORIENTED_EDGE('',*,*,#1984,.F.);
#1386=ORIENTED_EDGE('',*,*,#1981,.F.);
#1387=ORIENTED_EDGE('',*,*,#1990,.F.);
#1388=ORIENTED_EDGE('',*,*,#1549,.T.);
#1389=ORIENTED_EDGE('',*,*,#1991,.T.);
#1390=ORIENTED_EDGE('',*,*,#1992,.T.);
#1391=ORIENTED_EDGE('',*,*,#1993,.F.);
#1392=ORIENTED_EDGE('',*,*,#1531,.F.);
#1393=ORIENTED_EDGE('',*,*,#1994,.F.);
#1394=ORIENTED_EDGE('',*,*,#1995,.F.);
#1395=ORIENTED_EDGE('',*,*,#1548,.T.);
#1396=ORIENTED_EDGE('',*,*,#1996,.F.);
#1397=ORIENTED_EDGE('',*,*,#1997,.T.);
#1398=ORIENTED_EDGE('',*,*,#1998,.T.);
#1399=ORIENTED_EDGE('',*,*,#1991,.F.);
#1400=ORIENTED_EDGE('',*,*,#1998,.F.);
#1401=ORIENTED_EDGE('',*,*,#1997,.F.);
#1402=ORIENTED_EDGE('',*,*,#1999,.T.);
#1403=ORIENTED_EDGE('',*,*,#2000,.F.);
#1404=ORIENTED_EDGE('',*,*,#2001,.F.);
#1405=ORIENTED_EDGE('',*,*,#1992,.F.);
#1406=ORIENTED_EDGE('',*,*,#2001,.T.);
#1407=ORIENTED_EDGE('',*,*,#2000,.T.);
#1408=ORIENTED_EDGE('',*,*,#2002,.T.);
#1409=ORIENTED_EDGE('',*,*,#1532,.F.);
#1410=ORIENTED_EDGE('',*,*,#1993,.T.);
#1411=ORIENTED_EDGE('',*,*,#2003,.T.);
#1412=ORIENTED_EDGE('',*,*,#2004,.F.);
#1413=ORIENTED_EDGE('',*,*,#1550,.F.);
#1414=ORIENTED_EDGE('',*,*,#1990,.T.);
#1415=ORIENTED_EDGE('',*,*,#2005,.F.);
#1416=ORIENTED_EDGE('',*,*,#2006,.F.);
#1417=ORIENTED_EDGE('',*,*,#2003,.F.);
#1418=ORIENTED_EDGE('',*,*,#1995,.T.);
#1419=ORIENTED_EDGE('',*,*,#1530,.F.);
#1420=ORIENTED_EDGE('',*,*,#2007,.F.);
#1421=ORIENTED_EDGE('',*,*,#2005,.T.);
#1422=ORIENTED_EDGE('',*,*,#1994,.T.);
#1423=ORIENTED_EDGE('',*,*,#1996,.T.);
#1424=ORIENTED_EDGE('',*,*,#1547,.T.);
#1425=ORIENTED_EDGE('',*,*,#2004,.T.);
#1426=ORIENTED_EDGE('',*,*,#2006,.T.);
#1427=ORIENTED_EDGE('',*,*,#2007,.T.);
#1428=ORIENTED_EDGE('',*,*,#1529,.F.);
#1429=ORIENTED_EDGE('',*,*,#2002,.F.);
#1430=ORIENTED_EDGE('',*,*,#1999,.F.);
#1431=ORIENTED_EDGE('',*,*,#2008,.F.);
#1432=ORIENTED_EDGE('',*,*,#1541,.T.);
#1433=ORIENTED_EDGE('',*,*,#2009,.T.);
#1434=ORIENTED_EDGE('',*,*,#2010,.T.);
#1435=ORIENTED_EDGE('',*,*,#2011,.F.);
#1436=ORIENTED_EDGE('',*,*,#1523,.F.);
#1437=ORIENTED_EDGE('',*,*,#2012,.F.);
#1438=ORIENTED_EDGE('',*,*,#2013,.F.);
#1439=ORIENTED_EDGE('',*,*,#1540,.T.);
#1440=ORIENTED_EDGE('',*,*,#2014,.T.);
#1441=ORIENTED_EDGE('',*,*,#2015,.T.);
#1442=ORIENTED_EDGE('',*,*,#2009,.F.);
#1443=ORIENTED_EDGE('',*,*,#2015,.F.);
#1444=ORIENTED_EDGE('',*,*,#2016,.T.);
#1445=ORIENTED_EDGE('',*,*,#2017,.F.);
#1446=ORIENTED_EDGE('',*,*,#2010,.F.);
#1447=ORIENTED_EDGE('',*,*,#2017,.T.);
#1448=ORIENTED_EDGE('',*,*,#2018,.T.);
#1449=ORIENTED_EDGE('',*,*,#1524,.F.);
#1450=ORIENTED_EDGE('',*,*,#2011,.T.);
#1451=ORIENTED_EDGE('',*,*,#2019,.T.);
#1452=ORIENTED_EDGE('',*,*,#2020,.F.);
#1453=ORIENTED_EDGE('',*,*,#1542,.F.);
#1454=ORIENTED_EDGE('',*,*,#2008,.T.);
#1455=ORIENTED_EDGE('',*,*,#2021,.F.);
#1456=ORIENTED_EDGE('',*,*,#2022,.F.);
#1457=ORIENTED_EDGE('',*,*,#2019,.F.);
#1458=ORIENTED_EDGE('',*,*,#2013,.T.);
#1459=ORIENTED_EDGE('',*,*,#1522,.F.);
#1460=ORIENTED_EDGE('',*,*,#2023,.F.);
#1461=ORIENTED_EDGE('',*,*,#2021,.T.);
#1462=ORIENTED_EDGE('',*,*,#2012,.T.);
#1463=ORIENTED_EDGE('',*,*,#2014,.F.);
#1464=ORIENTED_EDGE('',*,*,#1539,.T.);
#1465=ORIENTED_EDGE('',*,*,#2020,.T.);
#1466=ORIENTED_EDGE('',*,*,#2022,.T.);
#1467=ORIENTED_EDGE('',*,*,#2023,.T.);
#1468=ORIENTED_EDGE('',*,*,#1521,.F.);
#1469=ORIENTED_EDGE('',*,*,#2018,.F.);
#1470=ORIENTED_EDGE('',*,*,#2016,.F.);
#1471=ORIENTED_EDGE('',*,*,#1518,.T.);
#1472=ORIENTED_EDGE('',*,*,#1592,.F.);
#1473=ORIENTED_EDGE('',*,*,#1535,.F.);
#1474=ORIENTED_EDGE('',*,*,#1480,.F.);
#1475=ORIENTED_EDGE('',*,*,#1511,.F.);
#1476=ORIENTED_EDGE('',*,*,#1508,.T.);
#1477=ORIENTED_EDGE('',*,*,#1513,.F.);
#1478=ORIENTED_EDGE('',*,*,#1484,.F.);
#1479=EDGE_CURVE('',#2024,#2025,#2373,.T.);
#1480=EDGE_CURVE('',#2024,#2026,#2374,.T.);
#1481=EDGE_CURVE('',#2027,#2026,#2375,.T.);
#1482=EDGE_CURVE('',#2027,#2025,#2376,.T.);
#1483=EDGE_CURVE('',#2028,#2029,#2377,.T.);
#1484=EDGE_CURVE('',#2029,#2030,#2378,.T.);
#1485=EDGE_CURVE('',#2030,#2031,#2379,.T.);
#1486=EDGE_CURVE('',#2031,#2028,#2380,.T.);
#1487=EDGE_CURVE('',#2032,#2033,#2381,.T.);
#1488=EDGE_CURVE('',#2034,#2032,#123,.T.);
#1489=EDGE_CURVE('',#2034,#2035,#2382,.T.);
#1490=EDGE_CURVE('',#2035,#2033,#124,.T.);
#1491=EDGE_CURVE('',#2036,#2037,#2383,.T.);
#1492=EDGE_CURVE('',#2037,#2038,#125,.T.);
#1493=EDGE_CURVE('',#2039,#2038,#2384,.T.);
#1494=EDGE_CURVE('',#2036,#2039,#126,.T.);
#1495=EDGE_CURVE('',#2040,#2034,#2385,.T.);
#1496=EDGE_CURVE('',#2041,#2040,#2386,.T.);
#1497=EDGE_CURVE('',#2041,#2035,#2387,.T.);
#1498=EDGE_CURVE('',#2042,#2043,#2388,.T.);
#1499=EDGE_CURVE('',#2042,#2037,#2389,.T.);
#1500=EDGE_CURVE('',#2043,#2036,#2390,.T.);
#1501=EDGE_CURVE('',#2044,#2040,#127,.T.);
#1502=EDGE_CURVE('',#2045,#2044,#2391,.T.);
#1503=EDGE_CURVE('',#2045,#2041,#128,.T.);
#1504=EDGE_CURVE('',#2046,#2047,#2392,.T.);
#1505=EDGE_CURVE('',#2042,#2047,#129,.T.);
#1506=EDGE_CURVE('',#2046,#2043,#130,.T.);
#1507=EDGE_CURVE('',#2048,#2049,#2393,.T.);
#1508=EDGE_CURVE('',#2050,#2048,#2394,.T.);
#1509=EDGE_CURVE('',#2051,#2050,#2395,.T.);
#1510=EDGE_CURVE('',#2051,#2049,#2396,.T.);
#1511=EDGE_CURVE('',#2050,#2024,#131,.T.);
#1512=EDGE_CURVE('',#2051,#2025,#69,.T.);
#1513=EDGE_CURVE('',#2030,#2048,#132,.T.);
#1514=EDGE_CURVE('',#2031,#2049,#70,.T.);
#1515=EDGE_CURVE('',#2038,#2032,#2397,.T.);
#1516=EDGE_CURVE('',#2039,#2033,#2398,.T.);
#1517=EDGE_CURVE('',#2052,#2053,#2399,.T.);
#1518=EDGE_CURVE('',#2029,#2052,#2400,.T.);
#1519=EDGE_CURVE('',#2028,#2054,#71,.T.);
#1520=EDGE_CURVE('',#2054,#2053,#2401,.T.);
#1521=EDGE_CURVE('',#2055,#2056,#2402,.T.);
#1522=EDGE_CURVE('',#2056,#2057,#2403,.T.);
#1523=EDGE_CURVE('',#2057,#2058,#2404,.T.);
#1524=EDGE_CURVE('',#2058,#2055,#2405,.T.);
#1525=EDGE_CURVE('',#2059,#2060,#2406,.T.);
#1526=EDGE_CURVE('',#2060,#2061,#2407,.T.);
#1527=EDGE_CURVE('',#2061,#2062,#2408,.T.);
#1528=EDGE_CURVE('',#2062,#2059,#2409,.T.);
#1529=EDGE_CURVE('',#2063,#2064,#2410,.T.);
#1530=EDGE_CURVE('',#2064,#2065,#2411,.T.);
#1531=EDGE_CURVE('',#2065,#2066,#2412,.T.);
#1532=EDGE_CURVE('',#2066,#2063,#2413,.T.);
#1533=EDGE_CURVE('',#2047,#2044,#2414,.T.);
#1534=EDGE_CURVE('',#2046,#2045,#2415,.T.);
#1535=EDGE_CURVE('',#2026,#2067,#2416,.T.);
#1536=EDGE_CURVE('',#2068,#2067,#2417,.T.);
#1537=EDGE_CURVE('',#2069,#2068,#2418,.T.);
#1538=EDGE_CURVE('',#2027,#2069,#72,.T.);
#1539=EDGE_CURVE('',#2070,#2071,#2419,.T.);
#1540=EDGE_CURVE('',#2072,#2070,#2420,.T.);
#1541=EDGE_CURVE('',#2073,#2072,#2421,.T.);
#1542=EDGE_CURVE('',#2073,#2071,#2422,.T.);
#1543=EDGE_CURVE('',#2074,#2075,#2423,.T.);
#1544=EDGE_CURVE('',#2076,#2074,#2424,.T.);
#1545=EDGE_CURVE('',#2077,#2076,#2425,.T.);
#1546=EDGE_CURVE('',#2077,#2075,#2426,.T.);
#1547=EDGE_CURVE('',#2078,#2079,#2427,.T.);
#1548=EDGE_CURVE('',#2080,#2078,#2428,.T.);
#1549=EDGE_CURVE('',#2081,#2080,#2429,.T.);
#1550=EDGE_CURVE('',#2081,#2079,#2430,.T.);
#1551=EDGE_CURVE('',#2082,#2083,#133,.T.);
#1552=EDGE_CURVE('',#2082,#2084,#2431,.T.);
#1553=EDGE_CURVE('',#2085,#2084,#134,.T.);
#1554=EDGE_CURVE('',#2085,#2083,#2432,.T.);
#1555=EDGE_CURVE('',#2086,#2086,#135,.T.);
#1556=EDGE_CURVE('',#2087,#2088,#2433,.T.);
#1557=EDGE_CURVE('',#2088,#2089,#136,.T.);
#1558=EDGE_CURVE('',#2089,#2090,#2434,.T.);
#1559=EDGE_CURVE('',#2090,#2091,#137,.T.);
#1560=EDGE_CURVE('',#2091,#2092,#2435,.T.);
#1561=EDGE_CURVE('',#2092,#2087,#138,.T.);
#1562=EDGE_CURVE('',#2093,#2094,#2436,.T.);
#1563=EDGE_CURVE('',#2094,#2095,#139,.T.);
#1564=EDGE_CURVE('',#2095,#2096,#140,.T.);
#1565=EDGE_CURVE('',#2096,#2097,#141,.T.);
#1566=EDGE_CURVE('',#2097,#2098,#142,.T.);
#1567=EDGE_CURVE('',#2098,#2099,#143,.T.);
#1568=EDGE_CURVE('',#2099,#2100,#2437,.T.);
#1569=EDGE_CURVE('',#2100,#2101,#144,.T.);
#1570=EDGE_CURVE('',#2101,#2102,#2438,.T.);
#1571=EDGE_CURVE('',#2102,#2093,#145,.T.);
#1572=EDGE_CURVE('',#2103,#2104,#146,.T.);
#1573=EDGE_CURVE('',#2104,#2105,#147,.T.);
#1574=EDGE_CURVE('',#2105,#2106,#2439,.T.);
#1575=EDGE_CURVE('',#2106,#2107,#148,.T.);
#1576=EDGE_CURVE('',#2107,#2108,#2440,.T.);
#1577=EDGE_CURVE('',#2109,#2108,#149,.T.);
#1578=EDGE_CURVE('',#2110,#2109,#150,.T.);
#1579=EDGE_CURVE('',#2110,#2111,#151,.T.);
#1580=EDGE_CURVE('',#2111,#2112,#2441,.T.);
#1581=EDGE_CURVE('',#2112,#2113,#152,.T.);
#1582=EDGE_CURVE('',#2113,#2114,#2442,.T.);
#1583=EDGE_CURVE('',#2114,#2103,#153,.T.);
#1584=EDGE_CURVE('',#2115,#2115,#154,.T.);
#1585=EDGE_CURVE('',#2116,#2116,#155,.T.);
#1586=EDGE_CURVE('',#2117,#2118,#2443,.T.);
#1587=EDGE_CURVE('',#2119,#2118,#156,.T.);
#1588=EDGE_CURVE('',#2119,#2120,#157,.T.);
#1589=EDGE_CURVE('',#2121,#2120,#158,.T.);
#1590=EDGE_CURVE('',#2121,#2122,#2444,.T.);
#1591=EDGE_CURVE('',#2122,#2117,#159,.T.);
#1592=EDGE_CURVE('',#2067,#2052,#2445,.T.);
#1593=EDGE_CURVE('',#2053,#2123,#160,.T.);
#1594=EDGE_CURVE('',#2124,#2123,#161,.T.);
#1595=EDGE_CURVE('',#2124,#2125,#162,.T.);
#1596=EDGE_CURVE('',#2126,#2125,#163,.T.);
#1597=EDGE_CURVE('',#2127,#2126,#164,.T.);
#1598=EDGE_CURVE('',#2127,#2128,#2446,.T.);
#1599=EDGE_CURVE('',#2128,#2129,#165,.T.);
#1600=EDGE_CURVE('',#2129,#2130,#2447,.T.);
#1601=EDGE_CURVE('',#2130,#2131,#166,.T.);
#1602=EDGE_CURVE('',#2131,#2132,#2448,.T.);
#1603=EDGE_CURVE('',#2133,#2132,#167,.T.);
#1604=EDGE_CURVE('',#2134,#2133,#168,.T.);
#1605=EDGE_CURVE('',#2134,#2135,#169,.T.);
#1606=EDGE_CURVE('',#2135,#2136,#170,.T.);
#1607=EDGE_CURVE('',#2136,#2137,#2449,.T.);
#1608=EDGE_CURVE('',#2138,#2137,#171,.T.);
#1609=EDGE_CURVE('',#2139,#2138,#2450,.T.);
#1610=EDGE_CURVE('',#2139,#2140,#172,.T.);
#1611=EDGE_CURVE('',#2141,#2140,#173,.T.);
#1612=EDGE_CURVE('',#2142,#2141,#174,.T.);
#1613=EDGE_CURVE('',#2142,#2143,#175,.T.);
#1614=EDGE_CURVE('',#2143,#2144,#2451,.T.);
#1615=EDGE_CURVE('',#2144,#2145,#176,.T.);
#1616=EDGE_CURVE('',#2145,#2146,#2452,.T.);
#1617=EDGE_CURVE('',#2147,#2146,#2453,.T.);
#1618=EDGE_CURVE('',#2148,#2147,#2454,.T.);
#1619=EDGE_CURVE('',#2148,#2149,#177,.T.);
#1620=EDGE_CURVE('',#2149,#2150,#2455,.T.);
#1621=EDGE_CURVE('',#2151,#2150,#178,.T.);
#1622=EDGE_CURVE('',#2151,#2152,#179,.T.);
#1623=EDGE_CURVE('',#2152,#2068,#180,.T.);
#1624=EDGE_CURVE('',#2153,#2154,#2456,.T.);
#1625=EDGE_CURVE('',#2153,#2155,#73,.T.);
#1626=EDGE_CURVE('',#2154,#2155,#74,.T.);
#1627=EDGE_CURVE('',#2156,#2157,#2457,.T.);
#1628=EDGE_CURVE('',#2157,#2153,#181,.T.);
#1629=EDGE_CURVE('',#2158,#2154,#182,.T.);
#1630=EDGE_CURVE('',#2156,#2158,#183,.T.);
#1631=EDGE_CURVE('',#2159,#2160,#2458,.T.);
#1632=EDGE_CURVE('',#2157,#2160,#184,.T.);
#1633=EDGE_CURVE('',#2156,#2159,#185,.T.);
#1634=EDGE_CURVE('',#2161,#2162,#2459,.T.);
#1635=EDGE_CURVE('',#2160,#2162,#186,.T.);
#1636=EDGE_CURVE('',#2159,#2161,#187,.T.);
#1637=EDGE_CURVE('',#2163,#2164,#2460,.T.);
#1638=EDGE_CURVE('',#2162,#2164,#2461,.T.);
#1639=EDGE_CURVE('',#2163,#2161,#2462,.T.);
#1640=EDGE_CURVE('',#2165,#2166,#2463,.T.);
#1641=EDGE_CURVE('',#2166,#2164,#188,.T.);
#1642=EDGE_CURVE('',#2165,#2163,#189,.T.);
#1643=EDGE_CURVE('',#2167,#2168,#2464,.T.);
#1644=EDGE_CURVE('',#2166,#2168,#2465,.T.);
#1645=EDGE_CURVE('',#2167,#2165,#2466,.T.);
#1646=EDGE_CURVE('',#2169,#2170,#2467,.T.);
#1647=EDGE_CURVE('',#2168,#2170,#190,.T.);
#1648=EDGE_CURVE('',#2167,#2169,#191,.T.);
#1649=EDGE_CURVE('',#2171,#2172,#2468,.T.);
#1650=EDGE_CURVE('',#2170,#2172,#192,.T.);
#1651=EDGE_CURVE('',#2169,#2171,#193,.T.);
#1652=EDGE_CURVE('',#2173,#2174,#75,.T.);
#1653=EDGE_CURVE('',#2173,#2172,#76,.T.);
#1654=EDGE_CURVE('',#2174,#2171,#77,.T.);
#1655=EDGE_CURVE('',#2175,#2176,#2469,.T.);
#1656=EDGE_CURVE('',#2177,#2176,#2470,.T.);
#1657=EDGE_CURVE('',#2177,#2178,#2471,.T.);
#1658=EDGE_CURVE('',#2175,#2178,#2472,.T.);
#1659=EDGE_CURVE('',#2179,#2180,#78,.T.);
#1660=EDGE_CURVE('',#2178,#2179,#194,.T.);
#1661=EDGE_CURVE('',#2177,#2180,#195,.T.);
#1662=EDGE_CURVE('',#2181,#2182,#79,.F.);
#1663=EDGE_CURVE('',#2182,#2176,#196,.T.);
#1664=EDGE_CURVE('',#2181,#2175,#197,.T.);
#1665=EDGE_CURVE('',#2182,#2180,#2473,.T.);
#1666=EDGE_CURVE('',#2179,#2181,#2474,.T.);
#1667=EDGE_CURVE('',#2183,#2184,#2475,.T.);
#1668=EDGE_CURVE('',#2185,#2184,#198,.T.);
#1669=EDGE_CURVE('',#2186,#2185,#80,.T.);
#1670=EDGE_CURVE('',#2186,#2183,#199,.T.);
#1671=EDGE_CURVE('',#2187,#2188,#2476,.T.);
#1672=EDGE_CURVE('',#2184,#2188,#2477,.T.);
#1673=EDGE_CURVE('',#2187,#2183,#2478,.T.);
#1674=EDGE_CURVE('',#2189,#2190,#2479,.T.);
#1675=EDGE_CURVE('',#2188,#2190,#200,.T.);
#1676=EDGE_CURVE('',#2187,#2189,#201,.T.);
#1677=EDGE_CURVE('',#2191,#2192,#2480,.T.);
#1678=EDGE_CURVE('',#2190,#2192,#2481,.T.);
#1679=EDGE_CURVE('',#2191,#2189,#2482,.T.);
#1680=EDGE_CURVE('',#2193,#2194,#81,.T.);
#1681=EDGE_CURVE('',#2192,#2193,#202,.T.);
#1682=EDGE_CURVE('',#2191,#2194,#203,.T.);
#1683=EDGE_CURVE('',#2195,#2189,#2483,.T.);
#1684=EDGE_CURVE('',#2196,#2187,#2484,.T.);
#1685=EDGE_CURVE('',#2195,#2196,#204,.T.);
#1686=EDGE_CURVE('',#2197,#2183,#2485,.T.);
#1687=EDGE_CURVE('',#2196,#2197,#2486,.T.);
#1688=EDGE_CURVE('',#2198,#2191,#2487,.T.);
#1689=EDGE_CURVE('',#2198,#2195,#2488,.T.);
#1690=EDGE_CURVE('',#2194,#2186,#82,.T.);
#1691=EDGE_CURVE('',#2197,#2198,#205,.T.);
#1692=EDGE_CURVE('',#2145,#2199,#2489,.T.);
#1693=EDGE_CURVE('',#2200,#2199,#2490,.T.);
#1694=EDGE_CURVE('',#2146,#2200,#2491,.T.);
#1695=EDGE_CURVE('',#2144,#2201,#2492,.T.);
#1696=EDGE_CURVE('',#2199,#2201,#206,.T.);
#1697=EDGE_CURVE('',#2148,#2202,#2493,.T.);
#1698=EDGE_CURVE('',#2147,#2203,#2494,.T.);
#1699=EDGE_CURVE('',#2202,#2203,#2495,.T.);
#1700=EDGE_CURVE('',#2203,#2200,#2496,.T.);
#1701=EDGE_CURVE('',#2204,#2205,#83,.F.);
#1702=EDGE_CURVE('',#2204,#2206,#207,.T.);
#1703=EDGE_CURVE('',#2206,#2207,#2497,.T.);
#1704=EDGE_CURVE('',#2205,#2207,#208,.T.);
#1705=EDGE_CURVE('',#2208,#2209,#2498,.T.);
#1706=EDGE_CURVE('',#2207,#2209,#209,.T.);
#1707=EDGE_CURVE('',#2206,#2208,#210,.T.);
#1708=EDGE_CURVE('',#2210,#2211,#2499,.T.);
#1709=EDGE_CURVE('',#2211,#2204,#211,.T.);
#1710=EDGE_CURVE('',#2210,#2205,#212,.T.);
#1711=EDGE_CURVE('',#2212,#2213,#2500,.T.);
#1712=EDGE_CURVE('',#2209,#2213,#2501,.T.);
#1713=EDGE_CURVE('',#2212,#2208,#2502,.T.);
#1714=EDGE_CURVE('',#2214,#2215,#2503,.F.);
#1715=EDGE_CURVE('',#2211,#2215,#2504,.T.);
#1716=EDGE_CURVE('',#2214,#2210,#2505,.T.);
#1717=EDGE_CURVE('',#2212,#2215,#84,.T.);
#1718=EDGE_CURVE('',#2213,#2214,#213,.T.);
#1719=EDGE_CURVE('',#2208,#2118,#2506,.T.);
#1720=EDGE_CURVE('',#2206,#2119,#2507,.T.);
#1721=EDGE_CURVE('',#2216,#2216,#214,.T.);
#1722=EDGE_CURVE('',#2217,#2217,#215,.T.);
#1723=EDGE_CURVE('',#2218,#2218,#216,.T.);
#1724=EDGE_CURVE('',#2219,#2219,#217,.T.);
#1725=EDGE_CURVE('',#2220,#2220,#218,.T.);
#1726=EDGE_CURVE('',#2221,#2221,#219,.T.);
#1727=EDGE_CURVE('',#2222,#2141,#2508,.T.);
#1728=EDGE_CURVE('',#2223,#2222,#85,.F.);
#1729=EDGE_CURVE('',#2223,#2142,#2509,.T.);
#1730=EDGE_CURVE('',#2172,#2222,#220,.T.);
#1731=EDGE_CURVE('',#2223,#2173,#221,.T.);
#1732=EDGE_CURVE('',#2224,#2225,#86,.T.);
#1733=EDGE_CURVE('',#2225,#2133,#2510,.T.);
#1734=EDGE_CURVE('',#2224,#2132,#2511,.T.);
#1735=EDGE_CURVE('',#2155,#2226,#14,.T.);
#1736=EDGE_CURVE('',#2225,#2153,#15,.T.);
#1737=EDGE_CURVE('',#2226,#2224,#222,.T.);
#1738=EDGE_CURVE('',#2227,#2228,#87,.T.);
#1739=EDGE_CURVE('',#2229,#2227,#88,.T.);
#1740=EDGE_CURVE('',#2230,#2229,#89,.T.);
#1741=EDGE_CURVE('',#2228,#2230,#90,.T.);
#1742=EDGE_CURVE('',#2231,#2232,#91,.T.);
#1743=EDGE_CURVE('',#2233,#2231,#92,.T.);
#1744=EDGE_CURVE('',#2234,#2233,#93,.T.);
#1745=EDGE_CURVE('',#2232,#2234,#94,.T.);
#1746=EDGE_CURVE('',#2233,#2227,#223,.T.);
#1747=EDGE_CURVE('',#2229,#2231,#224,.T.);
#1748=EDGE_CURVE('',#2139,#2168,#2512,.T.);
#1749=EDGE_CURVE('',#2170,#2140,#2513,.T.);
#1750=EDGE_CURVE('',#2160,#2135,#2514,.T.);
#1751=EDGE_CURVE('',#2136,#2162,#2515,.T.);
#1752=EDGE_CURVE('',#2235,#2158,#2516,.T.);
#1753=EDGE_CURVE('',#2235,#2234,#225,.T.);
#1754=EDGE_CURVE('',#2228,#2174,#226,.T.);
#1755=EDGE_CURVE('',#2164,#2137,#2517,.T.);
#1756=EDGE_CURVE('',#2166,#2138,#2518,.T.);
#1757=EDGE_CURVE('',#2157,#2134,#2519,.T.);
#1758=EDGE_CURVE('',#2236,#2236,#227,.T.);
#1759=EDGE_CURVE('',#2237,#2237,#228,.T.);
#1760=EDGE_CURVE('',#2238,#2123,#2520,.T.);
#1761=EDGE_CURVE('',#2238,#2239,#229,.T.);
#1762=EDGE_CURVE('',#2239,#2124,#2521,.T.);
#1763=EDGE_CURVE('',#2125,#2240,#2522,.T.);
#1764=EDGE_CURVE('',#2240,#2239,#230,.T.);
#1765=EDGE_CURVE('',#2240,#2241,#231,.T.);
#1766=EDGE_CURVE('',#2126,#2241,#2523,.T.);
#1767=EDGE_CURVE('',#2069,#2242,#95,.T.);
#1768=EDGE_CURVE('',#2242,#2243,#2524,.T.);
#1769=EDGE_CURVE('',#2243,#2054,#96,.T.);
#1770=EDGE_CURVE('',#2244,#2245,#97,.T.);
#1771=EDGE_CURVE('',#2245,#2246,#2525,.T.);
#1772=EDGE_CURVE('',#2246,#2247,#98,.T.);
#1773=EDGE_CURVE('',#2247,#2244,#2526,.T.);
#1774=EDGE_CURVE('',#2248,#2249,#2527,.T.);
#1775=EDGE_CURVE('',#2248,#2250,#2528,.T.);
#1776=EDGE_CURVE('',#2250,#2251,#2529,.T.);
#1777=EDGE_CURVE('',#2252,#2251,#2530,.T.);
#1778=EDGE_CURVE('',#2253,#2252,#232,.T.);
#1779=EDGE_CURVE('',#2249,#2253,#2531,.T.);
#1780=EDGE_CURVE('',#2254,#2248,#2532,.T.);
#1781=EDGE_CURVE('',#2255,#2254,#2533,.T.);
#1782=EDGE_CURVE('',#2255,#2250,#2534,.T.);
#1783=EDGE_CURVE('',#2256,#2257,#2535,.T.);
#1784=EDGE_CURVE('',#2257,#2254,#2536,.T.);
#1785=EDGE_CURVE('',#2256,#2248,#2537,.T.);
#1786=EDGE_CURVE('',#2258,#2259,#2538,.T.);
#1787=EDGE_CURVE('',#2259,#2260,#2539,.T.);
#1788=EDGE_CURVE('',#2260,#2261,#2540,.T.);
#1789=EDGE_CURVE('',#2261,#2258,#2541,.T.);
#1790=EDGE_CURVE('',#2258,#2262,#233,.T.);
#1791=EDGE_CURVE('',#2262,#2263,#2542,.T.);
#1792=EDGE_CURVE('',#2263,#2259,#234,.T.);
#1793=EDGE_CURVE('',#2264,#2265,#2543,.T.);
#1794=EDGE_CURVE('',#2265,#2263,#2544,.T.);
#1795=EDGE_CURVE('',#2262,#2264,#2545,.T.);
#1796=EDGE_CURVE('',#2264,#2266,#235,.T.);
#1797=EDGE_CURVE('',#2267,#2266,#2546,.T.);
#1798=EDGE_CURVE('',#2267,#2265,#236,.T.);
#1799=EDGE_CURVE('',#2268,#2269,#2547,.T.);
#1800=EDGE_CURVE('',#2268,#2267,#2548,.T.);
#1801=EDGE_CURVE('',#2266,#2269,#2549,.T.);
#1802=EDGE_CURVE('',#2269,#2261,#237,.T.);
#1803=EDGE_CURVE('',#2260,#2268,#238,.T.);
#1804=EDGE_CURVE('',#2270,#2271,#2550,.T.);
#1805=EDGE_CURVE('',#2271,#2272,#239,.T.);
#1806=EDGE_CURVE('',#2272,#2273,#2551,.T.);
#1807=EDGE_CURVE('',#2273,#2270,#240,.T.);
#1808=EDGE_CURVE('',#2274,#2275,#2552,.T.);
#1809=EDGE_CURVE('',#2275,#2273,#2553,.T.);
#1810=EDGE_CURVE('',#2272,#2274,#2554,.T.);
#1811=EDGE_CURVE('',#2274,#2276,#241,.T.);
#1812=EDGE_CURVE('',#2277,#2276,#2555,.F.);
#1813=EDGE_CURVE('',#2277,#2275,#242,.T.);
#1814=EDGE_CURVE('',#2276,#2278,#2556,.T.);
#1815=EDGE_CURVE('',#2278,#2279,#99,.T.);
#1816=EDGE_CURVE('',#2279,#2277,#2557,.T.);
#1817=EDGE_CURVE('',#2278,#2280,#243,.T.);
#1818=EDGE_CURVE('',#2280,#2281,#2558,.T.);
#1819=EDGE_CURVE('',#2281,#2279,#244,.T.);
#1820=EDGE_CURVE('',#2282,#2283,#2559,.T.);
#1821=EDGE_CURVE('',#2282,#2281,#2560,.T.);
#1822=EDGE_CURVE('',#2280,#2283,#2561,.T.);
#1823=EDGE_CURVE('',#2283,#2284,#245,.T.);
#1824=EDGE_CURVE('',#2285,#2284,#2562,.T.);
#1825=EDGE_CURVE('',#2285,#2282,#246,.T.);
#1826=EDGE_CURVE('',#2286,#2287,#2563,.T.);
#1827=EDGE_CURVE('',#2286,#2285,#247,.T.);
#1828=EDGE_CURVE('',#2284,#2287,#248,.T.);
#1829=EDGE_CURVE('',#2287,#2288,#249,.T.);
#1830=EDGE_CURVE('',#2289,#2288,#2564,.T.);
#1831=EDGE_CURVE('',#2289,#2286,#250,.T.);
#1832=EDGE_CURVE('',#2270,#2289,#251,.T.);
#1833=EDGE_CURVE('',#2288,#2271,#252,.T.);
#1834=EDGE_CURVE('',#2290,#2291,#2565,.T.);
#1835=EDGE_CURVE('',#2291,#2292,#253,.T.);
#1836=EDGE_CURVE('',#2293,#2292,#100,.F.);
#1837=EDGE_CURVE('',#2293,#2290,#254,.T.);
#1838=EDGE_CURVE('',#2294,#2295,#101,.F.);
#1839=EDGE_CURVE('',#2293,#2294,#255,.T.);
#1840=EDGE_CURVE('',#2295,#2292,#256,.T.);
#1841=EDGE_CURVE('',#2295,#2296,#102,.T.);
#1842=EDGE_CURVE('',#2296,#2297,#2566,.T.);
#1843=EDGE_CURVE('',#2294,#2297,#257,.T.);
#1844=EDGE_CURVE('',#2298,#2299,#103,.T.);
#1845=EDGE_CURVE('',#2299,#2297,#2567,.T.);
#1846=EDGE_CURVE('',#2296,#2298,#2568,.T.);
#1847=EDGE_CURVE('',#2298,#2300,#258,.T.);
#1848=EDGE_CURVE('',#2300,#2301,#2569,.T.);
#1849=EDGE_CURVE('',#2301,#2299,#259,.T.);
#1850=EDGE_CURVE('',#2300,#2302,#2570,.T.);
#1851=EDGE_CURVE('',#2302,#2303,#2571,.T.);
#1852=EDGE_CURVE('',#2303,#2301,#2572,.T.);
#1853=EDGE_CURVE('',#2302,#2304,#260,.T.);
#1854=EDGE_CURVE('',#2304,#2305,#2573,.T.);
#1855=EDGE_CURVE('',#2305,#2303,#261,.T.);
#1856=EDGE_CURVE('',#2306,#2249,#104,.F.);
#1857=EDGE_CURVE('',#2306,#2256,#2574,.T.);
#1858=EDGE_CURVE('',#2253,#2307,#105,.T.);
#1859=EDGE_CURVE('',#2306,#2307,#16,.T.);
#1860=EDGE_CURVE('',#2252,#2308,#262,.T.);
#1861=EDGE_CURVE('',#2308,#2307,#263,.T.);
#1862=EDGE_CURVE('',#2291,#2111,#2575,.T.);
#1863=EDGE_CURVE('',#2292,#2110,#106,.F.);
#1864=EDGE_CURVE('',#2302,#2105,#2576,.T.);
#1865=EDGE_CURVE('',#2304,#2104,#2577,.T.);
#1866=EDGE_CURVE('',#2272,#2094,#2578,.T.);
#1867=EDGE_CURVE('',#2274,#2093,#2579,.T.);
#1868=EDGE_CURVE('',#2271,#2095,#2580,.T.);
#1869=EDGE_CURVE('',#2288,#2096,#2581,.T.);
#1870=EDGE_CURVE('',#2287,#2097,#2582,.T.);
#1871=EDGE_CURVE('',#2284,#2098,#2583,.T.);
#1872=EDGE_CURVE('',#2283,#2099,#2584,.T.);
#1873=EDGE_CURVE('',#2280,#2100,#2585,.T.);
#1874=EDGE_CURVE('',#2278,#2101,#2586,.T.);
#1875=EDGE_CURVE('',#2276,#2102,#2587,.T.);
#1876=EDGE_CURVE('',#2261,#2088,#2588,.T.);
#1877=EDGE_CURVE('',#2258,#2087,#2589,.T.);
#1878=EDGE_CURVE('',#2269,#2089,#2590,.T.);
#1879=EDGE_CURVE('',#2266,#2090,#2591,.T.);
#1880=EDGE_CURVE('',#2264,#2091,#2592,.T.);
#1881=EDGE_CURVE('',#2262,#2092,#2593,.T.);
#1882=EDGE_CURVE('',#2120,#2204,#107,.F.);
#1883=EDGE_CURVE('',#2211,#2121,#2594,.T.);
#1884=EDGE_CURVE('',#2215,#2122,#108,.T.);
#1885=EDGE_CURVE('',#2212,#2117,#2595,.T.);
#1886=EDGE_CURVE('',#2300,#2106,#2596,.T.);
#1887=EDGE_CURVE('',#2107,#2298,#109,.T.);
#1888=EDGE_CURVE('',#2296,#2108,#2597,.T.);
#1889=EDGE_CURVE('',#2109,#2295,#110,.F.);
#1890=EDGE_CURVE('',#2304,#2309,#264,.T.);
#1891=EDGE_CURVE('',#2309,#2103,#2598,.T.);
#1892=EDGE_CURVE('',#2310,#2291,#2599,.T.);
#1893=EDGE_CURVE('',#2310,#2112,#2600,.T.);
#1894=EDGE_CURVE('',#2290,#2311,#2601,.T.);
#1895=EDGE_CURVE('',#2311,#2310,#2602,.T.);
#1896=EDGE_CURVE('',#2312,#2305,#265,.T.);
#1897=EDGE_CURVE('',#2309,#2312,#2603,.T.);
#1898=EDGE_CURVE('',#2313,#2255,#2604,.T.);
#1899=EDGE_CURVE('',#2314,#2254,#2605,.T.);
#1900=EDGE_CURVE('',#2314,#2313,#2606,.T.);
#1901=EDGE_CURVE('',#2257,#2315,#2607,.T.);
#1902=EDGE_CURVE('',#2314,#2315,#17,.T.);
#1903=EDGE_CURVE('',#2313,#2241,#266,.T.);
#1904=EDGE_CURVE('',#2316,#2315,#267,.T.);
#1905=EDGE_CURVE('',#2316,#2317,#2608,.T.);
#1906=EDGE_CURVE('',#2317,#2127,#2609,.T.);
#1907=EDGE_CURVE('',#2238,#2318,#268,.T.);
#1908=EDGE_CURVE('',#2251,#2318,#269,.T.);
#1909=EDGE_CURVE('',#2317,#2316,#2610,.T.);
#1910=EDGE_CURVE('',#2319,#2128,#111,.T.);
#1911=EDGE_CURVE('',#2319,#2317,#270,.T.);
#1912=EDGE_CURVE('',#2320,#2321,#271,.T.);
#1913=EDGE_CURVE('',#2321,#2131,#2611,.T.);
#1914=EDGE_CURVE('',#2320,#2130,#2612,.T.);
#1915=EDGE_CURVE('',#2321,#2322,#2613,.T.);
#1916=EDGE_CURVE('',#2320,#2323,#2614,.T.);
#1917=EDGE_CURVE('',#2323,#2322,#272,.T.);
#1918=EDGE_CURVE('',#2309,#2324,#112,.T.);
#1919=EDGE_CURVE('',#2324,#2325,#2615,.T.);
#1920=EDGE_CURVE('',#2312,#2325,#273,.T.);
#1921=EDGE_CURVE('',#2326,#2327,#2616,.T.);
#1922=EDGE_CURVE('',#2327,#2325,#2617,.T.);
#1923=EDGE_CURVE('',#2324,#2326,#2618,.T.);
#1924=EDGE_CURVE('',#2326,#2310,#274,.T.);
#1925=EDGE_CURVE('',#2311,#2327,#275,.T.);
#1926=EDGE_CURVE('',#2328,#2329,#12,.T.);
#1927=EDGE_CURVE('',#2328,#2323,#2619,.T.);
#1928=EDGE_CURVE('',#2329,#2320,#2620,.T.);
#1929=EDGE_CURVE('',#2244,#2328,#276,.T.);
#1930=EDGE_CURVE('',#2329,#2330,#13,.T.);
#1931=EDGE_CURVE('',#2319,#2330,#277,.T.);
#1932=EDGE_CURVE('',#2316,#2247,#278,.T.);
#1933=EDGE_CURVE('',#2246,#2245,#279,.T.);
#1934=EDGE_CURVE('',#2326,#2113,#2621,.T.);
#1935=EDGE_CURVE('',#2324,#2114,#2622,.T.);
#1936=EDGE_CURVE('',#2330,#2129,#2623,.T.);
#1937=EDGE_CURVE('',#2331,#2331,#280,.T.);
#1938=EDGE_CURVE('',#2332,#2333,#281,.T.);
#1939=EDGE_CURVE('',#2151,#2332,#113,.F.);
#1940=EDGE_CURVE('',#2334,#2150,#2624,.T.);
#1941=EDGE_CURVE('',#2333,#2334,#2625,.T.);
#1942=EDGE_CURVE('',#2335,#2143,#2626,.T.);
#1943=EDGE_CURVE('',#2335,#2336,#114,.T.);
#1944=EDGE_CURVE('',#2336,#2201,#2627,.T.);
#1945=EDGE_CURVE('',#2337,#2334,#2628,.T.);
#1946=EDGE_CURVE('',#2333,#2337,#2629,.T.);
#1947=EDGE_CURVE('',#2149,#2338,#115,.T.);
#1948=EDGE_CURVE('',#2334,#2338,#282,.T.);
#1949=EDGE_CURVE('',#2202,#2338,#283,.T.);
#1950=EDGE_CURVE('',#2339,#2339,#284,.T.);
#1951=EDGE_CURVE('',#2340,#2340,#285,.T.);
#1952=EDGE_CURVE('',#2341,#2318,#2630,.T.);
#1953=EDGE_CURVE('',#2308,#2341,#116,.T.);
#1954=EDGE_CURVE('',#2342,#2332,#286,.T.);
#1955=EDGE_CURVE('',#2342,#2343,#117,.T.);
#1956=EDGE_CURVE('',#2343,#2152,#2631,.T.);
#1957=EDGE_CURVE('',#2243,#2341,#118,.T.);
#1958=EDGE_CURVE('',#2242,#2343,#119,.T.);
#1959=EDGE_CURVE('',#2342,#2306,#2632,.T.);
#1960=EDGE_CURVE('',#2335,#2223,#120,.T.);
#1961=EDGE_CURVE('',#2321,#2226,#2633,.T.);
#1962=EDGE_CURVE('',#2322,#2344,#2634,.T.);
#1963=EDGE_CURVE('',#2344,#2235,#287,.T.);
#1964=EDGE_CURVE('',#2230,#2336,#288,.T.);
#1965=EDGE_CURVE('',#2344,#2232,#289,.T.);
#1966=EDGE_CURVE('',#2083,#2178,#2635,.T.);
#1967=EDGE_CURVE('',#2082,#2179,#121,.T.);
#1968=EDGE_CURVE('',#2085,#2175,#2636,.T.);
#1969=EDGE_CURVE('',#2084,#2181,#122,.F.);
#1970=EDGE_CURVE('',#2337,#2185,#290,.T.);
#1971=EDGE_CURVE('',#2193,#2202,#291,.T.);
#1972=EDGE_CURVE('',#2077,#2345,#292,.T.);
#1973=EDGE_CURVE('',#2076,#2346,#293,.T.);
#1974=EDGE_CURVE('',#2346,#2347,#2637,.T.);
#1975=EDGE_CURVE('',#2062,#2347,#294,.T.);
#1976=EDGE_CURVE('',#2348,#2061,#295,.T.);
#1977=EDGE_CURVE('',#2345,#2348,#2638,.T.);
#1978=EDGE_CURVE('',#2349,#2074,#296,.T.);
#1979=EDGE_CURVE('',#2349,#2350,#2639,.T.);
#1980=EDGE_CURVE('',#2350,#2346,#2640,.T.);
#1981=EDGE_CURVE('',#2349,#2351,#2641,.T.);
#1982=EDGE_CURVE('',#2352,#2351,#2642,.T.);
#1983=EDGE_CURVE('',#2347,#2352,#2643,.T.);
#1984=EDGE_CURVE('',#2351,#2059,#297,.T.);
#1985=EDGE_CURVE('',#2345,#2353,#2644,.T.);
#1986=EDGE_CURVE('',#2075,#2353,#298,.T.);
#1987=EDGE_CURVE('',#2354,#2348,#2645,.T.);
#1988=EDGE_CURVE('',#2353,#2354,#2646,.T.);
#1989=EDGE_CURVE('',#2354,#2060,#299,.T.);
#1990=EDGE_CURVE('',#2081,#2355,#300,.T.);
#1991=EDGE_CURVE('',#2080,#2356,#301,.T.);
#1992=EDGE_CURVE('',#2356,#2357,#2647,.T.);
#1993=EDGE_CURVE('',#2066,#2357,#302,.T.);
#1994=EDGE_CURVE('',#2358,#2065,#303,.T.);
#1995=EDGE_CURVE('',#2355,#2358,#2648,.T.);
#1996=EDGE_CURVE('',#2359,#2078,#304,.T.);
#1997=EDGE_CURVE('',#2359,#2360,#2649,.T.);
#1998=EDGE_CURVE('',#2360,#2356,#2650,.T.);
#1999=EDGE_CURVE('',#2359,#2361,#2651,.T.);
#2000=EDGE_CURVE('',#2362,#2361,#2652,.T.);
#2001=EDGE_CURVE('',#2357,#2362,#2653,.T.);
#2002=EDGE_CURVE('',#2361,#2063,#305,.T.);
#2003=EDGE_CURVE('',#2355,#2363,#2654,.T.);
#2004=EDGE_CURVE('',#2079,#2363,#306,.T.);
#2005=EDGE_CURVE('',#2364,#2358,#2655,.T.);
#2006=EDGE_CURVE('',#2363,#2364,#2656,.T.);
#2007=EDGE_CURVE('',#2364,#2064,#307,.T.);
#2008=EDGE_CURVE('',#2073,#2365,#308,.T.);
#2009=EDGE_CURVE('',#2072,#2366,#309,.T.);
#2010=EDGE_CURVE('',#2366,#2367,#2657,.T.);
#2011=EDGE_CURVE('',#2058,#2367,#310,.T.);
#2012=EDGE_CURVE('',#2368,#2057,#311,.T.);
#2013=EDGE_CURVE('',#2365,#2368,#2658,.T.);
#2014=EDGE_CURVE('',#2070,#2369,#312,.T.);
#2015=EDGE_CURVE('',#2369,#2366,#2659,.T.);
#2016=EDGE_CURVE('',#2369,#2370,#2660,.T.);
#2017=EDGE_CURVE('',#2367,#2370,#2661,.T.);
#2018=EDGE_CURVE('',#2370,#2055,#313,.T.);
#2019=EDGE_CURVE('',#2365,#2371,#2662,.T.);
#2020=EDGE_CURVE('',#2071,#2371,#314,.T.);
#2021=EDGE_CURVE('',#2372,#2368,#2663,.T.);
#2022=EDGE_CURVE('',#2371,#2372,#2664,.T.);
#2023=EDGE_CURVE('',#2372,#2056,#315,.T.);
#2024=VERTEX_POINT('',#5243);
#2025=VERTEX_POINT('',#5244);
#2026=VERTEX_POINT('',#5246);
#2027=VERTEX_POINT('',#5248);
#2028=VERTEX_POINT('',#5252);
#2029=VERTEX_POINT('',#5253);
#2030=VERTEX_POINT('',#5255);
#2031=VERTEX_POINT('',#5257);
#2032=VERTEX_POINT('',#5261);
#2033=VERTEX_POINT('',#5262);
#2034=VERTEX_POINT('',#5264);
#2035=VERTEX_POINT('',#5266);
#2036=VERTEX_POINT('',#5270);
#2037=VERTEX_POINT('',#5271);
#2038=VERTEX_POINT('',#5273);
#2039=VERTEX_POINT('',#5275);
#2040=VERTEX_POINT('',#5279);
#2041=VERTEX_POINT('',#5281);
#2042=VERTEX_POINT('',#5285);
#2043=VERTEX_POINT('',#5286);
#2044=VERTEX_POINT('',#5291);
#2045=VERTEX_POINT('',#5293);
#2046=VERTEX_POINT('',#5297);
#2047=VERTEX_POINT('',#5298);
#2048=VERTEX_POINT('',#5303);
#2049=VERTEX_POINT('',#5304);
#2050=VERTEX_POINT('',#5306);
#2051=VERTEX_POINT('',#5308);
#2052=VERTEX_POINT('',#5342);
#2053=VERTEX_POINT('',#5343);
#2054=VERTEX_POINT('',#5349);
#2055=VERTEX_POINT('',#5352);
#2056=VERTEX_POINT('',#5353);
#2057=VERTEX_POINT('',#5355);
#2058=VERTEX_POINT('',#5357);
#2059=VERTEX_POINT('',#5360);
#2060=VERTEX_POINT('',#5361);
#2061=VERTEX_POINT('',#5363);
#2062=VERTEX_POINT('',#5365);
#2063=VERTEX_POINT('',#5368);
#2064=VERTEX_POINT('',#5369);
#2065=VERTEX_POINT('',#5371);
#2066=VERTEX_POINT('',#5373);
#2067=VERTEX_POINT('',#5379);
#2068=VERTEX_POINT('',#5381);
#2069=VERTEX_POINT('',#5383);
#2070=VERTEX_POINT('',#5389);
#2071=VERTEX_POINT('',#5390);
#2072=VERTEX_POINT('',#5392);
#2073=VERTEX_POINT('',#5394);
#2074=VERTEX_POINT('',#5397);
#2075=VERTEX_POINT('',#5398);
#2076=VERTEX_POINT('',#5400);
#2077=VERTEX_POINT('',#5402);
#2078=VERTEX_POINT('',#5405);
#2079=VERTEX_POINT('',#5406);
#2080=VERTEX_POINT('',#5408);
#2081=VERTEX_POINT('',#5410);
#2082=VERTEX_POINT('',#5414);
#2083=VERTEX_POINT('',#5415);
#2084=VERTEX_POINT('',#5417);
#2085=VERTEX_POINT('',#5419);
#2086=VERTEX_POINT('',#5422);
#2087=VERTEX_POINT('',#5424);
#2088=VERTEX_POINT('',#5425);
#2089=VERTEX_POINT('',#5427);
#2090=VERTEX_POINT('',#5429);
#2091=VERTEX_POINT('',#5431);
#2092=VERTEX_POINT('',#5433);
#2093=VERTEX_POINT('',#5436);
#2094=VERTEX_POINT('',#5437);
#2095=VERTEX_POINT('',#5439);
#2096=VERTEX_POINT('',#5441);
#2097=VERTEX_POINT('',#5443);
#2098=VERTEX_POINT('',#5445);
#2099=VERTEX_POINT('',#5447);
#2100=VERTEX_POINT('',#5449);
#2101=VERTEX_POINT('',#5451);
#2102=VERTEX_POINT('',#5453);
#2103=VERTEX_POINT('',#5456);
#2104=VERTEX_POINT('',#5457);
#2105=VERTEX_POINT('',#5459);
#2106=VERTEX_POINT('',#5461);
#2107=VERTEX_POINT('',#5463);
#2108=VERTEX_POINT('',#5465);
#2109=VERTEX_POINT('',#5467);
#2110=VERTEX_POINT('',#5469);
#2111=VERTEX_POINT('',#5471);
#2112=VERTEX_POINT('',#5473);
#2113=VERTEX_POINT('',#5475);
#2114=VERTEX_POINT('',#5477);
#2115=VERTEX_POINT('',#5480);
#2116=VERTEX_POINT('',#5482);
#2117=VERTEX_POINT('',#5484);
#2118=VERTEX_POINT('',#5485);
#2119=VERTEX_POINT('',#5487);
#2120=VERTEX_POINT('',#5489);
#2121=VERTEX_POINT('',#5491);
#2122=VERTEX_POINT('',#5493);
#2123=VERTEX_POINT('',#5497);
#2124=VERTEX_POINT('',#5499);
#2125=VERTEX_POINT('',#5501);
#2126=VERTEX_POINT('',#5503);
#2127=VERTEX_POINT('',#5505);
#2128=VERTEX_POINT('',#5507);
#2129=VERTEX_POINT('',#5509);
#2130=VERTEX_POINT('',#5511);
#2131=VERTEX_POINT('',#5513);
#2132=VERTEX_POINT('',#5515);
#2133=VERTEX_POINT('',#5517);
#2134=VERTEX_POINT('',#5519);
#2135=VERTEX_POINT('',#5521);
#2136=VERTEX_POINT('',#5523);
#2137=VERTEX_POINT('',#5525);
#2138=VERTEX_POINT('',#5527);
#2139=VERTEX_POINT('',#5529);
#2140=VERTEX_POINT('',#5531);
#2141=VERTEX_POINT('',#5533);
#2142=VERTEX_POINT('',#5535);
#2143=VERTEX_POINT('',#5537);
#2144=VERTEX_POINT('',#5539);
#2145=VERTEX_POINT('',#5541);
#2146=VERTEX_POINT('',#5543);
#2147=VERTEX_POINT('',#5545);
#2148=VERTEX_POINT('',#5547);
#2149=VERTEX_POINT('',#5549);
#2150=VERTEX_POINT('',#5551);
#2151=VERTEX_POINT('',#5553);
#2152=VERTEX_POINT('',#5555);
#2153=VERTEX_POINT('',#5570);
#2154=VERTEX_POINT('',#5571);
#2155=VERTEX_POINT('',#5576);
#2156=VERTEX_POINT('',#5583);
#2157=VERTEX_POINT('',#5584);
#2158=VERTEX_POINT('',#5587);
#2159=VERTEX_POINT('',#5591);
#2160=VERTEX_POINT('',#5592);
#2161=VERTEX_POINT('',#5597);
#2162=VERTEX_POINT('',#5598);
#2163=VERTEX_POINT('',#5603);
#2164=VERTEX_POINT('',#5604);
#2165=VERTEX_POINT('',#5609);
#2166=VERTEX_POINT('',#5610);
#2167=VERTEX_POINT('',#5615);
#2168=VERTEX_POINT('',#5616);
#2169=VERTEX_POINT('',#5621);
#2170=VERTEX_POINT('',#5622);
#2171=VERTEX_POINT('',#5627);
#2172=VERTEX_POINT('',#5628);
#2173=VERTEX_POINT('',#5659);
#2174=VERTEX_POINT('',#5660);
#2175=VERTEX_POINT('',#5672);
#2176=VERTEX_POINT('',#5673);
#2177=VERTEX_POINT('',#5675);
#2178=VERTEX_POINT('',#5677);
#2179=VERTEX_POINT('',#5684);
#2180=VERTEX_POINT('',#5685);
#2181=VERTEX_POINT('',#5693);
#2182=VERTEX_POINT('',#5694);
#2183=VERTEX_POINT('',#5702);
#2184=VERTEX_POINT('',#5703);
#2185=VERTEX_POINT('',#5705);
#2186=VERTEX_POINT('',#5710);
#2187=VERTEX_POINT('',#5714);
#2188=VERTEX_POINT('',#5715);
#2189=VERTEX_POINT('',#5720);
#2190=VERTEX_POINT('',#5721);
#2191=VERTEX_POINT('',#5726);
#2192=VERTEX_POINT('',#5727);
#2193=VERTEX_POINT('',#5735);
#2194=VERTEX_POINT('',#5736);
#2195=VERTEX_POINT('',#5741);
#2196=VERTEX_POINT('',#5743);
#2197=VERTEX_POINT('',#5747);
#2198=VERTEX_POINT('',#5751);
#2199=VERTEX_POINT('',#5771);
#2200=VERTEX_POINT('',#5773);
#2201=VERTEX_POINT('',#5777);
#2202=VERTEX_POINT('',#5781);
#2203=VERTEX_POINT('',#5783);
#2204=VERTEX_POINT('',#5792);
#2205=VERTEX_POINT('',#5793);
#2206=VERTEX_POINT('',#5795);
#2207=VERTEX_POINT('',#5797);
#2208=VERTEX_POINT('',#5801);
#2209=VERTEX_POINT('',#5802);
#2210=VERTEX_POINT('',#5807);
#2211=VERTEX_POINT('',#5808);
#2212=VERTEX_POINT('',#5813);
#2213=VERTEX_POINT('',#5814);
#2214=VERTEX_POINT('',#5819);
#2215=VERTEX_POINT('',#5820);
#2216=VERTEX_POINT('',#5835);
#2217=VERTEX_POINT('',#5838);
#2218=VERTEX_POINT('',#5841);
#2219=VERTEX_POINT('',#5843);
#2220=VERTEX_POINT('',#5846);
#2221=VERTEX_POINT('',#5848);
#2222=VERTEX_POINT('',#5853);
#2223=VERTEX_POINT('',#5865);
#2224=VERTEX_POINT('',#5898);
#2225=VERTEX_POINT('',#5899);
#2226=VERTEX_POINT('',#5919);
#2227=VERTEX_POINT('',#5942);
#2228=VERTEX_POINT('',#5943);
#2229=VERTEX_POINT('',#5948);
#2230=VERTEX_POINT('',#5953);
#2231=VERTEX_POINT('',#5978);
#2232=VERTEX_POINT('',#5979);
#2233=VERTEX_POINT('',#5984);
#2234=VERTEX_POINT('',#5989);
#2235=VERTEX_POINT('',#6005);
#2236=VERTEX_POINT('',#6017);
#2237=VERTEX_POINT('',#6019);
#2238=VERTEX_POINT('',#6023);
#2239=VERTEX_POINT('',#6025);
#2240=VERTEX_POINT('',#6029);
#2241=VERTEX_POINT('',#6033);
#2242=VERTEX_POINT('',#6072);
#2243=VERTEX_POINT('',#6074);
#2244=VERTEX_POINT('',#6091);
#2245=VERTEX_POINT('',#6092);
#2246=VERTEX_POINT('',#6094);
#2247=VERTEX_POINT('',#6099);
#2248=VERTEX_POINT('',#6103);
#2249=VERTEX_POINT('',#6104);
#2250=VERTEX_POINT('',#6106);
#2251=VERTEX_POINT('',#6108);
#2252=VERTEX_POINT('',#6110);
#2253=VERTEX_POINT('',#6112);
#2254=VERTEX_POINT('',#6116);
#2255=VERTEX_POINT('',#6118);
#2256=VERTEX_POINT('',#6122);
#2257=VERTEX_POINT('',#6123);
#2258=VERTEX_POINT('',#6128);
#2259=VERTEX_POINT('',#6129);
#2260=VERTEX_POINT('',#6131);
#2261=VERTEX_POINT('',#6133);
#2262=VERTEX_POINT('',#6137);
#2263=VERTEX_POINT('',#6139);
#2264=VERTEX_POINT('',#6143);
#2265=VERTEX_POINT('',#6144);
#2266=VERTEX_POINT('',#6149);
#2267=VERTEX_POINT('',#6151);
#2268=VERTEX_POINT('',#6155);
#2269=VERTEX_POINT('',#6156);
#2270=VERTEX_POINT('',#6164);
#2271=VERTEX_POINT('',#6165);
#2272=VERTEX_POINT('',#6167);
#2273=VERTEX_POINT('',#6169);
#2274=VERTEX_POINT('',#6173);
#2275=VERTEX_POINT('',#6174);
#2276=VERTEX_POINT('',#6179);
#2277=VERTEX_POINT('',#6181);
#2278=VERTEX_POINT('',#6185);
#2279=VERTEX_POINT('',#6190);
#2280=VERTEX_POINT('',#6194);
#2281=VERTEX_POINT('',#6196);
#2282=VERTEX_POINT('',#6200);
#2283=VERTEX_POINT('',#6201);
#2284=VERTEX_POINT('',#6206);
#2285=VERTEX_POINT('',#6208);
#2286=VERTEX_POINT('',#6212);
#2287=VERTEX_POINT('',#6213);
#2288=VERTEX_POINT('',#6218);
#2289=VERTEX_POINT('',#6220);
#2290=VERTEX_POINT('',#6227);
#2291=VERTEX_POINT('',#6228);
#2292=VERTEX_POINT('',#6230);
#2293=VERTEX_POINT('',#6235);
#2294=VERTEX_POINT('',#6242);
#2295=VERTEX_POINT('',#6243);
#2296=VERTEX_POINT('',#6252);
#2297=VERTEX_POINT('',#6254);
#2298=VERTEX_POINT('',#6261);
#2299=VERTEX_POINT('',#6262);
#2300=VERTEX_POINT('',#6267);
#2301=VERTEX_POINT('',#6269);
#2302=VERTEX_POINT('',#6273);
#2303=VERTEX_POINT('',#6275);
#2304=VERTEX_POINT('',#6279);
#2305=VERTEX_POINT('',#6281);
#2306=VERTEX_POINT('',#6288);
#2307=VERTEX_POINT('',#6295);
#2308=VERTEX_POINT('',#6326);
#2309=VERTEX_POINT('',#6401);
#2310=VERTEX_POINT('',#6405);
#2311=VERTEX_POINT('',#6409);
#2312=VERTEX_POINT('',#6413);
#2313=VERTEX_POINT('',#6417);
#2314=VERTEX_POINT('',#6419);
#2315=VERTEX_POINT('',#6423);
#2316=VERTEX_POINT('',#6428);
#2317=VERTEX_POINT('',#6430);
#2318=VERTEX_POINT('',#6434);
#2319=VERTEX_POINT('',#6443);
#2320=VERTEX_POINT('',#6447);
#2321=VERTEX_POINT('',#6448);
#2322=VERTEX_POINT('',#6453);
#2323=VERTEX_POINT('',#6455);
#2324=VERTEX_POINT('',#6463);
#2325=VERTEX_POINT('',#6465);
#2326=VERTEX_POINT('',#6469);
#2327=VERTEX_POINT('',#6470);
#2328=VERTEX_POINT('',#6480);
#2329=VERTEX_POINT('',#6481);
#2330=VERTEX_POINT('',#6489);
#2331=VERTEX_POINT('',#6503);
#2332=VERTEX_POINT('',#6506);
#2333=VERTEX_POINT('',#6507);
#2334=VERTEX_POINT('',#6513);
#2335=VERTEX_POINT('',#6517);
#2336=VERTEX_POINT('',#6522);
#2337=VERTEX_POINT('',#6526);
#2338=VERTEX_POINT('',#6533);
#2339=VERTEX_POINT('',#6539);
#2340=VERTEX_POINT('',#6541);
#2341=VERTEX_POINT('',#6545);
#2342=VERTEX_POINT('',#6552);
#2343=VERTEX_POINT('',#6557);
#2344=VERTEX_POINT('',#6580);
#2345=VERTEX_POINT('',#6612);
#2346=VERTEX_POINT('',#6614);
#2347=VERTEX_POINT('',#6616);
#2348=VERTEX_POINT('',#6619);
#2349=VERTEX_POINT('',#6623);
#2350=VERTEX_POINT('',#6625);
#2351=VERTEX_POINT('',#6629);
#2352=VERTEX_POINT('',#6631);
#2353=VERTEX_POINT('',#6637);
#2354=VERTEX_POINT('',#6641);
#2355=VERTEX_POINT('',#6648);
#2356=VERTEX_POINT('',#6650);
#2357=VERTEX_POINT('',#6652);
#2358=VERTEX_POINT('',#6655);
#2359=VERTEX_POINT('',#6659);
#2360=VERTEX_POINT('',#6661);
#2361=VERTEX_POINT('',#6665);
#2362=VERTEX_POINT('',#6667);
#2363=VERTEX_POINT('',#6673);
#2364=VERTEX_POINT('',#6677);
#2365=VERTEX_POINT('',#6684);
#2366=VERTEX_POINT('',#6686);
#2367=VERTEX_POINT('',#6688);
#2368=VERTEX_POINT('',#6691);
#2369=VERTEX_POINT('',#6695);
#2370=VERTEX_POINT('',#6699);
#2371=VERTEX_POINT('',#6705);
#2372=VERTEX_POINT('',#6709);
#2373=LINE('',#5242,#2665);
#2374=LINE('',#5245,#2666);
#2375=LINE('',#5247,#2667);
#2376=LINE('',#5249,#2668);
#2377=LINE('',#5251,#2669);
#2378=LINE('',#5254,#2670);
#2379=LINE('',#5256,#2671);
#2380=LINE('',#5258,#2672);
#2381=LINE('',#5260,#2673);
#2382=LINE('',#5265,#2674);
#2383=LINE('',#5269,#2675);
#2384=LINE('',#5274,#2676);
#2385=LINE('',#5278,#2677);
#2386=LINE('',#5280,#2678);
#2387=LINE('',#5282,#2679);
#2388=LINE('',#5284,#2680);
#2389=LINE('',#5287,#2681);
#2390=LINE('',#5288,#2682);
#2391=LINE('',#5292,#2683);
#2392=LINE('',#5296,#2684);
#2393=LINE('',#5302,#2685);
#2394=LINE('',#5305,#2686);
#2395=LINE('',#5307,#2687);
#2396=LINE('',#5309,#2688);
#2397=LINE('',#5339,#2689);
#2398=LINE('',#5340,#2690);
#2399=LINE('',#5341,#2691);
#2400=LINE('',#5344,#2692);
#2401=LINE('',#5350,#2693);
#2402=LINE('',#5351,#2694);
#2403=LINE('',#5354,#2695);
#2404=LINE('',#5356,#2696);
#2405=LINE('',#5358,#2697);
#2406=LINE('',#5359,#2698);
#2407=LINE('',#5362,#2699);
#2408=LINE('',#5364,#2700);
#2409=LINE('',#5366,#2701);
#2410=LINE('',#5367,#2702);
#2411=LINE('',#5370,#2703);
#2412=LINE('',#5372,#2704);
#2413=LINE('',#5374,#2705);
#2414=LINE('',#5376,#2706);
#2415=LINE('',#5377,#2707);
#2416=LINE('',#5378,#2708);
#2417=LINE('',#5380,#2709);
#2418=LINE('',#5382,#2710);
#2419=LINE('',#5388,#2711);
#2420=LINE('',#5391,#2712);
#2421=LINE('',#5393,#2713);
#2422=LINE('',#5395,#2714);
#2423=LINE('',#5396,#2715);
#2424=LINE('',#5399,#2716);
#2425=LINE('',#5401,#2717);
#2426=LINE('',#5403,#2718);
#2427=LINE('',#5404,#2719);
#2428=LINE('',#5407,#2720);
#2429=LINE('',#5409,#2721);
#2430=LINE('',#5411,#2722);
#2431=LINE('',#5416,#2723);
#2432=LINE('',#5420,#2724);
#2433=LINE('',#5423,#2725);
#2434=LINE('',#5428,#2726);
#2435=LINE('',#5432,#2727);
#2436=LINE('',#5435,#2728);
#2437=LINE('',#5448,#2729);
#2438=LINE('',#5452,#2730);
#2439=LINE('',#5460,#2731);
#2440=LINE('',#5464,#2732);
#2441=LINE('',#5472,#2733);
#2442=LINE('',#5476,#2734);
#2443=LINE('',#5483,#2735);
#2444=LINE('',#5492,#2736);
#2445=LINE('',#5495,#2737);
#2446=LINE('',#5506,#2738);
#2447=LINE('',#5510,#2739);
#2448=LINE('',#5514,#2740);
#2449=LINE('',#5524,#2741);
#2450=LINE('',#5528,#2742);
#2451=LINE('',#5538,#2743);
#2452=LINE('',#5542,#2744);
#2453=LINE('',#5544,#2745);
#2454=LINE('',#5546,#2746);
#2455=LINE('',#5550,#2747);
#2456=LINE('',#5569,#2748);
#2457=LINE('',#5582,#2749);
#2458=LINE('',#5590,#2750);
#2459=LINE('',#5596,#2751);
#2460=LINE('',#5602,#2752);
#2461=LINE('',#5605,#2753);
#2462=LINE('',#5606,#2754);
#2463=LINE('',#5608,#2755);
#2464=LINE('',#5614,#2756);
#2465=LINE('',#5617,#2757);
#2466=LINE('',#5618,#2758);
#2467=LINE('',#5620,#2759);
#2468=LINE('',#5626,#2760);
#2469=LINE('',#5671,#2761);
#2470=LINE('',#5674,#2762);
#2471=LINE('',#5676,#2763);
#2472=LINE('',#5678,#2764);
#2473=LINE('',#5698,#2765);
#2474=LINE('',#5699,#2766);
#2475=LINE('',#5701,#2767);
#2476=LINE('',#5713,#2768);
#2477=LINE('',#5716,#2769);
#2478=LINE('',#5717,#2770);
#2479=LINE('',#5719,#2771);
#2480=LINE('',#5725,#2772);
#2481=LINE('',#5728,#2773);
#2482=LINE('',#5729,#2774);
#2483=LINE('',#5740,#2775);
#2484=LINE('',#5742,#2776);
#2485=LINE('',#5746,#2777);
#2486=LINE('',#5748,#2778);
#2487=LINE('',#5750,#2779);
#2488=LINE('',#5752,#2780);
#2489=LINE('',#5770,#2781);
#2490=LINE('',#5772,#2782);
#2491=LINE('',#5774,#2783);
#2492=LINE('',#5776,#2784);
#2493=LINE('',#5780,#2785);
#2494=LINE('',#5782,#2786);
#2495=LINE('',#5784,#2787);
#2496=LINE('',#5786,#2788);
#2497=LINE('',#5796,#2789);
#2498=LINE('',#5800,#2790);
#2499=LINE('',#5806,#2791);
#2500=LINE('',#5812,#2792);
#2501=LINE('',#5815,#2793);
#2502=LINE('',#5816,#2794);
#2503=LINE('',#5818,#2795);
#2504=LINE('',#5821,#2796);
#2505=LINE('',#5822,#2797);
#2506=LINE('',#5831,#2798);
#2507=LINE('',#5832,#2799);
#2508=LINE('',#5852,#2800);
#2509=LINE('',#5866,#2801);
#2510=LINE('',#5900,#2802);
#2511=LINE('',#5901,#2803);
#2512=LINE('',#5998,#2804);
#2513=LINE('',#5999,#2805);
#2514=LINE('',#6001,#2806);
#2515=LINE('',#6002,#2807);
#2516=LINE('',#6004,#2808);
#2517=LINE('',#6010,#2809);
#2518=LINE('',#6011,#2810);
#2519=LINE('',#6013,#2811);
#2520=LINE('',#6022,#2812);
#2521=LINE('',#6026,#2813);
#2522=LINE('',#6028,#2814);
#2523=LINE('',#6034,#2815);
#2524=LINE('',#6073,#2816);
#2525=LINE('',#6093,#2817);
#2526=LINE('',#6100,#2818);
#2527=LINE('',#6102,#2819);
#2528=LINE('',#6105,#2820);
#2529=LINE('',#6107,#2821);
#2530=LINE('',#6109,#2822);
#2531=LINE('',#6113,#2823);
#2532=LINE('',#6115,#2824);
#2533=LINE('',#6117,#2825);
#2534=LINE('',#6119,#2826);
#2535=LINE('',#6121,#2827);
#2536=LINE('',#6124,#2828);
#2537=LINE('',#6125,#2829);
#2538=LINE('',#6127,#2830);
#2539=LINE('',#6130,#2831);
#2540=LINE('',#6132,#2832);
#2541=LINE('',#6134,#2833);
#2542=LINE('',#6138,#2834);
#2543=LINE('',#6142,#2835);
#2544=LINE('',#6145,#2836);
#2545=LINE('',#6146,#2837);
#2546=LINE('',#6150,#2838);
#2547=LINE('',#6154,#2839);
#2548=LINE('',#6157,#2840);
#2549=LINE('',#6158,#2841);
#2550=LINE('',#6163,#2842);
#2551=LINE('',#6168,#2843);
#2552=LINE('',#6172,#2844);
#2553=LINE('',#6175,#2845);
#2554=LINE('',#6176,#2846);
#2555=LINE('',#6180,#2847);
#2556=LINE('',#6184,#2848);
#2557=LINE('',#6191,#2849);
#2558=LINE('',#6195,#2850);
#2559=LINE('',#6199,#2851);
#2560=LINE('',#6202,#2852);
#2561=LINE('',#6203,#2853);
#2562=LINE('',#6207,#2854);
#2563=LINE('',#6211,#2855);
#2564=LINE('',#6219,#2856);
#2565=LINE('',#6226,#2857);
#2566=LINE('',#6253,#2858);
#2567=LINE('',#6263,#2859);
#2568=LINE('',#6264,#2860);
#2569=LINE('',#6268,#2861);
#2570=LINE('',#6272,#2862);
#2571=LINE('',#6274,#2863);
#2572=LINE('',#6276,#2864);
#2573=LINE('',#6280,#2865);
#2574=LINE('',#6289,#2866);
#2575=LINE('',#6329,#2867);
#2576=LINE('',#6335,#2868);
#2577=LINE('',#6336,#2869);
#2578=LINE('',#6338,#2870);
#2579=LINE('',#6339,#2871);
#2580=LINE('',#6341,#2872);
#2581=LINE('',#6343,#2873);
#2582=LINE('',#6345,#2874);
#2583=LINE('',#6347,#2875);
#2584=LINE('',#6349,#2876);
#2585=LINE('',#6351,#2877);
#2586=LINE('',#6353,#2878);
#2587=LINE('',#6355,#2879);
#2588=LINE('',#6358,#2880);
#2589=LINE('',#6359,#2881);
#2590=LINE('',#6361,#2882);
#2591=LINE('',#6363,#2883);
#2592=LINE('',#6365,#2884);
#2593=LINE('',#6367,#2885);
#2594=LINE('',#6375,#2886);
#2595=LINE('',#6382,#2887);
#2596=LINE('',#6385,#2888);
#2597=LINE('',#6392,#2889);
#2598=LINE('',#6402,#2890);
#2599=LINE('',#6404,#2891);
#2600=LINE('',#6406,#2892);
#2601=LINE('',#6408,#2893);
#2602=LINE('',#6410,#2894);
#2603=LINE('',#6414,#2895);
#2604=LINE('',#6416,#2896);
#2605=LINE('',#6418,#2897);
#2606=LINE('',#6420,#2898);
#2607=LINE('',#6422,#2899);
#2608=LINE('',#6429,#2900);
#2609=LINE('',#6431,#2901);
#2610=LINE('',#6437,#2902);
#2611=LINE('',#6449,#2903);
#2612=LINE('',#6450,#2904);
#2613=LINE('',#6452,#2905);
#2614=LINE('',#6454,#2906);
#2615=LINE('',#6464,#2907);
#2616=LINE('',#6468,#2908);
#2617=LINE('',#6471,#2909);
#2618=LINE('',#6472,#2910);
#2619=LINE('',#6482,#2911);
#2620=LINE('',#6483,#2912);
#2621=LINE('',#6494,#2913);
#2622=LINE('',#6496,#2914);
#2623=LINE('',#6498,#2915);
#2624=LINE('',#6512,#2916);
#2625=LINE('',#6514,#2917);
#2626=LINE('',#6516,#2918);
#2627=LINE('',#6523,#2919);
#2628=LINE('',#6525,#2920);
#2629=LINE('',#6527,#2921);
#2630=LINE('',#6544,#2922);
#2631=LINE('',#6558,#2923);
#2632=LINE('',#6570,#2924);
#2633=LINE('',#6578,#2925);
#2634=LINE('',#6579,#2926);
#2635=LINE('',#6590,#2927);
#2636=LINE('',#6596,#2928);
#2637=LINE('',#6615,#2929);
#2638=LINE('',#6620,#2930);
#2639=LINE('',#6624,#2931);
#2640=LINE('',#6626,#2932);
#2641=LINE('',#6628,#2933);
#2642=LINE('',#6630,#2934);
#2643=LINE('',#6632,#2935);
#2644=LINE('',#6636,#2936);
#2645=LINE('',#6640,#2937);
#2646=LINE('',#6642,#2938);
#2647=LINE('',#6651,#2939);
#2648=LINE('',#6656,#2940);
#2649=LINE('',#6660,#2941);
#2650=LINE('',#6662,#2942);
#2651=LINE('',#6664,#2943);
#2652=LINE('',#6666,#2944);
#2653=LINE('',#6668,#2945);
#2654=LINE('',#6672,#2946);
#2655=LINE('',#6676,#2947);
#2656=LINE('',#6678,#2948);
#2657=LINE('',#6687,#2949);
#2658=LINE('',#6692,#2950);
#2659=LINE('',#6696,#2951);
#2660=LINE('',#6698,#2952);
#2661=LINE('',#6700,#2953);
#2662=LINE('',#6704,#2954);
#2663=LINE('',#6708,#2955);
#2664=LINE('',#6710,#2956);
#2665=VECTOR('',#4154,1.);
#2666=VECTOR('',#4155,1.);
#2667=VECTOR('',#4156,1.);
#2668=VECTOR('',#4157,1.);
#2669=VECTOR('',#4160,1.);
#2670=VECTOR('',#4161,1.);
#2671=VECTOR('',#4162,1.);
#2672=VECTOR('',#4163,1.);
#2673=VECTOR('',#4166,1.);
#2674=VECTOR('',#4169,1.);
#2675=VECTOR('',#4174,1.);
#2676=VECTOR('',#4177,1.);
#2677=VECTOR('',#4182,1.);
#2678=VECTOR('',#4183,1.);
#2679=VECTOR('',#4184,1.);
#2680=VECTOR('',#4187,1.);
#2681=VECTOR('',#4188,1.);
#2682=VECTOR('',#4189,1.);
#2683=VECTOR('',#4194,1.);
#2684=VECTOR('',#4199,1.);
#2685=VECTOR('',#4206,1.);
#2686=VECTOR('',#4207,1.);
#2687=VECTOR('',#4208,1.);
#2688=VECTOR('',#4209,1.);
#2689=VECTOR('',#4220,1.);
#2690=VECTOR('',#4221,1.);
#2691=VECTOR('',#4222,1.);
#2692=VECTOR('',#4223,1.);
#2693=VECTOR('',#4224,1.);
#2694=VECTOR('',#4225,1.);
#2695=VECTOR('',#4226,1.);
#2696=VECTOR('',#4227,1.);
#2697=VECTOR('',#4228,1.);
#2698=VECTOR('',#4229,1.);
#2699=VECTOR('',#4230,1.);
#2700=VECTOR('',#4231,1.);
#2701=VECTOR('',#4232,1.);
#2702=VECTOR('',#4233,1.);
#2703=VECTOR('',#4234,1.);
#2704=VECTOR('',#4235,1.);
#2705=VECTOR('',#4236,1.);
#2706=VECTOR('',#4239,1.);
#2707=VECTOR('',#4240,1.);
#2708=VECTOR('',#4241,1.);
#2709=VECTOR('',#4242,1.);
#2710=VECTOR('',#4243,1.);
#2711=VECTOR('',#4244,1.);
#2712=VECTOR('',#4245,1.);
#2713=VECTOR('',#4246,1.);
#2714=VECTOR('',#4247,1.);
#2715=VECTOR('',#4248,1.);
#2716=VECTOR('',#4249,1.);
#2717=VECTOR('',#4250,1.);
#2718=VECTOR('',#4251,1.);
#2719=VECTOR('',#4252,1.);
#2720=VECTOR('',#4253,1.);
#2721=VECTOR('',#4254,1.);
#2722=VECTOR('',#4255,1.);
#2723=VECTOR('',#4260,1.);
#2724=VECTOR('',#4263,1.);
#2725=VECTOR('',#4266,1.);
#2726=VECTOR('',#4269,1.);
#2727=VECTOR('',#4272,1.);
#2728=VECTOR('',#4275,1.);
#2729=VECTOR('',#4286,1.);
#2730=VECTOR('',#4289,1.);
#2731=VECTOR('',#4296,1.);
#2732=VECTOR('',#4299,1.);
#2733=VECTOR('',#4306,1.);
#2734=VECTOR('',#4309,1.);
#2735=VECTOR('',#4316,1.);
#2736=VECTOR('',#4323,1.);
#2737=VECTOR('',#4326,1.);
#2738=VECTOR('',#4337,1.);
#2739=VECTOR('',#4340,1.);
#2740=VECTOR('',#4343,1.);
#2741=VECTOR('',#4352,1.);
#2742=VECTOR('',#4355,1.);
#2743=VECTOR('',#4364,1.);
#2744=VECTOR('',#4367,1.);
#2745=VECTOR('',#4368,1.);
#2746=VECTOR('',#4369,1.);
#2747=VECTOR('',#4372,1.);
#2748=VECTOR('',#4379,1.);
#2749=VECTOR('',#4382,1.);
#2750=VECTOR('',#4391,1.);
#2751=VECTOR('',#4398,1.);
#2752=VECTOR('',#4405,1.);
#2753=VECTOR('',#4406,1.);
#2754=VECTOR('',#4407,1.);
#2755=VECTOR('',#4410,1.);
#2756=VECTOR('',#4417,1.);
#2757=VECTOR('',#4418,1.);
#2758=VECTOR('',#4419,1.);
#2759=VECTOR('',#4422,1.);
#2760=VECTOR('',#4429,1.);
#2761=VECTOR('',#4436,1.);
#2762=VECTOR('',#4437,1.);
#2763=VECTOR('',#4438,1.);
#2764=VECTOR('',#4439,1.);
#2765=VECTOR('',#4454,1.);
#2766=VECTOR('',#4455,1.);
#2767=VECTOR('',#4458,1.);
#2768=VECTOR('',#4465,1.);
#2769=VECTOR('',#4466,1.);
#2770=VECTOR('',#4467,1.);
#2771=VECTOR('',#4470,1.);
#2772=VECTOR('',#4477,1.);
#2773=VECTOR('',#4478,1.);
#2774=VECTOR('',#4479,1.);
#2775=VECTOR('',#4488,1.);
#2776=VECTOR('',#4489,1.);
#2777=VECTOR('',#4494,1.);
#2778=VECTOR('',#4495,1.);
#2779=VECTOR('',#4498,1.);
#2780=VECTOR('',#4499,1.);
#2781=VECTOR('',#4508,1.);
#2782=VECTOR('',#4509,1.);
#2783=VECTOR('',#4510,1.);
#2784=VECTOR('',#4513,1.);
#2785=VECTOR('',#4518,1.);
#2786=VECTOR('',#4519,1.);
#2787=VECTOR('',#4520,1.);
#2788=VECTOR('',#4523,1.);
#2789=VECTOR('',#4528,1.);
#2790=VECTOR('',#4533,1.);
#2791=VECTOR('',#4540,1.);
#2792=VECTOR('',#4547,1.);
#2793=VECTOR('',#4548,1.);
#2794=VECTOR('',#4549,1.);
#2795=VECTOR('',#4552,1.);
#2796=VECTOR('',#4553,1.);
#2797=VECTOR('',#4554,1.);
#2798=VECTOR('',#4561,1.);
#2799=VECTOR('',#4562,1.);
#2800=VECTOR('',#4589,1.);
#2801=VECTOR('',#4590,1.);
#2802=VECTOR('',#4597,1.);
#2803=VECTOR('',#4598,1.);
#2804=VECTOR('',#4613,1.);
#2805=VECTOR('',#4614,1.);
#2806=VECTOR('',#4617,1.);
#2807=VECTOR('',#4618,1.);
#2808=VECTOR('',#4621,1.);
#2809=VECTOR('',#4630,1.);
#2810=VECTOR('',#4631,1.);
#2811=VECTOR('',#4634,1.);
#2812=VECTOR('',#4647,1.);
#2813=VECTOR('',#4650,1.);
#2814=VECTOR('',#4653,1.);
#2815=VECTOR('',#4660,1.);
#2816=VECTOR('',#4661,1.);
#2817=VECTOR('',#4664,1.);
#2818=VECTOR('',#4665,1.);
#2819=VECTOR('',#4668,1.);
#2820=VECTOR('',#4669,1.);
#2821=VECTOR('',#4670,1.);
#2822=VECTOR('',#4671,1.);
#2823=VECTOR('',#4674,1.);
#2824=VECTOR('',#4677,1.);
#2825=VECTOR('',#4678,1.);
#2826=VECTOR('',#4679,1.);
#2827=VECTOR('',#4682,1.);
#2828=VECTOR('',#4683,1.);
#2829=VECTOR('',#4684,1.);
#2830=VECTOR('',#4687,1.);
#2831=VECTOR('',#4688,1.);
#2832=VECTOR('',#4689,1.);
#2833=VECTOR('',#4690,1.);
#2834=VECTOR('',#4695,1.);
#2835=VECTOR('',#4700,1.);
#2836=VECTOR('',#4701,1.);
#2837=VECTOR('',#4702,1.);
#2838=VECTOR('',#4707,1.);
#2839=VECTOR('',#4712,1.);
#2840=VECTOR('',#4713,1.);
#2841=VECTOR('',#4714,1.);
#2842=VECTOR('',#4723,1.);
#2843=VECTOR('',#4726,1.);
#2844=VECTOR('',#4731,1.);
#2845=VECTOR('',#4732,1.);
#2846=VECTOR('',#4733,1.);
#2847=VECTOR('',#4738,1.);
#2848=VECTOR('',#4743,1.);
#2849=VECTOR('',#4744,1.);
#2850=VECTOR('',#4749,1.);
#2851=VECTOR('',#4754,1.);
#2852=VECTOR('',#4755,1.);
#2853=VECTOR('',#4756,1.);
#2854=VECTOR('',#4761,1.);
#2855=VECTOR('',#4766,1.);
#2856=VECTOR('',#4775,1.);
#2857=VECTOR('',#4786,1.);
#2858=VECTOR('',#4799,1.);
#2859=VECTOR('',#4804,1.);
#2860=VECTOR('',#4805,1.);
#2861=VECTOR('',#4810,1.);
#2862=VECTOR('',#4815,1.);
#2863=VECTOR('',#4816,1.);
#2864=VECTOR('',#4817,1.);
#2865=VECTOR('',#4822,1.);
#2866=VECTOR('',#4827,1.);
#2867=VECTOR('',#4838,1.);
#2868=VECTOR('',#4841,1.);
#2869=VECTOR('',#4842,1.);
#2870=VECTOR('',#4845,1.);
#2871=VECTOR('',#4846,1.);
#2872=VECTOR('',#4849,1.);
#2873=VECTOR('',#4852,1.);
#2874=VECTOR('',#4855,1.);
#2875=VECTOR('',#4858,1.);
#2876=VECTOR('',#4861,1.);
#2877=VECTOR('',#4864,1.);
#2878=VECTOR('',#4867,1.);
#2879=VECTOR('',#4870,1.);
#2880=VECTOR('',#4875,1.);
#2881=VECTOR('',#4876,1.);
#2882=VECTOR('',#4879,1.);
#2883=VECTOR('',#4882,1.);
#2884=VECTOR('',#4885,1.);
#2885=VECTOR('',#4888,1.);
#2886=VECTOR('',#4895,1.);
#2887=VECTOR('',#4900,1.);
#2888=VECTOR('',#4905,1.);
#2889=VECTOR('',#4910,1.);
#2890=VECTOR('',#4919,1.);
#2891=VECTOR('',#4922,1.);
#2892=VECTOR('',#4923,1.);
#2893=VECTOR('',#4926,1.);
#2894=VECTOR('',#4927,1.);
#2895=VECTOR('',#4932,1.);
#2896=VECTOR('',#4935,1.);
#2897=VECTOR('',#4936,1.);
#2898=VECTOR('',#4937,1.);
#2899=VECTOR('',#4940,1.);
#2900=VECTOR('',#4949,1.);
#2901=VECTOR('',#4950,1.);
#2902=VECTOR('',#4959,1.);
#2903=VECTOR('',#4968,1.);
#2904=VECTOR('',#4969,1.);
#2905=VECTOR('',#4972,1.);
#2906=VECTOR('',#4973,1.);
#2907=VECTOR('',#4978,1.);
#2908=VECTOR('',#4983,1.);
#2909=VECTOR('',#4984,1.);
#2910=VECTOR('',#4985,1.);
#2911=VECTOR('',#4994,1.);
#2912=VECTOR('',#4995,1.);
#2913=VECTOR('',#5008,1.);
#2914=VECTOR('',#5011,1.);
#2915=VECTOR('',#5014,1.);
#2916=VECTOR('',#5027,1.);
#2917=VECTOR('',#5028,1.);
#2918=VECTOR('',#5031,1.);
#2919=VECTOR('',#5032,1.);
#2920=VECTOR('',#5035,1.);
#2921=VECTOR('',#5036,1.);
#2922=VECTOR('',#5055,1.);
#2923=VECTOR('',#5060,1.);
#2924=VECTOR('',#5067,1.);
#2925=VECTOR('',#5072,1.);
#2926=VECTOR('',#5073,1.);
#2927=VECTOR('',#5092,1.);
#2928=VECTOR('',#5095,1.);
#2929=VECTOR('',#5120,1.);
#2930=VECTOR('',#5125,1.);
#2931=VECTOR('',#5130,1.);
#2932=VECTOR('',#5131,1.);
#2933=VECTOR('',#5134,1.);
#2934=VECTOR('',#5135,1.);
#2935=VECTOR('',#5136,1.);
#2936=VECTOR('',#5143,1.);
#2937=VECTOR('',#5148,1.);
#2938=VECTOR('',#5149,1.);
#2939=VECTOR('',#5162,1.);
#2940=VECTOR('',#5167,1.);
#2941=VECTOR('',#5172,1.);
#2942=VECTOR('',#5173,1.);
#2943=VECTOR('',#5176,1.);
#2944=VECTOR('',#5177,1.);
#2945=VECTOR('',#5178,1.);
#2946=VECTOR('',#5185,1.);
#2947=VECTOR('',#5190,1.);
#2948=VECTOR('',#5191,1.);
#2949=VECTOR('',#5204,1.);
#2950=VECTOR('',#5209,1.);
#2951=VECTOR('',#5214,1.);
#2952=VECTOR('',#5217,1.);
#2953=VECTOR('',#5218,1.);
#2954=VECTOR('',#5225,1.);
#2955=VECTOR('',#5230,1.);
#2956=VECTOR('',#5231,1.);
#2957=EDGE_LOOP('',(#389,#390,#391,#392));
#2958=EDGE_LOOP('',(#393,#394,#395,#396));
#2959=EDGE_LOOP('',(#397,#398,#399,#400));
#2960=EDGE_LOOP('',(#401,#402,#403,#404));
#2961=EDGE_LOOP('',(#405,#406,#407,#408));
#2962=EDGE_LOOP('',(#409,#410,#411,#412));
#2963=EDGE_LOOP('',(#413,#414,#415,#416));
#2964=EDGE_LOOP('',(#417,#418,#419,#420));
#2965=EDGE_LOOP('',(#421,#422,#423,#424));
#2966=EDGE_LOOP('',(#425,#426,#427,#428));
#2967=EDGE_LOOP('',(#429,#430,#431,#432));
#2968=EDGE_LOOP('',(#433,#434,#435,#436));
#2969=EDGE_LOOP('',(#437,#438,#439,#440,#441));
#2970=EDGE_LOOP('',(#442,#443,#444,#445));
#2971=EDGE_LOOP('',(#446,#447,#448,#449));
#2972=EDGE_LOOP('',(#450,#451,#452,#453));
#2973=EDGE_LOOP('',(#454,#455,#456,#457));
#2974=EDGE_LOOP('',(#458,#459,#460,#461,#462));
#2975=EDGE_LOOP('',(#463,#464,#465,#466));
#2976=EDGE_LOOP('',(#467,#468,#469,#470));
#2977=EDGE_LOOP('',(#471,#472,#473,#474));
#2978=EDGE_LOOP('',(#475,#476,#477,#478));
#2979=EDGE_LOOP('',(#479));
#2980=EDGE_LOOP('',(#480,#481,#482,#483,#484,#485));
#2981=EDGE_LOOP('',(#486,#487,#488,#489,#490,#491,#492,#493,#494,#495));
#2982=EDGE_LOOP('',(#496,#497,#498,#499,#500,#501,#502,#503,#504,#505,#506,
#507));
#2983=EDGE_LOOP('',(#508));
#2984=EDGE_LOOP('',(#509));
#2985=EDGE_LOOP('',(#510,#511,#512,#513,#514,#515));
#2986=EDGE_LOOP('',(#516,#517,#518,#519,#520,#521,#522,#523,#524,#525,#526,
#527,#528,#529,#530,#531,#532,#533,#534,#535,#536,#537,#538,#539,#540,#541,
#542,#543,#544,#545,#546,#547,#548,#549));
#2987=EDGE_LOOP('',(#550,#551,#552));
#2988=EDGE_LOOP('',(#553,#554,#555,#556,#557));
#2989=EDGE_LOOP('',(#558,#559,#560,#561));
#2990=EDGE_LOOP('',(#562,#563,#564,#565));
#2991=EDGE_LOOP('',(#566,#567,#568,#569));
#2992=EDGE_LOOP('',(#570,#571,#572,#573));
#2993=EDGE_LOOP('',(#574,#575,#576,#577));
#2994=EDGE_LOOP('',(#578,#579,#580,#581));
#2995=EDGE_LOOP('',(#582,#583,#584,#585));
#2996=EDGE_LOOP('',(#586,#587,#588,#589));
#2997=EDGE_LOOP('',(#590,#591,#592,#593));
#2998=EDGE_LOOP('',(#594,#595,#596,#597));
#2999=EDGE_LOOP('',(#598,#599,#600,#601));
#3000=EDGE_LOOP('',(#602,#603,#604,#605));
#3001=EDGE_LOOP('',(#606,#607,#608,#609));
#3002=EDGE_LOOP('',(#610,#611,#612,#613));
#3003=EDGE_LOOP('',(#614,#615,#616,#617));
#3004=EDGE_LOOP('',(#618,#619,#620,#621));
#3005=EDGE_LOOP('',(#622,#623,#624,#625));
#3006=EDGE_LOOP('',(#626,#627,#628,#629));
#3007=EDGE_LOOP('',(#630,#631,#632,#633));
#3008=EDGE_LOOP('',(#634,#635,#636,#637));
#3009=EDGE_LOOP('',(#638,#639,#640,#641,#642,#643));
#3010=EDGE_LOOP('',(#644,#645,#646,#647));
#3011=EDGE_LOOP('',(#648,#649,#650,#651));
#3012=EDGE_LOOP('',(#652,#653,#654,#655));
#3013=EDGE_LOOP('',(#656,#657,#658,#659));
#3014=EDGE_LOOP('',(#660,#661,#662,#663));
#3015=EDGE_LOOP('',(#664,#665,#666,#667));
#3016=EDGE_LOOP('',(#668,#669,#670,#671));
#3017=EDGE_LOOP('',(#672,#673,#674,#675));
#3018=EDGE_LOOP('',(#676,#677,#678,#679));
#3019=EDGE_LOOP('',(#680,#681,#682,#683));
#3020=EDGE_LOOP('',(#684,#685,#686,#687));
#3021=EDGE_LOOP('',(#688,#689,#690,#691));
#3022=EDGE_LOOP('',(#692,#693,#694,#695));
#3023=EDGE_LOOP('',(#696));
#3024=EDGE_LOOP('',(#697));
#3025=EDGE_LOOP('',(#698));
#3026=EDGE_LOOP('',(#699));
#3027=EDGE_LOOP('',(#700));
#3028=EDGE_LOOP('',(#701));
#3029=EDGE_LOOP('',(#702));
#3030=EDGE_LOOP('',(#703));
#3031=EDGE_LOOP('',(#704));
#3032=EDGE_LOOP('',(#705));
#3033=EDGE_LOOP('',(#706));
#3034=EDGE_LOOP('',(#707));
#3035=EDGE_LOOP('',(#708,#709,#710,#711));
#3036=EDGE_LOOP('',(#712,#713,#714,#715));
#3037=EDGE_LOOP('',(#716,#717,#718,#719));
#3038=EDGE_LOOP('',(#720,#721,#722,#723,#724));
#3039=EDGE_LOOP('',(#725,#726,#727,#728));
#3040=EDGE_LOOP('',(#729,#730,#731,#732));
#3041=EDGE_LOOP('',(#733,#734,#735,#736));
#3042=EDGE_LOOP('',(#737,#738,#739,#740));
#3043=EDGE_LOOP('',(#741,#742,#743,#744));
#3044=EDGE_LOOP('',(#745,#746,#747,#748,#749,#750,#751,#752,#753,#754,#755,
#756,#757,#758,#759));
#3045=EDGE_LOOP('',(#760,#761,#762,#763,#764));
#3046=EDGE_LOOP('',(#765,#766,#767,#768));
#3047=EDGE_LOOP('',(#769,#770,#771,#772));
#3048=EDGE_LOOP('',(#773,#774,#775,#776,#777));
#3049=EDGE_LOOP('',(#778));
#3050=EDGE_LOOP('',(#779));
#3051=EDGE_LOOP('',(#780));
#3052=EDGE_LOOP('',(#781));
#3053=EDGE_LOOP('',(#782,#783,#784,#785));
#3054=EDGE_LOOP('',(#786,#787,#788,#789));
#3055=EDGE_LOOP('',(#790,#791,#792,#793));
#3056=EDGE_LOOP('',(#794,#795,#796,#797,#798,#799,#800,#801,#802,#803));
#3057=EDGE_LOOP('',(#804,#805,#806,#807));
#3058=EDGE_LOOP('',(#808,#809,#810,#811,#812,#813));
#3059=EDGE_LOOP('',(#814,#815,#816,#817));
#3060=EDGE_LOOP('',(#818,#819,#820,#821));
#3061=EDGE_LOOP('',(#822,#823,#824,#825));
#3062=EDGE_LOOP('',(#826,#827,#828,#829));
#3063=EDGE_LOOP('',(#830,#831,#832,#833));
#3064=EDGE_LOOP('',(#834,#835,#836,#837));
#3065=EDGE_LOOP('',(#838,#839,#840,#841));
#3066=EDGE_LOOP('',(#842,#843,#844,#845));
#3067=EDGE_LOOP('',(#846,#847,#848,#849));
#3068=EDGE_LOOP('',(#850,#851,#852,#853));
#3069=EDGE_LOOP('',(#854,#855,#856,#857));
#3070=EDGE_LOOP('',(#858,#859,#860,#861));
#3071=EDGE_LOOP('',(#862,#863,#864,#865));
#3072=EDGE_LOOP('',(#866,#867,#868,#869));
#3073=EDGE_LOOP('',(#870,#871,#872,#873));
#3074=EDGE_LOOP('',(#874,#875,#876,#877));
#3075=EDGE_LOOP('',(#878,#879,#880,#881));
#3076=EDGE_LOOP('',(#882,#883,#884,#885));
#3077=EDGE_LOOP('',(#886,#887,#888,#889));
#3078=EDGE_LOOP('',(#890,#891,#892,#893));
#3079=EDGE_LOOP('',(#894,#895,#896,#897));
#3080=EDGE_LOOP('',(#898,#899,#900,#901));
#3081=EDGE_LOOP('',(#902,#903,#904,#905));
#3082=EDGE_LOOP('',(#906,#907,#908,#909));
#3083=EDGE_LOOP('',(#910,#911,#912,#913));
#3084=EDGE_LOOP('',(#914,#915,#916,#917));
#3085=EDGE_LOOP('',(#918,#919,#920,#921));
#3086=EDGE_LOOP('',(#922,#923,#924,#925));
#3087=EDGE_LOOP('',(#926,#927,#928,#929));
#3088=EDGE_LOOP('',(#930,#931,#932,#933));
#3089=EDGE_LOOP('',(#934,#935,#936,#937));
#3090=EDGE_LOOP('',(#938,#939,#940,#941));
#3091=EDGE_LOOP('',(#942,#943,#944,#945));
#3092=EDGE_LOOP('',(#946,#947,#948,#949));
#3093=EDGE_LOOP('',(#950,#951,#952,#953));
#3094=EDGE_LOOP('',(#954,#955,#956,#957));
#3095=EDGE_LOOP('',(#958,#959,#960,#961));
#3096=EDGE_LOOP('',(#962,#963,#964,#965));
#3097=EDGE_LOOP('',(#966,#967,#968,#969));
#3098=EDGE_LOOP('',(#970,#971,#972,#973));
#3099=EDGE_LOOP('',(#974,#975,#976,#977));
#3100=EDGE_LOOP('',(#978,#979,#980,#981));
#3101=EDGE_LOOP('',(#982,#983,#984,#985));
#3102=EDGE_LOOP('',(#986,#987,#988,#989));
#3103=EDGE_LOOP('',(#990,#991,#992,#993));
#3104=EDGE_LOOP('',(#994,#995,#996,#997));
#3105=EDGE_LOOP('',(#998,#999,#1000,#1001));
#3106=EDGE_LOOP('',(#1002,#1003,#1004,#1005));
#3107=EDGE_LOOP('',(#1006,#1007,#1008,#1009));
#3108=EDGE_LOOP('',(#1010,#1011,#1012,#1013));
#3109=EDGE_LOOP('',(#1014,#1015,#1016,#1017));
#3110=EDGE_LOOP('',(#1018,#1019,#1020,#1021));
#3111=EDGE_LOOP('',(#1022,#1023,#1024,#1025));
#3112=EDGE_LOOP('',(#1026,#1027,#1028,#1029));
#3113=EDGE_LOOP('',(#1030,#1031,#1032,#1033));
#3114=EDGE_LOOP('',(#1034,#1035,#1036,#1037));
#3115=EDGE_LOOP('',(#1038,#1039,#1040,#1041));
#3116=EDGE_LOOP('',(#1042,#1043,#1044,#1045));
#3117=EDGE_LOOP('',(#1046,#1047,#1048,#1049));
#3118=EDGE_LOOP('',(#1050,#1051,#1052,#1053));
#3119=EDGE_LOOP('',(#1054,#1055,#1056,#1057));
#3120=EDGE_LOOP('',(#1058,#1059,#1060,#1061));
#3121=EDGE_LOOP('',(#1062,#1063,#1064,#1065,#1066,#1067,#1068,#1069));
#3122=EDGE_LOOP('',(#1070,#1071,#1072,#1073,#1074,#1075,#1076,#1077,#1078));
#3123=EDGE_LOOP('',(#1079));
#3124=EDGE_LOOP('',(#1080,#1081));
#3125=EDGE_LOOP('',(#1082,#1083,#1084,#1085));
#3126=EDGE_LOOP('',(#1086,#1087,#1088,#1089));
#3127=EDGE_LOOP('',(#1090,#1091,#1092,#1093));
#3128=EDGE_LOOP('',(#1094,#1095,#1096,#1097));
#3129=EDGE_LOOP('',(#1098,#1099,#1100,#1101));
#3130=EDGE_LOOP('',(#1102,#1103,#1104,#1105));
#3131=EDGE_LOOP('',(#1106,#1107,#1108,#1109));
#3132=EDGE_LOOP('',(#1110,#1111,#1112,#1113,#1114,#1115,#1116,#1117,#1118,
#1119));
#3133=EDGE_LOOP('',(#1120,#1121,#1122,#1123));
#3134=EDGE_LOOP('',(#1124,#1125,#1126,#1127));
#3135=EDGE_LOOP('',(#1128,#1129,#1130,#1131));
#3136=EDGE_LOOP('',(#1132,#1133,#1134,#1135,#1136));
#3137=EDGE_LOOP('',(#1137,#1138,#1139,#1140));
#3138=EDGE_LOOP('',(#1141));
#3139=EDGE_LOOP('',(#1142,#1143));
#3140=EDGE_LOOP('',(#1144,#1145,#1146,#1147,#1148));
#3141=EDGE_LOOP('',(#1149,#1150,#1151,#1152,#1153));
#3142=EDGE_LOOP('',(#1154,#1155,#1156));
#3143=EDGE_LOOP('',(#1157,#1158,#1159,#1160));
#3144=EDGE_LOOP('',(#1161,#1162,#1163,#1164));
#3145=EDGE_LOOP('',(#1165));
#3146=EDGE_LOOP('',(#1166));
#3147=EDGE_LOOP('',(#1167,#1168,#1169,#1170,#1171,#1172,#1173,#1174));
#3148=EDGE_LOOP('',(#1175,#1176,#1177,#1178,#1179));
#3149=EDGE_LOOP('',(#1180,#1181,#1182,#1183,#1184));
#3150=EDGE_LOOP('',(#1185,#1186,#1187,#1188,#1189,#1190,#1191));
#3151=EDGE_LOOP('',(#1192,#1193,#1194,#1195,#1196));
#3152=EDGE_LOOP('',(#1197,#1198,#1199,#1200,#1201,#1202,#1203,#1204));
#3153=EDGE_LOOP('',(#1205,#1206,#1207,#1208));
#3154=EDGE_LOOP('',(#1209,#1210,#1211,#1212,#1213,#1214,#1215,#1216));
#3155=EDGE_LOOP('',(#1217,#1218,#1219,#1220,#1221));
#3156=EDGE_LOOP('',(#1222,#1223,#1224,#1225,#1226,#1227,#1228));
#3157=EDGE_LOOP('',(#1229,#1230,#1231,#1232));
#3158=EDGE_LOOP('',(#1233));
#3159=EDGE_LOOP('',(#1234));
#3160=EDGE_LOOP('',(#1235));
#3161=EDGE_LOOP('',(#1236));
#3162=EDGE_LOOP('',(#1237,#1238,#1239,#1240));
#3163=EDGE_LOOP('',(#1241,#1242,#1243,#1244));
#3164=EDGE_LOOP('',(#1245,#1246,#1247,#1248));
#3165=EDGE_LOOP('',(#1249,#1250,#1251,#1252));
#3166=EDGE_LOOP('',(#1253,#1254,#1255,#1256,#1257,#1258,#1259,#1260,#1261,
#1262,#1263,#1264,#1265,#1266,#1267,#1268,#1269,#1270,#1271,#1272,#1273,
#1274,#1275,#1276,#1277,#1278,#1279,#1280,#1281,#1282,#1283));
#3167=EDGE_LOOP('',(#1284,#1285,#1286,#1287,#1288,#1289,#1290,#1291,#1292,
#1293));
#3168=EDGE_LOOP('',(#1294,#1295,#1296,#1297,#1298,#1299));
#3169=EDGE_LOOP('',(#1300,#1301,#1302,#1303,#1304,#1305,#1306,#1307,#1308,
#1309,#1310,#1311));
#3170=EDGE_LOOP('',(#1312,#1313,#1314,#1315,#1316,#1317));
#3171=EDGE_LOOP('',(#1318,#1319,#1320,#1321,#1322,#1323,#1324,#1325));
#3172=EDGE_LOOP('',(#1326));
#3173=EDGE_LOOP('',(#1327,#1328,#1329,#1330));
#3174=EDGE_LOOP('',(#1331,#1332,#1333,#1334));
#3175=EDGE_LOOP('',(#1335,#1336,#1337,#1338,#1339,#1340,#1341,#1342));
#3176=EDGE_LOOP('',(#1343,#1344,#1345,#1346,#1347,#1348,#1349,#1350));
#3177=EDGE_LOOP('',(#1351,#1352,#1353,#1354,#1355));
#3178=EDGE_LOOP('',(#1356,#1357,#1358,#1359,#1360,#1361));
#3179=EDGE_LOOP('',(#1362,#1363,#1364,#1365,#1366));
#3180=EDGE_LOOP('',(#1367,#1368,#1369,#1370));
#3181=EDGE_LOOP('',(#1371,#1372,#1373,#1374));
#3182=EDGE_LOOP('',(#1375,#1376,#1377,#1378));
#3183=EDGE_LOOP('',(#1379,#1380,#1381,#1382,#1383,#1384,#1385,#1386));
#3184=EDGE_LOOP('',(#1387,#1388,#1389,#1390,#1391,#1392,#1393,#1394));
#3185=EDGE_LOOP('',(#1395,#1396,#1397,#1398,#1399));
#3186=EDGE_LOOP('',(#1400,#1401,#1402,#1403,#1404,#1405));
#3187=EDGE_LOOP('',(#1406,#1407,#1408,#1409,#1410));
#3188=EDGE_LOOP('',(#1411,#1412,#1413,#1414));
#3189=EDGE_LOOP('',(#1415,#1416,#1417,#1418));
#3190=EDGE_LOOP('',(#1419,#1420,#1421,#1422));
#3191=EDGE_LOOP('',(#1423,#1424,#1425,#1426,#1427,#1428,#1429,#1430));
#3192=EDGE_LOOP('',(#1431,#1432,#1433,#1434,#1435,#1436,#1437,#1438));
#3193=EDGE_LOOP('',(#1439,#1440,#1441,#1442));
#3194=EDGE_LOOP('',(#1443,#1444,#1445,#1446));
#3195=EDGE_LOOP('',(#1447,#1448,#1449,#1450));
#3196=EDGE_LOOP('',(#1451,#1452,#1453,#1454));
#3197=EDGE_LOOP('',(#1455,#1456,#1457,#1458));
#3198=EDGE_LOOP('',(#1459,#1460,#1461,#1462));
#3199=EDGE_LOOP('',(#1463,#1464,#1465,#1466,#1467,#1468,#1469,#1470));
#3200=EDGE_LOOP('',(#1471,#1472,#1473,#1474,#1475,#1476,#1477,#1478));
#3201=FACE_BOUND('',#2957,.T.);
#3202=FACE_BOUND('',#2958,.T.);
#3203=FACE_BOUND('',#2959,.T.);
#3204=FACE_BOUND('',#2960,.T.);
#3205=FACE_BOUND('',#2961,.T.);
#3206=FACE_BOUND('',#2962,.T.);
#3207=FACE_BOUND('',#2963,.T.);
#3208=FACE_BOUND('',#2964,.T.);
#3209=FACE_BOUND('',#2965,.T.);
#3210=FACE_BOUND('',#2966,.T.);
#3211=FACE_BOUND('',#2967,.T.);
#3212=FACE_BOUND('',#2968,.T.);
#3213=FACE_BOUND('',#2969,.T.);
#3214=FACE_BOUND('',#2970,.T.);
#3215=FACE_BOUND('',#2971,.T.);
#3216=FACE_BOUND('',#2972,.T.);
#3217=FACE_BOUND('',#2973,.T.);
#3218=FACE_BOUND('',#2974,.T.);
#3219=FACE_BOUND('',#2975,.T.);
#3220=FACE_BOUND('',#2976,.T.);
#3221=FACE_BOUND('',#2977,.T.);
#3222=FACE_BOUND('',#2978,.T.);
#3223=FACE_BOUND('',#2979,.T.);
#3224=FACE_BOUND('',#2980,.T.);
#3225=FACE_BOUND('',#2981,.T.);
#3226=FACE_BOUND('',#2982,.T.);
#3227=FACE_BOUND('',#2983,.T.);
#3228=FACE_BOUND('',#2984,.T.);
#3229=FACE_BOUND('',#2985,.T.);
#3230=FACE_BOUND('',#2986,.T.);
#3231=FACE_BOUND('',#2987,.T.);
#3232=FACE_BOUND('',#2988,.T.);
#3233=FACE_BOUND('',#2989,.T.);
#3234=FACE_BOUND('',#2990,.T.);
#3235=FACE_BOUND('',#2991,.T.);
#3236=FACE_BOUND('',#2992,.T.);
#3237=FACE_BOUND('',#2993,.T.);
#3238=FACE_BOUND('',#2994,.T.);
#3239=FACE_BOUND('',#2995,.T.);
#3240=FACE_BOUND('',#2996,.T.);
#3241=FACE_BOUND('',#2997,.T.);
#3242=FACE_BOUND('',#2998,.T.);
#3243=FACE_BOUND('',#2999,.T.);
#3244=FACE_BOUND('',#3000,.T.);
#3245=FACE_BOUND('',#3001,.T.);
#3246=FACE_BOUND('',#3002,.T.);
#3247=FACE_BOUND('',#3003,.T.);
#3248=FACE_BOUND('',#3004,.T.);
#3249=FACE_BOUND('',#3005,.T.);
#3250=FACE_BOUND('',#3006,.T.);
#3251=FACE_BOUND('',#3007,.T.);
#3252=FACE_BOUND('',#3008,.T.);
#3253=FACE_BOUND('',#3009,.T.);
#3254=FACE_BOUND('',#3010,.T.);
#3255=FACE_BOUND('',#3011,.T.);
#3256=FACE_BOUND('',#3012,.T.);
#3257=FACE_BOUND('',#3013,.T.);
#3258=FACE_BOUND('',#3014,.T.);
#3259=FACE_BOUND('',#3015,.T.);
#3260=FACE_BOUND('',#3016,.T.);
#3261=FACE_BOUND('',#3017,.T.);
#3262=FACE_BOUND('',#3018,.T.);
#3263=FACE_BOUND('',#3019,.T.);
#3264=FACE_BOUND('',#3020,.T.);
#3265=FACE_BOUND('',#3021,.T.);
#3266=FACE_BOUND('',#3022,.T.);
#3267=FACE_BOUND('',#3023,.T.);
#3268=FACE_BOUND('',#3024,.T.);
#3269=FACE_BOUND('',#3025,.T.);
#3270=FACE_BOUND('',#3026,.T.);
#3271=FACE_BOUND('',#3027,.T.);
#3272=FACE_BOUND('',#3028,.T.);
#3273=FACE_BOUND('',#3029,.T.);
#3274=FACE_BOUND('',#3030,.T.);
#3275=FACE_BOUND('',#3031,.T.);
#3276=FACE_BOUND('',#3032,.T.);
#3277=FACE_BOUND('',#3033,.T.);
#3278=FACE_BOUND('',#3034,.T.);
#3279=FACE_BOUND('',#3035,.T.);
#3280=FACE_BOUND('',#3036,.T.);
#3281=FACE_BOUND('',#3037,.T.);
#3282=FACE_BOUND('',#3038,.T.);
#3283=FACE_BOUND('',#3039,.T.);
#3284=FACE_BOUND('',#3040,.T.);
#3285=FACE_BOUND('',#3041,.T.);
#3286=FACE_BOUND('',#3042,.T.);
#3287=FACE_BOUND('',#3043,.T.);
#3288=FACE_BOUND('',#3044,.T.);
#3289=FACE_BOUND('',#3045,.T.);
#3290=FACE_BOUND('',#3046,.T.);
#3291=FACE_BOUND('',#3047,.T.);
#3292=FACE_BOUND('',#3048,.T.);
#3293=FACE_BOUND('',#3049,.T.);
#3294=FACE_BOUND('',#3050,.T.);
#3295=FACE_BOUND('',#3051,.T.);
#3296=FACE_BOUND('',#3052,.T.);
#3297=FACE_BOUND('',#3053,.T.);
#3298=FACE_BOUND('',#3054,.T.);
#3299=FACE_BOUND('',#3055,.T.);
#3300=FACE_BOUND('',#3056,.T.);
#3301=FACE_BOUND('',#3057,.T.);
#3302=FACE_BOUND('',#3058,.T.);
#3303=FACE_BOUND('',#3059,.T.);
#3304=FACE_BOUND('',#3060,.T.);
#3305=FACE_BOUND('',#3061,.T.);
#3306=FACE_BOUND('',#3062,.T.);
#3307=FACE_BOUND('',#3063,.T.);
#3308=FACE_BOUND('',#3064,.T.);
#3309=FACE_BOUND('',#3065,.T.);
#3310=FACE_BOUND('',#3066,.T.);
#3311=FACE_BOUND('',#3067,.T.);
#3312=FACE_BOUND('',#3068,.T.);
#3313=FACE_BOUND('',#3069,.T.);
#3314=FACE_BOUND('',#3070,.T.);
#3315=FACE_BOUND('',#3071,.T.);
#3316=FACE_BOUND('',#3072,.T.);
#3317=FACE_BOUND('',#3073,.T.);
#3318=FACE_BOUND('',#3074,.T.);
#3319=FACE_BOUND('',#3075,.T.);
#3320=FACE_BOUND('',#3076,.T.);
#3321=FACE_BOUND('',#3077,.T.);
#3322=FACE_BOUND('',#3078,.T.);
#3323=FACE_BOUND('',#3079,.T.);
#3324=FACE_BOUND('',#3080,.T.);
#3325=FACE_BOUND('',#3081,.T.);
#3326=FACE_BOUND('',#3082,.T.);
#3327=FACE_BOUND('',#3083,.T.);
#3328=FACE_BOUND('',#3084,.T.);
#3329=FACE_BOUND('',#3085,.T.);
#3330=FACE_BOUND('',#3086,.T.);
#3331=FACE_BOUND('',#3087,.T.);
#3332=FACE_BOUND('',#3088,.T.);
#3333=FACE_BOUND('',#3089,.T.);
#3334=FACE_BOUND('',#3090,.T.);
#3335=FACE_BOUND('',#3091,.T.);
#3336=FACE_BOUND('',#3092,.T.);
#3337=FACE_BOUND('',#3093,.T.);
#3338=FACE_BOUND('',#3094,.T.);
#3339=FACE_BOUND('',#3095,.T.);
#3340=FACE_BOUND('',#3096,.T.);
#3341=FACE_BOUND('',#3097,.T.);
#3342=FACE_BOUND('',#3098,.T.);
#3343=FACE_BOUND('',#3099,.T.);
#3344=FACE_BOUND('',#3100,.T.);
#3345=FACE_BOUND('',#3101,.T.);
#3346=FACE_BOUND('',#3102,.T.);
#3347=FACE_BOUND('',#3103,.T.);
#3348=FACE_BOUND('',#3104,.T.);
#3349=FACE_BOUND('',#3105,.T.);
#3350=FACE_BOUND('',#3106,.T.);
#3351=FACE_BOUND('',#3107,.T.);
#3352=FACE_BOUND('',#3108,.T.);
#3353=FACE_BOUND('',#3109,.T.);
#3354=FACE_BOUND('',#3110,.T.);
#3355=FACE_BOUND('',#3111,.T.);
#3356=FACE_BOUND('',#3112,.T.);
#3357=FACE_BOUND('',#3113,.T.);
#3358=FACE_BOUND('',#3114,.T.);
#3359=FACE_BOUND('',#3115,.T.);
#3360=FACE_BOUND('',#3116,.T.);
#3361=FACE_BOUND('',#3117,.T.);
#3362=FACE_BOUND('',#3118,.T.);
#3363=FACE_BOUND('',#3119,.T.);
#3364=FACE_BOUND('',#3120,.T.);
#3365=FACE_BOUND('',#3121,.T.);
#3366=FACE_BOUND('',#3122,.T.);
#3367=FACE_BOUND('',#3123,.T.);
#3368=FACE_BOUND('',#3124,.T.);
#3369=FACE_BOUND('',#3125,.T.);
#3370=FACE_BOUND('',#3126,.T.);
#3371=FACE_BOUND('',#3127,.T.);
#3372=FACE_BOUND('',#3128,.T.);
#3373=FACE_BOUND('',#3129,.T.);
#3374=FACE_BOUND('',#3130,.T.);
#3375=FACE_BOUND('',#3131,.T.);
#3376=FACE_BOUND('',#3132,.T.);
#3377=FACE_BOUND('',#3133,.T.);
#3378=FACE_BOUND('',#3134,.T.);
#3379=FACE_BOUND('',#3135,.T.);
#3380=FACE_BOUND('',#3136,.T.);
#3381=FACE_BOUND('',#3137,.T.);
#3382=FACE_BOUND('',#3138,.T.);
#3383=FACE_BOUND('',#3139,.T.);
#3384=FACE_BOUND('',#3140,.T.);
#3385=FACE_BOUND('',#3141,.T.);
#3386=FACE_BOUND('',#3142,.T.);
#3387=FACE_BOUND('',#3143,.T.);
#3388=FACE_BOUND('',#3144,.T.);
#3389=FACE_BOUND('',#3145,.T.);
#3390=FACE_BOUND('',#3146,.T.);
#3391=FACE_BOUND('',#3147,.T.);
#3392=FACE_BOUND('',#3148,.T.);
#3393=FACE_BOUND('',#3149,.T.);
#3394=FACE_BOUND('',#3150,.T.);
#3395=FACE_BOUND('',#3151,.T.);
#3396=FACE_BOUND('',#3152,.T.);
#3397=FACE_BOUND('',#3153,.T.);
#3398=FACE_BOUND('',#3154,.T.);
#3399=FACE_BOUND('',#3155,.T.);
#3400=FACE_BOUND('',#3156,.T.);
#3401=FACE_BOUND('',#3157,.T.);
#3402=FACE_BOUND('',#3158,.T.);
#3403=FACE_BOUND('',#3159,.T.);
#3404=FACE_BOUND('',#3160,.T.);
#3405=FACE_BOUND('',#3161,.T.);
#3406=FACE_BOUND('',#3162,.T.);
#3407=FACE_BOUND('',#3163,.T.);
#3408=FACE_BOUND('',#3164,.T.);
#3409=FACE_BOUND('',#3165,.T.);
#3410=FACE_BOUND('',#3166,.T.);
#3411=FACE_BOUND('',#3167,.T.);
#3412=FACE_BOUND('',#3168,.T.);
#3413=FACE_BOUND('',#3169,.T.);
#3414=FACE_BOUND('',#3170,.T.);
#3415=FACE_BOUND('',#3171,.T.);
#3416=FACE_BOUND('',#3172,.T.);
#3417=FACE_BOUND('',#3173,.T.);
#3418=FACE_BOUND('',#3174,.T.);
#3419=FACE_BOUND('',#3175,.T.);
#3420=FACE_BOUND('',#3176,.T.);
#3421=FACE_BOUND('',#3177,.T.);
#3422=FACE_BOUND('',#3178,.T.);
#3423=FACE_BOUND('',#3179,.T.);
#3424=FACE_BOUND('',#3180,.T.);
#3425=FACE_BOUND('',#3181,.T.);
#3426=FACE_BOUND('',#3182,.T.);
#3427=FACE_BOUND('',#3183,.T.);
#3428=FACE_BOUND('',#3184,.T.);
#3429=FACE_BOUND('',#3185,.T.);
#3430=FACE_BOUND('',#3186,.T.);
#3431=FACE_BOUND('',#3187,.T.);
#3432=FACE_BOUND('',#3188,.T.);
#3433=FACE_BOUND('',#3189,.T.);
#3434=FACE_BOUND('',#3190,.T.);
#3435=FACE_BOUND('',#3191,.T.);
#3436=FACE_BOUND('',#3192,.T.);
#3437=FACE_BOUND('',#3193,.T.);
#3438=FACE_BOUND('',#3194,.T.);
#3439=FACE_BOUND('',#3195,.T.);
#3440=FACE_BOUND('',#3196,.T.);
#3441=FACE_BOUND('',#3197,.T.);
#3442=FACE_BOUND('',#3198,.T.);
#3443=FACE_BOUND('',#3199,.T.);
#3444=FACE_BOUND('',#3200,.T.);
#3445=PLANE('',#3752);
#3446=PLANE('',#3753);
#3447=PLANE('',#3760);
#3448=PLANE('',#3761);
#3449=PLANE('',#3768);
#3450=PLANE('',#3773);
#3451=PLANE('',#3774);
#3452=PLANE('',#3775);
#3453=PLANE('',#3834);
#3454=PLANE('',#3838);
#3455=PLANE('',#3845);
#3456=PLANE('',#3852);
#3457=PLANE('',#3856);
#3458=PLANE('',#3860);
#3459=PLANE('',#3866);
#3460=PLANE('',#3867);
#3461=PLANE('',#3870);
#3462=PLANE('',#3871);
#3463=PLANE('',#3874);
#3464=PLANE('',#3875);
#3465=PLANE('',#3885);
#3466=PLANE('',#3886);
#3467=PLANE('',#3914);
#3468=PLANE('',#3931);
#3469=PLANE('',#3932);
#3470=PLANE('',#3934);
#3471=PLANE('',#3935);
#3472=PLANE('',#3936);
#3473=PLANE('',#3940);
#3474=PLANE('',#3944);
#3475=PLANE('',#3951);
#3476=PLANE('',#3955);
#3477=PLANE('',#3959);
#3478=PLANE('',#3980);
#3479=PLANE('',#3984);
#3480=PLANE('',#3988);
#3481=PLANE('',#3989);
#3482=PLANE('',#3995);
#3483=PLANE('',#4001);
#3484=PLANE('',#4003);
#3485=PLANE('',#4005);
#3486=PLANE('',#4007);
#3487=PLANE('',#4009);
#3488=PLANE('',#4013);
#3489=PLANE('',#4015);
#3490=PLANE('',#4016);
#3491=PLANE('',#4018);
#3492=PLANE('',#4023);
#3493=PLANE('',#4024);
#3494=PLANE('',#4027);
#3495=PLANE('',#4028);
#3496=PLANE('',#4033);
#3497=PLANE('',#4036);
#3498=PLANE('',#4037);
#3499=PLANE('',#4045);
#3500=PLANE('',#4049);
#3501=PLANE('',#4058);
#3502=PLANE('',#4059);
#3503=PLANE('',#4060);
#3504=PLANE('',#4064);
#3505=PLANE('',#4065);
#3506=PLANE('',#4066);
#3507=PLANE('',#4070);
#3508=PLANE('',#4073);
#3509=PLANE('',#4081);
#3510=PLANE('',#4083);
#3511=PLANE('',#4091);
#3512=PLANE('',#4093);
#3513=PLANE('',#4094);
#3514=PLANE('',#4098);
#3515=PLANE('',#4099);
#3516=PLANE('',#4100);
#3517=PLANE('',#4101);
#3518=PLANE('',#4108);
#3519=PLANE('',#4113);
#3520=PLANE('',#4116);
#3521=PLANE('',#4117);
#3522=PLANE('',#4124);
#3523=PLANE('',#4129);
#3524=PLANE('',#4132);
#3525=PLANE('',#4133);
#3526=PLANE('',#4140);
#3527=PLANE('',#4145);
#3528=PLANE('',#4148);
#3529=PLANE('',#4149);
#3530=ADVANCED_FACE('',(#3201),#3445,.F.);
#3531=ADVANCED_FACE('',(#3202),#3446,.F.);
#3532=ADVANCED_FACE('',(#3203),#316,.F.);
#3533=ADVANCED_FACE('',(#3204),#317,.T.);
#3534=ADVANCED_FACE('',(#3205),#3447,.T.);
#3535=ADVANCED_FACE('',(#3206),#3448,.T.);
#3536=ADVANCED_FACE('',(#3207),#318,.F.);
#3537=ADVANCED_FACE('',(#3208),#319,.T.);
#3538=ADVANCED_FACE('',(#3209),#3449,.T.);
#3539=ADVANCED_FACE('',(#3210),#320,.F.);
#3540=ADVANCED_FACE('',(#3211),#321,.F.);
#3541=ADVANCED_FACE('',(#3212,#3213,#3214,#3215,#3216),#3450,.T.);
#3542=ADVANCED_FACE('',(#3217,#3218,#3219,#3220,#3221),#3451,.T.);
#3543=ADVANCED_FACE('',(#3222,#3223,#3224,#3225,#3226,#3227,#3228,#3229,
#3230),#3452,.T.);
#3544=ADVANCED_FACE('',(#3231),#61,.T.);
#3545=ADVANCED_FACE('',(#3232),#18,.F.);
#3546=ADVANCED_FACE('',(#3233),#19,.T.);
#3547=ADVANCED_FACE('',(#3234),#20,.T.);
#3548=ADVANCED_FACE('',(#3235),#3453,.F.);
#3549=ADVANCED_FACE('',(#3236),#21,.F.);
#3550=ADVANCED_FACE('',(#3237),#3454,.T.);
#3551=ADVANCED_FACE('',(#3238),#22,.T.);
#3552=ADVANCED_FACE('',(#3239),#23,.T.);
#3553=ADVANCED_FACE('',(#3240),#62,.T.);
#3554=ADVANCED_FACE('',(#3241),#3455,.F.);
#3555=ADVANCED_FACE('',(#3242),#24,.F.);
#3556=ADVANCED_FACE('',(#3243),#25,.F.);
#3557=ADVANCED_FACE('',(#3244),#3456,.F.);
#3558=ADVANCED_FACE('',(#3245),#26,.F.);
#3559=ADVANCED_FACE('',(#3246),#3457,.T.);
#3560=ADVANCED_FACE('',(#3247),#27,.F.);
#3561=ADVANCED_FACE('',(#3248),#3458,.T.);
#3562=ADVANCED_FACE('',(#3249),#28,.F.);
#3563=ADVANCED_FACE('',(#3250),#322,.F.);
#3564=ADVANCED_FACE('',(#3251),#3459,.T.);
#3565=ADVANCED_FACE('',(#3252),#3460,.T.);
#3566=ADVANCED_FACE('',(#3253),#323,.F.);
#3567=ADVANCED_FACE('',(#3254,#3255),#3461,.T.);
#3568=ADVANCED_FACE('',(#3256),#3462,.T.);
#3569=ADVANCED_FACE('',(#3257),#324,.T.);
#3570=ADVANCED_FACE('',(#3258),#3463,.T.);
#3571=ADVANCED_FACE('',(#3259),#3464,.T.);
#3572=ADVANCED_FACE('',(#3260),#29,.F.);
#3573=ADVANCED_FACE('',(#3261),#30,.F.);
#3574=ADVANCED_FACE('',(#3262),#31,.F.);
#3575=ADVANCED_FACE('',(#3263),#3465,.T.);
#3576=ADVANCED_FACE('',(#3264),#3466,.T.);
#3577=ADVANCED_FACE('',(#3265),#32,.F.);
#3578=ADVANCED_FACE('',(#3266),#325,.F.);
#3579=ADVANCED_FACE('',(#3267,#3268),#33,.F.);
#3580=ADVANCED_FACE('',(#3269,#3270),#34,.F.);
#3581=ADVANCED_FACE('',(#3271,#3272),#35,.F.);
#3582=ADVANCED_FACE('',(#3273,#3274),#36,.F.);
#3583=ADVANCED_FACE('',(#3275,#3276),#326,.F.);
#3584=ADVANCED_FACE('',(#3277,#3278),#327,.F.);
#3585=ADVANCED_FACE('',(#3279),#328,.F.);
#3586=ADVANCED_FACE('',(#3280),#63,.F.);
#3587=ADVANCED_FACE('',(#3281),#329,.F.);
#3588=ADVANCED_FACE('',(#3282),#64,.F.);
#3589=ADVANCED_FACE('',(#3283),#65,.T.);
#3590=ADVANCED_FACE('',(#3284),#66,.T.);
#3591=ADVANCED_FACE('',(#3285),#330,.F.);
#3592=ADVANCED_FACE('',(#3286),#331,.T.);
#3593=ADVANCED_FACE('',(#3287),#332,.T.);
#3594=ADVANCED_FACE('',(#3288),#3467,.F.);
#3595=ADVANCED_FACE('',(#3289),#333,.T.);
#3596=ADVANCED_FACE('',(#3290),#334,.F.);
#3597=ADVANCED_FACE('',(#3291),#335,.T.);
#3598=ADVANCED_FACE('',(#3292),#336,.F.);
#3599=ADVANCED_FACE('',(#3293,#3294),#37,.F.);
#3600=ADVANCED_FACE('',(#3295,#3296),#337,.F.);
#3601=ADVANCED_FACE('',(#3297),#338,.F.);
#3602=ADVANCED_FACE('',(#3298),#339,.T.);
#3603=ADVANCED_FACE('',(#3299),#340,.F.);
#3604=ADVANCED_FACE('',(#3300),#67,.T.);
#3605=ADVANCED_FACE('',(#3301),#3468,.F.);
#3606=ADVANCED_FACE('',(#3302),#3469,.F.);
#3607=ADVANCED_FACE('',(#3303),#3470,.F.);
#3608=ADVANCED_FACE('',(#3304),#3471,.T.);
#3609=ADVANCED_FACE('',(#3305),#3472,.T.);
#3610=ADVANCED_FACE('',(#3306),#38,.F.);
#3611=ADVANCED_FACE('',(#3307),#3473,.T.);
#3612=ADVANCED_FACE('',(#3308),#39,.F.);
#3613=ADVANCED_FACE('',(#3309),#3474,.T.);
#3614=ADVANCED_FACE('',(#3310),#40,.F.);
#3615=ADVANCED_FACE('',(#3311),#41,.F.);
#3616=ADVANCED_FACE('',(#3312),#3475,.T.);
#3617=ADVANCED_FACE('',(#3313),#42,.F.);
#3618=ADVANCED_FACE('',(#3314),#3476,.T.);
#3619=ADVANCED_FACE('',(#3315),#43,.F.);
#3620=ADVANCED_FACE('',(#3316),#3477,.T.);
#3621=ADVANCED_FACE('',(#3317),#44,.F.);
#3622=ADVANCED_FACE('',(#3318),#45,.T.);
#3623=ADVANCED_FACE('',(#3319),#46,.F.);
#3624=ADVANCED_FACE('',(#3320),#47,.T.);
#3625=ADVANCED_FACE('',(#3321),#48,.T.);
#3626=ADVANCED_FACE('',(#3322),#49,.F.);
#3627=ADVANCED_FACE('',(#3323),#50,.F.);
#3628=ADVANCED_FACE('',(#3324),#3478,.T.);
#3629=ADVANCED_FACE('',(#3325),#51,.F.);
#3630=ADVANCED_FACE('',(#3326),#3479,.T.);
#3631=ADVANCED_FACE('',(#3327),#52,.F.);
#3632=ADVANCED_FACE('',(#3328),#3480,.T.);
#3633=ADVANCED_FACE('',(#3329),#3481,.T.);
#3634=ADVANCED_FACE('',(#3330),#68,.T.);
#3635=ADVANCED_FACE('',(#3331),#341,.T.);
#3636=ADVANCED_FACE('',(#3332),#342,.F.);
#3637=ADVANCED_FACE('',(#3333),#3482,.T.);
#3638=ADVANCED_FACE('',(#3334),#343,.F.);
#3639=ADVANCED_FACE('',(#3335),#344,.T.);
#3640=ADVANCED_FACE('',(#3336),#345,.F.);
#3641=ADVANCED_FACE('',(#3337),#346,.T.);
#3642=ADVANCED_FACE('',(#3338),#347,.F.);
#3643=ADVANCED_FACE('',(#3339),#3483,.T.);
#3644=ADVANCED_FACE('',(#3340),#348,.F.);
#3645=ADVANCED_FACE('',(#3341),#3484,.T.);
#3646=ADVANCED_FACE('',(#3342),#349,.F.);
#3647=ADVANCED_FACE('',(#3343),#3485,.T.);
#3648=ADVANCED_FACE('',(#3344),#350,.F.);
#3649=ADVANCED_FACE('',(#3345),#3486,.T.);
#3650=ADVANCED_FACE('',(#3346),#351,.F.);
#3651=ADVANCED_FACE('',(#3347),#3487,.T.);
#3652=ADVANCED_FACE('',(#3348),#352,.F.);
#3653=ADVANCED_FACE('',(#3349),#353,.F.);
#3654=ADVANCED_FACE('',(#3350),#354,.F.);
#3655=ADVANCED_FACE('',(#3351),#3488,.T.);
#3656=ADVANCED_FACE('',(#3352),#355,.F.);
#3657=ADVANCED_FACE('',(#3353),#3489,.T.);
#3658=ADVANCED_FACE('',(#3354),#3490,.T.);
#3659=ADVANCED_FACE('',(#3355),#356,.F.);
#3660=ADVANCED_FACE('',(#3356),#3491,.T.);
#3661=ADVANCED_FACE('',(#3357),#357,.F.);
#3662=ADVANCED_FACE('',(#3358),#358,.F.);
#3663=ADVANCED_FACE('',(#3359),#359,.T.);
#3664=ADVANCED_FACE('',(#3360),#3492,.T.);
#3665=ADVANCED_FACE('',(#3361),#3493,.T.);
#3666=ADVANCED_FACE('',(#3362),#53,.T.);
#3667=ADVANCED_FACE('',(#3363),#3494,.F.);
#3668=ADVANCED_FACE('',(#3364),#3495,.T.);
#3669=ADVANCED_FACE('',(#3365),#360,.F.);
#3670=ADVANCED_FACE('',(#3366,#3367),#3496,.T.);
#3671=ADVANCED_FACE('',(#3368),#3497,.T.);
#3672=ADVANCED_FACE('',(#3369),#3498,.T.);
#3673=ADVANCED_FACE('',(#3370),#361,.T.);
#3674=ADVANCED_FACE('',(#3371),#54,.T.);
#3675=ADVANCED_FACE('',(#3372),#55,.F.);
#3676=ADVANCED_FACE('',(#3373),#3499,.T.);
#3677=ADVANCED_FACE('',(#3374),#56,.F.);
#3678=ADVANCED_FACE('',(#3375),#3500,.T.);
#3679=ADVANCED_FACE('',(#3376),#57,.T.);
#3680=ADVANCED_FACE('',(#3377),#362,.F.);
#3681=ADVANCED_FACE('',(#3378),#363,.F.);
#3682=ADVANCED_FACE('',(#3379),#364,.T.);
#3683=ADVANCED_FACE('',(#3380),#3501,.T.);
#3684=ADVANCED_FACE('',(#3381),#3502,.T.);
#3685=ADVANCED_FACE('',(#3382,#3383),#3503,.T.);
#3686=ADVANCED_FACE('',(#3384),#365,.F.);
#3687=ADVANCED_FACE('',(#3385),#3504,.T.);
#3688=ADVANCED_FACE('',(#3386),#3505,.T.);
#3689=ADVANCED_FACE('',(#3387),#3506,.T.);
#3690=ADVANCED_FACE('',(#3388),#366,.T.);
#3691=ADVANCED_FACE('',(#3389,#3390),#3507,.T.);
#3692=ADVANCED_FACE('',(#3391),#3508,.F.);
#3693=ADVANCED_FACE('',(#3392),#367,.T.);
#3694=ADVANCED_FACE('',(#3393),#368,.T.);
#3695=ADVANCED_FACE('',(#3394),#369,.F.);
#3696=ADVANCED_FACE('',(#3395),#370,.F.);
#3697=ADVANCED_FACE('',(#3396),#371,.F.);
#3698=ADVANCED_FACE('',(#3397),#372,.T.);
#3699=ADVANCED_FACE('',(#3398),#3509,.T.);
#3700=ADVANCED_FACE('',(#3399),#3510,.T.);
#3701=ADVANCED_FACE('',(#3400),#58,.T.);
#3702=ADVANCED_FACE('',(#3401),#59,.T.);
#3703=ADVANCED_FACE('',(#3402,#3403),#373,.F.);
#3704=ADVANCED_FACE('',(#3404,#3405),#374,.F.);
#3705=ADVANCED_FACE('',(#3406),#375,.F.);
#3706=ADVANCED_FACE('',(#3407),#3511,.T.);
#3707=ADVANCED_FACE('',(#3408),#376,.F.);
#3708=ADVANCED_FACE('',(#3409),#3512,.T.);
#3709=ADVANCED_FACE('',(#3410,#3411,#3412,#3413,#3414),#3513,.F.);
#3710=ADVANCED_FACE('',(#3415,#3416),#60,.T.);
#3711=ADVANCED_FACE('',(#3417),#3514,.T.);
#3712=ADVANCED_FACE('',(#3418),#3515,.F.);
#3713=ADVANCED_FACE('',(#3419),#3516,.T.);
#3714=ADVANCED_FACE('',(#3420),#3517,.F.);
#3715=ADVANCED_FACE('',(#3421),#377,.T.);
#3716=ADVANCED_FACE('',(#3422),#3518,.T.);
#3717=ADVANCED_FACE('',(#3423),#378,.T.);
#3718=ADVANCED_FACE('',(#3424),#379,.F.);
#3719=ADVANCED_FACE('',(#3425),#3519,.T.);
#3720=ADVANCED_FACE('',(#3426),#380,.F.);
#3721=ADVANCED_FACE('',(#3427),#3520,.T.);
#3722=ADVANCED_FACE('',(#3428),#3521,.F.);
#3723=ADVANCED_FACE('',(#3429),#381,.T.);
#3724=ADVANCED_FACE('',(#3430),#3522,.T.);
#3725=ADVANCED_FACE('',(#3431),#382,.T.);
#3726=ADVANCED_FACE('',(#3432),#383,.F.);
#3727=ADVANCED_FACE('',(#3433),#3523,.T.);
#3728=ADVANCED_FACE('',(#3434),#384,.F.);
#3729=ADVANCED_FACE('',(#3435),#3524,.T.);
#3730=ADVANCED_FACE('',(#3436),#3525,.F.);
#3731=ADVANCED_FACE('',(#3437),#385,.T.);
#3732=ADVANCED_FACE('',(#3438),#3526,.T.);
#3733=ADVANCED_FACE('',(#3439),#386,.T.);
#3734=ADVANCED_FACE('',(#3440),#387,.F.);
#3735=ADVANCED_FACE('',(#3441),#3527,.T.);
#3736=ADVANCED_FACE('',(#3442),#388,.F.);
#3737=ADVANCED_FACE('',(#3443),#3528,.T.);
#3738=ADVANCED_FACE('',(#3444),#3529,.T.);
#3739=CLOSED_SHELL('',(#3530,#3531,#3532,#3533,#3534,#3535,#3536,#3537,
#3538,#3539,#3540,#3541,#3542,#3543,#3544,#3545,#3546,#3547,#3548,#3549,
#3550,#3551,#3552,#3553,#3554,#3555,#3556,#3557,#3558,#3559,#3560,#3561,
#3562,#3563,#3564,#3565,#3566,#3567,#3568,#3569,#3570,#3571,#3572,#3573,
#3574,#3575,#3576,#3577,#3578,#3579,#3580,#3581,#3582,#3583,#3584,#3585,
#3586,#3587,#3588,#3589,#3590,#3591,#3592,#3593,#3594,#3595,#3596,#3597,
#3598,#3599,#3600,#3601,#3602,#3603,#3604,#3605,#3606,#3607,#3608,#3609,
#3610,#3611,#3612,#3613,#3614,#3615,#3616,#3617,#3618,#3619,#3620,#3621,
#3622,#3623,#3624,#3625,#3626,#3627,#3628,#3629,#3630,#3631,#3632,#3633,
#3634,#3635,#3636,#3637,#3638,#3639,#3640,#3641,#3642,#3643,#3644,#3645,
#3646,#3647,#3648,#3649,#3650,#3651,#3652,#3653,#3654,#3655,#3656,#3657,
#3658,#3659,#3660,#3661,#3662,#3663,#3664,#3665,#3666,#3667,#3668,#3669,
#3670,#3671,#3672,#3673,#3674,#3675,#3676,#3677,#3678,#3679,#3680,#3681,
#3682,#3683,#3684,#3685,#3686,#3687,#3688,#3689,#3690,#3691,#3692,#3693,
#3694,#3695,#3696,#3697,#3698,#3699,#3700,#3701,#3702,#3703,#3704,#3705,
#3706,#3707,#3708,#3709,#3710,#3711,#3712,#3713,#3714,#3715,#3716,#3717,
#3718,#3719,#3720,#3721,#3722,#3723,#3724,#3725,#3726,#3727,#3728,#3729,
#3730,#3731,#3732,#3733,#3734,#3735,#3736,#3737,#3738));
#3740=STYLED_ITEM('',(#3741),#3748);
#3741=PRESENTATION_STYLE_ASSIGNMENT((#3742));
#3742=SURFACE_STYLE_USAGE(.BOTH.,#3743);
#3743=SURFACE_SIDE_STYLE('',(#3744));
#3744=SURFACE_STYLE_FILL_AREA(#3745);
#3745=FILL_AREA_STYLE('',(#3746));
#3746=FILL_AREA_STYLE_COLOUR('',#3747);
#3747=COLOUR_RGB('',0.980392156862745,0.796078431372549,0.262745098039216);
#3748=MANIFOLD_SOLID_BREP('A4T - THB Mount - WWBMG',#3739);
#3749=SHAPE_DEFINITION_REPRESENTATION(#6721,#3750);
#3750=SHAPE_REPRESENTATION('A4T - THB Mount - WWBMG',(#3751),#6716);
#3751=AXIS2_PLACEMENT_3D('',#5240,#4150,#4151);
#3752=AXIS2_PLACEMENT_3D('',#5241,#4152,#4153);
#3753=AXIS2_PLACEMENT_3D('',#5250,#4158,#4159);
#3754=AXIS2_PLACEMENT_3D('',#5259,#4164,#4165);
#3755=AXIS2_PLACEMENT_3D('',#5263,#4167,#4168);
#3756=AXIS2_PLACEMENT_3D('',#5267,#4170,#4171);
#3757=AXIS2_PLACEMENT_3D('',#5268,#4172,#4173);
#3758=AXIS2_PLACEMENT_3D('',#5272,#4175,#4176);
#3759=AXIS2_PLACEMENT_3D('',#5276,#4178,#4179);
#3760=AXIS2_PLACEMENT_3D('',#5277,#4180,#4181);
#3761=AXIS2_PLACEMENT_3D('',#5283,#4185,#4186);
#3762=AXIS2_PLACEMENT_3D('',#5289,#4190,#4191);
#3763=AXIS2_PLACEMENT_3D('',#5290,#4192,#4193);
#3764=AXIS2_PLACEMENT_3D('',#5294,#4195,#4196);
#3765=AXIS2_PLACEMENT_3D('',#5295,#4197,#4198);
#3766=AXIS2_PLACEMENT_3D('',#5299,#4200,#4201);
#3767=AXIS2_PLACEMENT_3D('',#5300,#4202,#4203);
#3768=AXIS2_PLACEMENT_3D('',#5301,#4204,#4205);
#3769=AXIS2_PLACEMENT_3D('',#5310,#4210,#4211);
#3770=AXIS2_PLACEMENT_3D('',#5311,#4212,#4213);
#3771=AXIS2_PLACEMENT_3D('',#5324,#4214,#4215);
#3772=AXIS2_PLACEMENT_3D('',#5325,#4216,#4217);
#3773=AXIS2_PLACEMENT_3D('',#5338,#4218,#4219);
#3774=AXIS2_PLACEMENT_3D('',#5375,#4237,#4238);
#3775=AXIS2_PLACEMENT_3D('',#5412,#4256,#4257);
#3776=AXIS2_PLACEMENT_3D('',#5413,#4258,#4259);
#3777=AXIS2_PLACEMENT_3D('',#5418,#4261,#4262);
#3778=AXIS2_PLACEMENT_3D('',#5421,#4264,#4265);
#3779=AXIS2_PLACEMENT_3D('',#5426,#4267,#4268);
#3780=AXIS2_PLACEMENT_3D('',#5430,#4270,#4271);
#3781=AXIS2_PLACEMENT_3D('',#5434,#4273,#4274);
#3782=AXIS2_PLACEMENT_3D('',#5438,#4276,#4277);
#3783=AXIS2_PLACEMENT_3D('',#5440,#4278,#4279);
#3784=AXIS2_PLACEMENT_3D('',#5442,#4280,#4281);
#3785=AXIS2_PLACEMENT_3D('',#5444,#4282,#4283);
#3786=AXIS2_PLACEMENT_3D('',#5446,#4284,#4285);
#3787=AXIS2_PLACEMENT_3D('',#5450,#4287,#4288);
#3788=AXIS2_PLACEMENT_3D('',#5454,#4290,#4291);
#3789=AXIS2_PLACEMENT_3D('',#5455,#4292,#4293);
#3790=AXIS2_PLACEMENT_3D('',#5458,#4294,#4295);
#3791=AXIS2_PLACEMENT_3D('',#5462,#4297,#4298);
#3792=AXIS2_PLACEMENT_3D('',#5466,#4300,#4301);
#3793=AXIS2_PLACEMENT_3D('',#5468,#4302,#4303);
#3794=AXIS2_PLACEMENT_3D('',#5470,#4304,#4305);
#3795=AXIS2_PLACEMENT_3D('',#5474,#4307,#4308);
#3796=AXIS2_PLACEMENT_3D('',#5478,#4310,#4311);
#3797=AXIS2_PLACEMENT_3D('',#5479,#4312,#4313);
#3798=AXIS2_PLACEMENT_3D('',#5481,#4314,#4315);
#3799=AXIS2_PLACEMENT_3D('',#5486,#4317,#4318);
#3800=AXIS2_PLACEMENT_3D('',#5488,#4319,#4320);
#3801=AXIS2_PLACEMENT_3D('',#5490,#4321,#4322);
#3802=AXIS2_PLACEMENT_3D('',#5494,#4324,#4325);
#3803=AXIS2_PLACEMENT_3D('',#5496,#4327,#4328);
#3804=AXIS2_PLACEMENT_3D('',#5498,#4329,#4330);
#3805=AXIS2_PLACEMENT_3D('',#5500,#4331,#4332);
#3806=AXIS2_PLACEMENT_3D('',#5502,#4333,#4334);
#3807=AXIS2_PLACEMENT_3D('',#5504,#4335,#4336);
#3808=AXIS2_PLACEMENT_3D('',#5508,#4338,#4339);
#3809=AXIS2_PLACEMENT_3D('',#5512,#4341,#4342);
#3810=AXIS2_PLACEMENT_3D('',#5516,#4344,#4345);
#3811=AXIS2_PLACEMENT_3D('',#5518,#4346,#4347);
#3812=AXIS2_PLACEMENT_3D('',#5520,#4348,#4349);
#3813=AXIS2_PLACEMENT_3D('',#5522,#4350,#4351);
#3814=AXIS2_PLACEMENT_3D('',#5526,#4353,#4354);
#3815=AXIS2_PLACEMENT_3D('',#5530,#4356,#4357);
#3816=AXIS2_PLACEMENT_3D('',#5532,#4358,#4359);
#3817=AXIS2_PLACEMENT_3D('',#5534,#4360,#4361);
#3818=AXIS2_PLACEMENT_3D('',#5536,#4362,#4363);
#3819=AXIS2_PLACEMENT_3D('',#5540,#4365,#4366);
#3820=AXIS2_PLACEMENT_3D('',#5548,#4370,#4371);
#3821=AXIS2_PLACEMENT_3D('',#5552,#4373,#4374);
#3822=AXIS2_PLACEMENT_3D('',#5554,#4375,#4376);
#3823=AXIS2_PLACEMENT_3D('',#5556,#4377,#4378);
#3824=AXIS2_PLACEMENT_3D('',#5581,#4380,#4381);
#3825=AXIS2_PLACEMENT_3D('',#5585,#4383,#4384);
#3826=AXIS2_PLACEMENT_3D('',#5586,#4385,#4386);
#3827=AXIS2_PLACEMENT_3D('',#5588,#4387,#4388);
#3828=AXIS2_PLACEMENT_3D('',#5589,#4389,#4390);
#3829=AXIS2_PLACEMENT_3D('',#5593,#4392,#4393);
#3830=AXIS2_PLACEMENT_3D('',#5594,#4394,#4395);
#3831=AXIS2_PLACEMENT_3D('',#5595,#4396,#4397);
#3832=AXIS2_PLACEMENT_3D('',#5599,#4399,#4400);
#3833=AXIS2_PLACEMENT_3D('',#5600,#4401,#4402);
#3834=AXIS2_PLACEMENT_3D('',#5601,#4403,#4404);
#3835=AXIS2_PLACEMENT_3D('',#5607,#4408,#4409);
#3836=AXIS2_PLACEMENT_3D('',#5611,#4411,#4412);
#3837=AXIS2_PLACEMENT_3D('',#5612,#4413,#4414);
#3838=AXIS2_PLACEMENT_3D('',#5613,#4415,#4416);
#3839=AXIS2_PLACEMENT_3D('',#5619,#4420,#4421);
#3840=AXIS2_PLACEMENT_3D('',#5623,#4423,#4424);
#3841=AXIS2_PLACEMENT_3D('',#5624,#4425,#4426);
#3842=AXIS2_PLACEMENT_3D('',#5625,#4427,#4428);
#3843=AXIS2_PLACEMENT_3D('',#5629,#4430,#4431);
#3844=AXIS2_PLACEMENT_3D('',#5630,#4432,#4433);
#3845=AXIS2_PLACEMENT_3D('',#5670,#4434,#4435);
#3846=AXIS2_PLACEMENT_3D('',#5679,#4440,#4441);
#3847=AXIS2_PLACEMENT_3D('',#5686,#4442,#4443);
#3848=AXIS2_PLACEMENT_3D('',#5687,#4444,#4445);
#3849=AXIS2_PLACEMENT_3D('',#5688,#4446,#4447);
#3850=AXIS2_PLACEMENT_3D('',#5695,#4448,#4449);
#3851=AXIS2_PLACEMENT_3D('',#5696,#4450,#4451);
#3852=AXIS2_PLACEMENT_3D('',#5697,#4452,#4453);
#3853=AXIS2_PLACEMENT_3D('',#5700,#4456,#4457);
#3854=AXIS2_PLACEMENT_3D('',#5704,#4459,#4460);
#3855=AXIS2_PLACEMENT_3D('',#5711,#4461,#4462);
#3856=AXIS2_PLACEMENT_3D('',#5712,#4463,#4464);
#3857=AXIS2_PLACEMENT_3D('',#5718,#4468,#4469);
#3858=AXIS2_PLACEMENT_3D('',#5722,#4471,#4472);
#3859=AXIS2_PLACEMENT_3D('',#5723,#4473,#4474);
#3860=AXIS2_PLACEMENT_3D('',#5724,#4475,#4476);
#3861=AXIS2_PLACEMENT_3D('',#5730,#4480,#4481);
#3862=AXIS2_PLACEMENT_3D('',#5737,#4482,#4483);
#3863=AXIS2_PLACEMENT_3D('',#5738,#4484,#4485);
#3864=AXIS2_PLACEMENT_3D('',#5739,#4486,#4487);
#3865=AXIS2_PLACEMENT_3D('',#5744,#4490,#4491);
#3866=AXIS2_PLACEMENT_3D('',#5745,#4492,#4493);
#3867=AXIS2_PLACEMENT_3D('',#5749,#4496,#4497);
#3868=AXIS2_PLACEMENT_3D('',#5753,#4500,#4501);
#3869=AXIS2_PLACEMENT_3D('',#5767,#4502,#4503);
#3870=AXIS2_PLACEMENT_3D('',#5768,#4504,#4505);
#3871=AXIS2_PLACEMENT_3D('',#5769,#4506,#4507);
#3872=AXIS2_PLACEMENT_3D('',#5775,#4511,#4512);
#3873=AXIS2_PLACEMENT_3D('',#5778,#4514,#4515);
#3874=AXIS2_PLACEMENT_3D('',#5779,#4516,#4517);
#3875=AXIS2_PLACEMENT_3D('',#5785,#4521,#4522);
#3876=AXIS2_PLACEMENT_3D('',#5787,#4524,#4525);
#3877=AXIS2_PLACEMENT_3D('',#5794,#4526,#4527);
#3878=AXIS2_PLACEMENT_3D('',#5798,#4529,#4530);
#3879=AXIS2_PLACEMENT_3D('',#5799,#4531,#4532);
#3880=AXIS2_PLACEMENT_3D('',#5803,#4534,#4535);
#3881=AXIS2_PLACEMENT_3D('',#5804,#4536,#4537);
#3882=AXIS2_PLACEMENT_3D('',#5805,#4538,#4539);
#3883=AXIS2_PLACEMENT_3D('',#5809,#4541,#4542);
#3884=AXIS2_PLACEMENT_3D('',#5810,#4543,#4544);
#3885=AXIS2_PLACEMENT_3D('',#5811,#4545,#4546);
#3886=AXIS2_PLACEMENT_3D('',#5817,#4550,#4551);
#3887=AXIS2_PLACEMENT_3D('',#5823,#4555,#4556);
#3888=AXIS2_PLACEMENT_3D('',#5829,#4557,#4558);
#3889=AXIS2_PLACEMENT_3D('',#5830,#4559,#4560);
#3890=AXIS2_PLACEMENT_3D('',#5833,#4563,#4564);
#3891=AXIS2_PLACEMENT_3D('',#5834,#4565,#4566);
#3892=AXIS2_PLACEMENT_3D('',#5836,#4567,#4568);
#3893=AXIS2_PLACEMENT_3D('',#5837,#4569,#4570);
#3894=AXIS2_PLACEMENT_3D('',#5839,#4571,#4572);
#3895=AXIS2_PLACEMENT_3D('',#5840,#4573,#4574);
#3896=AXIS2_PLACEMENT_3D('',#5842,#4575,#4576);
#3897=AXIS2_PLACEMENT_3D('',#5844,#4577,#4578);
#3898=AXIS2_PLACEMENT_3D('',#5845,#4579,#4580);
#3899=AXIS2_PLACEMENT_3D('',#5847,#4581,#4582);
#3900=AXIS2_PLACEMENT_3D('',#5849,#4583,#4584);
#3901=AXIS2_PLACEMENT_3D('',#5850,#4585,#4586);
#3902=AXIS2_PLACEMENT_3D('',#5851,#4587,#4588);
#3903=AXIS2_PLACEMENT_3D('',#5891,#4591,#4592);
#3904=AXIS2_PLACEMENT_3D('',#5892,#4593,#4594);
#3905=AXIS2_PLACEMENT_3D('',#5893,#4595,#4596);
#3906=AXIS2_PLACEMENT_3D('',#5918,#4599,#4600);
#3907=AXIS2_PLACEMENT_3D('',#5920,#4601,#4602);
#3908=AXIS2_PLACEMENT_3D('',#5921,#4603,#4604);
#3909=AXIS2_PLACEMENT_3D('',#5994,#4605,#4606);
#3910=AXIS2_PLACEMENT_3D('',#5995,#4607,#4608);
#3911=AXIS2_PLACEMENT_3D('',#5996,#4609,#4610);
#3912=AXIS2_PLACEMENT_3D('',#5997,#4611,#4612);
#3913=AXIS2_PLACEMENT_3D('',#6000,#4615,#4616);
#3914=AXIS2_PLACEMENT_3D('',#6003,#4619,#4620);
#3915=AXIS2_PLACEMENT_3D('',#6006,#4622,#4623);
#3916=AXIS2_PLACEMENT_3D('',#6007,#4624,#4625);
#3917=AXIS2_PLACEMENT_3D('',#6008,#4626,#4627);
#3918=AXIS2_PLACEMENT_3D('',#6009,#4628,#4629);
#3919=AXIS2_PLACEMENT_3D('',#6012,#4632,#4633);
#3920=AXIS2_PLACEMENT_3D('',#6014,#4635,#4636);
#3921=AXIS2_PLACEMENT_3D('',#6015,#4637,#4638);
#3922=AXIS2_PLACEMENT_3D('',#6016,#4639,#4640);
#3923=AXIS2_PLACEMENT_3D('',#6018,#4641,#4642);
#3924=AXIS2_PLACEMENT_3D('',#6020,#4643,#4644);
#3925=AXIS2_PLACEMENT_3D('',#6021,#4645,#4646);
#3926=AXIS2_PLACEMENT_3D('',#6024,#4648,#4649);
#3927=AXIS2_PLACEMENT_3D('',#6027,#4651,#4652);
#3928=AXIS2_PLACEMENT_3D('',#6030,#4654,#4655);
#3929=AXIS2_PLACEMENT_3D('',#6031,#4656,#4657);
#3930=AXIS2_PLACEMENT_3D('',#6032,#4658,#4659);
#3931=AXIS2_PLACEMENT_3D('',#6086,#4662,#4663);
#3932=AXIS2_PLACEMENT_3D('',#6101,#4666,#4667);
#3933=AXIS2_PLACEMENT_3D('',#6111,#4672,#4673);
#3934=AXIS2_PLACEMENT_3D('',#6114,#4675,#4676);
#3935=AXIS2_PLACEMENT_3D('',#6120,#4680,#4681);
#3936=AXIS2_PLACEMENT_3D('',#6126,#4685,#4686);
#3937=AXIS2_PLACEMENT_3D('',#6135,#4691,#4692);
#3938=AXIS2_PLACEMENT_3D('',#6136,#4693,#4694);
#3939=AXIS2_PLACEMENT_3D('',#6140,#4696,#4697);
#3940=AXIS2_PLACEMENT_3D('',#6141,#4698,#4699);
#3941=AXIS2_PLACEMENT_3D('',#6147,#4703,#4704);
#3942=AXIS2_PLACEMENT_3D('',#6148,#4705,#4706);
#3943=AXIS2_PLACEMENT_3D('',#6152,#4708,#4709);
#3944=AXIS2_PLACEMENT_3D('',#6153,#4710,#4711);
#3945=AXIS2_PLACEMENT_3D('',#6159,#4715,#4716);
#3946=AXIS2_PLACEMENT_3D('',#6160,#4717,#4718);
#3947=AXIS2_PLACEMENT_3D('',#6161,#4719,#4720);
#3948=AXIS2_PLACEMENT_3D('',#6162,#4721,#4722);
#3949=AXIS2_PLACEMENT_3D('',#6166,#4724,#4725);
#3950=AXIS2_PLACEMENT_3D('',#6170,#4727,#4728);
#3951=AXIS2_PLACEMENT_3D('',#6171,#4729,#4730);
#3952=AXIS2_PLACEMENT_3D('',#6177,#4734,#4735);
#3953=AXIS2_PLACEMENT_3D('',#6178,#4736,#4737);
#3954=AXIS2_PLACEMENT_3D('',#6182,#4739,#4740);
#3955=AXIS2_PLACEMENT_3D('',#6183,#4741,#4742);
#3956=AXIS2_PLACEMENT_3D('',#6192,#4745,#4746);
#3957=AXIS2_PLACEMENT_3D('',#6193,#4747,#4748);
#3958=AXIS2_PLACEMENT_3D('',#6197,#4750,#4751);
#3959=AXIS2_PLACEMENT_3D('',#6198,#4752,#4753);
#3960=AXIS2_PLACEMENT_3D('',#6204,#4757,#4758);
#3961=AXIS2_PLACEMENT_3D('',#6205,#4759,#4760);
#3962=AXIS2_PLACEMENT_3D('',#6209,#4762,#4763);
#3963=AXIS2_PLACEMENT_3D('',#6210,#4764,#4765);
#3964=AXIS2_PLACEMENT_3D('',#6214,#4767,#4768);
#3965=AXIS2_PLACEMENT_3D('',#6215,#4769,#4770);
#3966=AXIS2_PLACEMENT_3D('',#6216,#4771,#4772);
#3967=AXIS2_PLACEMENT_3D('',#6217,#4773,#4774);
#3968=AXIS2_PLACEMENT_3D('',#6221,#4776,#4777);
#3969=AXIS2_PLACEMENT_3D('',#6222,#4778,#4779);
#3970=AXIS2_PLACEMENT_3D('',#6223,#4780,#4781);
#3971=AXIS2_PLACEMENT_3D('',#6224,#4782,#4783);
#3972=AXIS2_PLACEMENT_3D('',#6225,#4784,#4785);
#3973=AXIS2_PLACEMENT_3D('',#6229,#4787,#4788);
#3974=AXIS2_PLACEMENT_3D('',#6236,#4789,#4790);
#3975=AXIS2_PLACEMENT_3D('',#6237,#4791,#4792);
#3976=AXIS2_PLACEMENT_3D('',#6244,#4793,#4794);
#3977=AXIS2_PLACEMENT_3D('',#6245,#4795,#4796);
#3978=AXIS2_PLACEMENT_3D('',#6246,#4797,#4798);
#3979=AXIS2_PLACEMENT_3D('',#6255,#4800,#4801);
#3980=AXIS2_PLACEMENT_3D('',#6256,#4802,#4803);
#3981=AXIS2_PLACEMENT_3D('',#6265,#4806,#4807);
#3982=AXIS2_PLACEMENT_3D('',#6266,#4808,#4809);
#3983=AXIS2_PLACEMENT_3D('',#6270,#4811,#4812);
#3984=AXIS2_PLACEMENT_3D('',#6271,#4813,#4814);
#3985=AXIS2_PLACEMENT_3D('',#6277,#4818,#4819);
#3986=AXIS2_PLACEMENT_3D('',#6278,#4820,#4821);
#3987=AXIS2_PLACEMENT_3D('',#6282,#4823,#4824);
#3988=AXIS2_PLACEMENT_3D('',#6283,#4825,#4826);
#3989=AXIS2_PLACEMENT_3D('',#6290,#4828,#4829);
#3990=AXIS2_PLACEMENT_3D('',#6296,#4830,#4831);
#3991=AXIS2_PLACEMENT_3D('',#6325,#4832,#4833);
#3992=AXIS2_PLACEMENT_3D('',#6327,#4834,#4835);
#3993=AXIS2_PLACEMENT_3D('',#6328,#4836,#4837);
#3994=AXIS2_PLACEMENT_3D('',#6334,#4839,#4840);
#3995=AXIS2_PLACEMENT_3D('',#6337,#4843,#4844);
#3996=AXIS2_PLACEMENT_3D('',#6340,#4847,#4848);
#3997=AXIS2_PLACEMENT_3D('',#6342,#4850,#4851);
#3998=AXIS2_PLACEMENT_3D('',#6344,#4853,#4854);
#3999=AXIS2_PLACEMENT_3D('',#6346,#4856,#4857);
#4000=AXIS2_PLACEMENT_3D('',#6348,#4859,#4860);
#4001=AXIS2_PLACEMENT_3D('',#6350,#4862,#4863);
#4002=AXIS2_PLACEMENT_3D('',#6352,#4865,#4866);
#4003=AXIS2_PLACEMENT_3D('',#6354,#4868,#4869);
#4004=AXIS2_PLACEMENT_3D('',#6356,#4871,#4872);
#4005=AXIS2_PLACEMENT_3D('',#6357,#4873,#4874);
#4006=AXIS2_PLACEMENT_3D('',#6360,#4877,#4878);
#4007=AXIS2_PLACEMENT_3D('',#6362,#4880,#4881);
#4008=AXIS2_PLACEMENT_3D('',#6364,#4883,#4884);
#4009=AXIS2_PLACEMENT_3D('',#6366,#4886,#4887);
#4010=AXIS2_PLACEMENT_3D('',#6368,#4889,#4890);
#4011=AXIS2_PLACEMENT_3D('',#6369,#4891,#4892);
#4012=AXIS2_PLACEMENT_3D('',#6374,#4893,#4894);
#4013=AXIS2_PLACEMENT_3D('',#6376,#4896,#4897);
#4014=AXIS2_PLACEMENT_3D('',#6381,#4898,#4899);
#4015=AXIS2_PLACEMENT_3D('',#6383,#4901,#4902);
#4016=AXIS2_PLACEMENT_3D('',#6384,#4903,#4904);
#4017=AXIS2_PLACEMENT_3D('',#6386,#4906,#4907);
#4018=AXIS2_PLACEMENT_3D('',#6391,#4908,#4909);
#4019=AXIS2_PLACEMENT_3D('',#6393,#4911,#4912);
#4020=AXIS2_PLACEMENT_3D('',#6398,#4913,#4914);
#4021=AXIS2_PLACEMENT_3D('',#6399,#4915,#4916);
#4022=AXIS2_PLACEMENT_3D('',#6400,#4917,#4918);
#4023=AXIS2_PLACEMENT_3D('',#6403,#4920,#4921);
#4024=AXIS2_PLACEMENT_3D('',#6407,#4924,#4925);
#4025=AXIS2_PLACEMENT_3D('',#6411,#4928,#4929);
#4026=AXIS2_PLACEMENT_3D('',#6412,#4930,#4931);
#4027=AXIS2_PLACEMENT_3D('',#6415,#4933,#4934);
#4028=AXIS2_PLACEMENT_3D('',#6421,#4938,#4939);
#4029=AXIS2_PLACEMENT_3D('',#6424,#4941,#4942);
#4030=AXIS2_PLACEMENT_3D('',#6425,#4943,#4944);
#4031=AXIS2_PLACEMENT_3D('',#6426,#4945,#4946);
#4032=AXIS2_PLACEMENT_3D('',#6427,#4947,#4948);
#4033=AXIS2_PLACEMENT_3D('',#6432,#4951,#4952);
#4034=AXIS2_PLACEMENT_3D('',#6433,#4953,#4954);
#4035=AXIS2_PLACEMENT_3D('',#6435,#4955,#4956);
#4036=AXIS2_PLACEMENT_3D('',#6436,#4957,#4958);
#4037=AXIS2_PLACEMENT_3D('',#6438,#4960,#4961);
#4038=AXIS2_PLACEMENT_3D('',#6444,#4962,#4963);
#4039=AXIS2_PLACEMENT_3D('',#6445,#4964,#4965);
#4040=AXIS2_PLACEMENT_3D('',#6446,#4966,#4967);
#4041=AXIS2_PLACEMENT_3D('',#6451,#4970,#4971);
#4042=AXIS2_PLACEMENT_3D('',#6456,#4974,#4975);
#4043=AXIS2_PLACEMENT_3D('',#6457,#4976,#4977);
#4044=AXIS2_PLACEMENT_3D('',#6466,#4979,#4980);
#4045=AXIS2_PLACEMENT_3D('',#6467,#4981,#4982);
#4046=AXIS2_PLACEMENT_3D('',#6473,#4986,#4987);
#4047=AXIS2_PLACEMENT_3D('',#6474,#4988,#4989);
#4048=AXIS2_PLACEMENT_3D('',#6475,#4990,#4991);
#4049=AXIS2_PLACEMENT_3D('',#6476,#4992,#4993);
#4050=AXIS2_PLACEMENT_3D('',#6484,#4996,#4997);
#4051=AXIS2_PLACEMENT_3D('',#6485,#4998,#4999);
#4052=AXIS2_PLACEMENT_3D('',#6490,#5000,#5001);
#4053=AXIS2_PLACEMENT_3D('',#6491,#5002,#5003);
#4054=AXIS2_PLACEMENT_3D('',#6492,#5004,#5005);
#4055=AXIS2_PLACEMENT_3D('',#6493,#5006,#5007);
#4056=AXIS2_PLACEMENT_3D('',#6495,#5009,#5010);
#4057=AXIS2_PLACEMENT_3D('',#6497,#5012,#5013);
#4058=AXIS2_PLACEMENT_3D('',#6499,#5015,#5016);
#4059=AXIS2_PLACEMENT_3D('',#6500,#5017,#5018);
#4060=AXIS2_PLACEMENT_3D('',#6501,#5019,#5020);
#4061=AXIS2_PLACEMENT_3D('',#6502,#5021,#5022);
#4062=AXIS2_PLACEMENT_3D('',#6504,#5023,#5024);
#4063=AXIS2_PLACEMENT_3D('',#6505,#5025,#5026);
#4064=AXIS2_PLACEMENT_3D('',#6515,#5029,#5030);
#4065=AXIS2_PLACEMENT_3D('',#6524,#5033,#5034);
#4066=AXIS2_PLACEMENT_3D('',#6528,#5037,#5038);
#4067=AXIS2_PLACEMENT_3D('',#6534,#5039,#5040);
#4068=AXIS2_PLACEMENT_3D('',#6535,#5041,#5042);
#4069=AXIS2_PLACEMENT_3D('',#6536,#5043,#5044);
#4070=AXIS2_PLACEMENT_3D('',#6537,#5045,#5046);
#4071=AXIS2_PLACEMENT_3D('',#6538,#5047,#5048);
#4072=AXIS2_PLACEMENT_3D('',#6540,#5049,#5050);
#4073=AXIS2_PLACEMENT_3D('',#6542,#5051,#5052);
#4074=AXIS2_PLACEMENT_3D('',#6543,#5053,#5054);
#4075=AXIS2_PLACEMENT_3D('',#6550,#5056,#5057);
#4076=AXIS2_PLACEMENT_3D('',#6551,#5058,#5059);
#4077=AXIS2_PLACEMENT_3D('',#6559,#5061,#5062);
#4078=AXIS2_PLACEMENT_3D('',#6564,#5063,#5064);
#4079=AXIS2_PLACEMENT_3D('',#6569,#5065,#5066);
#4080=AXIS2_PLACEMENT_3D('',#6571,#5068,#5069);
#4081=AXIS2_PLACEMENT_3D('',#6577,#5070,#5071);
#4082=AXIS2_PLACEMENT_3D('',#6581,#5074,#5075);
#4083=AXIS2_PLACEMENT_3D('',#6582,#5076,#5077);
#4084=AXIS2_PLACEMENT_3D('',#6583,#5078,#5079);
#4085=AXIS2_PLACEMENT_3D('',#6584,#5080,#5081);
#4086=AXIS2_PLACEMENT_3D('',#6585,#5082,#5083);
#4087=AXIS2_PLACEMENT_3D('',#6586,#5084,#5085);
#4088=AXIS2_PLACEMENT_3D('',#6587,#5086,#5087);
#4089=AXIS2_PLACEMENT_3D('',#6588,#5088,#5089);
#4090=AXIS2_PLACEMENT_3D('',#6589,#5090,#5091);
#4091=AXIS2_PLACEMENT_3D('',#6595,#5093,#5094);
#4092=AXIS2_PLACEMENT_3D('',#6597,#5096,#5097);
#4093=AXIS2_PLACEMENT_3D('',#6602,#5098,#5099);
#4094=AXIS2_PLACEMENT_3D('',#6603,#5100,#5101);
#4095=AXIS2_PLACEMENT_3D('',#6604,#5102,#5103);
#4096=AXIS2_PLACEMENT_3D('',#6605,#5104,#5105);
#4097=AXIS2_PLACEMENT_3D('',#6606,#5106,#5107);
#4098=AXIS2_PLACEMENT_3D('',#6607,#5108,#5109);
#4099=AXIS2_PLACEMENT_3D('',#6608,#5110,#5111);
#4100=AXIS2_PLACEMENT_3D('',#6609,#5112,#5113);
#4101=AXIS2_PLACEMENT_3D('',#6610,#5114,#5115);
#4102=AXIS2_PLACEMENT_3D('',#6611,#5116,#5117);
#4103=AXIS2_PLACEMENT_3D('',#6613,#5118,#5119);
#4104=AXIS2_PLACEMENT_3D('',#6617,#5121,#5122);
#4105=AXIS2_PLACEMENT_3D('',#6618,#5123,#5124);
#4106=AXIS2_PLACEMENT_3D('',#6621,#5126,#5127);
#4107=AXIS2_PLACEMENT_3D('',#6622,#5128,#5129);
#4108=AXIS2_PLACEMENT_3D('',#6627,#5132,#5133);
#4109=AXIS2_PLACEMENT_3D('',#6633,#5137,#5138);
#4110=AXIS2_PLACEMENT_3D('',#6634,#5139,#5140);
#4111=AXIS2_PLACEMENT_3D('',#6635,#5141,#5142);
#4112=AXIS2_PLACEMENT_3D('',#6638,#5144,#5145);
#4113=AXIS2_PLACEMENT_3D('',#6639,#5146,#5147);
#4114=AXIS2_PLACEMENT_3D('',#6643,#5150,#5151);
#4115=AXIS2_PLACEMENT_3D('',#6644,#5152,#5153);
#4116=AXIS2_PLACEMENT_3D('',#6645,#5154,#5155);
#4117=AXIS2_PLACEMENT_3D('',#6646,#5156,#5157);
#4118=AXIS2_PLACEMENT_3D('',#6647,#5158,#5159);
#4119=AXIS2_PLACEMENT_3D('',#6649,#5160,#5161);
#4120=AXIS2_PLACEMENT_3D('',#6653,#5163,#5164);
#4121=AXIS2_PLACEMENT_3D('',#6654,#5165,#5166);
#4122=AXIS2_PLACEMENT_3D('',#6657,#5168,#5169);
#4123=AXIS2_PLACEMENT_3D('',#6658,#5170,#5171);
#4124=AXIS2_PLACEMENT_3D('',#6663,#5174,#5175);
#4125=AXIS2_PLACEMENT_3D('',#6669,#5179,#5180);
#4126=AXIS2_PLACEMENT_3D('',#6670,#5181,#5182);
#4127=AXIS2_PLACEMENT_3D('',#6671,#5183,#5184);
#4128=AXIS2_PLACEMENT_3D('',#6674,#5186,#5187);
#4129=AXIS2_PLACEMENT_3D('',#6675,#5188,#5189);
#4130=AXIS2_PLACEMENT_3D('',#6679,#5192,#5193);
#4131=AXIS2_PLACEMENT_3D('',#6680,#5194,#5195);
#4132=AXIS2_PLACEMENT_3D('',#6681,#5196,#5197);
#4133=AXIS2_PLACEMENT_3D('',#6682,#5198,#5199);
#4134=AXIS2_PLACEMENT_3D('',#6683,#5200,#5201);
#4135=AXIS2_PLACEMENT_3D('',#6685,#5202,#5203);
#4136=AXIS2_PLACEMENT_3D('',#6689,#5205,#5206);
#4137=AXIS2_PLACEMENT_3D('',#6690,#5207,#5208);
#4138=AXIS2_PLACEMENT_3D('',#6693,#5210,#5211);
#4139=AXIS2_PLACEMENT_3D('',#6694,#5212,#5213);
#4140=AXIS2_PLACEMENT_3D('',#6697,#5215,#5216);
#4141=AXIS2_PLACEMENT_3D('',#6701,#5219,#5220);
#4142=AXIS2_PLACEMENT_3D('',#6702,#5221,#5222);
#4143=AXIS2_PLACEMENT_3D('',#6703,#5223,#5224);
#4144=AXIS2_PLACEMENT_3D('',#6706,#5226,#5227);
#4145=AXIS2_PLACEMENT_3D('',#6707,#5228,#5229);
#4146=AXIS2_PLACEMENT_3D('',#6711,#5232,#5233);
#4147=AXIS2_PLACEMENT_3D('',#6712,#5234,#5235);
#4148=AXIS2_PLACEMENT_3D('',#6713,#5236,#5237);
#4149=AXIS2_PLACEMENT_3D('',#6714,#5238,#5239);
#4150=DIRECTION('',(0.,0.,1.));
#4151=DIRECTION('',(1.,0.,0.));
#4152=DIRECTION('',(3.5278770522142E-41,0.,-1.));
#4153=DIRECTION('',(-1.,1.76324784679089E-8,-2.91930090237981E-20));
#4154=DIRECTION('',(1.76324784679089E-8,1.,-2.38524477886226E-18));
#4155=DIRECTION('',(1.,-1.76324784679089E-8,1.12095141294413E-33));
#4156=DIRECTION('',(-1.76324784679089E-8,-1.,2.38524477886226E-18));
#4157=DIRECTION('',(-1.,1.76324784679089E-8,-2.91930090237981E-20));
#4158=DIRECTION('',(3.5278770522142E-41,0.,-1.));
#4159=DIRECTION('',(-1.,1.76324784679089E-8,-2.91930090237981E-20));
#4160=DIRECTION('',(-1.76324784679089E-8,-1.,2.38524477886226E-18));
#4161=DIRECTION('',(1.,-1.76324784679089E-8,1.12095141294413E-33));
#4162=DIRECTION('',(1.76324784679089E-8,1.,-2.38524477886226E-18));
#4163=DIRECTION('',(-1.,1.76324784679089E-8,-2.91930090237981E-20));
#4164=DIRECTION('',(1.76324784679089E-8,1.,-2.38524477886226E-18));
#4165=DIRECTION('',(-0.655737704880697,1.15622809619049E-8,-0.754988782961572));
#4166=DIRECTION('',(1.76324784679089E-8,1.,-2.38524477886226E-18));
#4167=DIRECTION('',(1.76324784679089E-8,1.,-2.38524477886226E-18));
#4168=DIRECTION('',(-1.,1.76324784679089E-8,-1.09810596402638E-16));
#4169=DIRECTION('',(1.76324784679089E-8,1.,-2.38524477886226E-18));
#4170=DIRECTION('',(1.76324784679089E-8,1.,-2.38524477886226E-18));
#4171=DIRECTION('',(-1.,1.76324784679089E-8,-1.09810596402638E-16));
#4172=DIRECTION('',(-1.76324784679089E-8,-1.,2.38524477886226E-18));
#4173=DIRECTION('',(-3.5278770522142E-41,0.,1.));
#4174=DIRECTION('',(-1.76324784679089E-8,-1.,2.38524477886226E-18));
#4175=DIRECTION('',(1.76324784679089E-8,1.,-2.38524477886226E-18));
#4176=DIRECTION('',(3.5278770522142E-41,0.,-1.));
#4177=DIRECTION('',(-1.76324784679089E-8,-1.,2.38524477886226E-18));
#4178=DIRECTION('',(1.76324784679089E-8,1.,-2.38524477886226E-18));
#4179=DIRECTION('',(-1.,1.76324784679089E-8,-1.09810596402638E-16));
#4180=DIRECTION('',(-3.5278770522142E-41,0.,1.));
#4181=DIRECTION('',(1.76324784679089E-8,1.,-2.38524477886226E-18));
#4182=DIRECTION('',(-1.,1.76324784679089E-8,-1.12095141294413E-33));
#4183=DIRECTION('',(-1.76324784679089E-8,-1.,2.38524477886226E-18));
#4184=DIRECTION('',(-1.,1.76324784679089E-8,-1.12095141294413E-33));
#4185=DIRECTION('',(3.5278770522142E-41,0.,-1.));
#4186=DIRECTION('',(-1.76324784679089E-8,-1.,2.38524477886226E-18));
#4187=DIRECTION('',(1.76324784679089E-8,1.,-2.38524477886226E-18));
#4188=DIRECTION('',(-1.,1.76324784679089E-8,-2.91930090237981E-20));
#4189=DIRECTION('',(-1.,1.76324784679089E-8,-1.12095141294413E-33));
#4190=DIRECTION('',(-1.76324784679089E-8,-1.,2.38524477886226E-18));
#4191=DIRECTION('',(0.655737704880697,-1.15622809619049E-8,-0.754988782961572));
#4192=DIRECTION('',(1.76324784679089E-8,1.,-2.38524477886226E-18));
#4193=DIRECTION('',(-1.,1.76324784679089E-8,-1.09810596402638E-16));
#4194=DIRECTION('',(-1.76324784679089E-8,-1.,2.38524477886226E-18));
#4195=DIRECTION('',(1.76324784679089E-8,1.,-2.38524477886226E-18));
#4196=DIRECTION('',(-1.,1.76324784679089E-8,-1.09810596402638E-16));
#4197=DIRECTION('',(1.76324784679089E-8,1.,-2.38524477886226E-18));
#4198=DIRECTION('',(-3.5278770522142E-41,0.,1.));
#4199=DIRECTION('',(-1.76324784679089E-8,-1.,2.38524477886226E-18));
#4200=DIRECTION('',(-1.76324784679089E-8,-1.,2.38524477886226E-18));
#4201=DIRECTION('',(3.5278770522142E-41,0.,-1.));
#4202=DIRECTION('',(1.76324784679089E-8,1.,-2.38524477886226E-18));
#4203=DIRECTION('',(-1.,1.76324784679089E-8,-1.09810596402638E-16));
#4204=DIRECTION('',(-3.5278770522142E-41,0.,1.));
#4205=DIRECTION('',(1.76324784679089E-8,1.,-2.38524477886226E-18));
#4206=DIRECTION('',(1.76324784679089E-8,1.,-2.38524477886226E-18));
#4207=DIRECTION('',(-1.,1.76324784679089E-8,-1.12095141294413E-33));
#4208=DIRECTION('',(-1.76324784679089E-8,-1.,2.38524477886226E-18));
#4209=DIRECTION('',(-1.,1.76324784679089E-8,-2.91930090237981E-20));
#4210=DIRECTION('',(-1.76324784679089E-8,-1.,2.38524477886226E-18));
#4211=DIRECTION('',(-0.958162593170379,1.68947812928324E-8,-0.286224466195704));
#4212=DIRECTION('',(-1.76324784679089E-8,-1.,2.38524477886226E-18));
#4213=DIRECTION('',(1.,-1.76324784679089E-8,1.09810596402638E-16));
#4214=DIRECTION('',(1.76324784679089E-8,1.,-2.38524477886226E-18));
#4215=DIRECTION('',(0.958162593170379,-1.68947812928324E-8,-0.286224466195704));
#4216=DIRECTION('',(-1.76324784679089E-8,-1.,2.38524477886226E-18));
#4217=DIRECTION('',(1.,-1.76324784679089E-8,1.09810596402638E-16));
#4218=DIRECTION('',(-1.,1.76324784679089E-8,-2.91930090237981E-20));
#4219=DIRECTION('',(1.76324784679089E-8,1.,-2.38524477886226E-18));
#4220=DIRECTION('',(3.5278770522142E-41,0.,-1.));
#4221=DIRECTION('',(2.9192966966023E-20,-2.38524477936713E-18,-1.));
#4222=DIRECTION('',(1.76324784679089E-8,1.,-2.38524477886226E-18));
#4223=DIRECTION('',(2.9192966966023E-20,-2.38524477936713E-18,-1.));
#4224=DIRECTION('',(3.5278770522142E-41,0.,-1.));
#4225=DIRECTION('',(2.9192966966023E-20,-2.38524477936713E-18,-1.));
#4226=DIRECTION('',(1.76324784679089E-8,1.,-2.38524477886226E-18));
#4227=DIRECTION('',(-3.5278770522142E-41,0.,1.));
#4228=DIRECTION('',(-1.76324784679089E-8,-1.,2.38524477886226E-18));
#4229=DIRECTION('',(3.5278770522142E-41,0.,-1.));
#4230=DIRECTION('',(1.76324784679089E-8,1.,-2.38524477886226E-18));
#4231=DIRECTION('',(-3.5278770522142E-41,0.,1.));
#4232=DIRECTION('',(-1.76324784679089E-8,-1.,2.38524477886226E-18));
#4233=DIRECTION('',(3.5278770522142E-41,0.,-1.));
#4234=DIRECTION('',(1.76324784679089E-8,1.,-2.38524477886226E-18));
#4235=DIRECTION('',(-3.5278770522142E-41,0.,1.));
#4236=DIRECTION('',(-1.76324784679089E-8,-1.,2.38524477886226E-18));
#4237=DIRECTION('',(1.,-1.76324784679089E-8,2.91930090237981E-20));
#4238=DIRECTION('',(-1.76324784679089E-8,-1.,2.38524477886226E-18));
#4239=DIRECTION('',(3.5278770522142E-41,0.,-1.));
#4240=DIRECTION('',(2.9192966966023E-20,-2.38524477936713E-18,-1.));
#4241=DIRECTION('',(2.9192966966023E-20,-2.38524477936713E-18,-1.));
#4242=DIRECTION('',(-1.76324784679089E-8,-1.,2.38524477886226E-18));
#4243=DIRECTION('',(3.5278770522142E-41,0.,-1.));
#4244=DIRECTION('',(2.9192966966023E-20,-2.38524477936713E-18,-1.));
#4245=DIRECTION('',(-1.76324784679089E-8,-1.,2.38524477886226E-18));
#4246=DIRECTION('',(-3.5278770522142E-41,0.,1.));
#4247=DIRECTION('',(-1.76324784679089E-8,-1.,2.38524477886226E-18));
#4248=DIRECTION('',(3.5278770522142E-41,0.,-1.));
#4249=DIRECTION('',(-1.76324784679089E-8,-1.,2.38524477886226E-18));
#4250=DIRECTION('',(-3.5278770522142E-41,0.,1.));
#4251=DIRECTION('',(-1.76324784679089E-8,-1.,2.38524477886226E-18));
#4252=DIRECTION('',(3.5278770522142E-41,0.,-1.));
#4253=DIRECTION('',(-1.76324784679089E-8,-1.,2.38524477886226E-18));
#4254=DIRECTION('',(-3.5278770522142E-41,0.,1.));
#4255=DIRECTION('',(-1.76324784679089E-8,-1.,2.38524477886226E-18));
#4256=DIRECTION('',(3.5278770522142E-41,0.,-1.));
#4257=DIRECTION('',(1.,-1.76324784679089E-8,2.91930090237981E-20));
#4258=DIRECTION('',(3.5278770522142E-41,0.,-1.));
#4259=DIRECTION('',(-1.,0.,-3.5278770522142E-41));
#4260=DIRECTION('',(0.469471562789093,-0.882947592857225,1.65623795303078E-41));
#4261=DIRECTION('',(3.5278770522142E-41,0.,-1.));
#4262=DIRECTION('',(-1.,0.,-3.5278770522142E-41));
#4263=DIRECTION('',(-0.46947156278895,0.8829475928573,-1.65623795303027E-41));
#4264=DIRECTION('',(3.5278770522142E-41,0.,-1.));
#4265=DIRECTION('',(0.,1.,0.));
#4266=DIRECTION('',(1.76324784679089E-8,1.,-2.38524477886226E-18));
#4267=DIRECTION('',(-3.5278770522142E-41,0.,1.));
#4268=DIRECTION('',(0.707106793654593,0.707106768718502,-1.66598018329954E-18));
#4269=DIRECTION('',(-1.,1.76324784679089E-8,-2.91930090237981E-20));
#4270=DIRECTION('',(-3.5278770522142E-41,0.,1.));
#4271=DIRECTION('',(-0.923879427364322,0.382683686212219,-9.39765046281299E-19));
#4272=DIRECTION('',(0.707106405082107,-0.707107157290788,1.70726618923728E-18));
#4273=DIRECTION('',(-3.5278770522142E-41,0.,1.));
#4274=DIRECTION('',(0.382683178517929,-0.923879637658183,2.21485073992984E-18));
#4275=DIRECTION('',(1.,-1.76324782788182E-8,2.91930090238019E-20));
#4276=DIRECTION('',(-3.5278770522142E-41,0.,1.));
#4277=DIRECTION('',(0.362766380202964,-0.931880117501408,2.23335241228323E-18));
#4278=DIRECTION('',(3.5278770522142E-41,0.,-1.));
#4279=DIRECTION('',(-0.61281371944324,0.790227400981605,-1.90277563346062E-18));
#4280=DIRECTION('',(-3.5278770522142E-41,0.,1.));
#4281=DIRECTION('',(0.981424242750849,-0.191850086632566,4.86260103067061E-19));
#4282=DIRECTION('',(3.5278770522142E-41,0.,-1.));
#4283=DIRECTION('',(0.209000901231522,0.977915447921962,-2.32646636052949E-18));
#4284=DIRECTION('',(-3.5278770522142E-41,0.,1.));
#4285=DIRECTION('',(0.549265366057517,0.835647986684406,-1.97719031188937E-18));
#4286=DIRECTION('',(-1.,1.76324784679089E-8,-2.91930090237981E-20));
#4287=DIRECTION('',(-3.5278770522142E-41,0.,1.));
#4288=DIRECTION('',(-0.707106768718502,0.707106793654593,-1.70726533252171E-18));
#4289=DIRECTION('',(-1.76324782196092E-8,-1.,2.38524477886226E-18));
#4290=DIRECTION('',(-3.5278770522142E-41,0.,1.));
#4291=DIRECTION('',(-0.707106793654593,-0.707106768718502,1.66598018329954E-18));
#4292=DIRECTION('',(3.5278770522142E-41,0.,-1.));
#4293=DIRECTION('',(0.998812371937474,-0.0487221270537104,1.45372495776692E-19));
#4294=DIRECTION('',(-3.5278770522142E-41,0.,1.));
#4295=DIRECTION('',(-0.518095978250268,-0.855322487323289,2.025028738829E-18));
#4296=DIRECTION('',(1.,-1.76324784679089E-8,2.91930090237981E-20));
#4297=DIRECTION('',(-3.5278770522142E-41,0.,1.));
#4298=DIRECTION('',(0.707094088176319,-0.707119473968933,1.70729520805997E-18));
#4299=DIRECTION('',(1.76324784679089E-8,1.,-2.38524477886226E-18));
#4300=DIRECTION('',(3.5278770522142E-41,0.,-1.));
#4301=DIRECTION('',(1.,-1.76324784679089E-8,2.91930090237981E-20));
#4302=DIRECTION('',(3.5278770522142E-41,0.,-1.));
#4303=DIRECTION('',(-1.76324784679089E-8,-1.,2.38524477886226E-18));
#4304=DIRECTION('',(3.5278770522142E-41,0.,-1.));
#4305=DIRECTION('',(0.405379935047939,-0.914148296645861,2.1923016952555E-18));
#4306=DIRECTION('',(-1.,1.76326625636172E-8,-2.91930090242341E-20));
#4307=DIRECTION('',(-3.5278770522142E-41,0.,1.));
#4308=DIRECTION('',(-0.707106768718438,0.707106793654656,-1.70726533252171E-18));
#4309=DIRECTION('',(-1.76324784679089E-8,-1.,2.38524477886226E-18));
#4310=DIRECTION('',(-3.5278770522142E-41,0.,1.));
#4311=DIRECTION('',(1.,-1.76324784679089E-8,2.91930090237981E-20));
#4312=DIRECTION('',(3.5278770522142E-41,0.,-1.));
#4313=DIRECTION('',(0.,1.,0.));
#4314=DIRECTION('',(3.5278770522142E-41,0.,-1.));
#4315=DIRECTION('',(0.,1.,0.));
#4316=DIRECTION('',(1.,-1.76324784679089E-8,2.91930090237981E-20));
#4317=DIRECTION('',(3.5278770522142E-41,0.,-1.));
#4318=DIRECTION('',(-1.,0.,-3.5278770522142E-41));
#4319=DIRECTION('',(-3.5278770522142E-41,0.,1.));
#4320=DIRECTION('',(-1.76324784679089E-8,-1.,2.38524477886226E-18));
#4321=DIRECTION('',(3.5278770522142E-41,0.,-1.));
#4322=DIRECTION('',(1.,-1.76324784679089E-8,2.91930090237981E-20));
#4323=DIRECTION('',(-1.76324782196092E-8,-1.,2.38524477886226E-18));
#4324=DIRECTION('',(-3.5278770522142E-41,0.,1.));
#4325=DIRECTION('',(-0.707119473968934,-0.707094088176318,1.66594956691361E-18));
#4326=DIRECTION('',(-1.,1.76324784679089E-8,-1.12095141294413E-33));
#4327=DIRECTION('',(-3.5278770522142E-41,0.,1.));
#4328=DIRECTION('',(0.892325913103431,0.451391697757202,-1.05063004959901E-18));
#4329=DIRECTION('',(3.5278770522142E-41,0.,-1.));
#4330=DIRECTION('',(0.,1.,0.));
#4331=DIRECTION('',(3.5278770522142E-41,0.,-1.));
#4332=DIRECTION('',(0.,1.,0.));
#4333=DIRECTION('',(3.5278770522142E-41,0.,-1.));
#4334=DIRECTION('',(0.,1.,0.));
#4335=DIRECTION('',(3.5278770522142E-41,0.,-1.));
#4336=DIRECTION('',(1.,-1.76324784679089E-8,2.91930090237981E-20));
#4337=DIRECTION('',(-0.841906532970286,0.539623377682948,-1.31171159408486E-18));
#4338=DIRECTION('',(3.5278770522142E-41,0.,-1.));
#4339=DIRECTION('',(-1.,1.76324784679089E-8,-2.91930090237981E-20));
#4340=DIRECTION('',(1.76324784679089E-8,1.,-2.38524477886226E-18));
#4341=DIRECTION('',(3.5278770522142E-41,0.,-1.));
#4342=DIRECTION('',(-0.707106768718497,0.707106793654598,-1.70726533252171E-18));
#4343=DIRECTION('',(1.,-1.76325213830487E-8,2.91930090238989E-20));
#4344=DIRECTION('',(3.5278770522142E-41,0.,-1.));
#4345=DIRECTION('',(0.,1.,0.));
#4346=DIRECTION('',(3.5278770522142E-41,0.,-1.));
#4347=DIRECTION('',(-1.,0.,-3.5278770522142E-41));
#4348=DIRECTION('',(3.5278770522142E-41,0.,-1.));
#4349=DIRECTION('',(0.,1.,0.));
#4350=DIRECTION('',(3.5278770522142E-41,0.,-1.));
#4351=DIRECTION('',(0.,1.,0.));
#4352=DIRECTION('',(1.91885561436169E-32,-1.,6.76948668841899E-73));
#4353=DIRECTION('',(3.5278770522142E-41,0.,-1.));
#4354=DIRECTION('',(0.,1.,0.));
#4355=DIRECTION('',(1.91885561436169E-32,-1.,6.76948668841899E-73));
#4356=DIRECTION('',(3.5278770522142E-41,0.,-1.));
#4357=DIRECTION('',(0.,1.,0.));
#4358=DIRECTION('',(-3.5278770522142E-41,0.,1.));
#4359=DIRECTION('',(0.,1.,0.));
#4360=DIRECTION('',(3.5278770522142E-41,0.,-1.));
#4361=DIRECTION('',(-1.,0.,-3.5278770522142E-41));
#4362=DIRECTION('',(3.5278770522142E-41,0.,-1.));
#4363=DIRECTION('',(1.,-1.76324784679089E-8,2.91930090237981E-20));
#4364=DIRECTION('',(1.,-1.76325213830487E-8,2.91930090238989E-20));
#4365=DIRECTION('',(3.5278770522142E-41,0.,-1.));
#4366=DIRECTION('',(-1.,0.,-3.5278770522142E-41));
#4367=DIRECTION('',(0.46947156278895,-0.8829475928573,1.65623795303027E-41));
#4368=DIRECTION('',(0.,1.,0.));
#4369=DIRECTION('',(0.329259504616965,0.944239471013255,1.16158705056161E-41));
#4370=DIRECTION('',(3.5278770522142E-41,0.,-1.));
#4371=DIRECTION('',(1.,-1.76324784679089E-8,2.91930090237981E-20));
#4372=DIRECTION('',(-0.841906552000081,-0.53962334799315,1.26255602348458E-18));
#4373=DIRECTION('',(3.5278770522142E-41,0.,-1.));
#4374=DIRECTION('',(1.,-1.76324784679089E-8,2.91930090237981E-20));
#4375=DIRECTION('',(3.5278770522142E-41,0.,-1.));
#4376=DIRECTION('',(0.723670260028264,-0.690145893815666,1.66729297229652E-18));
#4377=DIRECTION('',(-3.5278770522142E-41,0.,1.));
#4378=DIRECTION('',(-0.892325897185121,0.451391729225037,-1.10272940605268E-18));
#4379=DIRECTION('',(0.216668188349998,-0.673093527050326,0.707106781186606));
#4380=DIRECTION('',(0.,0.,1.));
#4381=DIRECTION('',(1.,0.,0.));
#4382=DIRECTION('',(-0.690806065776288,0.150953567321513,-0.707106781186262));
#4383=DIRECTION('',(0.,0.,-1.));
#4384=DIRECTION('',(-1.,0.,0.));
#4385=DIRECTION('',(1.74523873686106E-8,0.989949493660078,0.141421356244925));
#4386=DIRECTION('',(0.370381022367629,0.131363451104368,-0.919544203387667));
#4387=DIRECTION('',(3.5278770522142E-41,0.,-1.));
#4388=DIRECTION('',(-1.,0.,-3.5278770522142E-41));
#4389=DIRECTION('',(0.,0.,-1.));
#4390=DIRECTION('',(-1.,0.,0.));
#4391=DIRECTION('',(-0.221682882887171,0.671458635684158,-0.707106781186549));
#4392=DIRECTION('',(0.,0.,-1.));
#4393=DIRECTION('',(-1.,0.,0.));
#4394=DIRECTION('',(3.5278770522142E-41,0.,-1.));
#4395=DIRECTION('',(-1.,0.,-3.5278770522142E-41));
#4396=DIRECTION('',(0.,0.,-1.));
#4397=DIRECTION('',(-1.,0.,0.));
#4398=DIRECTION('',(0.707106781186547,0.,-0.707106781186548));
#4399=DIRECTION('',(0.,0.,-1.));
#4400=DIRECTION('',(-1.,0.,0.));
#4401=DIRECTION('',(3.5278770522142E-41,0.,-1.));
#4402=DIRECTION('',(-1.,0.,-3.5278770522142E-41));
#4403=DIRECTION('',(-0.707106781186548,-1.35683581703303E-32,-0.707106781186547));
#4404=DIRECTION('',(-1.91885561436169E-32,1.,-6.76948668841898E-73));
#4405=DIRECTION('',(0.707106781186547,0.,-0.707106781186548));
#4406=DIRECTION('',(1.91885561436169E-32,-1.,-7.97594333919527E-48));
#4407=DIRECTION('',(-1.91885561436169E-32,1.,-6.76948668841898E-73));
#4408=DIRECTION('',(0.,0.,1.));
#4409=DIRECTION('',(1.,0.,0.));
#4410=DIRECTION('',(-0.707106781186547,0.,-0.707106781186548));
#4411=DIRECTION('',(0.,0.,-1.));
#4412=DIRECTION('',(-1.,0.,0.));
#4413=DIRECTION('',(3.5278770522142E-41,0.,-1.));
#4414=DIRECTION('',(-1.,0.,-3.5278770522142E-41));
#4415=DIRECTION('',(-0.707106781186548,0.,0.707106781186548));
#4416=DIRECTION('',(-9.59427807180845E-33,1.,-9.59427807180845E-33));
#4417=DIRECTION('',(-0.707106781186548,0.,-0.707106781186548));
#4418=DIRECTION('',(-1.91885561436169E-32,1.,-1.91885561436169E-32));
#4419=DIRECTION('',(0.,-1.,0.));
#4420=DIRECTION('',(0.,0.,-1.));
#4421=DIRECTION('',(-1.,0.,0.));
#4422=DIRECTION('',(0.221682882887161,0.67145863568416,-0.707106781186551));
#4423=DIRECTION('',(0.,0.,-1.));
#4424=DIRECTION('',(-1.,0.,0.));
#4425=DIRECTION('',(3.5278770522142E-41,0.,-1.));
#4426=DIRECTION('',(-1.,0.,-3.5278770522142E-41));
#4427=DIRECTION('',(0.,0.,-1.));
#4428=DIRECTION('',(-1.,0.,0.));
#4429=DIRECTION('',(0.702004962002286,0.0847881673594606,-0.707106781186543));
#4430=DIRECTION('',(0.,0.,-1.));
#4431=DIRECTION('',(-1.,0.,0.));
#4432=DIRECTION('',(3.5278770522142E-41,0.,-1.));
#4433=DIRECTION('',(-1.,0.,-3.5278770522142E-41));
#4434=DIRECTION('',(0.624338230341731,0.33196652562231,-0.707106781186553));
#4435=DIRECTION('',(-0.46947156278895,0.8829475928573,-1.10066969467006E-16));
#4436=DIRECTION('',(0.624338230341732,0.331966525622313,0.707106781186551));
#4437=DIRECTION('',(0.46947156278895,-0.8829475928573,1.10066969467006E-16));
#4438=DIRECTION('',(-0.624338230341736,-0.331966525622314,-0.707106781186547));
#4439=DIRECTION('',(-0.46947156278895,0.8829475928573,-1.10066969467006E-16));
#4440=DIRECTION('',(0.,0.,1.));
#4441=DIRECTION('',(1.,0.,0.));
#4442=DIRECTION('',(0.,0.,1.));
#4443=DIRECTION('',(1.,0.,0.));
#4444=DIRECTION('',(1.71737627929843E-16,2.15973069730896E-16,1.));
#4445=DIRECTION('',(0.,-1.,2.15973069730896E-16));
#4446=DIRECTION('',(0.,0.,1.));
#4447=DIRECTION('',(1.,0.,0.));
#4448=DIRECTION('',(1.71737627929843E-16,2.15973069730896E-16,1.));
#4449=DIRECTION('',(0.,-1.,2.15973069730896E-16));
#4450=DIRECTION('',(0.,0.,1.));
#4451=DIRECTION('',(1.,0.,0.));
#4452=DIRECTION('',(-0.624338230341685,-0.331966525622415,-0.707106781186545));
#4453=DIRECTION('',(0.469471562789093,-0.882947592857225,1.10066969466965E-16));
#4454=DIRECTION('',(-0.469471562789093,0.882947592857225,0.));
#4455=DIRECTION('',(0.469471562789093,-0.882947592857225,6.70078870827238E-17));
#4456=DIRECTION('',(0.,0.,1.));
#4457=DIRECTION('',(1.,0.,0.));
#4458=DIRECTION('',(-0.62433823034171,-0.331966525622365,0.707106781186546));
#4459=DIRECTION('',(3.5278770522142E-41,0.,-1.));
#4460=DIRECTION('',(-1.,0.,-3.5278770522142E-41));
#4461=DIRECTION('',(0.,0.,-1.));
#4462=DIRECTION('',(-1.,0.,0.));
#4463=DIRECTION('',(0.62433823034168,0.331966525622412,0.707106781186551));
#4464=DIRECTION('',(0.469471562789093,-0.882947592857225,1.65623795303077E-41));
#4465=DIRECTION('',(-0.624338230341682,-0.331966525622413,0.707106781186548));
#4466=DIRECTION('',(-0.469471562789093,0.882947592857225,-1.65623795303077E-41));
#4467=DIRECTION('',(0.469471562789093,-0.882947592857225,1.65623795303077E-41));
#4468=DIRECTION('',(0.,0.,1.));
#4469=DIRECTION('',(1.,0.,0.));
#4470=DIRECTION('',(0.624338230341707,0.331966525622364,0.707106781186549));
#4471=DIRECTION('',(3.5278770522142E-41,0.,-1.));
#4472=DIRECTION('',(-1.,0.,-3.5278770522142E-41));
#4473=DIRECTION('',(0.,0.,-1.));
#4474=DIRECTION('',(-1.,0.,0.));
#4475=DIRECTION('',(-0.624338230341737,-0.331966525622313,0.707106781186546));
#4476=DIRECTION('',(-0.46947156278895,0.882947592857301,-1.65623795303027E-41));
#4477=DIRECTION('',(0.624338230341732,0.331966525622313,0.707106781186551));
#4478=DIRECTION('',(0.46947156278895,-0.8829475928573,1.65623795303027E-41));
#4479=DIRECTION('',(-0.46947156278895,0.882947592857301,-1.65623795303027E-41));
#4480=DIRECTION('',(0.,0.,1.));
#4481=DIRECTION('',(1.,0.,0.));
#4482=DIRECTION('',(3.5278770522142E-41,0.,-1.));
#4483=DIRECTION('',(-1.,0.,-3.5278770522142E-41));
#4484=DIRECTION('',(0.,0.,-1.));
#4485=DIRECTION('',(-1.,0.,0.));
#4486=DIRECTION('',(-3.5278770522142E-41,0.,1.));
#4487=DIRECTION('',(1.,0.,3.5278770522142E-41));
#4488=DIRECTION('',(-3.5278770522142E-41,0.,1.));
#4489=DIRECTION('',(-3.5278770522142E-41,0.,1.));
#4490=DIRECTION('',(1.71737627929843E-16,2.15973069730896E-16,1.));
#4491=DIRECTION('',(0.,-1.,2.15973069730896E-16));
#4492=DIRECTION('',(0.882947592857225,0.469471562789093,3.11493055114877E-41));
#4493=DIRECTION('',(-0.469471562789093,0.882947592857225,0.));
#4494=DIRECTION('',(-3.5278770522142E-41,0.,1.));
#4495=DIRECTION('',(0.469471562789093,-0.882947592857225,1.10066969466965E-16));
#4496=DIRECTION('',(-0.8829475928573,-0.46947156278895,-3.11493055114904E-41));
#4497=DIRECTION('',(0.46947156278895,-0.882947592857301,0.));
#4498=DIRECTION('',(-3.5278770522142E-41,0.,1.));
#4499=DIRECTION('',(-0.46947156278895,0.882947592857301,-1.10066969467006E-16));
#4500=DIRECTION('',(-3.5278770522142E-41,0.,1.));
#4501=DIRECTION('',(1.,0.,3.5278770522142E-41));
#4502=DIRECTION('',(1.71737627929843E-16,2.15973069730896E-16,1.));
#4503=DIRECTION('',(0.,-1.,2.15973069730896E-16));
#4504=DIRECTION('',(0.,0.,1.));
#4505=DIRECTION('',(-1.,1.76324784679089E-8,0.));
#4506=DIRECTION('',(0.8829475928573,0.46947156278895,3.11493055114904E-41));
#4507=DIRECTION('',(-0.46947156278895,0.8829475928573,0.));
#4508=DIRECTION('',(-3.5278770522142E-41,0.,1.));
#4509=DIRECTION('',(-0.46947156278895,0.8829475928573,-1.65623795303027E-41));
#4510=DIRECTION('',(-3.5278770522142E-41,0.,1.));
#4511=DIRECTION('',(-3.5278770522142E-41,0.,1.));
#4512=DIRECTION('',(1.,0.,3.5278770522142E-41));
#4513=DIRECTION('',(-3.5278770522142E-41,0.,1.));
#4514=DIRECTION('',(-3.5278770522142E-41,0.,1.));
#4515=DIRECTION('',(1.,0.,3.5278770522142E-41));
#4516=DIRECTION('',(0.944239471013255,-0.329259504616965,3.33116076158253E-41));
#4517=DIRECTION('',(0.329259504616965,0.944239471013255,0.));
#4518=DIRECTION('',(-3.5278770522142E-41,0.,1.));
#4519=DIRECTION('',(-3.5278770522142E-41,0.,1.));
#4520=DIRECTION('',(0.329259504616965,0.944239471013255,1.16158705056161E-41));
#4521=DIRECTION('',(1.,0.,3.5278770522142E-41));
#4522=DIRECTION('',(3.5278770522142E-41,0.,-1.));
#4523=DIRECTION('',(0.,1.,0.));
#4524=DIRECTION('',(-3.5278770522142E-41,0.,1.));
#4525=DIRECTION('',(1.,0.,3.5278770522142E-41));
#4526=DIRECTION('',(3.5278770522142E-41,0.,-1.));
#4527=DIRECTION('',(-1.,0.,-3.5278770522142E-41));
#4528=DIRECTION('',(0.225519030968324,0.0528132301363692,0.972806213689896));
#4529=DIRECTION('',(3.5278770522142E-41,0.,-1.));
#4530=DIRECTION('',(-1.,0.,-3.5278770522142E-41));
#4531=DIRECTION('',(7.57818076483151E-17,4.29785340649858E-9,1.));
#4532=DIRECTION('',(1.,-3.25699100151931E-25,-7.57818076483151E-17));
#4533=DIRECTION('',(-4.08404411349146E-9,-0.231620531487018,0.972806213689896));
#4534=DIRECTION('',(3.5278770522142E-41,0.,-1.));
#4535=DIRECTION('',(-1.,0.,-3.5278770522142E-41));
#4536=DIRECTION('',(0.,0.,-1.));
#4537=DIRECTION('',(-1.,0.,0.));
#4538=DIRECTION('',(0.,0.,1.));
#4539=DIRECTION('',(1.,0.,0.));
#4540=DIRECTION('',(0.231620531487019,-4.08404411349146E-9,-0.972806213689896));
#4541=DIRECTION('',(0.,0.,-1.));
#4542=DIRECTION('',(-1.,0.,0.));
#4543=DIRECTION('',(3.5278770522142E-41,0.,-1.));
#4544=DIRECTION('',(-1.,0.,-3.5278770522142E-41));
#4545=DIRECTION('',(1.71529846338877E-8,0.972806214685367,0.23162052730604));
#4546=DIRECTION('',(4.08404396044947E-9,0.23162052730604,-0.972806214685367));
#4547=DIRECTION('',(-4.08404343918915E-9,-0.23162052730604,0.972806214685367));
#4548=DIRECTION('',(-1.,1.76324784679089E-8,-3.5278770522142E-41));
#4549=DIRECTION('',(1.,-1.76324784679089E-8,-8.60754768836485E-23));
#4550=DIRECTION('',(0.972806213689896,-1.71529843747875E-8,0.231620531487019));
#4551=DIRECTION('',(-1.76324782196091E-8,-1.,-6.22052152846257E-49));
#4552=DIRECTION('',(-0.231620531487019,8.50204020568482E-9,0.972806213689896));
#4553=DIRECTION('',(-1.76324782196091E-8,-1.,8.96831017167883E-44));
#4554=DIRECTION('',(1.76324782196091E-8,1.,6.22052152846257E-49));
#4555=DIRECTION('',(5.82867087928207E-16,4.29785418365469E-9,1.));
#4556=DIRECTION('',(1.,0.,-5.82867087928207E-16));
#4557=DIRECTION('',(3.5278770522142E-41,0.,-1.));
#4558=DIRECTION('',(-1.,0.,-3.5278770522142E-41));
#4559=DIRECTION('',(3.5278770522142E-41,0.,-1.));
#4560=DIRECTION('',(-1.,0.,-3.5278770522142E-41));
#4561=DIRECTION('',(-4.20577772039811E-26,-2.38524477886226E-18,-1.));
#4562=DIRECTION('',(3.5278770522142E-41,0.,-1.));
#4563=DIRECTION('',(0.,0.,-1.));
#4564=DIRECTION('',(1.28691668864266E-30,1.,0.));
#4565=DIRECTION('',(1.09800601749589E-16,-1.17204884867351E-14,-1.));
#4566=DIRECTION('',(1.28691668864266E-30,1.,-1.17204884867351E-14));
#4567=DIRECTION('',(0.,0.,-1.));
#4568=DIRECTION('',(1.2869166886416E-30,1.,0.));
#4569=DIRECTION('',(1.09800601749589E-16,-1.17204884867254E-14,-1.));
#4570=DIRECTION('',(1.2869166886416E-30,1.,-1.17204884867254E-14));
#4571=DIRECTION('',(0.,0.,-1.));
#4572=DIRECTION('',(1.28691668864308E-30,1.,0.));
#4573=DIRECTION('',(1.09800601749589E-16,-1.1720488486739E-14,-1.));
#4574=DIRECTION('',(1.28691668864308E-30,1.,-1.1720488486739E-14));
#4575=DIRECTION('',(1.09800601749589E-16,-1.1720488486739E-14,-1.));
#4576=DIRECTION('',(1.28691668864308E-30,1.,-1.1720488486739E-14));
#4577=DIRECTION('',(0.,0.,-1.));
#4578=DIRECTION('',(1.28691668864195E-30,1.,0.));
#4579=DIRECTION('',(1.09800601749589E-16,-1.1720488486739E-14,-1.));
#4580=DIRECTION('',(1.28691668864308E-30,1.,-1.1720488486739E-14));
#4581=DIRECTION('',(1.09800601749589E-16,-1.17204884867287E-14,-1.));
#4582=DIRECTION('',(1.28691668864195E-30,1.,-1.17204884867287E-14));
#4583=DIRECTION('',(-1.23259516087995E-32,0.,-1.));
#4584=DIRECTION('',(0.,1.,0.));
#4585=DIRECTION('',(-1.23259516087995E-32,0.,-1.));
#4586=DIRECTION('',(0.,1.,0.));
#4587=DIRECTION('',(1.23259516087995E-32,0.,1.));
#4588=DIRECTION('',(1.,0.,-1.23259516087995E-32));
#4589=DIRECTION('',(-1.23259516087995E-32,0.,-1.));
#4590=DIRECTION('',(3.5278770522142E-41,0.,-1.));
#4591=DIRECTION('',(0.0280552478777075,0.996145138020923,0.0831129777098402));
#4592=DIRECTION('',(0.999555643817482,-0.0271190239455286,-0.0123722856764884));
#4593=DIRECTION('',(-0.0291534633143031,-0.989492640131205,-0.141613525847498));
#4594=DIRECTION('',(0.999407109143098,-0.0262584428881853,-0.0222693594726835));
#4595=DIRECTION('',(-1.23259516087995E-32,0.,-1.));
#4596=DIRECTION('',(0.,1.,0.));
#4597=DIRECTION('',(-1.23259516087995E-32,0.,-1.));
#4598=DIRECTION('',(-4.20578972947286E-26,-2.38524477886226E-18,-1.));
#4599=DIRECTION('',(1.7455305615119E-8,0.989949493661178,0.141421356237228));
#4600=DIRECTION('',(-2.49361508787267E-9,-0.141421356237228,0.989949493661178));
#4601=DIRECTION('',(-1.7321105777838E-8,-0.982338566422495,-0.187112107889889));
#4602=DIRECTION('',(-3.29925822993238E-9,-0.187112107889889,0.982338566422495));
#4603=DIRECTION('',(-1.76314792600355E-8,-1.,-5.68630769989786E-13));
#4604=DIRECTION('',(-0.00185127613647575,3.32094805636302E-11,-0.999998286386865));
#4605=DIRECTION('',(-1.23259516087995E-32,0.,-1.));
#4606=DIRECTION('',(0.,1.,0.));
#4607=DIRECTION('',(-3.5278770522142E-41,0.,1.));
#4608=DIRECTION('',(0.,-1.,0.));
#4609=DIRECTION('',(3.5278770522142E-41,0.,-1.));
#4610=DIRECTION('',(0.,1.,0.));
#4611=DIRECTION('',(-1.23259516087995E-32,0.,-1.));
#4612=DIRECTION('',(0.,1.,0.));
#4613=DIRECTION('',(1.23259516087995E-32,0.,1.));
#4614=DIRECTION('',(-1.23259516087995E-32,0.,-1.));
#4615=DIRECTION('',(-1.23259516087995E-32,0.,-1.));
#4616=DIRECTION('',(0.,1.,0.));
#4617=DIRECTION('',(-1.23259516087995E-32,0.,-1.));
#4618=DIRECTION('',(1.23259516087995E-32,0.,1.));
#4619=DIRECTION('',(3.5278770522142E-41,0.,-1.));
#4620=DIRECTION('',(1.,0.,-3.5278770522142E-41));
#4621=DIRECTION('',(-1.,1.76325213830487E-8,-3.30718282637746E-33));
#4622=DIRECTION('',(3.5278770522142E-41,0.,-1.));
#4623=DIRECTION('',(-1.,0.,-3.5278770522142E-41));
#4624=DIRECTION('',(3.5278770522142E-41,0.,-1.));
#4625=DIRECTION('',(-1.,0.,-3.5278770522142E-41));
#4626=DIRECTION('',(-1.23259516087995E-32,0.,-1.));
#4627=DIRECTION('',(0.,1.,0.));
#4628=DIRECTION('',(-1.23259516087995E-32,0.,-1.));
#4629=DIRECTION('',(0.,1.,0.));
#4630=DIRECTION('',(-1.23259516087995E-32,0.,-1.));
#4631=DIRECTION('',(-1.23259516087995E-32,0.,-1.));
#4632=DIRECTION('',(-1.23259516087995E-32,0.,-1.));
#4633=DIRECTION('',(0.,1.,0.));
#4634=DIRECTION('',(-1.23259516087995E-32,0.,-1.));
#4635=DIRECTION('',(1.23259516087995E-32,0.,1.));
#4636=DIRECTION('',(1.,0.,-1.23259516087995E-32));
#4637=DIRECTION('',(0.,0.,1.));
#4638=DIRECTION('',(2.52255694198184E-30,-1.,0.));
#4639=DIRECTION('',(-1.09800601749589E-16,-2.29739810327705E-14,1.));
#4640=DIRECTION('',(2.52255694198184E-30,-1.,-2.29739810327705E-14));
#4641=DIRECTION('',(1.71737627929843E-16,2.15973069730896E-16,1.));
#4642=DIRECTION('',(-2.37139730181683E-32,-1.,2.15973069730896E-16));
#4643=DIRECTION('',(1.23259516087995E-32,0.,1.));
#4644=DIRECTION('',(0.,-1.,0.));
#4645=DIRECTION('',(3.5278770522142E-41,0.,-1.));
#4646=DIRECTION('',(0.,1.,0.));
#4647=DIRECTION('',(3.5278770522142E-41,0.,-1.));
#4648=DIRECTION('',(1.71737627929843E-16,2.15973069730896E-16,1.));
#4649=DIRECTION('',(-2.37139730181683E-32,-1.,2.15973069730896E-16));
#4650=DIRECTION('',(3.5278770522142E-41,0.,-1.));
#4651=DIRECTION('',(1.23259516087995E-32,0.,1.));
#4652=DIRECTION('',(0.,-1.,0.));
#4653=DIRECTION('',(1.23259516087995E-32,0.,1.));
#4654=DIRECTION('',(-3.5278770522142E-41,0.,1.));
#4655=DIRECTION('',(0.,-1.,0.));
#4656=DIRECTION('',(1.23259516087995E-32,0.,1.));
#4657=DIRECTION('',(0.,-1.,0.));
#4658=DIRECTION('',(-3.5278770522142E-41,0.,1.));
#4659=DIRECTION('',(0.,-1.,0.));
#4660=DIRECTION('',(1.23259516087995E-32,0.,1.));
#4661=DIRECTION('',(-1.,1.76324784679089E-8,-2.91930090237981E-20));
#4662=DIRECTION('',(-0.707106585568294,0.707106976804747,5.04870979341448E-29));
#4663=DIRECTION('',(-0.707106976804747,-0.707106585568294,4.00732999904495E-13));
#4664=DIRECTION('',(-0.707106976804747,-0.707106585568294,-1.00974195868289E-28));
#4665=DIRECTION('',(0.707106976804747,0.707106585568294,0.));
#4666=DIRECTION('',(0.707106585568194,-0.707106976804847,1.70726576398445E-18));
#4667=DIRECTION('',(-0.707106976804848,-0.707106585568193,1.66597974108305E-18));
#4668=DIRECTION('',(-0.707106976804848,-0.707106585568193,1.66597974108305E-18));
#4669=DIRECTION('',(3.5278770522142E-41,0.,-1.));
#4670=DIRECTION('',(-0.707106976804848,-0.707106585568193,1.66597974108305E-18));
#4671=DIRECTION('',(3.5278770522142E-41,0.,-1.));
#4672=DIRECTION('',(-0.707106585568195,0.707106976804846,2.79738929972486E-12));
#4673=DIRECTION('',(1.46736864258654E-6,1.46737178662611E-6,-0.999999999997847));
#4674=DIRECTION('',(-0.707105429445414,-0.707105038209616,0.00209202949181828));
#4675=DIRECTION('',(0.707107157290789,0.707106405082106,-1.66597930527842E-18));
#4676=DIRECTION('',(0.707106405082107,-0.707107157290788,1.70726618923728E-18));
#4677=DIRECTION('',(0.707106405082107,-0.707107157290788,1.70726618923728E-18));
#4678=DIRECTION('',(-3.5278770522142E-41,0.,1.));
#4679=DIRECTION('',(0.707106405082107,-0.707107157290788,1.70726618923728E-18));
#4680=DIRECTION('',(-0.685994705444746,-0.685993975695132,0.242535625036331));
#4681=DIRECTION('',(5.87749550935442E-9,0.333333485706586,0.942808987709969));
#4682=DIRECTION('',(-0.707106405082107,0.707107157290788,-1.70726618923728E-18));
#4683=DIRECTION('',(-1.34756316255813E-7,-0.333333371147519,-0.942809028212719));
#4684=DIRECTION('',(-0.333333295519122,1.34756313867106E-7,-0.942809054951395));
#4685=DIRECTION('',(-0.972806214685367,1.71529843923402E-8,0.231620527306039));
#4686=DIRECTION('',(-1.76324782196092E-8,-1.,2.38524477886226E-18));
#4687=DIRECTION('',(0.23162052730604,-4.08404396044947E-9,0.972806214685367));
#4688=DIRECTION('',(1.76324782196092E-8,1.,-2.38524477886226E-18));
#4689=DIRECTION('',(-0.23162052730604,4.08404396044947E-9,-0.972806214685367));
#4690=DIRECTION('',(-1.76324784679089E-8,-1.,-1.04047383434614E-15));
#4691=DIRECTION('',(-3.5278770522142E-41,0.,1.));
#4692=DIRECTION('',(0.382683178517929,-0.923879637658183,2.21485073992984E-18));
#4693=DIRECTION('',(3.5278770522142E-41,0.,-1.));
#4694=DIRECTION('',(0.382683178517929,-0.923879637658183,2.21485073992984E-18));
#4695=DIRECTION('',(-0.163780532633567,-0.163780358406595,0.972806214685367));
#4696=DIRECTION('',(-3.5278770522142E-41,0.,1.));
#4697=DIRECTION('',(0.382683178517929,-0.923879637658183,2.21485073992984E-18));
#4698=DIRECTION('',(0.687878237060983,0.687877505307701,0.23162052730604));
#4699=DIRECTION('',(5.62675258173038E-9,0.319112970531684,-0.947716683423081));
#4700=DIRECTION('',(-0.163780532633568,-0.163780358406595,0.972806214685367));
#4701=DIRECTION('',(0.707106405082107,-0.707107157290788,1.70726618923728E-18));
#4702=DIRECTION('',(-0.707106405082107,0.707107157290788,-1.70726618923728E-18));
#4703=DIRECTION('',(-3.5278770522142E-41,0.,1.));
#4704=DIRECTION('',(-0.923879427364322,0.382683686212219,-9.39765046281299E-19));
#4705=DIRECTION('',(3.5278770522142E-41,0.,-1.));
#4706=DIRECTION('',(-0.923879427364322,0.382683686212219,-9.39765046281299E-19));
#4707=DIRECTION('',(-4.08404396044947E-9,-0.23162052730604,-0.972806214685367));
#4708=DIRECTION('',(-3.5278770522142E-41,0.,1.));
#4709=DIRECTION('',(-0.923879427364322,0.382683686212219,-9.39765046281299E-19));
#4710=DIRECTION('',(-1.71529846338877E-8,-0.972806214685367,0.23162052730604));
#4711=DIRECTION('',(4.08404396044947E-9,0.23162052730604,0.972806214685367));
#4712=DIRECTION('',(-4.08404396044947E-9,-0.23162052730604,-0.972806214685367));
#4713=DIRECTION('',(-1.,1.76324784679089E-8,-2.91930090237981E-20));
#4714=DIRECTION('',(1.,-1.76324784679089E-8,2.91930090237981E-20));
#4715=DIRECTION('',(-3.5278770522142E-41,0.,1.));
#4716=DIRECTION('',(0.707106793654593,0.707106768718502,-1.66598018329954E-18));
#4717=DIRECTION('',(3.5278770522142E-41,0.,-1.));
#4718=DIRECTION('',(0.707106793654593,0.707106768718502,-1.66598018329954E-18));
#4719=DIRECTION('',(-3.5278770522142E-41,0.,1.));
#4720=DIRECTION('',(0.707106793654593,0.707106768718502,-1.66598018329954E-18));
#4721=DIRECTION('',(-3.5278770522142E-41,0.,1.));
#4722=DIRECTION('',(0.362766380202964,-0.931880117501408,2.23335241228323E-18));
#4723=DIRECTION('',(-0.156600854427473,0.170658258112851,-0.972806214685367));
#4724=DIRECTION('',(3.5278770522142E-41,0.,-1.));
#4725=DIRECTION('',(0.362766380202964,-0.931880117501408,2.23335241228323E-18));
#4726=DIRECTION('',(-4.08404498905128E-9,-0.231620527306042,0.972806214685366));
#4727=DIRECTION('',(-3.5278770522142E-41,0.,1.));
#4728=DIRECTION('',(0.362766380202964,-0.931880117501408,2.23335241228323E-18));
#4729=DIRECTION('',(1.71529844499391E-8,0.972806214685367,0.23162052730604));
#4730=DIRECTION('',(4.08404396044947E-9,0.23162052730604,-0.972806214685367));
#4731=DIRECTION('',(-4.08404396044947E-9,-0.23162052730604,0.972806214685367));
#4732=DIRECTION('',(1.,-1.76324782788182E-8,2.91930090238019E-20));
#4733=DIRECTION('',(-1.,1.76324782788182E-8,-2.91930090238019E-20));
#4734=DIRECTION('',(-3.5278770522142E-41,0.,1.));
#4735=DIRECTION('',(-0.707106793654593,-0.707106768718502,1.66598018329954E-18));
#4736=DIRECTION('',(3.5278770522142E-41,0.,-1.));
#4737=DIRECTION('',(-0.707106793654593,-0.707106768718502,1.66598018329954E-18));
#4738=DIRECTION('',(-0.231620527156921,8.31130880362077E-6,0.972806214685367));
#4739=DIRECTION('',(-3.5278770522142E-41,0.,1.));
#4740=DIRECTION('',(-0.707106793654593,-0.707106768718502,1.66598018329954E-18));
#4741=DIRECTION('',(0.972806214059069,-3.49074969752072E-5,0.231620527306039));
#4742=DIRECTION('',(3.58832997242908E-5,0.999999999356194,-2.38524373024524E-18));
#4743=DIRECTION('',(1.76324780195585E-8,0.999999988654427,0.000150635800724495));
#4744=DIRECTION('',(-3.58832997242902E-5,-0.999999999356194,-1.1980046033879E-45));
#4745=DIRECTION('',(-3.5278770522142E-41,0.,1.));
#4746=DIRECTION('',(-0.707106768718502,0.707106793654593,-1.70726533252171E-18));
#4747=DIRECTION('',(3.5278770522142E-41,0.,-1.));
#4748=DIRECTION('',(-0.707106768718502,0.707106793654593,-1.70726533252171E-18));
#4749=DIRECTION('',(4.08404396044947E-9,0.23162052730604,0.972806214685367));
#4750=DIRECTION('',(-3.5278770522142E-41,0.,1.));
#4751=DIRECTION('',(-0.707106768718502,0.707106793654593,-1.70726533252171E-18));
#4752=DIRECTION('',(-1.71529846338877E-8,-0.972806214685367,0.23162052730604));
#4753=DIRECTION('',(4.08404396044947E-9,0.23162052730604,0.972806214685367));
#4754=DIRECTION('',(-4.08404396044947E-9,-0.23162052730604,-0.972806214685367));
#4755=DIRECTION('',(-1.,1.76324784679089E-8,-2.91930090237981E-20));
#4756=DIRECTION('',(1.,-1.76324784679089E-8,2.91930090237981E-20));
#4757=DIRECTION('',(-3.5278770522142E-41,0.,1.));
#4758=DIRECTION('',(0.549265366057517,0.835647986684406,-1.97719031188937E-18));
#4759=DIRECTION('',(3.5278770522142E-41,0.,-1.));
#4760=DIRECTION('',(0.549265366057517,0.835647986684406,-1.97719031188937E-18));
#4761=DIRECTION('',(-0.212624166889156,-0.0918642058922844,-0.972806214685367));
#4762=DIRECTION('',(-3.5278770522142E-41,0.,1.));
#4763=DIRECTION('',(0.549265366057517,0.835647986684406,-1.97719031188937E-18));
#4764=DIRECTION('',(3.5278770522142E-41,0.,-1.));
#4765=DIRECTION('',(0.209000901231522,0.977915447921962,-2.32646636052949E-18));
#4766=DIRECTION('',(-0.204545371566289,-0.108670417503282,-0.972806214685366));
#4767=DIRECTION('',(3.5278770522142E-41,0.,-1.));
#4768=DIRECTION('',(-1.76324784679089E-8,-1.,2.38524477886226E-18));
#4769=DIRECTION('',(-3.5278770522142E-41,0.,1.));
#4770=DIRECTION('',(-1.76324784679089E-8,-1.,2.38524477886226E-18));
#4771=DIRECTION('',(-3.5278770522142E-41,0.,1.));
#4772=DIRECTION('',(0.981424242750849,-0.191850086632566,4.86260103067061E-19));
#4773=DIRECTION('',(3.5278770522142E-41,0.,-1.));
#4774=DIRECTION('',(0.981424242750849,-0.191850086632566,4.86260103067061E-19));
#4775=DIRECTION('',(-0.148565883923077,0.177697064701933,-0.972806214685367));
#4776=DIRECTION('',(-3.5278770522142E-41,0.,1.));
#4777=DIRECTION('',(0.981424242750849,-0.191850086632566,4.86260103067061E-19));
#4778=DIRECTION('',(3.5278770522142E-41,0.,-1.));
#4779=DIRECTION('',(-0.61281371944324,0.790227400981605,-1.90277563346062E-18));
#4780=DIRECTION('',(3.5278770522142E-41,0.,-1.));
#4781=DIRECTION('',(-0.61281371944324,0.790227400981605,-1.90277563346062E-18));
#4782=DIRECTION('',(-3.5278770522142E-41,0.,1.));
#4783=DIRECTION('',(-0.61281371944324,0.790227400981605,-1.90277563346062E-18));
#4784=DIRECTION('',(3.5278770522142E-41,0.,-1.));
#4785=DIRECTION('',(0.405379935047939,-0.914148296645861,2.1923016952555E-18));
#4786=DIRECTION('',(-4.08400141501895E-9,-0.23162052730604,-0.972806214685367));
#4787=DIRECTION('',(-3.5278770522142E-41,0.,1.));
#4788=DIRECTION('',(0.405379935047939,-0.914148296645861,2.1923016952555E-18));
#4789=DIRECTION('',(3.5278770522142E-41,0.,-1.));
#4790=DIRECTION('',(0.405379935047939,-0.914148296645861,2.1923016952555E-18));
#4791=DIRECTION('',(-3.5278770522142E-41,0.,1.));
#4792=DIRECTION('',(1.,0.,3.5278770522142E-41));
#4793=DIRECTION('',(3.5278770522142E-41,0.,-1.));
#4794=DIRECTION('',(-1.76324784679089E-8,-1.,2.38524477886226E-18));
#4795=DIRECTION('',(-3.5278770522142E-41,0.,1.));
#4796=DIRECTION('',(1.,0.,3.5278770522142E-41));
#4797=DIRECTION('',(-3.5278770522142E-41,0.,1.));
#4798=DIRECTION('',(0.636485785241187,0.771288431902041,-1.82113079704483E-18));
#4799=DIRECTION('',(0.23162052730604,-4.08404390293814E-9,0.972806214685367));
#4800=DIRECTION('',(3.5278770522142E-41,0.,-1.));
#4801=DIRECTION('',(-1.,0.,-3.5278770522142E-41));
#4802=DIRECTION('',(-0.972806214685367,1.71529843923402E-8,0.231620527306039));
#4803=DIRECTION('',(-1.76324782196092E-8,-1.,2.38524477886226E-18));
#4804=DIRECTION('',(1.76324782196092E-8,1.,-2.38524477886226E-18));
#4805=DIRECTION('',(-1.76324784679089E-8,-1.,-1.04047383434614E-15));
#4806=DIRECTION('',(-3.5278770522142E-41,0.,1.));
#4807=DIRECTION('',(0.707094088176319,-0.707119473968933,1.70729520805997E-18));
#4808=DIRECTION('',(3.5278770522142E-41,0.,-1.));
#4809=DIRECTION('',(0.707094088176319,-0.707119473968933,1.70729520805997E-18));
#4810=DIRECTION('',(-4.08404396044945E-9,-0.231620527306039,0.972806214685367));
#4811=DIRECTION('',(-3.5278770522142E-41,0.,1.));
#4812=DIRECTION('',(0.707094088176319,-0.707119473968933,1.70729520805997E-18));
#4813=DIRECTION('',(1.71529846338877E-8,0.972806214685367,0.23162052730604));
#4814=DIRECTION('',(4.08404396044947E-9,0.23162052730604,-0.972806214685367));
#4815=DIRECTION('',(-1.,1.76324784679089E-8,-2.91930090237981E-20));
#4816=DIRECTION('',(-4.08404396044947E-9,-0.23162052730604,0.972806214685367));
#4817=DIRECTION('',(1.,-1.76324784679089E-8,2.91930090237981E-20));
#4818=DIRECTION('',(-3.5278770522142E-41,0.,1.));
#4819=DIRECTION('',(-0.518095978250268,-0.855322487323289,2.025028738829E-18));
#4820=DIRECTION('',(3.5278770522142E-41,0.,-1.));
#4821=DIRECTION('',(-0.518095978250268,-0.855322487323289,2.025028738829E-18));
#4822=DIRECTION('',(-0.205280241027548,-0.107275772256367,0.972806214685367));
#4823=DIRECTION('',(-3.5278770522142E-41,0.,1.));
#4824=DIRECTION('',(-0.518095978250268,-0.855322487323289,2.025028738829E-18));
#4825=DIRECTION('',(-0.685994150792358,0.685994530347662,0.24253562503633));
#4826=DIRECTION('',(5.87749146943615E-9,0.333333256588582,-0.942809068715427));
#4827=DIRECTION('',(0.707106976804848,0.707106585568193,-1.66597974108305E-18));
#4828=DIRECTION('',(-0.685645874138207,0.686363639541803,0.242476162936041));
#4829=DIRECTION('',(-0.707476606578442,-0.706736762270262,1.66508683136818E-18));
#4830=DIRECTION('',(-0.685645874138207,0.686363639541803,0.242476162936041));
#4831=DIRECTION('',(0.727935254866294,0.646489358095896,0.228389523821696));
#4832=DIRECTION('',(-0.835796022004764,0.497478953915877,0.232292272819775));
#4833=DIRECTION('',(-0.523173872303899,-0.849958958226397,-0.0621197928943839));
#4834=DIRECTION('',(0.707106565461249,-0.707057935886484,0.00832948867220128));
#4835=DIRECTION('',(-0.0212850204813892,-0.0330578649244529,-0.999226763787752));
#4836=DIRECTION('',(3.5278770522142E-41,0.,-1.));
#4837=DIRECTION('',(0.405379935047939,-0.914148296645861,2.1923016952555E-18));
#4838=DIRECTION('',(3.5278770522142E-41,0.,-1.));
#4839=DIRECTION('',(3.5278770522142E-41,0.,-1.));
#4840=DIRECTION('',(-0.518095978250268,-0.855322487323289,2.025028738829E-18));
#4841=DIRECTION('',(3.5278770522142E-41,0.,-1.));
#4842=DIRECTION('',(3.5278770522142E-41,0.,-1.));
#4843=DIRECTION('',(1.76324782788182E-8,1.,-2.38524477886226E-18));
#4844=DIRECTION('',(1.,-1.76324782788182E-8,2.91930090238019E-20));
#4845=DIRECTION('',(3.5278770522142E-41,0.,-1.));
#4846=DIRECTION('',(3.5278770522142E-41,0.,-1.));
#4847=DIRECTION('',(3.5278770522142E-41,0.,-1.));
#4848=DIRECTION('',(0.362766380202964,-0.931880117501408,2.23335241228323E-18));
#4849=DIRECTION('',(3.5278770522142E-41,0.,-1.));
#4850=DIRECTION('',(3.5278770522142E-41,0.,-1.));
#4851=DIRECTION('',(-0.61281371944324,0.790227400981605,-1.90277563346062E-18));
#4852=DIRECTION('',(3.5278770522142E-41,0.,-1.));
#4853=DIRECTION('',(3.5278770522142E-41,0.,-1.));
#4854=DIRECTION('',(0.981424242750849,-0.191850086632566,4.86260103067061E-19));
#4855=DIRECTION('',(3.5278770522142E-41,0.,-1.));
#4856=DIRECTION('',(3.5278770522142E-41,0.,-1.));
#4857=DIRECTION('',(0.209000901231522,0.977915447921962,-2.32646636052949E-18));
#4858=DIRECTION('',(3.5278770522142E-41,0.,-1.));
#4859=DIRECTION('',(3.5278770522142E-41,0.,-1.));
#4860=DIRECTION('',(0.549265366057517,0.835647986684406,-1.97719031188937E-18));
#4861=DIRECTION('',(3.5278770522142E-41,0.,-1.));
#4862=DIRECTION('',(-1.76324784679089E-8,-1.,2.38524477886226E-18));
#4863=DIRECTION('',(-1.,1.76324784679089E-8,-2.91930090237981E-20));
#4864=DIRECTION('',(3.5278770522142E-41,0.,-1.));
#4865=DIRECTION('',(3.5278770522142E-41,0.,-1.));
#4866=DIRECTION('',(-0.707106768718502,0.707106793654593,-1.70726533252171E-18));
#4867=DIRECTION('',(3.5278770522142E-41,0.,-1.));
#4868=DIRECTION('',(1.,-1.76324782196091E-8,2.91930090237916E-20));
#4869=DIRECTION('',(-1.76324782196092E-8,-1.,2.38524477886226E-18));
#4870=DIRECTION('',(3.5278770522142E-41,0.,-1.));
#4871=DIRECTION('',(3.5278770522142E-41,0.,-1.));
#4872=DIRECTION('',(-0.707106793654593,-0.707106768718502,1.66598018329954E-18));
#4873=DIRECTION('',(-1.,1.76324784679089E-8,-2.91930090237981E-20));
#4874=DIRECTION('',(1.76324784679089E-8,1.,-2.38524477886226E-18));
#4875=DIRECTION('',(3.5278770522142E-41,0.,-1.));
#4876=DIRECTION('',(3.5278770522142E-41,0.,-1.));
#4877=DIRECTION('',(3.5278770522142E-41,0.,-1.));
#4878=DIRECTION('',(0.707106793654593,0.707106768718502,-1.66598018329954E-18));
#4879=DIRECTION('',(3.5278770522142E-41,0.,-1.));
#4880=DIRECTION('',(-1.76324784679089E-8,-1.,2.38524477886226E-18));
#4881=DIRECTION('',(-1.,1.76324784679089E-8,-2.91930090237981E-20));
#4882=DIRECTION('',(3.5278770522142E-41,0.,-1.));
#4883=DIRECTION('',(3.5278770522142E-41,0.,-1.));
#4884=DIRECTION('',(-0.923879427364322,0.382683686212219,-9.39765046281299E-19));
#4885=DIRECTION('',(3.5278770522142E-41,0.,-1.));
#4886=DIRECTION('',(0.707107157290789,0.707106405082106,-1.66597930527842E-18));
#4887=DIRECTION('',(0.707106405082107,-0.707107157290788,1.70726618923728E-18));
#4888=DIRECTION('',(3.5278770522142E-41,0.,-1.));
#4889=DIRECTION('',(3.5278770522142E-41,0.,-1.));
#4890=DIRECTION('',(0.382683178517929,-0.923879637658183,2.21485073992984E-18));
#4891=DIRECTION('',(3.5278770522142E-41,0.,-1.));
#4892=DIRECTION('',(-0.0131805690071779,0.999913132527345,-2.38542235915131E-18));
#4893=DIRECTION('',(3.5278770522142E-41,0.,-1.));
#4894=DIRECTION('',(-0.636461574595009,0.771308410471481,-1.85833956113133E-18));
#4895=DIRECTION('',(3.5278770522142E-41,0.,-1.));
#4896=DIRECTION('',(1.,-1.76324782196091E-8,2.91930090237916E-20));
#4897=DIRECTION('',(-1.76324782196092E-8,-1.,2.38524477886226E-18));
#4898=DIRECTION('',(3.5278770522142E-41,0.,-1.));
#4899=DIRECTION('',(-0.707119473968934,-0.707094088176318,1.66594956691361E-18));
#4900=DIRECTION('',(3.5278770522142E-41,0.,-1.));
#4901=DIRECTION('',(1.76324784679089E-8,1.,-2.38524477886226E-18));
#4902=DIRECTION('',(1.,-1.76324784679089E-8,2.91930090237981E-20));
#4903=DIRECTION('',(1.76324784679089E-8,1.,-2.38524477886226E-18));
#4904=DIRECTION('',(1.,-1.76324784679089E-8,2.91930090237981E-20));
#4905=DIRECTION('',(3.5278770522142E-41,0.,-1.));
#4906=DIRECTION('',(3.5278770522142E-41,0.,-1.));
#4907=DIRECTION('',(0.707094088176319,-0.707119473968933,1.70729520805997E-18));
#4908=DIRECTION('',(-1.,1.76324784679089E-8,-2.91930090237981E-20));
#4909=DIRECTION('',(1.76324784679089E-8,1.,-2.38524477886226E-18));
#4910=DIRECTION('',(3.5278770522142E-41,0.,-1.));
#4911=DIRECTION('',(3.5278770522142E-41,0.,-1.));
#4912=DIRECTION('',(0.636485785241187,0.771288431902041,-1.82113079704483E-18));
#4913=DIRECTION('',(3.5278770522142E-41,0.,-1.));
#4914=DIRECTION('',(-0.0131805690071779,0.999913132527345,-2.38542235915131E-18));
#4915=DIRECTION('',(3.5278770522142E-41,0.,-1.));
#4916=DIRECTION('',(0.998812371937474,-0.0487221270537104,1.45372495776692E-19));
#4917=DIRECTION('',(-3.5278770522142E-41,0.,1.));
#4918=DIRECTION('',(0.998812371937474,-0.0487221270537104,1.45372495776692E-19));
#4919=DIRECTION('',(3.5278770522142E-41,0.,-1.));
#4920=DIRECTION('',(-1.76326625636172E-8,-1.,2.38524477886226E-18));
#4921=DIRECTION('',(-1.,1.76326625636172E-8,-2.91930090242341E-20));
#4922=DIRECTION('',(1.,-1.76326625636172E-8,-1.54468282537917E-12));
#4923=DIRECTION('',(3.5278770522142E-41,0.,-1.));
#4924=DIRECTION('',(-1.71528059430796E-8,-0.972806214685367,0.23162052730604));
#4925=DIRECTION('',(4.08404396044947E-9,0.23162052730604,0.972806214685367));
#4926=DIRECTION('',(-1.,1.76322947819852E-8,-2.91930090233585E-20));
#4927=DIRECTION('',(-4.08400141501895E-9,-0.23162052730604,-0.972806214685367));
#4928=DIRECTION('',(3.5278770522142E-41,0.,-1.));
#4929=DIRECTION('',(0.998812371937474,-0.0487221270537104,1.45372495776692E-19));
#4930=DIRECTION('',(3.5278770522142E-41,0.,-1.));
#4931=DIRECTION('',(0.998812371937474,-0.0487221270537104,1.45372495776692E-19));
#4932=DIRECTION('',(-0.00709175420900631,-0.231511934231837,0.972806214685367));
#4933=DIRECTION('',(-0.707106585568295,0.707106976804746,-1.70726576398445E-18));
#4934=DIRECTION('',(0.707106976804747,0.707106585568294,-1.66597974103257E-18));
#4935=DIRECTION('',(0.707106976804747,0.707106585568294,-1.66597974103257E-18));
#4936=DIRECTION('',(0.707106976804747,0.707106585568294,-1.66597974103257E-18));
#4937=DIRECTION('',(3.5278770522142E-41,0.,-1.));
#4938=DIRECTION('',(0.685994150792455,-0.685994530347564,0.242535625036332));
#4939=DIRECTION('',(5.87749146943695E-9,0.333333256588628,0.942809068715411));
#4940=DIRECTION('',(-0.707106976804747,-0.707106585568294,1.66597974103257E-18));
#4941=DIRECTION('',(0.685994150792455,-0.685994530347564,0.242535625036332));
#4942=DIRECTION('',(0.171498537698113,-0.17149863258689,-0.970142500145332));
#4943=DIRECTION('',(3.5278770522142E-41,0.,-1.));
#4944=DIRECTION('',(0.63561129630804,0.772009248652898,-1.82287565043551E-18));
#4945=DIRECTION('',(-3.5278770522142E-41,0.,1.));
#4946=DIRECTION('',(0.,-1.,0.));
#4947=DIRECTION('',(3.5278770522142E-41,0.,-1.));
#4948=DIRECTION('',(1.,-1.76324784679089E-8,2.91930090237981E-20));
#4949=DIRECTION('',(3.5278770522142E-41,0.,-1.));
#4950=DIRECTION('',(3.5278770522142E-41,0.,-1.));
#4951=DIRECTION('',(0.,0.,1.));
#4952=DIRECTION('',(-1.,1.76324784679089E-8,0.));
#4953=DIRECTION('',(1.71737627929843E-16,2.15973069730896E-16,1.));
#4954=DIRECTION('',(-2.37139730181683E-32,-1.,2.15973069730896E-16));
#4955=DIRECTION('',(-3.5278770522142E-41,0.,1.));
#4956=DIRECTION('',(0.,-1.,0.));
#4957=DIRECTION('',(-0.704371136384415,0.709831883074104,-1.7136854766202E-18));
#4958=DIRECTION('',(0.709831883074105,0.704371136384414,-1.65937547710172E-18));
#4959=DIRECTION('',(0.143461186104661,0.142357537174097,0.979363681014959));
#4960=DIRECTION('',(-0.539623377682948,-0.841906532970285,1.99239995514953E-18));
#4961=DIRECTION('',(-0.841906532970286,0.539623377682948,-1.31171159408486E-18));
#4962=DIRECTION('',(0.539623377682632,0.841906532970488,-5.47712923036031E-12));
#4963=DIRECTION('',(-0.0550806443826793,0.0353041605073406,0.997857574438988));
#4964=DIRECTION('',(3.5278770522142E-41,0.,-1.));
#4965=DIRECTION('',(-0.707106768718497,0.707106793654598,-1.70726533252171E-18));
#4966=DIRECTION('',(3.5278770522142E-41,0.,-1.));
#4967=DIRECTION('',(-0.707106768718497,0.707106793654598,-1.70726533252171E-18));
#4968=DIRECTION('',(3.5278770522142E-41,0.,-1.));
#4969=DIRECTION('',(3.5278770522142E-41,0.,-1.));
#4970=DIRECTION('',(3.5278770522142E-41,0.,-1.));
#4971=DIRECTION('',(-0.707106768718497,0.707106793654598,-1.70726533252171E-18));
#4972=DIRECTION('',(-2.49361404305127E-9,-0.141421356237228,0.989949493661178));
#4973=DIRECTION('',(0.141421356237311,-2.49360901875686E-9,0.989949493661166));
#4974=DIRECTION('',(3.5278770522142E-41,0.,-1.));
#4975=DIRECTION('',(-0.707106768718497,0.707106793654598,-1.70726533252171E-18));
#4976=DIRECTION('',(-3.5278770522142E-41,0.,1.));
#4977=DIRECTION('',(-0.717850264420549,-0.696197527912407,1.63964533985767E-18));
#4978=DIRECTION('',(-0.231620527156921,8.31130880362092E-6,0.972806214685367));
#4979=DIRECTION('',(3.5278770522142E-41,0.,-1.));
#4980=DIRECTION('',(-1.,0.,-3.5278770522142E-41));
#4981=DIRECTION('',(0.972806214059069,-3.49074969752077E-5,0.23162052730604));
#4982=DIRECTION('',(3.39591759444229E-5,0.999999999390733,8.08131987544544E-6));
#4983=DIRECTION('',(-0.231620527156921,8.31130880362093E-6,0.972806214685367));
#4984=DIRECTION('',(-3.58832997242909E-5,-0.999999999356194,2.38524373024524E-18));
#4985=DIRECTION('',(1.76324782678584E-8,0.999999988654428,0.000150635800723452));
#4986=DIRECTION('',(-3.5278770522142E-41,0.,1.));
#4987=DIRECTION('',(-0.707106768718438,0.707106793654656,-1.70726533252171E-18));
#4988=DIRECTION('',(3.5278770522142E-41,0.,-1.));
#4989=DIRECTION('',(-0.707106768718438,0.707106793654656,-1.70726533252171E-18));
#4990=DIRECTION('',(-3.5278770522142E-41,0.,1.));
#4991=DIRECTION('',(-0.707106768718438,0.707106793654656,-1.70726533252171E-18));
#4992=DIRECTION('',(-0.989949493661166,1.74552631312979E-8,0.141421356237311));
#4993=DIRECTION('',(-1.76324784679089E-8,-1.,2.38524477886226E-18));
#4994=DIRECTION('',(1.76324784679089E-8,1.,-2.38524477886226E-18));
#4995=DIRECTION('',(1.76324784679089E-8,1.,-2.38524477886226E-18));
#4996=DIRECTION('',(3.5278770522142E-41,0.,-1.));
#4997=DIRECTION('',(1.,-1.76324784679089E-8,2.91930090237981E-20));
#4998=DIRECTION('',(-3.5278770522142E-41,0.,1.));
#4999=DIRECTION('',(-1.,1.76324784679089E-8,-2.91930090237981E-20));
#5000=DIRECTION('',(3.5278770522142E-41,0.,-1.));
#5001=DIRECTION('',(1.,-1.76324784679089E-8,2.91930090237981E-20));
#5002=DIRECTION('',(-3.5278770522142E-41,0.,1.));
#5003=DIRECTION('',(-1.,1.76324784679089E-8,-2.91930090237981E-20));
#5004=DIRECTION('',(3.5278770522142E-41,0.,-1.));
#5005=DIRECTION('',(1.,-1.76324784679089E-8,2.91930090237981E-20));
#5006=DIRECTION('',(3.5278770522142E-41,0.,-1.));
#5007=DIRECTION('',(-0.707106768718438,0.707106793654656,-1.70726533252171E-18));
#5008=DIRECTION('',(3.5278770522142E-41,0.,-1.));
#5009=DIRECTION('',(3.5278770522142E-41,0.,-1.));
#5010=DIRECTION('',(-0.717850264420549,-0.696197527912407,1.63964533985767E-18));
#5011=DIRECTION('',(3.5278770522142E-41,0.,-1.));
#5012=DIRECTION('',(3.5278770522142E-41,0.,-1.));
#5013=DIRECTION('',(-1.,1.76324784679089E-8,-2.91930090237981E-20));
#5014=DIRECTION('',(3.5278770522142E-41,0.,-1.));
#5015=DIRECTION('',(-1.,1.76324784679089E-8,-2.91930090237981E-20));
#5016=DIRECTION('',(1.76324784679089E-8,1.,-2.38524477886226E-18));
#5017=DIRECTION('',(1.,-1.76324784679089E-8,2.91930090237981E-20));
#5018=DIRECTION('',(-1.76324784679089E-8,-1.,2.38524477886226E-18));
#5019=DIRECTION('',(-3.5278770522142E-41,0.,1.));
#5020=DIRECTION('',(-1.,1.76324784679089E-8,-2.91930090237981E-20));
#5021=DIRECTION('',(3.5278770522142E-41,0.,-1.));
#5022=DIRECTION('',(-1.,1.76324784679089E-8,-2.91930090237981E-20));
#5023=DIRECTION('',(3.5278770522142E-41,0.,-1.));
#5024=DIRECTION('',(-0.635611269083167,0.772009271067703,-1.85998646223139E-18));
#5025=DIRECTION('',(3.5278770522142E-41,0.,-1.));
#5026=DIRECTION('',(1.,-1.76324784679089E-8,2.91930090237981E-20));
#5027=DIRECTION('',(3.5278770522142E-41,0.,-1.));
#5028=DIRECTION('',(3.5278770522142E-41,0.,-1.));
#5029=DIRECTION('',(1.76325213830487E-8,1.,-2.38524477886226E-18));
#5030=DIRECTION('',(1.,-1.76325213830487E-8,2.91930090238989E-20));
#5031=DIRECTION('',(3.5278770522142E-41,0.,-1.));
#5032=DIRECTION('',(1.,-1.76325213830487E-8,3.5278770522142E-41));
#5033=DIRECTION('',(1.76324784679089E-8,1.,-2.38524477886226E-18));
#5034=DIRECTION('',(1.,-1.76324784679089E-8,2.91930090237981E-20));
#5035=DIRECTION('',(0.362533587155975,-6.38931541365703E-9,-0.93197070671981));
#5036=DIRECTION('',(-1.,1.76324784679089E-8,-2.91930090237981E-20));
#5037=DIRECTION('',(0.53962334799315,-0.84190655200008,2.02390641437797E-18));
#5038=DIRECTION('',(-0.841906552000081,-0.53962334799315,1.26255602348458E-18));
#5039=DIRECTION('',(-0.539623347992569,0.841906552000453,2.68361653612452E-12));
#5040=DIRECTION('',(-0.125519375557998,-0.0804521422457734,0.988823714909587));
#5041=DIRECTION('',(3.5278770522142E-41,0.,-1.));
#5042=DIRECTION('',(1.,-1.76324784679089E-8,2.91930090237981E-20));
#5043=DIRECTION('',(3.5278770522142E-41,0.,-1.));
#5044=DIRECTION('',(-1.,1.76324784679089E-8,-2.91930090237981E-20));
#5045=DIRECTION('',(-3.5278770522142E-41,0.,1.));
#5046=DIRECTION('',(-1.,1.76324784679089E-8,-2.91930090237981E-20));
#5047=DIRECTION('',(-3.5278770522142E-41,0.,1.));
#5048=DIRECTION('',(1.76324784679089E-8,1.,-2.38524477886226E-18));
#5049=DIRECTION('',(-3.5278770522142E-41,0.,1.));
#5050=DIRECTION('',(1.76324784679089E-8,1.,-2.38524477886226E-18));
#5051=DIRECTION('',(1.76324784679089E-8,1.,-2.38524477886226E-18));
#5052=DIRECTION('',(-3.5278770522142E-41,0.,1.));
#5053=DIRECTION('',(3.5278770522142E-41,0.,-1.));
#5054=DIRECTION('',(-0.723670284366229,-0.690145868295465,1.62504074670191E-18));
#5055=DIRECTION('',(3.5278770522142E-41,0.,-1.));
#5056=DIRECTION('',(3.5278770522142E-41,0.,-1.));
#5057=DIRECTION('',(0.723670260028264,-0.690145893815666,1.66729297229652E-18));
#5058=DIRECTION('',(3.5278770522142E-41,0.,-1.));
#5059=DIRECTION('',(0.,1.,0.));
#5060=DIRECTION('',(3.5278770522142E-41,0.,-1.));
#5061=DIRECTION('',(3.5278770522142E-41,0.,-1.));
#5062=DIRECTION('',(0.892325913103431,0.451391697757202,-1.05063004959901E-18));
#5063=DIRECTION('',(3.5278770522142E-41,0.,-1.));
#5064=DIRECTION('',(-0.892325897185121,0.451391729225037,-1.10272940605268E-18));
#5065=DIRECTION('',(1.,-1.76324784679089E-8,2.91930090237981E-20));
#5066=DIRECTION('',(1.76324784679089E-8,1.,-5.66832000797381E-13));
#5067=DIRECTION('',(-1.,1.76324784679089E-8,-1.09386802310119E-33));
#5068=DIRECTION('',(3.5278770522142E-41,0.,-1.));
#5069=DIRECTION('',(-1.76324784679089E-8,-1.,2.38524477886226E-18));
#5070=DIRECTION('',(1.7455305615119E-8,0.989949493661178,0.141421356237228));
#5071=DIRECTION('',(2.4936090187554E-9,0.141421356237228,-0.989949493661178));
#5072=DIRECTION('',(1.,-1.76325213830487E-8,2.91930086676912E-20));
#5073=DIRECTION('',(1.,-1.76325213830487E-8,2.91930090238989E-20));
#5074=DIRECTION('',(-5.7126917807099E-8,-0.989949496503007,-0.141421336344411));
#5075=DIRECTION('',(-0.997972875638848,-0.00900009728245984,0.0630010931495185));
#5076=DIRECTION('',(1.76325213830487E-8,1.,-2.38524477886226E-18));
#5077=DIRECTION('',(1.,-1.76325213830487E-8,2.91930090238989E-20));
#5078=DIRECTION('',(0.,0.,-1.));
#5079=DIRECTION('',(-0.744330647551462,0.66781126608917,-1.61462567203045E-18));
#5080=DIRECTION('',(3.5278770522142E-41,0.,-1.));
#5081=DIRECTION('',(-1.,0.,-3.5278770522142E-41));
#5082=DIRECTION('',(0.,0.,-1.));
#5083=DIRECTION('',(-0.744330647551462,0.66781126608917,-1.61462567203045E-18));
#5084=DIRECTION('',(3.5278770522142E-41,0.,-1.));
#5085=DIRECTION('',(-1.,0.,-3.5278770522142E-41));
#5086=DIRECTION('',(3.5278770522142E-41,0.,-1.));
#5087=DIRECTION('',(-1.,1.76324784679089E-8,-2.91930090237981E-20));
#5088=DIRECTION('',(3.5278770522142E-41,0.,-1.));
#5089=DIRECTION('',(1.,-1.76324784679089E-8,2.91930090237981E-20));
#5090=DIRECTION('',(-3.5278770522142E-41,0.,1.));
#5091=DIRECTION('',(1.,0.,3.5278770522142E-41));
#5092=DIRECTION('',(-3.5278770522142E-41,0.,1.));
#5093=DIRECTION('',(-0.8829475928573,-0.46947156278895,-3.11493055114903E-41));
#5094=DIRECTION('',(0.46947156278895,-0.8829475928573,0.));
#5095=DIRECTION('',(-3.5278770522142E-41,0.,1.));
#5096=DIRECTION('',(-3.5278770522142E-41,0.,1.));
#5097=DIRECTION('',(1.,0.,3.5278770522142E-41));
#5098=DIRECTION('',(0.882947592857225,0.469471562789093,3.11493055114877E-41));
#5099=DIRECTION('',(-0.469471562789093,0.882947592857225,0.));
#5100=DIRECTION('',(3.5278770522142E-41,0.,-1.));
#5101=DIRECTION('',(1.,-1.76324784679089E-8,2.91930090237981E-20));
#5102=DIRECTION('',(3.5278770522142E-41,0.,-1.));
#5103=DIRECTION('',(-1.,1.76324784679089E-8,-2.91930090237981E-20));
#5104=DIRECTION('',(3.5278770522142E-41,0.,-1.));
#5105=DIRECTION('',(-1.,1.76324784679089E-8,-2.91930090237981E-20));
#5106=DIRECTION('',(3.5278770522142E-41,0.,-1.));
#5107=DIRECTION('',(-1.,1.76324784679089E-8,-2.91930090237981E-20));
#5108=DIRECTION('',(-1.,-1.91885561436169E-32,1.2325951679368E-32));
#5109=DIRECTION('',(-1.23259516440783E-32,-5.66832000799317E-13,-1.));
#5110=DIRECTION('',(-1.,-1.91885561436169E-32,1.2325951679368E-32));
#5111=DIRECTION('',(-1.23259516440783E-32,-5.66832000799317E-13,-1.));
#5112=DIRECTION('',(1.76324784679089E-8,1.,-2.38524477886226E-18));
#5113=DIRECTION('',(-3.5278770522142E-41,0.,1.));
#5114=DIRECTION('',(1.76324784679089E-8,1.,-2.38524477886226E-18));
#5115=DIRECTION('',(-3.5278770522142E-41,0.,1.));
#5116=DIRECTION('',(1.76324784679089E-8,1.,-2.38524477886226E-18));
#5117=DIRECTION('',(-1.,1.76324784679089E-8,-1.09810596402638E-16));
#5118=DIRECTION('',(1.76324784679089E-8,1.,-2.38524477886226E-18));
#5119=DIRECTION('',(-3.5278770522142E-41,0.,1.));
#5120=DIRECTION('',(-1.,1.76324784679089E-8,-2.91930090237981E-20));
#5121=DIRECTION('',(-1.76324784679089E-8,-1.,2.38524477886226E-18));
#5122=DIRECTION('',(-3.5278770522142E-41,0.,1.));
#5123=DIRECTION('',(1.76324784679089E-8,1.,-2.38524477886226E-18));
#5124=DIRECTION('',(-1.,1.76324784679089E-8,-1.09810596402638E-16));
#5125=DIRECTION('',(-1.,1.76324784679089E-8,-1.12095141294413E-33));
#5126=DIRECTION('',(1.76324784679089E-8,1.,-2.38524477886226E-18));
#5127=DIRECTION('',(-3.5278770522142E-41,0.,1.));
#5128=DIRECTION('',(-1.76324784679089E-8,-1.,2.38524477886226E-18));
#5129=DIRECTION('',(3.5278770522142E-41,0.,-1.));
#5130=DIRECTION('',(1.76324784679089E-8,1.,-2.38524477886226E-18));
#5131=DIRECTION('',(1.76324784679089E-8,1.,-2.38524477886226E-18));
#5132=DIRECTION('',(3.5278770522142E-41,0.,-1.));
#5133=DIRECTION('',(-1.76324784679089E-8,-1.,2.38524477886226E-18));
#5134=DIRECTION('',(-1.,1.76324784679089E-8,-2.91930090237981E-20));
#5135=DIRECTION('',(-1.76324784679089E-8,-1.,2.38524477886226E-18));
#5136=DIRECTION('',(-1.76324784679089E-8,-1.,2.38524477886226E-18));
#5137=DIRECTION('',(-1.76324784679089E-8,-1.,2.38524477886226E-18));
#5138=DIRECTION('',(-3.5278770522142E-41,0.,1.));
#5139=DIRECTION('',(1.76324784679089E-8,1.,-2.38524477886226E-18));
#5140=DIRECTION('',(3.5278770522142E-41,0.,-1.));
#5141=DIRECTION('',(-1.76324784679089E-8,-1.,2.38524477886226E-18));
#5142=DIRECTION('',(0.655737704880697,-1.15622809619049E-8,-0.754988782961572));
#5143=DIRECTION('',(-1.76324784679089E-8,-1.,2.38524477886226E-18));
#5144=DIRECTION('',(1.76324784679089E-8,1.,-2.38524477886226E-18));
#5145=DIRECTION('',(-1.,1.76324784679089E-8,-1.09810596402638E-16));
#5146=DIRECTION('',(-3.5278770522142E-41,0.,1.));
#5147=DIRECTION('',(1.76324784679089E-8,1.,-2.38524477886226E-18));
#5148=DIRECTION('',(1.76324784679089E-8,1.,-2.38524477886226E-18));
#5149=DIRECTION('',(-1.,1.76324784679089E-8,-1.12095141294413E-33));
#5150=DIRECTION('',(1.76324784679089E-8,1.,-2.38524477886226E-18));
#5151=DIRECTION('',(-0.655737704880697,1.15622809619049E-8,-0.754988782961572));
#5152=DIRECTION('',(1.76324784679089E-8,1.,-2.38524477886226E-18));
#5153=DIRECTION('',(-1.,1.76324784679089E-8,-1.09810596402638E-16));
#5154=DIRECTION('',(1.76324784679089E-8,1.,-2.38524477886226E-18));
#5155=DIRECTION('',(-3.5278770522142E-41,0.,1.));
#5156=DIRECTION('',(1.76324784679089E-8,1.,-2.38524477886226E-18));
#5157=DIRECTION('',(-3.5278770522142E-41,0.,1.));
#5158=DIRECTION('',(1.76324784679089E-8,1.,-2.38524477886226E-18));
#5159=DIRECTION('',(-1.,1.76324784679089E-8,-1.09810596402638E-16));
#5160=DIRECTION('',(1.76324784679089E-8,1.,-2.38524477886226E-18));
#5161=DIRECTION('',(-3.5278770522142E-41,0.,1.));
#5162=DIRECTION('',(-1.,1.76324784679089E-8,-2.91930090237981E-20));
#5163=DIRECTION('',(-1.76324784679089E-8,-1.,2.38524477886226E-18));
#5164=DIRECTION('',(-3.5278770522142E-41,0.,1.));
#5165=DIRECTION('',(1.76324784679089E-8,1.,-2.38524477886226E-18));
#5166=DIRECTION('',(-1.,1.76324784679089E-8,-1.09810596402638E-16));
#5167=DIRECTION('',(-1.,1.76324784679089E-8,-1.12095141294413E-33));
#5168=DIRECTION('',(1.76324784679089E-8,1.,-2.38524477886226E-18));
#5169=DIRECTION('',(-3.5278770522142E-41,0.,1.));
#5170=DIRECTION('',(-1.76324784679089E-8,-1.,2.38524477886226E-18));
#5171=DIRECTION('',(3.5278770522142E-41,0.,-1.));
#5172=DIRECTION('',(1.76324784679089E-8,1.,-2.38524477886226E-18));
#5173=DIRECTION('',(1.76324784679089E-8,1.,-2.38524477886226E-18));
#5174=DIRECTION('',(3.5278770522142E-41,0.,-1.));
#5175=DIRECTION('',(-1.76324784679089E-8,-1.,2.38524477886226E-18));
#5176=DIRECTION('',(-1.,1.76324784679089E-8,-2.91930090237981E-20));
#5177=DIRECTION('',(-1.76324784679089E-8,-1.,2.38524477886226E-18));
#5178=DIRECTION('',(-1.76324784679089E-8,-1.,2.38524477886226E-18));
#5179=DIRECTION('',(-1.76324784679089E-8,-1.,2.38524477886226E-18));
#5180=DIRECTION('',(-3.5278770522142E-41,0.,1.));
#5181=DIRECTION('',(1.76324784679089E-8,1.,-2.38524477886226E-18));
#5182=DIRECTION('',(3.5278770522142E-41,0.,-1.));
#5183=DIRECTION('',(-1.76324784679089E-8,-1.,2.38524477886226E-18));
#5184=DIRECTION('',(0.655737704880697,-1.15622809619049E-8,-0.754988782961572));
#5185=DIRECTION('',(-1.76324784679089E-8,-1.,2.38524477886226E-18));
#5186=DIRECTION('',(1.76324784679089E-8,1.,-2.38524477886226E-18));
#5187=DIRECTION('',(-1.,1.76324784679089E-8,-1.09810596402638E-16));
#5188=DIRECTION('',(-3.5278770522142E-41,0.,1.));
#5189=DIRECTION('',(1.76324784679089E-8,1.,-2.38524477886226E-18));
#5190=DIRECTION('',(1.76324784679089E-8,1.,-2.38524477886226E-18));
#5191=DIRECTION('',(-1.,1.76324784679089E-8,-1.12095141294413E-33));
#5192=DIRECTION('',(1.76324784679089E-8,1.,-2.38524477886226E-18));
#5193=DIRECTION('',(-0.655737704880697,1.15622809619049E-8,-0.754988782961572));
#5194=DIRECTION('',(1.76324784679089E-8,1.,-2.38524477886226E-18));
#5195=DIRECTION('',(-1.,1.76324784679089E-8,-1.09810596402638E-16));
#5196=DIRECTION('',(1.76324784679089E-8,1.,-2.38524477886226E-18));
#5197=DIRECTION('',(-3.5278770522142E-41,0.,1.));
#5198=DIRECTION('',(1.76324784679089E-8,1.,-2.38524477886226E-18));
#5199=DIRECTION('',(-3.5278770522142E-41,0.,1.));
#5200=DIRECTION('',(1.76324784679089E-8,1.,-2.38524477886226E-18));
#5201=DIRECTION('',(-1.,1.76324784679089E-8,-1.09810596402638E-16));
#5202=DIRECTION('',(1.76324784679089E-8,1.,-2.38524477886226E-18));
#5203=DIRECTION('',(-3.5278770522142E-41,0.,1.));
#5204=DIRECTION('',(-1.,1.76324784679089E-8,-2.91930090237981E-20));
#5205=DIRECTION('',(-1.76324784679089E-8,-1.,2.38524477886226E-18));
#5206=DIRECTION('',(-3.5278770522142E-41,0.,1.));
#5207=DIRECTION('',(1.76324784679089E-8,1.,-2.38524477886226E-18));
#5208=DIRECTION('',(-1.,1.76324784679089E-8,-1.09810596402638E-16));
#5209=DIRECTION('',(-1.,1.76324784679089E-8,-1.12095141294413E-33));
#5210=DIRECTION('',(1.76324784679089E-8,1.,-2.38524477886226E-18));
#5211=DIRECTION('',(-3.5278770522142E-41,0.,1.));
#5212=DIRECTION('',(1.76324784679089E-8,1.,-2.38524477886226E-18));
#5213=DIRECTION('',(-1.,1.76324784679089E-8,-1.09810596402638E-16));
#5214=DIRECTION('',(1.76324784679089E-8,1.,-2.38524477886226E-18));
#5215=DIRECTION('',(3.5278770522142E-41,0.,-1.));
#5216=DIRECTION('',(-1.76324784679089E-8,-1.,2.38524477886226E-18));
#5217=DIRECTION('',(-1.,1.76324784679089E-8,-1.12095141294413E-33));
#5218=DIRECTION('',(-1.76324784679089E-8,-1.,2.38524477886226E-18));
#5219=DIRECTION('',(-1.76324784679089E-8,-1.,2.38524477886226E-18));
#5220=DIRECTION('',(-3.5278770522142E-41,0.,1.));
#5221=DIRECTION('',(1.76324784679089E-8,1.,-2.38524477886226E-18));
#5222=DIRECTION('',(-1.,1.76324784679089E-8,-1.09810596402638E-16));
#5223=DIRECTION('',(-1.76324784679089E-8,-1.,2.38524477886226E-18));
#5224=DIRECTION('',(0.655737704880697,-1.15622809619049E-8,-0.754988782961572));
#5225=DIRECTION('',(-1.76324784679089E-8,-1.,2.38524477886226E-18));
#5226=DIRECTION('',(1.76324784679089E-8,1.,-2.38524477886226E-18));
#5227=DIRECTION('',(-1.,1.76324784679089E-8,-1.09810596402638E-16));
#5228=DIRECTION('',(-3.5278770522142E-41,0.,1.));
#5229=DIRECTION('',(1.76324784679089E-8,1.,-2.38524477886226E-18));
#5230=DIRECTION('',(1.76324784679089E-8,1.,-2.38524477886226E-18));
#5231=DIRECTION('',(-1.,1.76324784679089E-8,-1.12095141294413E-33));
#5232=DIRECTION('',(1.76324784679089E-8,1.,-2.38524477886226E-18));
#5233=DIRECTION('',(-0.655737704880697,1.15622809619049E-8,-0.754988782961572));
#5234=DIRECTION('',(1.76324784679089E-8,1.,-2.38524477886226E-18));
#5235=DIRECTION('',(-1.,1.76324784679089E-8,-1.09810596402638E-16));
#5236=DIRECTION('',(1.76324784679089E-8,1.,-2.38524477886226E-18));
#5237=DIRECTION('',(-3.5278770522142E-41,0.,1.));
#5238=DIRECTION('',(-1.76324784679089E-8,-1.,2.38524477886226E-18));
#5239=DIRECTION('',(-1.,1.76324784679089E-8,-2.91930090237981E-20));
#5240=CARTESIAN_POINT('',(0.,0.,0.));
#5241=CARTESIAN_POINT('',(-0.000640849964689822,-0.0311554380280732,0.00920000256088629));
#5242=CARTESIAN_POINT('',(0.00322078458610798,-0.0311554380961634,0.00920000256088629));
#5243=CARTESIAN_POINT('',(0.00322078435512242,-0.0552554435863573,0.00920000256088629));
#5244=CARTESIAN_POINT('',(0.00322078454462125,-0.0335082967365751,0.00920000256088629));
#5245=CARTESIAN_POINT('',(0.00422078435223842,-0.0552554436039898,0.00920000256088629));
#5246=CARTESIAN_POINT('',(0.00422078435223842,-0.0552554436039898,0.00920000256088629));
#5247=CARTESIAN_POINT('',(0.00422078469183883,-0.0249955073392312,0.00920000256088629));
#5248=CARTESIAN_POINT('',(0.00422078454173725,-0.0335082967453914,0.00920000256088629));
#5249=CARTESIAN_POINT('',(0.0167207845417372,-0.0335082969657973,0.00920000256088629));
#5250=CARTESIAN_POINT('',(-0.000640849964689822,-0.0311554380280732,0.00920000256088629));
#5251=CARTESIAN_POINT('',(-0.00421965741539336,-0.0249955071904053,0.00920000256088629));
#5252=CARTESIAN_POINT('',(-0.00421965756549494,-0.0335082965965654,0.00920000256088629));
#5253=CARTESIAN_POINT('',(-0.00421965775499378,-0.0552554434551638,0.00920000256088629));
#5254=CARTESIAN_POINT('',(0.00422078435223842,-0.0552554436039898,0.00920000256088629));
#5255=CARTESIAN_POINT('',(-0.00321965775787778,-0.0552554434727963,0.00920000256088629));
#5256=CARTESIAN_POINT('',(-0.00321965752689221,-0.0311554379826025,0.00920000256088629));
#5257=CARTESIAN_POINT('',(-0.00321965756837894,-0.0335082966141979,0.00920000256088629));
#5258=CARTESIAN_POINT('',(0.0167207845417372,-0.0335082969657973,0.00920000256088629));
#5259=CARTESIAN_POINT('',(-0.000219657569331089,-0.0337054407805969,0.0092600992413764));
#5260=CARTESIAN_POINT('',(-0.00421965760423604,-0.0357054407100669,0.00401033734173941));
#5261=CARTESIAN_POINT('',(-0.00421965760459605,-0.0357054407100669,0.00401033734201372));
#5262=CARTESIAN_POINT('',(-0.00421965754252237,-0.032205440710067,0.00401033734173942));
#5263=CARTESIAN_POINT('',(-0.000219657604596046,-0.0357054407805969,0.0092600992413764));
#5264=CARTESIAN_POINT('',(-0.000219657604596046,-0.0357054407805969,0.0026600992413764));
#5265=CARTESIAN_POINT('',(-0.000219657569331088,-0.0337054407805969,0.0026600992413764));
#5266=CARTESIAN_POINT('',(-0.000219657542882371,-0.0322054407805969,0.00266009950077391));
#5267=CARTESIAN_POINT('',(-0.000219657542882371,-0.0322054407805969,0.00926009924137641));
#5268=CARTESIAN_POINT('',(-0.000219657639861003,-0.0377054407805969,0.0092600992413764));
#5269=CARTESIAN_POINT('',(-0.000219657639861003,-0.0377054407805969,0.00426009939960889));
#5270=CARTESIAN_POINT('',(-0.000219657542882371,-0.0322054407805969,0.00426009939960889));
#5271=CARTESIAN_POINT('',(-0.000219855820377857,-0.0357054407805934,0.00426009932835059));
#5272=CARTESIAN_POINT('',(-0.000219657604596046,-0.0357054407805969,0.00926009924137639));
#5273=CARTESIAN_POINT('',(-0.00421965760459605,-0.035705440710067,0.00626009924137638));
#5274=CARTESIAN_POINT('',(-0.004219657639501,-0.037705440710067,0.00626009924089639));
#5275=CARTESIAN_POINT('',(-0.00421965754252237,-0.032205440710067,0.00626009924089639));
#5276=CARTESIAN_POINT('',(-0.000219657542882371,-0.0322054407805969,0.0092600992413764));
#5277=CARTESIAN_POINT('',(0.000222563378850141,-0.0397054407883943,0.0026600995007739));
#5278=CARTESIAN_POINT('',(0.000222563449380054,-0.0357054407883943,0.0026600995007739));
#5279=CARTESIAN_POINT('',(0.000220784503356153,-0.035705440788363,0.0026600992413764));
#5280=CARTESIAN_POINT('',(0.000220784538621109,-0.0337054407883629,0.0026600992413764));
#5281=CARTESIAN_POINT('',(0.000220784565069828,-0.032205440788363,0.00266009924137641));
#5282=CARTESIAN_POINT('',(0.000222563511093728,-0.0322054407883943,0.00266009950077391));
#5283=CARTESIAN_POINT('',(0.000222563431747575,-0.0367054407883943,0.00426009955784129));
#5284=CARTESIAN_POINT('',(0.000220784468091198,-0.0377054407883629,0.00426009939960889));
#5285=CARTESIAN_POINT('',(0.000220982719647956,-0.0357054407883665,0.00426009932835059));
#5286=CARTESIAN_POINT('',(0.00022078456506983,-0.032205440788363,0.00426009939960889));
#5287=CARTESIAN_POINT('',(0.000222563449380054,-0.0357054407883943,0.00426009955784129));
#5288=CARTESIAN_POINT('',(0.000220784565174329,-0.032205440788363,0.0042600995578413));
#5289=CARTESIAN_POINT('',(0.000220784538621111,-0.0337054407883629,0.0092600992413764));
#5290=CARTESIAN_POINT('',(0.000220784503356153,-0.035705440788363,0.0092600992413764));
#5291=CARTESIAN_POINT('',(0.00422078450335615,-0.0357054408588929,0.00401033734201372));
#5292=CARTESIAN_POINT('',(0.00422078453826112,-0.0337054408588929,0.00401033734173943));
#5293=CARTESIAN_POINT('',(0.00422078456470984,-0.0322054408588929,0.00401033734173943));
#5294=CARTESIAN_POINT('',(0.000220784565069828,-0.032205440788363,0.00926009924137641));
#5295=CARTESIAN_POINT('',(0.000220784468091196,-0.0377054407883629,0.0092600992413764));
#5296=CARTESIAN_POINT('',(0.0042207844677312,-0.0377054408588929,0.00626009924089639));
#5297=CARTESIAN_POINT('',(0.00422078456470983,-0.0322054408588929,0.00626009924089639));
#5298=CARTESIAN_POINT('',(0.00422078450335615,-0.0357054408588929,0.00626009924137638));
#5299=CARTESIAN_POINT('',(0.000220784503356153,-0.0357054407883629,0.00926009924137639));
#5300=CARTESIAN_POINT('',(0.000220784565069828,-0.032205440788363,0.0092600992413764));
#5301=CARTESIAN_POINT('',(0.00022256335151975,-0.0412554435334914,0.00696517713507599));
#5302=CARTESIAN_POINT('',(-0.000221436465802521,-0.0311554380354685,0.006965177135076));
#5303=CARTESIAN_POINT('',(-0.000221436696788086,-0.0552554435256624,0.006965177135076));
#5304=CARTESIAN_POINT('',(-0.000221436514936466,-0.0243950413886345,0.006965177135076));
#5305=CARTESIAN_POINT('',(0.00422078435223842,-0.0552554436039898,0.00696517713507599));
#5306=CARTESIAN_POINT('',(0.000222563298622315,-0.0552554435334912,0.006965177135076));
#5307=CARTESIAN_POINT('',(0.000222563529607879,-0.0311554380432973,0.006965177135076));
#5308=CARTESIAN_POINT('',(0.000222563480473934,-0.0243950413964633,0.006965177135076));
#5309=CARTESIAN_POINT('',(0.0167207847024265,-0.0243950416873679,0.006965177135076));
#5310=CARTESIAN_POINT('',(0.00022078458358398,-0.0311554380432659,0.0100961692413764));
#5311=CARTESIAN_POINT('',(0.000220784352598414,-0.0552554435334598,0.0100961692413764));
#5312=CARTESIAN_POINT('',(0.000222563436445241,-0.0243950619090082,0.0069651771410286));
#5313=CARTESIAN_POINT('',(0.000445071125516649,-0.0243955400418459,0.00696530354885822));
#5314=CARTESIAN_POINT('',(0.000856772936076999,-0.0245850570732619,0.00701456534225023));
#5315=CARTESIAN_POINT('',(0.001436699321337,-0.0252226785484294,0.00719091546406207));
#5316=CARTESIAN_POINT('',(0.00182807164601366,-0.0259832702641499,0.00738555726439392));
#5317=CARTESIAN_POINT('',(0.00229217618815372,-0.0266359295318612,0.00773589280734724));
#5318=CARTESIAN_POINT('',(0.00262509263488592,-0.0273626589550816,0.00807062034974945));
#5319=CARTESIAN_POINT('',(0.00289532784440007,-0.0283682657459059,0.0084466927337356));
#5320=CARTESIAN_POINT('',(0.00307042477212098,-0.0296106812409625,0.00878667321336968));
#5321=CARTESIAN_POINT('',(0.00319757393315229,-0.0313178741468482,0.00910809407545737));
#5322=CARTESIAN_POINT('',(0.00322078456018429,-0.0326325722830951,0.00920000256129422));
#5323=CARTESIAN_POINT('',(0.00322078454462124,-0.0335082967365495,0.0092000025608863));
#5324=CARTESIAN_POINT('',(-0.000219657524368221,-0.0311554380354999,0.0100961692413764));
#5325=CARTESIAN_POINT('',(-0.000219657755353785,-0.0552554435256937,0.0100961692413764));
#5326=CARTESIAN_POINT('',(-0.00321965756837894,-0.0335082966141724,0.00920000256088629));
#5327=CARTESIAN_POINT('',(-0.00321965755301043,-0.0326367342284665,0.00920000256088393));
#5328=CARTESIAN_POINT('',(-0.00319650833520959,-0.0313417912068262,0.00910967135441295));
#5329=CARTESIAN_POINT('',(-0.0030735478394391,-0.0296496044739431,0.00879585076285234));
#5330=CARTESIAN_POINT('',(-0.00289804699019351,-0.0283903586934423,0.0084536395209934));
#5331=CARTESIAN_POINT('',(-0.00263810641431949,-0.0274085544176647,0.00808860096548586));
#5332=CARTESIAN_POINT('',(-0.00231238000718159,-0.0266712321031449,0.00775457512776026));
#5333=CARTESIAN_POINT('',(-0.00184205746741992,-0.0260058566488556,0.00739342975053971));
#5334=CARTESIAN_POINT('',(-0.00144426943183444,-0.0252359947187049,0.00719439230288776));
#5335=CARTESIAN_POINT('',(-0.000861837551681245,-0.0245887492988961,0.00701557065868832));
#5336=CARTESIAN_POINT('',(-0.000445589524356861,-0.0243955436301795,0.00696530450169431));
#5337=CARTESIAN_POINT('',(-0.0002214364737883,-0.0243950618789273,0.00696517713514553));
#5338=CARTESIAN_POINT('',(-0.00421965770209634,-0.0412554434551639,0.00249999946901199));
#5339=CARTESIAN_POINT('',(-0.00421965760459605,-0.0357054407100669,0.00360504935515139));
#5340=CARTESIAN_POINT('',(-0.00421965754252237,-0.0322054407100669,0.00249999946901199));
#5341=CARTESIAN_POINT('',(-0.00421965716354111,-0.0107120779346479,6.93889390390723E-18));
#5342=CARTESIAN_POINT('',(-0.00421965775499378,-0.0552554434551638,6.93889390390723E-18));
#5343=CARTESIAN_POINT('',(-0.00421965748408333,-0.0288911570913267,0.));
#5344=CARTESIAN_POINT('',(-0.00421965775499378,-0.0552554434551638,0.00249999946901199));
#5345=CARTESIAN_POINT('',(-0.00421965756549494,-0.0335082965965398,0.00920000256088629));
#5346=CARTESIAN_POINT('',(-0.00421965753787518,-0.0319418825450862,0.00920000256088204));
#5347=CARTESIAN_POINT('',(-0.00421965751070096,-0.0304007372346395,0.0090105118570571));
#5348=CARTESIAN_POINT('',(-0.00421965748408335,-0.0288911584506322,0.00858430331171055));
#5349=CARTESIAN_POINT('',(-0.00421965748408351,-0.0288911584539856,0.00858430331265739));
#5350=CARTESIAN_POINT('',(-0.00421965748408333,-0.0288911570913267,0.00249999946901199));
#5351=CARTESIAN_POINT('',(-0.00421965770121467,-0.0522054407100669,0.00249999946901199));
#5352=CARTESIAN_POINT('',(-0.00421965770157468,-0.0522054407100669,0.00626009924137638));
#5353=CARTESIAN_POINT('',(-0.00421965770121467,-0.0522054407100669,0.00401033734173942));
#5354=CARTESIAN_POINT('',(-0.00421965776292835,-0.0447054407100669,0.00401033734173942));
#5355=CARTESIAN_POINT('',(-0.00421965783381825,-0.0487054407100669,0.00401033734201373));
#5356=CARTESIAN_POINT('',(-0.00421965783381825,-0.0487054407100669,0.00571502441210339));
#5357=CARTESIAN_POINT('',(-0.00421965783368906,-0.0487054407100669,0.00626009924120419));
#5358=CARTESIAN_POINT('',(-0.00421965783381825,-0.0487054407100669,0.00626009924137638));
#5359=CARTESIAN_POINT('',(-0.00421965770157468,-0.0412054407100668,0.00360504935515139));
#5360=CARTESIAN_POINT('',(-0.00421965770157468,-0.0412054407100669,0.00626009924137638));
#5361=CARTESIAN_POINT('',(-0.00421965770157468,-0.0412054407100668,0.00401033734201372));
#5362=CARTESIAN_POINT('',(-0.00421965756897109,-0.033705440710067,0.00401033734173942));
#5363=CARTESIAN_POINT('',(-0.004219657639861,-0.037705440710067,0.00401033734201373));
#5364=CARTESIAN_POINT('',(-0.004219657639861,-0.037705440710067,0.00571502441210339));
#5365=CARTESIAN_POINT('',(-0.00421965763973181,-0.037705440710067,0.00626009924120419));
#5366=CARTESIAN_POINT('',(-0.004219657639861,-0.037705440710067,0.00626009924137638));
#5367=CARTESIAN_POINT('',(-0.00421965779855331,-0.0467054407100668,0.00360504935515139));
#5368=CARTESIAN_POINT('',(-0.00421965779855331,-0.0467054407100669,0.00626009924137638));
#5369=CARTESIAN_POINT('',(-0.00421965779855331,-0.0467054407100668,0.00401033734201372));
#5370=CARTESIAN_POINT('',(-0.00421965766594972,-0.0392054407100669,0.00401033734173942));
#5371=CARTESIAN_POINT('',(-0.00421965773683963,-0.0432054407100669,0.00401033734201373));
#5372=CARTESIAN_POINT('',(-0.00421965773683963,-0.0432054407100669,0.00571502441210339));
#5373=CARTESIAN_POINT('',(-0.00421965773671044,-0.0432054407100669,0.00626009924120419));
#5374=CARTESIAN_POINT('',(-0.00421965773683963,-0.0432054407100669,0.00626009924137638));
#5375=CARTESIAN_POINT('',(0.00422078462314887,-0.0288911572401526,0.00249999946901199));
#5376=CARTESIAN_POINT('',(0.00422078450335615,-0.0357054408588929,0.00360504935515139));
#5377=CARTESIAN_POINT('',(0.00422078456470983,-0.0322054408588929,0.0047100992412903));
#5378=CARTESIAN_POINT('',(0.00422078435223842,-0.0552554436039898,0.00249999946901199));
#5379=CARTESIAN_POINT('',(0.00422078435223842,-0.0552554436039898,6.93889390390723E-18));
#5380=CARTESIAN_POINT('',(0.00422078494369108,-0.0107120780834738,6.93889390390723E-18));
#5381=CARTESIAN_POINT('',(0.00422078462314887,-0.0288911572401526,0.));
#5382=CARTESIAN_POINT('',(0.00422078462314887,-0.0288911572401526,0.00249999946901199));
#5383=CARTESIAN_POINT('',(0.00422078462314885,-0.02889115860763,0.00858430331401783));
#5384=CARTESIAN_POINT('',(0.00422078454173725,-0.0335082967453658,0.00920000256088629));
#5385=CARTESIAN_POINT('',(0.00422078456935702,-0.0319418826956107,0.00920000256088204));
#5386=CARTESIAN_POINT('',(0.00422078459653123,-0.0304007373867805,0.0090105118574509));
#5387=CARTESIAN_POINT('',(0.00422078462314885,-0.0288911586042766,0.00858430331307099));
#5388=CARTESIAN_POINT('',(0.00422078440601753,-0.0522054408588928,0.00893004935519429));
#5389=CARTESIAN_POINT('',(0.00422078440637753,-0.0522054408588927,0.00626009924137638));
#5390=CARTESIAN_POINT('',(0.00422078440601753,-0.0522054408588928,0.00401033734173942));
#5391=CARTESIAN_POINT('',(0.00422078427413394,-0.0487054408588928,0.00626009924137638));
#5392=CARTESIAN_POINT('',(0.00422078427413394,-0.0487054408588927,0.00626009924137638));
#5393=CARTESIAN_POINT('',(0.00422078427413394,-0.0487054408588928,0.00571502441210339));
#5394=CARTESIAN_POINT('',(0.00422078427413394,-0.0487054408588927,0.00401033734201373));
#5395=CARTESIAN_POINT('',(0.00422078421206027,-0.0522054408588928,0.00401033734173942));
#5396=CARTESIAN_POINT('',(0.00422078440637753,-0.0412054408588928,0.00360504935515139));
#5397=CARTESIAN_POINT('',(0.00422078440637753,-0.0412054408588928,0.00626009924137638));
#5398=CARTESIAN_POINT('',(0.00422078440637753,-0.0412054408588928,0.00401033734201372));
#5399=CARTESIAN_POINT('',(0.0042207844680912,-0.0377054408588929,0.00626009924137638));
#5400=CARTESIAN_POINT('',(0.0042207844680912,-0.0377054408588928,0.00626009924137638));
#5401=CARTESIAN_POINT('',(0.0042207844680912,-0.0377054408588929,0.00571502441210339));
#5402=CARTESIAN_POINT('',(0.0042207844680912,-0.0377054408588928,0.00401033734201373));
#5403=CARTESIAN_POINT('',(0.00422078440601753,-0.0412054408588929,0.00401033734173942));
#5404=CARTESIAN_POINT('',(0.00422078430939889,-0.0467054408588928,0.00360504935515139));
#5405=CARTESIAN_POINT('',(0.00422078430939889,-0.0467054408588928,0.00626009924137638));
#5406=CARTESIAN_POINT('',(0.00422078430939889,-0.0467054408588928,0.00401033734201372));
#5407=CARTESIAN_POINT('',(0.00422078437111257,-0.0432054408588929,0.00626009924137638));
#5408=CARTESIAN_POINT('',(0.00422078437111257,-0.0432054408588928,0.00626009924137638));
#5409=CARTESIAN_POINT('',(0.00422078437111257,-0.0432054408588929,0.00571502441210339));
#5410=CARTESIAN_POINT('',(0.00422078437111257,-0.0432054408588928,0.00401033734201373));
#5411=CARTESIAN_POINT('',(0.0042207843090389,-0.0467054408588929,0.00401033734173942));
#5412=CARTESIAN_POINT('',(0.00500660153071251,0.0119750407048902,6.93889390390723E-18));
#5413=CARTESIAN_POINT('',(0.019682027582199,0.00923330043299661,6.93889390390723E-18));
#5414=CARTESIAN_POINT('',(0.0182044079732488,0.00839268144008383,6.93889390390723E-18));
#5415=CARTESIAN_POINT('',(0.0211830384900564,0.010031402089738,6.93889390390723E-18));
#5416=CARTESIAN_POINT('',(0.0138099978504557,0.0166558895587926,6.93889390390723E-18));
#5417=CARTESIAN_POINT('',(0.0205060869894726,0.00406385279957705,6.93889390390723E-18));
#5418=CARTESIAN_POINT('',(0.0220292661181524,0.00481878679798587,6.93889390390723E-18));
#5419=CARTESIAN_POINT('',(0.0235302770260095,0.00561688845472712,6.93889390390723E-18));
#5420=CARTESIAN_POINT('',(0.0168120196661727,0.0182520928722743,6.93889390390723E-18));
#5421=CARTESIAN_POINT('',(-0.01724312649699,-0.0148509077764672,1.38777878078145E-17));
#5422=CARTESIAN_POINT('',(-0.01724312649699,-0.0131509077764672,1.38777878078145E-17));
#5423=CARTESIAN_POINT('',(-0.00119999976416489,0.011975040814328,6.93889390390723E-18));
#5424=CARTESIAN_POINT('',(-0.00120000012851815,-0.00868871683948552,6.93889390390723E-18));
#5425=CARTESIAN_POINT('',(-0.00120000005765343,-0.00466972872866302,6.93889390390723E-18));
#5426=CARTESIAN_POINT('',(-0.00320000005765344,-0.00466972869339806,6.93889390390723E-18));
#5427=CARTESIAN_POINT('',(-0.00320000002238848,-0.00266972869339806,0.));
#5428=CARTESIAN_POINT('',(1.07854686185339E-5,-0.00266972875001216,0.));
#5429=CARTESIAN_POINT('',(-0.00721898271396065,-0.00266972862253344,0.));
#5430=CARTESIAN_POINT('',(-0.00721898272718501,-0.00341972862253344,6.93889390390723E-18));
#5431=CARTESIAN_POINT('',(-0.00774931309515314,-0.003950058426345,0.));
#5432=CARTESIAN_POINT('',(-0.00384935854888059,-0.00785001712132787,6.93889390390723E-18));
#5433=CARTESIAN_POINT('',(-0.00248033049648628,-0.00921904663007271,6.93889390390723E-18));
#5434=CARTESIAN_POINT('',(-0.00195000012851814,-0.00868871682626117,6.93889390390723E-18));
#5435=CARTESIAN_POINT('',(0.00623884003115887,-0.0105491920977259,6.93889390390723E-18));
#5436=CARTESIAN_POINT('',(0.00319999983867707,-0.0105491920441436,6.93889390390723E-18));
#5437=CARTESIAN_POINT('',(0.0106808771554484,-0.01054919217605,6.93889390390723E-18));
#5438=CARTESIAN_POINT('',(0.0106808772347945,-0.00604919217605003,0.));
#5439=CARTESIAN_POINT('',(0.0137233702863387,-0.00936479710295334,6.93889390390723E-18));
#5440=CARTESIAN_POINT('',(0.0572648264017715,-0.0568147876124133,0.));
#5441=CARTESIAN_POINT('',(0.0159574214151473,-0.00740772037228038,6.93889390390723E-18));
#5442=CARTESIAN_POINT('',(0.0143538730849212,-0.00548974415954235,0.));
#5443=CARTESIAN_POINT('',(0.0165616369427422,-0.0043168082072844,0.));
#5444=CARTESIAN_POINT('',(0.0219205640530406,-0.00146972913633586,0.));
#5445=CARTESIAN_POINT('',(0.01634997888887,-0.00387649874276834,0.));
#5446=CARTESIAN_POINT('',(0.0145140089136509,-0.00466972900573995,6.93889390390723E-18));
#5447=CARTESIAN_POINT('',(0.0145140089489159,-0.00266972900573995,0.));
#5448=CARTESIAN_POINT('',(-0.0203194359681186,-0.00266972839153998,0.));
#5449=CARTESIAN_POINT('',(0.00319999997761154,-0.00266972880624593,0.));
#5450=CARTESIAN_POINT('',(0.00319999994234659,-0.00466972880624593,6.93889390390723E-18));
#5451=CARTESIAN_POINT('',(0.00119999994234658,-0.00466972877098098,6.93889390390723E-18));
#5452=CARTESIAN_POINT('',(0.0012,-0.00140000002115898,0.));
#5453=CARTESIAN_POINT('',(0.00119999987394203,-0.00854919200887867,0.));
#5454=CARTESIAN_POINT('',(0.00319999987394203,-0.00854919204414363,0.));
#5455=CARTESIAN_POINT('',(-0.0219194359469596,-0.001469728363328,0.));
#5456=CARTESIAN_POINT('',(-0.0217336375903445,0.00459570138075492,0.));
#5457=CARTESIAN_POINT('',(-0.0165412558374448,0.00134081210415236,0.));
#5458=CARTESIAN_POINT('',(-0.0138824210172091,0.0027302714949595,6.93889390390723E-18));
#5459=CARTESIAN_POINT('',(-0.0138824210701065,-0.000269728505040508,0.));
#5460=CARTESIAN_POINT('',(-0.0203194359258006,-0.00026972839153998,0.));
#5461=CARTESIAN_POINT('',(-0.00319988771286161,-0.000269728693400044,0.));
#5462=CARTESIAN_POINT('',(-0.00319988767759666,0.00173027130659996,0.));
#5463=CARTESIAN_POINT('',(-0.00119988416158852,0.00173024972078195,0.));
#5464=CARTESIAN_POINT('',(-0.00119999976416489,0.011975040814328,6.93889390390723E-18));
#5465=CARTESIAN_POINT('',(-0.00119999975368078,0.0125696317711572,6.93889390390723E-18));
#5466=CARTESIAN_POINT('',(-0.00269999975368073,0.0125696344879887,6.93889390390723E-18));
#5467=CARTESIAN_POINT('',(-0.00298422941358198,0.0140424717404517,6.93889390390723E-18));
#5468=CARTESIAN_POINT('',(0.,-0.0014,0.));
#5469=CARTESIAN_POINT('',(-0.0116562745455603,0.009159215857311,6.93889390390723E-18));
#5470=CARTESIAN_POINT('',(-0.0135088516491549,0.0108372706949135,0.));
#5471=CARTESIAN_POINT('',(-0.0135088516932365,0.00833727069491356,6.93889390390723E-18));
#5472=CARTESIAN_POINT('',(-0.0115884624540784,0.00833727066105133,6.93889390390723E-18));
#5473=CARTESIAN_POINT('',(-0.0221877105708579,0.00833727084794435,6.93889390390723E-18));
#5474=CARTESIAN_POINT('',(-0.0221877105884905,0.00733727084794435,0.));
#5475=CARTESIAN_POINT('',(-0.0231877105884906,0.00733727086557682,0.));
#5476=CARTESIAN_POINT('',(-0.023187710701326,0.000937976114220805,6.93889390390723E-18));
#5477=CARTESIAN_POINT('',(-0.0231877106103949,0.00609499814651582,0.));
#5478=CARTESIAN_POINT('',(-0.0216877106103949,0.0060949981215791,0.));
#5479=CARTESIAN_POINT('',(0.0219205640530406,-0.00146972913633586,6.93889390390723E-18));
#5480=CARTESIAN_POINT('',(0.0219205640530406,0.00128027086366414,6.93889390390723E-18));
#5481=CARTESIAN_POINT('',(-0.0219194359469596,-0.001469728363328,1.38777878078145E-17));
#5482=CARTESIAN_POINT('',(-0.0219194359469596,0.00128027163667196,1.38777878078145E-17));
#5483=CARTESIAN_POINT('',(1.07855109364834E-5,-0.000269728750012162,0.));
#5484=CARTESIAN_POINT('',(0.00320011229125479,-0.0002697288062479,0.));
#5485=CARTESIAN_POINT('',(0.0133666447246452,-0.000269728985509062,3.89897718546375E-22));
#5486=CARTESIAN_POINT('',(0.0133666447599101,0.00173027101449093,6.93889390390723E-18));
#5487=CARTESIAN_POINT('',(0.0153139594432888,0.00218630338603679,5.40257660985175E-43));
#5488=CARTESIAN_POINT('',(0.,-0.0014,0.));
#5489=CARTESIAN_POINT('',(0.00298518936991085,0.0140423467544727,6.93889390390723E-18));
#5490=CARTESIAN_POINT('',(0.00270000024631971,0.0125696587428253,6.93889390390723E-18));
#5491=CARTESIAN_POINT('',(0.00120000024631971,0.01256965878628,6.93889390390723E-18));
#5492=CARTESIAN_POINT('',(0.0011999999790424,-0.00258857954901727,6.93889390390723E-18));
#5493=CARTESIAN_POINT('',(0.0012001123278073,0.00173034296035107,0.));
#5494=CARTESIAN_POINT('',(0.00320011232651974,0.0017302711937521,0.));
#5495=CARTESIAN_POINT('',(0.00500660053922971,-0.0552554436178456,1.38777878078145E-17));
#5496=CARTESIAN_POINT('',(-0.0202196574840834,-0.028891156809207,0.));
#5497=CARTESIAN_POINT('',(-0.00570540093167406,-0.0221579289999877,0.));
#5498=CARTESIAN_POINT('',(-0.0129625292078787,-0.0255245429045974,1.38777878078145E-17));
#5499=CARTESIAN_POINT('',(-0.0159403315850948,-0.0180994036464912,1.38777878078145E-17));
#5500=CARTESIAN_POINT('',(-0.01724312649699,-0.0148509077764672,1.38777878078145E-17));
#5501=CARTESIAN_POINT('',(-0.0205318313596776,-0.0136532348970318,1.38777878078145E-17));
#5502=CARTESIAN_POINT('',(-0.02755668437707,-0.0110949402819063,1.38777878078145E-17));
#5503=CARTESIAN_POINT('',(-0.0234832967808497,-0.00482589372403911,1.38777878078145E-17));
#5504=CARTESIAN_POINT('',(-0.0572638719901334,-0.0568150535415427,1.38777878078145E-17));
#5505=CARTESIAN_POINT('',(-0.0238072225737906,-0.00461684849738506,6.93889390390723E-18));
#5506=CARTESIAN_POINT('',(-0.00784632886780086,-0.0148470474983098,6.93889390390723E-18));
#5507=CARTESIAN_POINT('',(-0.02393943227784,-0.00453173012822227,0.));
#5508=CARTESIAN_POINT('',(-0.0219194359469596,-0.001469728363328,0.));
#5509=CARTESIAN_POINT('',(-0.0255877107437798,-0.00146972829864722,0.));
#5510=CARTESIAN_POINT('',(-0.02558771065536,0.00354486829921177,0.));
#5511=CARTESIAN_POINT('',(-0.025587710552009,0.00940627150669478,6.93889390390723E-18));
#5512=CARTESIAN_POINT('',(-0.0241614730555679,0.00940627148154666,6.93889390390723E-18));
#5513=CARTESIAN_POINT('',(-0.0241614730304198,0.0108325089779877,6.93889390390723E-18));
#5514=CARTESIAN_POINT('',(1.07857066970422E-5,0.0108325085517698,6.93889390390723E-18));
#5515=CARTESIAN_POINT('',(-0.0220335871297235,0.0108325089404677,6.93889390390723E-18));
#5516=CARTESIAN_POINT('',(-0.0220335870768259,0.0138325089404673,1.38777878078145E-17));
#5517=CARTESIAN_POINT('',(-0.0208716520114551,0.0110666624328205,1.38777878078145E-17));
#5518=CARTESIAN_POINT('',(-0.0255193922729381,0.0221300484634076,6.93889390390723E-18));
#5519=CARTESIAN_POINT('',(-0.0137960245866572,0.0195682814770723,6.93889390390723E-18));
#5520=CARTESIAN_POINT('',(-0.00970288582189811,0.0186738621309754,6.93555456121682E-18));
#5521=CARTESIAN_POINT('',(-0.0110163927614231,0.0226523631595101,6.93555456121682E-18));
#5522=CARTESIAN_POINT('',(-0.0107028858218981,0.021702777250353,6.93555456121682E-18));
#5523=CARTESIAN_POINT('',(-0.00970288582189811,0.0217027772415367,6.93555456121682E-18));
#5524=CARTESIAN_POINT('',(-0.00970288584658364,0.0119750407048902,6.93889390390723E-18));
#5525=CARTESIAN_POINT('',(-0.00970288584658365,0.0179635841878942,0.));
#5526=CARTESIAN_POINT('',(-0.00800288584658365,0.0179635841878942,0.));
#5527=CARTESIAN_POINT('',(-0.00630288584658365,0.0179635841878942,0.));
#5528=CARTESIAN_POINT('',(-0.00630288584658365,0.0197135841878942,6.93889390390723E-18));
#5529=CARTESIAN_POINT('',(-0.00630288582189812,0.021702777262108,4.62258992658108E-18));
#5530=CARTESIAN_POINT('',(-0.00530288582189812,0.021702777250353,6.93555456121682E-18));
#5531=CARTESIAN_POINT('',(-0.00498937888237312,0.0226523631595101,6.93555456121682E-18));
#5532=CARTESIAN_POINT('',(-0.00630288582189812,0.0186738621309754,6.93555456121682E-18));
#5533=CARTESIAN_POINT('',(-0.00216567087315484,0.0193350908222335,6.93889390390723E-18));
#5534=CARTESIAN_POINT('',(0.000796730960160951,0.0198085624454417,6.93889390390723E-18));
#5535=CARTESIAN_POINT('',(0.000684110969929705,0.0168106770677462,2.41345939198374E-44));
#5536=CARTESIAN_POINT('',(-2.09901540593193E-16,-0.0014,0.));
#5537=CARTESIAN_POINT('',(0.0100033722150558,0.0138325083755749,3.52906663347095E-43));
#5538=CARTESIAN_POINT('',(0.00337526949267211,0.0138325084924456,6.93173816957064E-18));
#5539=CARTESIAN_POINT('',(0.0219570690128896,0.0138325081648011,6.93889390390723E-18));
#5540=CARTESIAN_POINT('',(0.0219570689776245,0.0118325081648011,6.93889390390723E-18));
#5541=CARTESIAN_POINT('',(0.0237229641633391,0.012771451290379,6.93889390390723E-18));
#5542=CARTESIAN_POINT('',(0.0199279385777239,0.0199088563458523,6.93889390390723E-18));
#5543=CARTESIAN_POINT('',(0.0271747130900621,0.00627965573221445,6.93889390390723E-18));
#5544=CARTESIAN_POINT('',(0.0271747130900621,0.0043721932418121,6.93889390390723E-18));
#5545=CARTESIAN_POINT('',(0.0271747130900621,0.00246473075140975,6.93889390390723E-18));
#5546=CARTESIAN_POINT('',(0.0263008456933926,-4.13171433258845E-5,6.93889390390723E-18));
#5547=CARTESIAN_POINT('',(0.0254269782967228,-0.00254736503806205,0.));
#5548=CARTESIAN_POINT('',(0.0219205640530406,-0.00146972913633586,0.));
#5549=CARTESIAN_POINT('',(0.0239405602759393,-0.0045317309724654,6.93889390390723E-18));
#5550=CARTESIAN_POINT('',(0.00786194654647369,-0.0148377603235642,0.));
#5551=CARTESIAN_POINT('',(0.0238083505688882,-0.00461684933696581,-5.9015469612945E-43));
#5552=CARTESIAN_POINT('',(0.0572649981444636,-0.0568150555609708,0.));
#5553=CARTESIAN_POINT('',(0.0124614125889544,-0.0139588086499149,3.08696109056968E-18));
#5554=CARTESIAN_POINT('',(-0.125923782204132,0.118411305413235,2.08166817117217E-17));
#5555=CARTESIAN_POINT('',(0.00895180597622598,-0.0175328953200163,0.));
#5556=CARTESIAN_POINT('',(0.0202207846231489,-0.0288911575222723,0.));
#5557=CARTESIAN_POINT('',(-0.0217758242821608,0.0105004160662692,0.00381730948262115));
#5558=CARTESIAN_POINT('',(-0.0221662929998945,0.0103744093060773,0.00382558857020362));
#5559=CARTESIAN_POINT('',(-0.0225793138050193,0.0103098511792178,0.00383432044308667));
#5560=CARTESIAN_POINT('',(-0.0229923322249491,0.0103092773816471,0.00384330682182102));
#5561=CARTESIAN_POINT('',(-0.0218424111869445,0.0107072725270056,0.0036));
#5562=CARTESIAN_POINT('',(-0.0222111249364765,0.0105882900154298,0.00361812702202886));
#5563=CARTESIAN_POINT('',(-0.0226013082123006,0.0105265243498377,0.00363724541527296));
#5564=CARTESIAN_POINT('',(-0.0229919318367474,0.0105243755619364,0.00365692104784172));
#5565=CARTESIAN_POINT('',(-0.0218428319473517,0.0107085796460093,0.00359862682870332));
#5566=CARTESIAN_POINT('',(-0.0222114082279728,0.0105896415204238,0.00361681607949804));
#5567=CARTESIAN_POINT('',(-0.0226014471942189,0.0105278935003003,0.00363600010481425));
#5568=CARTESIAN_POINT('',(-0.0229919293067079,0.0105257347600882,0.00365574328241772));
#5569=CARTESIAN_POINT('',(-0.0218092932360147,0.0106043895031073,0.0037080819840687));
#5570=CARTESIAN_POINT('',(-0.0218425893858698,0.0107072151680031,0.00360030113477935));
#5571=CARTESIAN_POINT('',(-0.0217762214207579,0.0105016498026155,0.00381601340220792));
#5572=CARTESIAN_POINT('',(-0.0218426031249613,0.0107072135635978,0.00360000656866853));
#5573=CARTESIAN_POINT('',(-0.022211549426932,0.0105884716685527,0.00361786163395817));
#5574=CARTESIAN_POINT('',(-0.0225974532210676,0.0105272089798215,0.00363709926312883));
#5575=CARTESIAN_POINT('',(-0.0229849410528131,0.0105244286189793,0.00365656183685097));
#5576=CARTESIAN_POINT('',(-0.0229849410528131,0.0105244286189792,0.00365656183685146));
#5577=CARTESIAN_POINT('',(-0.0217762214207579,0.0105016498026155,0.00381601340220792));
#5578=CARTESIAN_POINT('',(-0.0221640619029776,0.0105201210966345,0.00368671439194505));
#5579=CARTESIAN_POINT('',(-0.0225762608066968,0.0105273610428135,0.00363603481956897));
#5580=CARTESIAN_POINT('',(-0.0229849410528131,0.0105244286189793,0.00365656183685098));
#5581=CARTESIAN_POINT('',(-0.0255193922729381,0.0221300484634076,0.004));
#5582=CARTESIAN_POINT('',(-0.0134052456637792,0.0194828892441941,0.004));
#5583=CARTESIAN_POINT('',(-0.0134052456637792,0.0194828892441941,0.004));
#5584=CARTESIAN_POINT('',(-0.0137960245866572,0.0195682814770723,0.0036));
#5585=CARTESIAN_POINT('',(-0.0255193922729381,0.0221300484634076,0.0036));
#5586=CARTESIAN_POINT('',(-0.0268168119152616,0.00851346333554229,0.017733319293));
#5587=CARTESIAN_POINT('',(-0.0212852009046074,0.010475365994273,0.004));
#5588=CARTESIAN_POINT('',(-0.0255193922729381,0.0221300484634076,0.004));
#5589=CARTESIAN_POINT('',(-0.00970288582189811,0.0186738621309754,0.004));
#5590=CARTESIAN_POINT('',(-0.0108909899856131,0.0222725287958473,0.004));
#5591=CARTESIAN_POINT('',(-0.0108909899856131,0.0222725287958473,0.004));
#5592=CARTESIAN_POINT('',(-0.0110163927614231,0.0226523631595101,0.0036));
#5593=CARTESIAN_POINT('',(-0.00970288582189811,0.0186738621309754,0.0036));
#5594=CARTESIAN_POINT('',(-0.00970288582189811,0.0186738621309754,0.004));
#5595=CARTESIAN_POINT('',(-0.0107028858218981,0.021702777250353,0.004));
#5596=CARTESIAN_POINT('',(-0.0101028858218981,0.021702777250353,0.004));
#5597=CARTESIAN_POINT('',(-0.0101028858218981,0.0217027772433,0.004));
#5598=CARTESIAN_POINT('',(-0.00970288582189811,0.021702777250353,0.0036));
#5599=CARTESIAN_POINT('',(-0.0107028858218981,0.021702777250353,0.0036));
#5600=CARTESIAN_POINT('',(-0.0107028858218981,0.021702777250353,0.004));
#5601=CARTESIAN_POINT('',(-0.0101028858465836,0.0163056838905089,0.004));
#5602=CARTESIAN_POINT('',(-0.0101028858465836,0.0179635841878942,0.004));
#5603=CARTESIAN_POINT('',(-0.0101028858465836,0.0179635841878942,0.004));
#5604=CARTESIAN_POINT('',(-0.00970288584658365,0.0179635841878942,0.0036));
#5605=CARTESIAN_POINT('',(-0.00970288584658364,0.0197135841878942,0.0036));
#5606=CARTESIAN_POINT('',(-0.0101028858465836,0.0163056838905089,0.004));
#5607=CARTESIAN_POINT('',(-0.00800288584658365,0.0179635841878942,0.004));
#5608=CARTESIAN_POINT('',(-0.00590288584658365,0.0179635841878942,0.004));
#5609=CARTESIAN_POINT('',(-0.00590288584658365,0.0179635841878942,0.004));
#5610=CARTESIAN_POINT('',(-0.00630288584658365,0.0179635841878942,0.0036));
#5611=CARTESIAN_POINT('',(-0.00800288584658365,0.0179635841878942,0.0036));
#5612=CARTESIAN_POINT('',(-0.00800288584658365,0.0179635841878942,0.004));
#5613=CARTESIAN_POINT('',(-0.00590288584658365,0.0163056838905089,0.004));
#5614=CARTESIAN_POINT('',(-0.00560288583424089,0.021702777250353,0.00430000001234276));
#5615=CARTESIAN_POINT('',(-0.00590288582189812,0.021702777255055,0.004));
#5616=CARTESIAN_POINT('',(-0.00630288582189812,0.021702777250353,0.0036));
#5617=CARTESIAN_POINT('',(-0.00630288584658365,0.0197135841878942,0.0036));
#5618=CARTESIAN_POINT('',(-0.00590288584658365,0.0163056838905089,0.004));
#5619=CARTESIAN_POINT('',(-0.00530288582189812,0.021702777250353,0.004));
#5620=CARTESIAN_POINT('',(-0.00511478165818312,0.0222725287958473,0.004));
#5621=CARTESIAN_POINT('',(-0.00511478165818312,0.0222725287958473,0.004));
#5622=CARTESIAN_POINT('',(-0.00498937888237312,0.0226523631595101,0.0036));
#5623=CARTESIAN_POINT('',(-0.00530288582189812,0.021702777250353,0.0036));
#5624=CARTESIAN_POINT('',(-0.00530288582189812,0.021702777250353,0.004));
#5625=CARTESIAN_POINT('',(-0.00630288582189812,0.0186738621309754,0.004));
#5626=CARTESIAN_POINT('',(-0.00234194985651651,0.0191522640222873,0.0038));
#5627=CARTESIAN_POINT('',(-0.00254050684413988,0.0191282823070456,0.004));
#5628=CARTESIAN_POINT('',(-0.00214339286889314,0.0191762457375289,0.00359999999999949));
#5629=CARTESIAN_POINT('',(-0.00630288582189812,0.0186738621309754,0.0036));
#5630=CARTESIAN_POINT('',(-0.00630288582189812,0.0186738621309754,0.004));
#5631=CARTESIAN_POINT('',(0.000735968446844476,0.0160996516421892,0.00400224882628838));
#5632=CARTESIAN_POINT('',(-3.79289266484977E-5,0.0161234939326585,0.00400226070930258));
#5633=CARTESIAN_POINT('',(-0.000797052455766388,0.016424258689159,0.00400230254537325));
#5634=CARTESIAN_POINT('',(-0.00202084749753093,0.0174893580446735,0.00400243384992846));
#5635=CARTESIAN_POINT('',(-0.00244338656931499,0.0182856533340947,0.00400252636072646));
#5636=CARTESIAN_POINT('',(-0.00254310779171091,0.0191279681645682,0.00400261984995054));
#5637=CARTESIAN_POINT('',(0.000736050837254326,0.0161022441865907,0.004));
#5638=CARTESIAN_POINT('',(-3.72508627344816E-5,0.0161260698249691,0.004));
#5639=CARTESIAN_POINT('',(-0.000795790568896321,0.0164266090111209,0.004));
#5640=CARTESIAN_POINT('',(-0.00201864549582383,0.0174909071374293,0.004));
#5641=CARTESIAN_POINT('',(-0.00244086077979021,0.0182866025969515,0.004));
#5642=CARTESIAN_POINT('',(-0.00254050684413989,0.0191282823070456,0.004));
#5643=CARTESIAN_POINT('',(0.000748630246213641,0.0164980751616983,0.00365664807819808));
#5644=CARTESIAN_POINT('',(6.62762745927954E-5,0.0165193583505394,0.00365483377364949));
#5645=CARTESIAN_POINT('',(-0.000603125050811084,0.0167854573430847,0.00364844622146737));
#5646=CARTESIAN_POINT('',(-0.00168244277449672,0.017727423393704,0.00362839857634492));
#5647=CARTESIAN_POINT('',(-0.00205522197261251,0.0184315365244354,0.0036142739814625));
#5648=CARTESIAN_POINT('',(-0.00214339286889314,0.0191762457375289,0.00359999999999949));
#5649=CARTESIAN_POINT('',(0.000748731806397891,0.0165012709133345,0.00365387601755887));
#5650=CARTESIAN_POINT('',(6.71121036190858E-5,0.0165225335756434,0.0036520470651755));
#5651=CARTESIAN_POINT('',(-0.000601569560757574,0.0167883545143929,0.00364560794292528));
#5652=CARTESIAN_POINT('',(-0.00167972843311282,0.0177293329138287,0.00362539844262037));
#5653=CARTESIAN_POINT('',(-0.00205210850770829,0.0184327066522552,0.0036111598124551));
#5654=CARTESIAN_POINT('',(-0.00214018675892211,0.019176632971528,0.00359677058963282));
#5655=CARTESIAN_POINT('',(0.000723092406815187,0.0164995440637103,0.00365609456557062));
#5656=CARTESIAN_POINT('',(0.000241814703367459,0.0165192232827303,0.00365442729172315));
#5657=CARTESIAN_POINT('',(-0.000223389125562815,0.0164981835061594,0.00379475480849113));
#5658=CARTESIAN_POINT('',(-0.000655265562515469,0.016452966044061,0.0040001875557886));
#5659=CARTESIAN_POINT('',(0.000723080183161034,0.0164992655973676,0.00365633626075015));
#5660=CARTESIAN_POINT('',(-0.000655385694797482,0.0164532614975765,0.0040000000362997));
#5661=CARTESIAN_POINT('',(0.000723068316056474,0.0164989871162401,0.00365657795731791));
#5662=CARTESIAN_POINT('',(1.32427567872909E-5,0.0165274935137913,0.00365457097638351));
#5663=CARTESIAN_POINT('',(-0.00137596849718191,0.0171196904087758,0.00364055894488617));
#5664=CARTESIAN_POINT('',(-0.00205951560501188,0.0184678014116072,0.00361357888555371));
#5665=CARTESIAN_POINT('',(-0.00214339286889314,0.0191762457375289,0.00359999999999949));
#5666=CARTESIAN_POINT('',(-0.000655385697840259,0.0164532614914188,0.004));
#5667=CARTESIAN_POINT('',(-0.00168369332166457,0.0169613853157635,0.004));
#5668=CARTESIAN_POINT('',(-0.00240558674989879,0.0179886536970464,0.004));
#5669=CARTESIAN_POINT('',(-0.00254050684413989,0.0191282823070456,0.004));
#5670=CARTESIAN_POINT('',(0.0223566577580329,0.00782414527223256,0.00160008261712149));
#5671=CARTESIAN_POINT('',(0.0235302770260095,0.00561688845472712,0.00160008261712149));
#5672=CARTESIAN_POINT('',(0.0235302770260095,0.00561688845472712,0.00160008261712149));
#5673=CARTESIAN_POINT('',(0.0238834560631524,0.00580467707984259,0.00200008261712149));
#5674=CARTESIAN_POINT('',(0.0196802857591566,0.0137096907088593,0.00200008261712149));
#5675=CARTESIAN_POINT('',(0.0215362175271993,0.0102191907148535,0.00200008261712149));
#5676=CARTESIAN_POINT('',(0.0215362175271992,0.0102191907148536,0.00200008261712149));
#5677=CARTESIAN_POINT('',(0.0211830384900564,0.010031402089738,0.00160008261712149));
#5678=CARTESIAN_POINT('',(0.0223566577580329,0.00782414527223256,0.00160008261712149));
#5679=CARTESIAN_POINT('',(0.019682027582199,0.00923330043299661,0.00200008261712149));
#5680=CARTESIAN_POINT('',(0.0182041022037266,0.00839251885954571,0.00159973631171857));
#5681=CARTESIAN_POINT('',(0.0180872221976777,0.00832833091776662,0.00173306964505188));
#5682=CARTESIAN_POINT('',(0.0179703421916287,0.00826414297598754,0.0018664029783852));
#5683=CARTESIAN_POINT('',(0.0178534621855797,0.00819995503420845,0.00199973631171851));
#5684=CARTESIAN_POINT('',(0.0182044079732488,0.0083926814400838,0.00160008261712149));
#5685=CARTESIAN_POINT('',(0.0178537679550998,0.00820011761475044,0.00200008261712146));
#5686=CARTESIAN_POINT('',(0.019682027582199,0.00923330043299661,0.00160008261712149));
#5687=CARTESIAN_POINT('',(0.019682027582199,0.00923330043299661,0.00200008261712149));
#5688=CARTESIAN_POINT('',(0.0220292661181524,0.00481878679798587,0.00200008261712149));
#5689=CARTESIAN_POINT('',(0.0201500631638117,0.00388067679414492,0.00199973631171863));
#5690=CARTESIAN_POINT('',(0.0202686358491914,0.00394168126910943,0.00186640297838529));
#5691=CARTESIAN_POINT('',(0.0203872085345711,0.00400268574407394,0.00173306964505195));
#5692=CARTESIAN_POINT('',(0.0205057812199507,0.00406369021903845,0.00159973631171861));
#5693=CARTESIAN_POINT('',(0.0205060869894728,0.00406385279957685,0.00160008261712149));
#5694=CARTESIAN_POINT('',(0.0201503689333363,0.00388083937467839,0.00200008261712149));
#5695=CARTESIAN_POINT('',(0.0220292661181524,0.00481878679798587,0.00200008261712149));
#5696=CARTESIAN_POINT('',(0.0220292661181524,0.00481878679798587,0.00160008261712149));
#5697=CARTESIAN_POINT('',(0.0193549417118387,0.00622810453929209,0.00159973631171862));
#5698=CARTESIAN_POINT('',(0.0190014569051739,0.00604015333363776,0.0020000826171215));
#5699=CARTESIAN_POINT('',(0.0193546359423168,0.0062279419587534,0.0016000826171215));
#5700=CARTESIAN_POINT('',(0.0220292661181525,0.00481878679798566,0.00459999946901199));
#5701=CARTESIAN_POINT('',(0.019424570719224,0.00343384568775829,0.00459999946901199));
#5702=CARTESIAN_POINT('',(0.0194245707192235,0.00343384568775805,0.00459999946901199));
#5703=CARTESIAN_POINT('',(0.0190713916820811,0.00324605706264268,0.00499999946901199));
#5704=CARTESIAN_POINT('',(0.0220292661181525,0.00481878679798566,0.00499999946901199));
#5705=CARTESIAN_POINT('',(0.02042305612396,0.00187895866447919,0.00499999946901199));
#5706=CARTESIAN_POINT('',(0.020839617889936,0.00211929849589928,0.00459999946901198));
#5707=CARTESIAN_POINT('',(0.0206891458859443,0.00204760040870782,0.00472628994379172));
#5708=CARTESIAN_POINT('',(0.0205518552527673,0.001967016570342,0.00486096855648461));
#5709=CARTESIAN_POINT('',(0.02042305612396,0.00187895866447917,0.004999999469012));
#5710=CARTESIAN_POINT('',(0.020839617889936,0.00211929849589927,0.00459999946901198));
#5711=CARTESIAN_POINT('',(0.0220292661181525,0.00481878679798566,0.00459999946901199));
#5712=CARTESIAN_POINT('',(0.0172896290780197,0.00659706514703602,0.00499999946901199));
#5713=CARTESIAN_POINT('',(0.0170773321832702,0.00784835932276879,0.00459999946901199));
#5714=CARTESIAN_POINT('',(0.0170773321832702,0.00784835932276879,0.00459999946901199));
#5715=CARTESIAN_POINT('',(0.0167241531461273,0.00766057069765315,0.00499999946901199));
#5716=CARTESIAN_POINT('',(0.0167241531461273,0.00766057069765315,0.00499999946901199));
#5717=CARTESIAN_POINT('',(0.019424570719224,0.00343384568775829,0.00459999946901199));
#5718=CARTESIAN_POINT('',(0.0196820275821992,0.0092333004329964,0.00459999946901199));
#5719=CARTESIAN_POINT('',(0.0222867229811283,0.0106182415432241,0.00459999946901199));
#5720=CARTESIAN_POINT('',(0.022286722981128,0.010618241543224,0.00459999946901199));
#5721=CARTESIAN_POINT('',(0.0226399020182713,0.0108060301683398,0.00499999946901199));
#5722=CARTESIAN_POINT('',(0.0196820275821992,0.0092333004329964,0.00499999946901199));
#5723=CARTESIAN_POINT('',(0.0196820275821992,0.0092333004329964,0.00459999946901199));
#5724=CARTESIAN_POINT('',(0.0232053779501652,0.00974252461771925,0.00499999946901199));
#5725=CARTESIAN_POINT('',(0.0246339615170814,0.00620372790821327,0.00459999946901199));
#5726=CARTESIAN_POINT('',(0.0246339615170814,0.00620372790821327,0.00459999946901199));
#5727=CARTESIAN_POINT('',(0.0249871405542244,0.00639151653332885,0.00499999946901199));
#5728=CARTESIAN_POINT('',(0.0249871405542244,0.00639151653332885,0.00499999946901199));
#5729=CARTESIAN_POINT('',(0.0222867229811283,0.0106182415432242,0.00459999946901199));
#5730=CARTESIAN_POINT('',(0.0220292661181525,0.00481878679798566,0.00459999946901199));
#5731=CARTESIAN_POINT('',(0.0235329122938676,0.0018252022947092,0.00499999946901196));
#5732=CARTESIAN_POINT('',(0.0234072335065451,0.00191765905640661,0.0048609685564846));
#5733=CARTESIAN_POINT('',(0.0232728099744698,0.00200293969306181,0.0047262899437917));
#5734=CARTESIAN_POINT('',(0.0231249058434138,0.00207979545217435,0.00459999946901198));
#5735=CARTESIAN_POINT('',(0.0235329122938676,0.00182520229470916,0.00499999946901199));
#5736=CARTESIAN_POINT('',(0.0231249058434138,0.00207979545217434,0.00459999946901199));
#5737=CARTESIAN_POINT('',(0.0220292661181525,0.00481878679798566,0.00499999946901199));
#5738=CARTESIAN_POINT('',(0.0220292661181525,0.00481878679798566,0.00459999946901199));
#5739=CARTESIAN_POINT('',(0.0196820275821992,0.0092333004329964,0.0019980826171215));
#5740=CARTESIAN_POINT('',(0.022286722981128,0.010618241543224,0.0019980826171215));
#5741=CARTESIAN_POINT('',(0.0222867229811283,0.0106182415432239,0.00200008261712149));
#5742=CARTESIAN_POINT('',(0.0170773321832702,0.00784835932276879,0.0019980826171215));
#5743=CARTESIAN_POINT('',(0.0170773321832703,0.00784835932276862,0.00200008261712149));
#5744=CARTESIAN_POINT('',(0.0196820275821992,0.0092333004329964,0.00200008261712149));
#5745=CARTESIAN_POINT('',(0.0182509514512471,0.00564110250526354,0.0019980826171215));
#5746=CARTESIAN_POINT('',(0.0194245707192235,0.00343384568775805,0.0019980826171215));
#5747=CARTESIAN_POINT('',(0.0194245707192239,0.00343384568775806,0.00200008261712149));
#5748=CARTESIAN_POINT('',(0.0182509514512471,0.00564110250526354,0.00200008261712149));
#5749=CARTESIAN_POINT('',(0.0234603422491049,0.00841098472571871,0.0019980826171215));
#5750=CARTESIAN_POINT('',(0.0246339615170814,0.00620372790821327,0.0019980826171215));
#5751=CARTESIAN_POINT('',(0.0246339615170815,0.00620372790821314,0.00200008261712149));
#5752=CARTESIAN_POINT('',(0.0234603422491049,0.00841098472571871,0.00200008261712149));
#5753=CARTESIAN_POINT('',(0.0220292661181525,0.00481878679798566,0.0019980826171215));
#5754=CARTESIAN_POINT('',(0.0231249058434138,0.00207979545217434,0.004599999469012));
#5755=CARTESIAN_POINT('',(0.0230692388723907,0.00205752778603837,0.00479486470161032));
#5756=CARTESIAN_POINT('',(0.022951026316857,0.00201412315209585,0.00518219531665284));
#5757=CARTESIAN_POINT('',(0.0227420410339017,0.0019528441123505,0.00575309041917395));
#5758=CARTESIAN_POINT('',(0.0225188436281134,0.00190639275656249,0.00621027675318307));
#5759=CARTESIAN_POINT('',(0.0222735938988324,0.00187561085855742,0.00653582421599594));
#5760=CARTESIAN_POINT('',(0.0219781908488352,0.00186348308560773,0.00669825014576218));
#5761=CARTESIAN_POINT('',(0.0216832266431567,0.00188582309017593,0.00653575495065733));
#5762=CARTESIAN_POINT('',(0.0214390006871225,0.00192511943417497,0.00620971724025533));
#5763=CARTESIAN_POINT('',(0.0212179451685394,0.00197918181767777,0.00575316897821881));
#5764=CARTESIAN_POINT('',(0.0210112992450504,0.00204758589582885,0.00518277116057662));
#5765=CARTESIAN_POINT('',(0.0208944752641852,0.00209512318162591,0.00479484075877231));
#5766=CARTESIAN_POINT('',(0.020839617889936,0.00211929849589927,0.004599999469012));
#5767=CARTESIAN_POINT('',(0.0220292661181525,0.00481878679798566,0.00200008261712149));
#5768=CARTESIAN_POINT('',(-0.0128961743398546,-0.00361152037607348,0.0020000826171215));
#5769=CARTESIAN_POINT('',(0.0254488386267006,0.00952555351129672,-0.020000000530988));
#5770=CARTESIAN_POINT('',(0.0237229641633391,0.012771451290379,-0.020000000530988));
#5771=CARTESIAN_POINT('',(0.0237229641633391,0.012771451290379,0.00499999946901199));
#5772=CARTESIAN_POINT('',(0.0254488386267006,0.00952555351129672,0.00499999946901199));
#5773=CARTESIAN_POINT('',(0.0271747130900621,0.00627965573221445,0.00499999946901199));
#5774=CARTESIAN_POINT('',(0.0271747130900621,0.00627965573221445,-1.99999999999332E-6));
#5775=CARTESIAN_POINT('',(0.0219570689776245,0.0118325081648011,-0.020000000530988));
#5776=CARTESIAN_POINT('',(0.0219570690128896,0.0138325081648011,-0.020000000530988));
#5777=CARTESIAN_POINT('',(0.0219570690128896,0.0138325081648011,0.00499999946901199));
#5778=CARTESIAN_POINT('',(0.0219570689776245,0.0118325081648011,0.00499999946901199));
#5779=CARTESIAN_POINT('',(0.0263008456933926,-4.13171433258845E-5,-1.99999999999332E-6));
#5780=CARTESIAN_POINT('',(0.0254269782967229,-0.00254736503806151,-1.99999999999332E-6));
#5781=CARTESIAN_POINT('',(0.0254269782967229,-0.00254736503806151,0.00499999946901199));
#5782=CARTESIAN_POINT('',(0.0271747130900621,0.00246473075140975,-1.99999999999332E-6));
#5783=CARTESIAN_POINT('',(0.0271747130900621,0.00246473075140975,0.00499999946901199));
#5784=CARTESIAN_POINT('',(0.0263008456933926,-4.13171433258845E-5,0.00499999946901199));
#5785=CARTESIAN_POINT('',(0.0271747130900621,0.0043721932418121,-1.99999999999332E-6));
#5786=CARTESIAN_POINT('',(0.0271747130900621,0.0043721932418121,0.00499999946901199));
#5787=CARTESIAN_POINT('',(-8.8196926305355E-44,-0.0014,0.00499999946901199));
#5788=CARTESIAN_POINT('',(0.00308009690425225,0.0145333025537755,0.00499998874674273));
#5789=CARTESIAN_POINT('',(0.0030484640476428,0.0143696661993085,0.00429999233418484));
#5790=CARTESIAN_POINT('',(0.00301683119111944,0.0142060298448247,0.00359999592162696));
#5791=CARTESIAN_POINT('',(0.00298519833468217,0.0140423934903244,0.00289999950906907));
#5792=CARTESIAN_POINT('',(0.00298518744367209,0.0140423363519155,0.00289981276435089));
#5793=CARTESIAN_POINT('',(0.00308008836709307,0.0145332583372189,0.00499999946901199));
#5794=CARTESIAN_POINT('',(-1.41115096219831E-44,-0.0014,0.00289999950906799));
#5795=CARTESIAN_POINT('',(0.0153139594432888,0.00218630338603679,0.00289999950906799));
#5796=CARTESIAN_POINT('',(0.0153139594432888,0.00218630338603679,0.00289999950906799));
#5797=CARTESIAN_POINT('',(0.0158007881141335,0.00230031147892326,0.00499999946901199));
#5798=CARTESIAN_POINT('',(-8.8196926305355E-44,-0.0014,0.00499999946901199));
#5799=CARTESIAN_POINT('',(0.0133666447599101,0.00173027101900367,0.00499999946486465));
#5800=CARTESIAN_POINT('',(0.0133666447246452,-0.000269728985509074,0.00289999950906799));
#5801=CARTESIAN_POINT('',(0.0133666447246452,-0.000269728985509073,0.00289999950906799));
#5802=CARTESIAN_POINT('',(0.0133666447158289,-0.000769728985509074,0.00499999946901199));
#5803=CARTESIAN_POINT('',(0.0133666447599101,0.00173027102156192,0.00499999946901199));
#5804=CARTESIAN_POINT('',(0.0133666447599101,0.00173027101449093,0.00289999950906799));
#5805=CARTESIAN_POINT('',(0.00270000024631971,0.0125696587428253,0.00499999946901199));
#5806=CARTESIAN_POINT('',(0.000700000246319704,0.0125696587780903,0.00499999946901199));
#5807=CARTESIAN_POINT('',(0.000700000246319704,0.0125696587780903,0.00499999946901199));
#5808=CARTESIAN_POINT('',(0.0012000002463197,0.012569658769274,0.00289999950906799));
#5809=CARTESIAN_POINT('',(0.00270000024631971,0.0125696587428253,0.00289999950906799));
#5810=CARTESIAN_POINT('',(0.00270000024631971,0.0125696587428253,0.00499999946901199));
#5811=CARTESIAN_POINT('',(-0.0101527459286813,-0.000519728570803917,0.00394999946901198));
#5812=CARTESIAN_POINT('',(0.00320000573144987,-0.000635602916737896,0.00443667073307785));
#5813=CARTESIAN_POINT('',(0.00320011229125479,-0.000269728806247903,0.00289999950906799));
#5814=CARTESIAN_POINT('',(0.0032000057290849,-0.000769728806185116,0.00499999946875617));
#5815=CARTESIAN_POINT('',(0.00320011228243855,-0.000769728806247911,0.00499999946901199));
#5816=CARTESIAN_POINT('',(-0.0138824210701065,-0.000269728505040508,0.00289999946901201));
#5817=CARTESIAN_POINT('',(0.000699999979042397,-0.00258857954020104,0.00499999946901199));
#5818=CARTESIAN_POINT('',(0.000834125949682026,0.00173027695088361,0.00443667072290964));
#5819=CARTESIAN_POINT('',(0.000700000055194581,0.00173027996837241,0.00499999946901204));
#5820=CARTESIAN_POINT('',(0.00120005518741868,0.00173032900421173,0.0029000037119622));
#5821=CARTESIAN_POINT('',(0.0012000000551957,0.00173034296035304,0.00289999950906799));
#5822=CARTESIAN_POINT('',(0.000700000246319704,0.0125696587780903,0.00499999946901199));
#5823=CARTESIAN_POINT('',(0.0032000057731662,0.00173027690916728,0.00499997545353146));
#5824=CARTESIAN_POINT('',(0.00320011229126109,-0.0002697288062479,0.00289999948093325));
#5825=CARTESIAN_POINT('',(0.00267188551787094,-0.000269728796935617,0.00289988128416898));
#5826=CARTESIAN_POINT('',(0.00163677670203053,0.000164958425954658,0.00289964444986697));
#5827=CARTESIAN_POINT('',(0.001200097060779,0.00120210221014167,0.00289953429800413));
#5828=CARTESIAN_POINT('',(0.00120011232735504,0.00173032899686403,0.00289952796885258));
#5829=CARTESIAN_POINT('',(0.0032000057731662,0.00173027691172564,0.00499999946901199));
#5830=CARTESIAN_POINT('',(0.0133666447599101,0.00173027101449093,0.00249999946901199));
#5831=CARTESIAN_POINT('',(0.0133666447246452,-0.000269728985509074,0.00249999946901199));
#5832=CARTESIAN_POINT('',(0.0153139594432888,0.00218630338603679,0.00249999946901199));
#5833=CARTESIAN_POINT('',(0.0219205640530406,-0.00146972913633586,0.000400000000000012));
#5834=CARTESIAN_POINT('',(0.0219205640530406,-0.00146972913633586,0.000400000000000019));
#5835=CARTESIAN_POINT('',(0.0219205640530406,0.00088027086366414,0.000399999999999991));
#5836=CARTESIAN_POINT('',(-0.0219194359469596,-0.001469728363328,0.000400000000000005));
#5837=CARTESIAN_POINT('',(-0.0219194359469596,-0.001469728363328,0.000400000000000012));
#5838=CARTESIAN_POINT('',(-0.0219194359469596,0.000880271636672,0.000399999999999984));
#5839=CARTESIAN_POINT('',(0.0219205640530406,-0.00146972913633588,0.0046));
#5840=CARTESIAN_POINT('',(0.0219205640530406,-0.00146972913633588,0.004225));
#5841=CARTESIAN_POINT('',(0.0219205640530406,0.00088027086366412,0.00422499999999997));
#5842=CARTESIAN_POINT('',(0.0219205640530406,-0.00146972913633586,0.004975));
#5843=CARTESIAN_POINT('',(0.0219205640530406,0.00013027086366414,0.00497499999999998));
#5844=CARTESIAN_POINT('',(-0.0219194359469596,-0.00146972836332801,0.0046));
#5845=CARTESIAN_POINT('',(-0.0219194359469596,-0.00146972836332801,0.004225));
#5846=CARTESIAN_POINT('',(-0.0219194359469596,0.00088027163667199,0.00422499999999997));
#5847=CARTESIAN_POINT('',(-0.0219194359469596,-0.001469728363328,0.004975));
#5848=CARTESIAN_POINT('',(-0.0219194359469596,0.000130271636672,0.00497499999999998));
#5849=CARTESIAN_POINT('',(0.0219205640530406,-0.00146972913633588,0.0046));
#5850=CARTESIAN_POINT('',(-0.0219194359469596,-0.00146972836332801,0.0046));
#5851=CARTESIAN_POINT('',(0.000796730960160951,0.0198085624454417,0.003));
#5852=CARTESIAN_POINT('',(-0.00216567150513053,0.0193350947763924,0.00170364555062098));
#5853=CARTESIAN_POINT('',(-0.00216567150513053,0.0193350947763924,0.00170364555062098));
#5854=CARTESIAN_POINT('',(-0.00216567150512249,0.0193350947763421,0.0017036455506294));
#5855=CARTESIAN_POINT('',(-0.00209427347908793,0.0188883701061162,0.00167080202457044));
#5856=CARTESIAN_POINT('',(-0.0018488495202038,0.018328325898694,0.00162874216475292));
#5857=CARTESIAN_POINT('',(-0.00152011499778658,0.017892112994652,0.00159324440312663));
#5858=CARTESIAN_POINT('',(-0.00132252164648335,0.0176832763022875,0.00157573761945847));
#5859=CARTESIAN_POINT('',(-0.00121624591298151,0.0175800250312135,0.00156702158880565));
#5860=CARTESIAN_POINT('',(-0.000978966518797129,0.0173842471334722,0.0015503436689221));
#5861=CARTESIAN_POINT('',(-0.00068882585347263,0.0171927347358429,0.00153342418589358));
#5862=CARTESIAN_POINT('',(-0.000131595116202689,0.0169176393515146,0.00150755010993728));
#5863=CARTESIAN_POINT('',(0.000362968263455364,0.0168227417932002,0.00149496194000762));
#5864=CARTESIAN_POINT('',(0.000684106070706615,0.0168106772517968,0.00149047779546425));
#5865=CARTESIAN_POINT('',(0.000686655833181634,0.0168105810865034,0.00149046016461178));
#5866=CARTESIAN_POINT('',(0.000684110969929705,0.0168106770677462,2.41345939198374E-44));
#5867=CARTESIAN_POINT('',(0.000707826952532187,0.0168420893094993,0.00126448273172055));
#5868=CARTESIAN_POINT('',(6.56307868608985E-5,0.0168636431741211,0.00128237187256118));
#5869=CARTESIAN_POINT('',(-0.000650796003511999,0.0171077519216024,0.0013339788618659));
#5870=CARTESIAN_POINT('',(-0.00173599849770373,0.0180569024150589,0.00149547924315993));
#5871=CARTESIAN_POINT('',(-0.00206886884333972,0.0187305398191239,0.00160002911783152));
#5872=CARTESIAN_POINT('',(-0.00216944041360995,0.0193586336285376,0.00169267916625387));
#5873=CARTESIAN_POINT('',(0.000723317003150101,0.0167268452363754,0.00206638337648532));
#5874=CARTESIAN_POINT('',(7.52495915195497E-5,0.0167494889031273,0.00208301817210564));
#5875=CARTESIAN_POINT('',(-0.000649343360092515,0.0169994875304847,0.00213392212724717));
#5876=CARTESIAN_POINT('',(-0.00173918598406482,0.0179694635479517,0.0022958569745156));
#5877=CARTESIAN_POINT('',(-0.00206705673508501,0.0186561930112838,0.00240133352570658));
#5878=CARTESIAN_POINT('',(-0.00215834947665346,0.0192916929383102,0.00249455552933773));
#5879=CARTESIAN_POINT('',(0.000736268563107336,0.0166116494096759,0.00286840991940511));
#5880=CARTESIAN_POINT('',(8.23690309403583E-5,0.0166353286335472,0.00288375857262132));
#5881=CARTESIAN_POINT('',(-0.000650456390144458,0.0168912454820481,0.0029339247120698));
#5882=CARTESIAN_POINT('',(-0.00174470122360051,0.0178822526417452,0.00309630487986986));
#5883=CARTESIAN_POINT('',(-0.00206720109646424,0.0185821180744071,0.00320274317384791));
#5884=CARTESIAN_POINT('',(-0.00214893241658836,0.0192247751359005,0.00329655737952456));
#5885=CARTESIAN_POINT('',(0.000746752327443639,0.0164965410667722,0.00367041126021805));
#5886=CARTESIAN_POINT('',(8.70551280226612E-5,0.0165211935971562,0.00368443865617152));
#5887=CARTESIAN_POINT('',(-0.000654086858439666,0.0167830530631205,0.00373382747775713));
#5888=CARTESIAN_POINT('',(-0.00175250888022957,0.0177953088824282,0.00389666481338825));
#5889=CARTESIAN_POINT('',(-0.00206925621454523,0.0185083516993399,0.00400410442876361));
#5890=CARTESIAN_POINT('',(-0.00214115368235875,0.0191579044670964,0.00409853358759331));
#5891=CARTESIAN_POINT('',(-0.583373048188625,0.0349456339031219,0.0107943361870259));
#5892=CARTESIAN_POINT('',(-0.393179246974162,0.0271621243631049,0.0102449620318981));
#5893=CARTESIAN_POINT('',(-0.0220335870768259,0.0138325089404673,0.004));
#5894=CARTESIAN_POINT('',(-0.0220335871297234,0.0108325089404673,0.00150587238539361));
#5895=CARTESIAN_POINT('',(-0.0218063961142483,0.0108325089364614,0.00154364837178836));
#5896=CARTESIAN_POINT('',(-0.0213955372848689,0.0108465776711651,0.00161275854485931));
#5897=CARTESIAN_POINT('',(-0.0208716520114549,0.0110666624328206,0.00171320290460648));
#5898=CARTESIAN_POINT('',(-0.0220335871297234,0.0108325089404673,0.00150587238539361));
#5899=CARTESIAN_POINT('',(-0.0208716520114551,0.0110666624328205,0.00171320290460652));
#5900=CARTESIAN_POINT('',(-0.0208716520114551,0.0110666624328205,1.38777878078145E-17));
#5901=CARTESIAN_POINT('',(-0.0220335871297234,0.0108325089404673,0.001499999469012));
#5902=CARTESIAN_POINT('',(-0.0229958793152148,0.0105230735723031,0.00366604716493465));
#5903=CARTESIAN_POINT('',(-0.0227079272839596,0.0105034014713443,0.0038037518361047));
#5904=CARTESIAN_POINT('',(-0.0224165767462368,0.010534751013719,0.0039504037178519));
#5905=CARTESIAN_POINT('',(-0.0221430010268596,0.0106148407809863,0.00409534472401819));
#5906=CARTESIAN_POINT('',(-0.0226695018808586,0.0106188162371301,0.00299584847086125));
#5907=CARTESIAN_POINT('',(-0.0223435285750971,0.0105993090789103,0.00313239853816376));
#5908=CARTESIAN_POINT('',(-0.0220130055213032,0.0106418510523772,0.00327980007496795));
#5909=CARTESIAN_POINT('',(-0.0217063393408072,0.0107428747104209,0.00342513246340218));
#5910=CARTESIAN_POINT('',(-0.022348566437281,0.010733153604409,0.00219548686029623));
#5911=CARTESIAN_POINT('',(-0.0219847291561436,0.0107138444988675,0.00233065055417347));
#5912=CARTESIAN_POINT('',(-0.0216147840770471,0.0107699166919135,0.0024789502636323));
#5913=CARTESIAN_POINT('',(-0.0212769720349578,0.0108957718334322,0.00262475459866384));
#5914=CARTESIAN_POINT('',(-0.0220351428106485,0.0108653493951909,0.00127011628613641));
#5915=CARTESIAN_POINT('',(-0.0216336609928026,0.0108462717985064,0.00140365941337443));
#5916=CARTESIAN_POINT('',(-0.0212239944645785,0.0109183607855238,0.00155300434197407));
#5917=CARTESIAN_POINT('',(-0.0208576726773837,0.0110725432928024,0.00169936510947778));
#5918=CARTESIAN_POINT('',(-0.0255193923253041,0.0191601999824241,-0.0567938373944767));
#5919=CARTESIAN_POINT('',(-0.022106246865314,0.0108325089417484,0.00149999946901037));
#5920=CARTESIAN_POINT('',(-0.0255193922729381,0.0221300484634076,-0.056369573325765));
#5921=CARTESIAN_POINT('',(-0.02210542808209,0.0108325089417337,0.00194227915096952));
#5922=CARTESIAN_POINT('',(-0.00567320254282561,0.015284937929567,0.0035644548274781));
#5923=CARTESIAN_POINT('',(-0.00532480989412891,0.0155893893180246,0.00371106316781437));
#5924=CARTESIAN_POINT('',(-0.004886360704178,0.0158106972573336,0.003861823107218));
#5925=CARTESIAN_POINT('',(-0.00442898713332343,0.0159086193901695,0.00399137141342246));
#5926=CARTESIAN_POINT('',(-0.00573563681657979,0.0152306391286599,0.00404960013913351));
#5927=CARTESIAN_POINT('',(-0.00540398967445938,0.0155060363263341,0.00419564087361282));
#5928=CARTESIAN_POINT('',(-0.00499672204675018,0.0157067201347243,0.00434532138108314));
#5929=CARTESIAN_POINT('',(-0.00457124198798814,0.0158006839490841,0.00447650645556344));
#5930=CARTESIAN_POINT('',(-0.00580525249749815,0.0151736519738054,0.0045335169353934));
#5931=CARTESIAN_POINT('',(-0.00549379391369921,0.0154184710359391,0.00467899637553692));
#5932=CARTESIAN_POINT('',(-0.00512037605921927,0.0155977063010418,0.00482759686686288));
#5933=CARTESIAN_POINT('',(-0.00472987939810719,0.0156866141946212,0.00496041309678559));
#5934=CARTESIAN_POINT('',(-0.00588859275539485,0.0151118643584441,0.00500577815361225));
#5935=CARTESIAN_POINT('',(-0.00560377632462915,0.0153238297716134,0.00515071409827261));
#5936=CARTESIAN_POINT('',(-0.00526939284322434,0.0154798896287257,0.00529825724673289));
#5937=CARTESIAN_POINT('',(-0.00491959907140676,0.0155613462188881,0.00543266448160324));
#5938=CARTESIAN_POINT('',(-0.00572513121262007,0.0152406195121297,0.004));
#5939=CARTESIAN_POINT('',(-0.00534907878599502,0.015555183664543,0.004));
#5940=CARTESIAN_POINT('',(-0.00490653747212301,0.0157850767400524,0.004));
#5941=CARTESIAN_POINT('',(-0.00443151922056688,0.0159066989325808,0.004));
#5942=CARTESIAN_POINT('',(-0.00572514953898205,0.0152406414207701,0.004));
#5943=CARTESIAN_POINT('',(-0.00443151921377226,0.0159066989060431,0.00400000009708184));
#5944=CARTESIAN_POINT('',(-0.00588195034456558,0.0151168083631621,0.00499999946901205));
#5945=CARTESIAN_POINT('',(-0.00582894340368982,0.0151563001635982,0.00470065123808472));
#5946=CARTESIAN_POINT('',(-0.00577663111968231,0.0151975771790426,0.00436731808174737));
#5947=CARTESIAN_POINT('',(-0.005725149538982,0.0152406414207701,0.004));
#5948=CARTESIAN_POINT('',(-0.0058819503445656,0.0151168083631621,0.00499999946901199));
#5949=CARTESIAN_POINT('',(-0.0047553687119101,0.0156723205725683,0.00499999946901171));
#5950=CARTESIAN_POINT('',(-0.00516155521222868,0.0155591415676939,0.00499999946901171));
#5951=CARTESIAN_POINT('',(-0.00554384692458937,0.0153687046280644,0.00499999946901205));
#5952=CARTESIAN_POINT('',(-0.00588195033003543,0.0151168083436616,0.00499999946901205));
#5953=CARTESIAN_POINT('',(-0.00475536445318522,0.0156723052884973,0.00500000141563662));
#5954=CARTESIAN_POINT('',(-0.00443151921183866,0.0159066988990514,0.0040000000960929));
#5955=CARTESIAN_POINT('',(-0.00453871225929787,0.0158254705755931,0.00436471495383626));
#5956=CARTESIAN_POINT('',(-0.0046465872961406,0.0157473638828465,0.00469804799993861));
#5957=CARTESIAN_POINT('',(-0.0047553603571058,0.0156722905757771,0.00499999923439995));
#5958=CARTESIAN_POINT('',(-0.00908336585792471,0.0139851177401362,0.00399137141342673));
#5959=CARTESIAN_POINT('',(-0.00869032852956067,0.0142386363641369,0.00386183178060721));
#5960=CARTESIAN_POINT('',(-0.00822359774202085,0.0143914371248973,0.00371108279894787));
#5961=CARTESIAN_POINT('',(-0.00776194859007404,0.0144217601148573,0.00356448427419253));
#5962=CARTESIAN_POINT('',(-0.00890641561262648,0.014009099268754,0.00447650645532677));
#5963=CARTESIAN_POINT('',(-0.0085387595499924,0.0142429070466561,0.00434533016379944));
#5964=CARTESIAN_POINT('',(-0.00810867030200076,0.0143882992998607,0.00419566042846975));
#5965=CARTESIAN_POINT('',(-0.00767939015013205,0.0144273775884477,0.00404962947155017));
#5966=CARTESIAN_POINT('',(-0.00871353184530349,0.0140403016559493,0.00496041309632364));
#5967=CARTESIAN_POINT('',(-0.0083742201240868,0.0142529947122688,0.00482760575854185));
#5968=CARTESIAN_POINT('',(-0.00798324390507846,0.0143896787756114,0.00467901585497173));
#5969=CARTESIAN_POINT('',(-0.00758984690357009,0.0144361611180341,0.00453354615478899));
#5970=CARTESIAN_POINT('',(-0.00849072857530611,0.014085515845386,0.00543266448094678));
#5971=CARTESIAN_POINT('',(-0.00818550268518957,0.0142747531139942,0.00529826624471578));
#5972=CARTESIAN_POINT('',(-0.0078385301412003,0.0144002921389746,0.00515073350469445));
#5973=CARTESIAN_POINT('',(-0.00748719305489847,0.0144512343626734,0.00500580726358095));
#5974=CARTESIAN_POINT('',(-0.00749531724497,0.0144500568595079,0.00499999946901199));
#5975=CARTESIAN_POINT('',(-0.00791262496029255,0.0143897711303729,0.00499999946901199));
#5976=CARTESIAN_POINT('',(-0.00831778927550491,0.0142547764783191,0.00499999946901199));
#5977=CARTESIAN_POINT('',(-0.00868538830316363,0.0140481727292871,0.00499999946901199));
#5978=CARTESIAN_POINT('',(-0.00749531724844704,0.0144500568835765,0.00499999946901199));
#5979=CARTESIAN_POINT('',(-0.00868538052941125,0.0140481588978613,0.00500000141563655));
#5980=CARTESIAN_POINT('',(-0.0076937927737838,0.0144270659181341,0.004));
#5981=CARTESIAN_POINT('',(-0.00762692924930714,0.0144329098161892,0.004367318081749));
#5982=CARTESIAN_POINT('',(-0.00756073909591875,0.0144406059607481,0.00470065123808633));
#5983=CARTESIAN_POINT('',(-0.00749531724844704,0.0144500568835765,0.004999999469012));
#5984=CARTESIAN_POINT('',(-0.0076937927737838,0.014427065918134,0.004));
#5985=CARTESIAN_POINT('',(-0.00908021673839554,0.0139855451384616,0.004));
#5986=CARTESIAN_POINT('',(-0.00865822282863002,0.0142345758796692,0.004));
#5987=CARTESIAN_POINT('',(-0.00818187673958895,0.0143843762339348,0.004));
#5988=CARTESIAN_POINT('',(-0.00769379028671642,0.0144270374636343,0.004));
#5989=CARTESIAN_POINT('',(-0.00908021672447316,0.0139855451148695,0.00400000009708261));
#5990=CARTESIAN_POINT('',(-0.00868537304390671,0.0140481455860742,0.00499999923442568));
#5991=CARTESIAN_POINT('',(-0.00881541040132142,0.0140245264014468,0.00469804799996762));
#5992=CARTESIAN_POINT('',(-0.00894695319238754,0.0140036895801157,0.00436471495388066));
#5993=CARTESIAN_POINT('',(-0.00908021672115939,0.0139855451089786,0.00400000009616479));
#5994=CARTESIAN_POINT('',(-0.00800288584658365,0.0179635841878942,0.029));
#5995=CARTESIAN_POINT('',(-0.00800288584658365,0.0179635841878942,0.004));
#5996=CARTESIAN_POINT('',(-0.00800288584658365,0.0179635841878942,0.00499999946901199));
#5997=CARTESIAN_POINT('',(-0.00530288582189812,0.021702777250353,0.004));
#5998=CARTESIAN_POINT('',(-0.00630288583424089,0.021702777250353,0.004));
#5999=CARTESIAN_POINT('',(-0.00498937888237312,0.0226523631595101,0.004));
#6000=CARTESIAN_POINT('',(-0.0107028858218981,0.021702777250353,0.004));
#6001=CARTESIAN_POINT('',(-0.0110163927614231,0.0226523631595101,0.004));
#6002=CARTESIAN_POINT('',(-0.00970288583424087,0.021702777250353,0.004));
#6003=CARTESIAN_POINT('',(-0.00543921741003344,0.0163056838905089,0.004));
#6004=CARTESIAN_POINT('',(-0.012073764385,0.0104753658318522,0.004));
#6005=CARTESIAN_POINT('',(-0.0133473001179389,0.0104753658439286,0.004));
#6006=CARTESIAN_POINT('',(-2.36095865080443E-14,-0.00140133896007947,0.004));
#6007=CARTESIAN_POINT('',(-2.36095865080443E-14,-0.00140133896007947,0.004));
#6008=CARTESIAN_POINT('',(-0.00630288582189812,0.0186738621309754,0.004));
#6009=CARTESIAN_POINT('',(-0.00800288584658365,0.0179635841878942,0.004));
#6010=CARTESIAN_POINT('',(-0.00970288584658365,0.0179635841878942,0.004));
#6011=CARTESIAN_POINT('',(-0.00630288584658365,0.0179635841878942,0.004));
#6012=CARTESIAN_POINT('',(-0.00970288582189811,0.0186738621309754,0.004));
#6013=CARTESIAN_POINT('',(-0.0137960245866572,0.0195682814770723,0.004));
#6014=CARTESIAN_POINT('',(-0.0255193922729381,0.0221300484634076,0.004));
#6015=CARTESIAN_POINT('',(-0.01724312649699,-0.0148509077764672,0.00160008261712148));
#6016=CARTESIAN_POINT('',(-0.01724312649699,-0.0148509077764672,0.00160008261712149));
#6017=CARTESIAN_POINT('',(-0.01724312649699,-0.0165509077764672,0.00160008261712145));
#6018=CARTESIAN_POINT('',(-0.01724312649699,-0.0148509077764672,0.0020000826171215));
#6019=CARTESIAN_POINT('',(-0.01724312649699,-0.0169509077764672,0.0020000826171215));
#6020=CARTESIAN_POINT('',(-0.01724312649699,-0.0148509077764672,-1.99999999999506E-6));
#6021=CARTESIAN_POINT('',(-0.0129625292078787,-0.0255245429045974,-2.000000000002E-6));
#6022=CARTESIAN_POINT('',(-0.00570540093167406,-0.0221579289999877,0.00249999946901199));
#6023=CARTESIAN_POINT('',(-0.00570540093167406,-0.0221579289999877,0.0020000826171215));
#6024=CARTESIAN_POINT('',(-0.0129625292078787,-0.0255245429045974,0.0020000826171215));
#6025=CARTESIAN_POINT('',(-0.0159403345401617,-0.018099404831603,0.00200008261712149));
#6026=CARTESIAN_POINT('',(-0.0159403315850948,-0.0180994036464912,1.38777878078145E-17));
#6027=CARTESIAN_POINT('',(-0.01724312649699,-0.0148509077764672,-1.99999999999506E-6));
#6028=CARTESIAN_POINT('',(-0.0205318313596776,-0.0136532348970318,1.38777878078145E-17));
#6029=CARTESIAN_POINT('',(-0.0205318313596776,-0.0136532348970319,0.00200008261712149));
#6030=CARTESIAN_POINT('',(-0.01724312649699,-0.0148509077764672,0.00200008261712149));
#6031=CARTESIAN_POINT('',(-0.02755668437707,-0.0110949402819063,-2.000000000002E-6));
#6032=CARTESIAN_POINT('',(-0.02755668437707,-0.0110949402819063,0.00200008261712148));
#6033=CARTESIAN_POINT('',(-0.0234832967808497,-0.00482589372403911,0.00200008261712148));
#6034=CARTESIAN_POINT('',(-0.0234832967808497,-0.00482589372403911,-1.99999999999506E-6));
#6035=CARTESIAN_POINT('',(0.0065202803677594,-0.0335082967947278,0.0092000025608863));
#6036=CARTESIAN_POINT('',(-0.0065191533915171,-0.0335082965648103,0.0092000025608863));
#6037=CARTESIAN_POINT('',(0.00652028038558093,-0.0324975754499548,0.00920000256135711));
#6038=CARTESIAN_POINT('',(-0.00651915337369557,-0.0324975752200373,0.00920000256135711));
#6039=CARTESIAN_POINT('',(0.00652028041783832,-0.0306681451334137,0.00903760907156884));
#6040=CARTESIAN_POINT('',(-0.00651915334143818,-0.0306681449034962,0.00903760907156884));
#6041=CARTESIAN_POINT('',(0.00652028045543875,-0.0285356925383787,0.00852161149998578));
#6042=CARTESIAN_POINT('',(-0.00651915330383776,-0.0285356923084612,0.00852161149998578));
#6043=CARTESIAN_POINT('',(0.00652028047720134,-0.0273014589160031,0.00804503254528345));
#6044=CARTESIAN_POINT('',(-0.00651915328207516,-0.0273014586860856,0.00804503254528345));
#6045=CARTESIAN_POINT('',(0.0065202804886431,-0.0266525565130717,0.00774103607771907));
#6046=CARTESIAN_POINT('',(-0.0065191532706334,-0.0266525562831542,0.00774103607771907));
#6047=CARTESIAN_POINT('',(0.00652028049391114,-0.0263537872926879,0.00758465259548468));
#6048=CARTESIAN_POINT('',(-0.00651915326536536,-0.0263537870627704,0.00758465259548468));
#6049=CARTESIAN_POINT('',(0.0065202804983118,-0.026104210395591,0.00746564917299313));
#6050=CARTESIAN_POINT('',(-0.0065191532609647,-0.0261042101656735,0.00746564917299313));
#6051=CARTESIAN_POINT('',(0.00652028050758374,-0.0255783662598959,0.00728305509616014));
#6052=CARTESIAN_POINT('',(-0.00651915325169276,-0.0255783660299784,0.00728305509616014));
#6053=CARTESIAN_POINT('',(0.00652028053129244,-0.0242337619805925,0.00691712488351796));
#6054=CARTESIAN_POINT('',(-0.00651915322798406,-0.024233761750675,0.00691712488351796));
#6055=CARTESIAN_POINT('',(0.00652028056612783,-0.0222581240936213,0.00641647067931781));
#6056=CARTESIAN_POINT('',(-0.00651915319314867,-0.0222581238637038,0.00641647067931781));
#6057=CARTESIAN_POINT('',(0.00652028058573245,-0.0211462778830971,0.00613611905047006));
#6058=CARTESIAN_POINT('',(-0.00651915317354405,-0.0211462776531796,0.00613611905047006));
#6059=CARTESIAN_POINT('',(0.00652028059260436,-0.0207565480697476,0.00603372264917186));
#6060=CARTESIAN_POINT('',(-0.00651915316667214,-0.0207565478398301,0.00603372264917186));
#6061=CARTESIAN_POINT('',(0.0042207846231489,-0.0288911586042766,0.00858430331307103));
#6062=CARTESIAN_POINT('',(0.00422078459881247,-0.0285312868940878,0.00848269854777055));
#6063=CARTESIAN_POINT('',(0.00424487138212209,-0.0278250061533855,0.00825158410512689));
#6064=CARTESIAN_POINT('',(0.00433050447735039,-0.0269698578207749,0.00790760347196288));
#6065=CARTESIAN_POINT('',(0.00442651546347504,-0.026317271518684,0.00755607754857056));
#6066=CARTESIAN_POINT('',(0.00454830516496782,-0.0256368067213128,0.00729126386470192));
#6067=CARTESIAN_POINT('',(0.0047518243068839,-0.0247547629221817,0.00706240541492323));
#6068=CARTESIAN_POINT('',(0.00506887009751159,-0.0237131010165727,0.00678514255260823));
#6069=CARTESIAN_POINT('',(0.00558282606402841,-0.022360806164773,0.00644218355998568));
#6070=CARTESIAN_POINT('',(0.00607140243572871,-0.0213858851985355,0.0061990727347803));
#6071=CARTESIAN_POINT('',(0.00644297169681082,-0.0207565480684121,0.00603372264917912));
#6072=CARTESIAN_POINT('',(0.00644297169679837,-0.0207565480684333,0.00603372264918469));
#6073=CARTESIAN_POINT('',(0.0167207847665822,-0.0207565482496566,0.00603372264918466));
#6074=CARTESIAN_POINT('',(-0.00644184427086615,-0.020756547841242,0.00603372264918466));
#6075=CARTESIAN_POINT('',(-0.00644184427086616,-0.0207565478412177,0.00603372264917826));
#6076=CARTESIAN_POINT('',(-0.00607056919063983,-0.0213853867597459,0.00619894183277063));
#6077=CARTESIAN_POINT('',(-0.00558390685275597,-0.0223566349013951,0.00644107859083097));
#6078=CARTESIAN_POINT('',(-0.00507274275226103,-0.0236993008272107,0.00678172673176708));
#6079=CARTESIAN_POINT('',(-0.00475842741221085,-0.0247270259764126,0.00705466502324133));
#6080=CARTESIAN_POINT('',(-0.00455320970556569,-0.025606900799027,0.00728375874027271));
#6081=CARTESIAN_POINT('',(-0.00442825606058755,-0.0262993037413792,0.00754595192149256));
#6082=CARTESIAN_POINT('',(-0.00433113671324676,-0.026954989743401,0.00790132643511472));
#6083=CARTESIAN_POINT('',(-0.00424407698761395,-0.0278170587647034,0.00824883483490091));
#6084=CARTESIAN_POINT('',(-0.00421965744688684,-0.0285285794839776,0.00848193419021234));
#6085=CARTESIAN_POINT('',(-0.00421965748408349,-0.0288911584506322,0.00858430331171055));
#6086=CARTESIAN_POINT('',(-0.0196701800025226,-0.00318027054256878,0.029999999469012));
#6087=CARTESIAN_POINT('',(-0.0182637924354068,-0.00177388375359565,0.00499999946901199));
#6088=CARTESIAN_POINT('',(-0.0184488578820537,-0.00195894909784728,0.0058454168812773));
#6089=CARTESIAN_POINT('',(-0.0186449868574687,-0.0021550779647458,0.00668528110372273));
#6090=CARTESIAN_POINT('',(-0.0188912135106279,-0.00240130448166982,0.00749999946901213));
#6091=CARTESIAN_POINT('',(-0.0182637924354068,-0.00177388375359565,0.00499999946901199));
#6092=CARTESIAN_POINT('',(-0.0188912135106282,-0.0024013044816701,0.00749999946901201));
#6093=CARTESIAN_POINT('',(-0.00954406775652931,0.00694583610073016,0.00749999946901199));
#6094=CARTESIAN_POINT('',(-0.0209878615041086,-0.0044979513150925,0.007499999469012));
#6095=CARTESIAN_POINT('',(-0.0209878615041086,-0.00449795131509251,0.007499999469012));
#6096=CARTESIAN_POINT('',(-0.0212340881572678,-0.00474417783201656,0.00668528110372263));
#6097=CARTESIAN_POINT('',(-0.0214302171326831,-0.00494030669891532,0.00584541688127734));
#6098=CARTESIAN_POINT('',(-0.0216152825793299,-0.00512537204316695,0.00499999946901202));
#6099=CARTESIAN_POINT('',(-0.0216152825793299,-0.00512537204316692,0.00499999946901199));
#6100=CARTESIAN_POINT('',(-0.0196701800025226,-0.00318027054256878,0.00499999946901199));
#6101=CARTESIAN_POINT('',(-0.00654282182505695,-0.00855066533488533,0.00749999946901199));
#6102=CARTESIAN_POINT('',(-0.00341310800105407,-0.00542095324252816,0.00299999946901199));
#6103=CARTESIAN_POINT('',(-0.00654282182505695,-0.00855066533488533,0.00299999946901199));
#6104=CARTESIAN_POINT('',(-0.0105877976262125,-0.0125956388979881,0.00299973796694099));
#6105=CARTESIAN_POINT('',(-0.00654282182505695,-0.00855066533488533,0.00749999946901199));
#6106=CARTESIAN_POINT('',(-0.00654282182505695,-0.00855066533488537,0.00200008261712149));
#6107=CARTESIAN_POINT('',(-0.0121531472478316,-0.0141609876535117,0.0020000826171215));
#6108=CARTESIAN_POINT('',(-0.0122109348538616,-0.0142187752275682,0.00200008261712148));
#6109=CARTESIAN_POINT('',(-0.0122109348538617,-0.0142187752275683,0.00249999946901199));
#6110=CARTESIAN_POINT('',(-0.0122109348538635,-0.0142187752275701,0.00302600765752669));
#6111=CARTESIAN_POINT('',(-0.0109414400491483,-0.0129492811255014,0.0649787134302711));
#6112=CARTESIAN_POINT('',(-0.010941349065403,-0.0129491901415613,0.0030002609721059));
#6113=CARTESIAN_POINT('',(-0.00654949708627538,-0.00855734059241042,0.0029875288204118));
#6114=CARTESIAN_POINT('',(-0.0128961737681321,-0.00219730663321429,0.00749999946901199));
#6115=CARTESIAN_POINT('',(-0.00957082952667811,-0.00552265441211715,0.00299999946901199));
#6116=CARTESIAN_POINT('',(-0.0128961737681321,-0.0021973066332143,0.00299999946901199));
#6117=CARTESIAN_POINT('',(-0.0128961737681321,-0.00219730663321429,0.00749999946901199));
#6118=CARTESIAN_POINT('',(-0.0128961737681321,-0.00219730663321434,0.00200008261712149));
#6119=CARTESIAN_POINT('',(-0.0128961737681321,-0.0021973066332143,0.0020000826171215));
#6120=CARTESIAN_POINT('',(-0.0093940527373554,-0.00534587781084667,0.00399999946901198));
#6121=CARTESIAN_POINT('',(-0.00921727594803268,-0.00516910120957609,0.00499999946901199));
#6122=CARTESIAN_POINT('',(-0.00583571513411346,-0.00855066562074658,0.00499999946901199));
#6123=CARTESIAN_POINT('',(-0.0128961734822706,-0.0014901997617848,0.00499999946901199));
#6124=CARTESIAN_POINT('',(-0.0128961734822706,-0.0014901997617848,0.00499999946901199));
#6125=CARTESIAN_POINT('',(-0.00583571513411346,-0.00855066562074658,0.00499999946901199));
#6126=CARTESIAN_POINT('',(-0.000950000010478803,-0.00199428974717833,0.00394999946901198));
#6127=CARTESIAN_POINT('',(-0.00120000012851814,-0.00868871683948554,0.00289999946901199));
#6128=CARTESIAN_POINT('',(-0.00119999749142471,-0.00868872088020717,0.0029000105448961));
#6129=CARTESIAN_POINT('',(-0.000700000128518144,-0.00868871684830176,0.00499999946901199));
#6130=CARTESIAN_POINT('',(-0.000700000010478802,-0.00199428975158644,0.00499999946901199));
#6131=CARTESIAN_POINT('',(-0.000700000057653422,-0.00466972873747926,0.00499999946901199));
#6132=CARTESIAN_POINT('',(-0.000700000057653422,-0.00466972873747926,0.00499999946901199));
#6133=CARTESIAN_POINT('',(-0.00120000005765342,-0.00466972872866303,0.00289999946901199));
#6134=CARTESIAN_POINT('',(-0.00120000001047881,-0.00199428974277022,0.00289999946901199));
#6135=CARTESIAN_POINT('',(-0.00195000012851814,-0.00868871682626117,0.00394999946901198));
#6136=CARTESIAN_POINT('',(-0.00195000012851814,-0.00868871682626117,0.00289999946901199));
#6137=CARTESIAN_POINT('',(-0.00248033049648628,-0.00921904663007273,0.00289999946901199));
#6138=CARTESIAN_POINT('',(-0.00248033049648628,-0.00921904663007273,0.00289999946901199));
#6139=CARTESIAN_POINT('',(-0.00283388407513171,-0.0095725998326138,0.00499999946901199));
#6140=CARTESIAN_POINT('',(-0.00195000012851814,-0.00868871682626117,0.00499999946901199));
#6141=CARTESIAN_POINT('',(-0.00402534569744993,-0.00802758336419177,0.00394999946901198));
#6142=CARTESIAN_POINT('',(-0.00774931309515314,-0.00395005842634501,0.00289999946901199));
#6143=CARTESIAN_POINT('',(-0.00774931309515314,-0.00395005842634501,0.00289999946901199));
#6144=CARTESIAN_POINT('',(-0.00810286667379856,-0.00430361162888597,0.00499999946901199));
#6145=CARTESIAN_POINT('',(-0.00420212248677263,-0.00820435996546226,0.00499999946901199));
#6146=CARTESIAN_POINT('',(-0.00384856890812721,-0.0078508067629213,0.00289999946901199));
#6147=CARTESIAN_POINT('',(-0.00721898272718501,-0.00341972862253344,0.00394999946901198));
#6148=CARTESIAN_POINT('',(-0.00721898272718501,-0.00341972862253344,0.00289999946901199));
#6149=CARTESIAN_POINT('',(-0.00721898271396065,-0.00266972862253344,0.00289999946901199));
#6150=CARTESIAN_POINT('',(-0.00721898270514441,-0.00216972862253344,0.00499999946901199));
#6151=CARTESIAN_POINT('',(-0.00721898270514441,-0.00216972862253344,0.00499999946901199));
#6152=CARTESIAN_POINT('',(-0.00721898272718501,-0.00341972862253344,0.00499999946901199));
#6153=CARTESIAN_POINT('',(-0.010152745962183,-0.00241972857080391,0.00394999946901198));
#6154=CARTESIAN_POINT('',(-0.00320000001357224,-0.00216972869339806,0.00499999946901199));
#6155=CARTESIAN_POINT('',(-0.00320000001357224,-0.00216972869339806,0.00499999946901199));
#6156=CARTESIAN_POINT('',(-0.00320000002238848,-0.00266972869339807,0.00289999946901199));
#6157=CARTESIAN_POINT('',(-0.0101527459577749,-0.00216972857080391,0.00499999946901199));
#6158=CARTESIAN_POINT('',(-0.0101527459665911,-0.00266972857080393,0.00289999946901199));
#6159=CARTESIAN_POINT('',(-0.00320000005765344,-0.00466972869339806,0.00394999946901198));
#6160=CARTESIAN_POINT('',(-0.00320000005765344,-0.00466972869339808,0.00289999946901199));
#6161=CARTESIAN_POINT('',(-0.00320000005765344,-0.00466972869339806,0.00499999946901199));
#6162=CARTESIAN_POINT('',(0.0106808772347945,-0.00604919217605003,0.00394999946901198));
#6163=CARTESIAN_POINT('',(0.0140614250698436,-0.00973319765038708,0.00499999946901199));
#6164=CARTESIAN_POINT('',(0.0140614250698436,-0.00973319765038708,0.00499999946901199));
#6165=CARTESIAN_POINT('',(0.0137233702863387,-0.00936479710295334,0.00289999946901199));
#6166=CARTESIAN_POINT('',(0.0106808772347945,-0.00604919217605003,0.00289999946901199));
#6167=CARTESIAN_POINT('',(0.0106808771554484,-0.01054919217605,0.00289999946901199));
#6168=CARTESIAN_POINT('',(0.0106808771554484,-0.01054919217605,0.00289999946901199));
#6169=CARTESIAN_POINT('',(0.0106808771466321,-0.01104919217605,0.00499999946901199));
#6170=CARTESIAN_POINT('',(0.0106808772347945,-0.00604919217605003,0.00499999946901199));
#6171=CARTESIAN_POINT('',(0.00624041930990955,-0.0107991920977538,0.00394999946901198));
#6172=CARTESIAN_POINT('',(0.00319999983867707,-0.0105491920441436,0.00289999946901199));
#6173=CARTESIAN_POINT('',(0.00319999983867707,-0.0105491920441436,0.00289999946901199));
#6174=CARTESIAN_POINT('',(0.00319999982986083,-0.0110491920441436,0.00499999946901199));
#6175=CARTESIAN_POINT('',(0.00624041930550142,-0.0110491920977538,0.00499999946901199));
#6176=CARTESIAN_POINT('',(0.00624041931431766,-0.0105491920977538,0.00289999946901199));
#6177=CARTESIAN_POINT('',(0.00319999987394203,-0.00854919204414363,0.00394999946901198));
#6178=CARTESIAN_POINT('',(0.00319999987394203,-0.00854919204414363,0.00289999946901199));
#6179=CARTESIAN_POINT('',(0.00119999987394203,-0.00854919200452748,0.00289946100849692));
#6180=CARTESIAN_POINT('',(0.00107070802981931,-0.00854911563812614,0.00344302522008494));
#6181=CARTESIAN_POINT('',(0.000699999875551538,-0.00854910233589432,0.00499999946901199));
#6182=CARTESIAN_POINT('',(0.00319999987394203,-0.00854919204414363,0.00499999946901199));
#6183=CARTESIAN_POINT('',(0.000950503493838373,0.00586913537976638,0.00395005724345552));
#6184=CARTESIAN_POINT('',(0.00120000012817566,0.00586929322449147,0.00290217140370232));
#6185=CARTESIAN_POINT('',(0.00119999994234658,-0.0046697287759458,0.00289979937194317));
#6186=CARTESIAN_POINT('',(0.00120018710555447,-0.00466972877172667,0.00289979776419441));
#6187=CARTESIAN_POINT('',(0.00103350089374489,-0.00466972876878755,0.00359987985334437));
#6188=CARTESIAN_POINT('',(0.000866814681935315,-0.00466972876584843,0.00429996194249433));
#6189=CARTESIAN_POINT('',(0.000700128470125736,-0.00466972876290932,0.00500004403164429));
#6190=CARTESIAN_POINT('',(0.000699941307070073,-0.00466972875807056,0.00499999946901197));
#6191=CARTESIAN_POINT('',(0.000700213757894453,-0.00258860415372628,0.00499999946901199));
#6192=CARTESIAN_POINT('',(0.00319999994234659,-0.00466972880624593,0.00394999946901198));
#6193=CARTESIAN_POINT('',(0.00319999994234659,-0.00466972880624593,0.00289999946901199));
#6194=CARTESIAN_POINT('',(0.00319999997761154,-0.00266972880624593,0.00289999946901199));
#6195=CARTESIAN_POINT('',(0.00319999997761154,-0.00266972880624593,0.00289999946901199));
#6196=CARTESIAN_POINT('',(0.00319999998642778,-0.00216972880624593,0.00499999946901199));
#6197=CARTESIAN_POINT('',(0.00319999994234658,-0.00466972880624593,0.00499999946901199));
#6198=CARTESIAN_POINT('',(-0.010152745962183,-0.00241972857080391,0.00394999946901198));
#6199=CARTESIAN_POINT('',(0.0145140089577321,-0.00216972900573995,0.00499999946901199));
#6200=CARTESIAN_POINT('',(0.0145140089577321,-0.00216972900573995,0.00499999946901199));
#6201=CARTESIAN_POINT('',(0.0145140089489159,-0.00266972900573995,0.00289999946901199));
#6202=CARTESIAN_POINT('',(-0.0101527459577749,-0.00216972857080391,0.00499999946901199));
#6203=CARTESIAN_POINT('',(-0.0101527459665911,-0.00266972857080393,0.00289999946901199));
#6204=CARTESIAN_POINT('',(0.0145140089136509,-0.00466972900573995,0.00394999946901198));
#6205=CARTESIAN_POINT('',(0.0145140089136509,-0.00466972900573995,0.00289999946901199));
#6206=CARTESIAN_POINT('',(0.01634997888887,-0.00387649874276834,0.00289999946901199));
#6207=CARTESIAN_POINT('',(0.0168089713826749,-0.00367819117702553,0.00499999946901199));
#6208=CARTESIAN_POINT('',(0.0168089713826748,-0.00367819117702553,0.00499999946901199));
#6209=CARTESIAN_POINT('',(0.0145140089136509,-0.00466972900573995,0.00499999946901199));
#6210=CARTESIAN_POINT('',(0.0219205640530406,-0.00146972913633586,0.00394999946901198));
#6211=CARTESIAN_POINT('',(0.0170031897143065,-0.00408222101683277,0.00499999946901199));
#6212=CARTESIAN_POINT('',(0.0170031897143065,-0.00408222101683277,0.00499999946901199));
#6213=CARTESIAN_POINT('',(0.0165616369427422,-0.0043168082072844,0.00289999946901199));
#6214=CARTESIAN_POINT('',(0.0219205640530406,-0.00146972913633586,0.00499999946901199));
#6215=CARTESIAN_POINT('',(0.0219205640530406,-0.00146972913633586,0.00289999946901199));
#6216=CARTESIAN_POINT('',(0.0143538730849212,-0.00548974415954236,0.00394999946901198));
#6217=CARTESIAN_POINT('',(0.0143538730849212,-0.00548974415954236,0.00289999946901199));
#6218=CARTESIAN_POINT('',(0.0159574214151473,-0.0074077203722804,0.00289999946901199));
#6219=CARTESIAN_POINT('',(0.0162781310811925,-0.0077913156148281,0.00499999946901199));
#6220=CARTESIAN_POINT('',(0.0162781310811925,-0.0077913156148281,0.00499999946901199));
#6221=CARTESIAN_POINT('',(0.0143538730849212,-0.00548974415954236,0.00499999946901199));
#6222=CARTESIAN_POINT('',(0.0572648264017715,-0.0568147876124133,0.00394999946901198));
#6223=CARTESIAN_POINT('',(0.0572648264017715,-0.0568147876124133,0.00499999946901199));
#6224=CARTESIAN_POINT('',(0.0572648264017715,-0.0568147876124133,0.00289999946901199));
#6225=CARTESIAN_POINT('',(-0.0135088516491549,0.0108372706949135,0.00394999946901198));
#6226=CARTESIAN_POINT('',(-0.0135088516866992,0.00870797884941456,0.00445697371794019));
#6227=CARTESIAN_POINT('',(-0.0135088516844202,0.00883727069491354,0.00499999946901199));
#6228=CARTESIAN_POINT('',(-0.0135088516932365,0.00833727069491355,0.00289999946901199));
#6229=CARTESIAN_POINT('',(-0.0135088516491549,0.0108372706949135,0.00289999946901199));
#6230=CARTESIAN_POINT('',(-0.0116562745282582,0.0091592158764116,0.00289999946898244));
#6231=CARTESIAN_POINT('',(-0.0116559813303748,0.00915895027064494,0.00290009366305862));
#6232=CARTESIAN_POINT('',(-0.0117795071246292,0.00927083930466943,0.00360009366310049));
#6233=CARTESIAN_POINT('',(-0.0119030329192444,0.00938272833829547,0.00430009366314236));
#6234=CARTESIAN_POINT('',(-0.0120265587142206,0.00949461737152307,0.00500009366318423));
#6235=CARTESIAN_POINT('',(-0.0120268519284419,0.00949488295966995,0.00499999946901185));
#6236=CARTESIAN_POINT('',(-0.0135088516491549,0.0108372706949135,0.00499999946901199));
#6237=CARTESIAN_POINT('',(-8.8196926305355E-44,-0.0014,0.00499999946901199));
#6238=CARTESIAN_POINT('',(-0.00298425190175683,0.0140425878975112,0.00290004685140547));
#6239=CARTESIAN_POINT('',(-0.00301588498242164,0.0142062194486198,0.00360002363355275));
#6240=CARTESIAN_POINT('',(-0.00304751841801719,0.0143698509311261,0.00430000041570003));
#6241=CARTESIAN_POINT('',(-0.00307915220854327,0.014533482345029,0.00499997719784732));
#6242=CARTESIAN_POINT('',(-0.00307913592964023,0.0145333981259759,0.00499999762116184));
#6243=CARTESIAN_POINT('',(-0.00298423843630702,0.0140425183144336,0.0029000637261657));
#6244=CARTESIAN_POINT('',(0.,-0.0014,0.00499999946901199));
#6245=CARTESIAN_POINT('',(-1.4111509621983E-44,-0.0014,0.00289999950906798));
#6246=CARTESIAN_POINT('',(-0.00269995024394747,0.0125696344879878,0.00395020740989167));
#6247=CARTESIAN_POINT('',(-0.0029842271443456,0.0140424599326344,0.00290024681486617));
#6248=CARTESIAN_POINT('',(-0.00254786517399018,0.0141266695208585,0.00290018632358341));
#6249=CARTESIAN_POINT('',(-0.00161743780531887,0.0138834592537011,0.0029000573395477));
#6250=CARTESIAN_POINT('',(-0.00119999942702187,0.0130140465127016,0.00289999946896778));
#6251=CARTESIAN_POINT('',(-0.00119999975368113,0.012569633385436,0.00289999946901198));
#6252=CARTESIAN_POINT('',(-0.00119999975368093,0.012569633923488,0.00289999946901199));
#6253=CARTESIAN_POINT('',(-0.00104383155744491,0.0125696344587863,0.00355590589320239));
#6254=CARTESIAN_POINT('',(-0.000699999753680724,0.0125696344527237,0.00499999946901199));
#6255=CARTESIAN_POINT('',(-0.00269995024394747,0.0125696344879878,0.00499999946901199));
#6256=CARTESIAN_POINT('',(-0.000950000010478803,-0.00199428974717833,0.00394999946901198));
#6257=CARTESIAN_POINT('',(-0.00119993816295157,0.00173019953800191,0.00290025895280408));
#6258=CARTESIAN_POINT('',(-0.00103329008262587,0.00173019355811882,0.00360018089017245));
#6259=CARTESIAN_POINT('',(-0.000866642002300173,0.00173018757823574,0.00430010282754081));
#6260=CARTESIAN_POINT('',(-0.000699993921974477,0.00173018159835265,0.00500002476490918));
#6261=CARTESIAN_POINT('',(-0.00119988504117298,0.00173021357599394,0.00290024630488149));
#6262=CARTESIAN_POINT('',(-0.000699887679206142,0.00173018159835077,0.00499999946901199));
#6263=CARTESIAN_POINT('',(-0.000700000020957604,-0.00258857951551555,0.00499999946901199));
#6264=CARTESIAN_POINT('',(-0.00120000001047881,-0.00199428974277022,0.00289999946901199));
#6265=CARTESIAN_POINT('',(-0.00319988767759666,0.00173027130659996,0.00394999946901198));
#6266=CARTESIAN_POINT('',(-0.00319988767759666,0.00173027130659996,0.00289999946901199));
#6267=CARTESIAN_POINT('',(-0.00319988771286161,-0.000269728693400044,0.00289999946901199));
#6268=CARTESIAN_POINT('',(-0.00319988771286161,-0.000269728693400044,0.00289999946901199));
#6269=CARTESIAN_POINT('',(-0.00319988772167785,-0.000769728693400045,0.00499999946901199));
#6270=CARTESIAN_POINT('',(-0.00319988767759666,0.00173027130659996,0.00499999946901199));
#6271=CARTESIAN_POINT('',(-0.0101527459286813,-0.000519728570803917,0.00394999946901198));
#6272=CARTESIAN_POINT('',(-0.0101527459242732,-0.00026972857080393,0.00289999946901199));
#6273=CARTESIAN_POINT('',(-0.0138824210701065,-0.000269728505040508,0.00289999946901199));
#6274=CARTESIAN_POINT('',(-0.0138824210701065,-0.000269728505040508,0.00289999946901199));
#6275=CARTESIAN_POINT('',(-0.0138824210789227,-0.000769728505040508,0.00499999946901199));
#6276=CARTESIAN_POINT('',(-0.0101527459330894,-0.000769728570803917,0.00499999946901199));
#6277=CARTESIAN_POINT('',(-0.0138824210172091,0.0027302714949595,0.00394999946901198));
#6278=CARTESIAN_POINT('',(-0.0138824210172091,0.0027302714949595,0.00289999946901199));
#6279=CARTESIAN_POINT('',(-0.0165412558374448,0.00134081210415235,0.00289999946901199));
#6280=CARTESIAN_POINT('',(-0.0165412558374448,0.00134081210415235,0.00289999946901199));
#6281=CARTESIAN_POINT('',(-0.0169843949741508,0.00110923553901799,0.00499999946901199));
#6282=CARTESIAN_POINT('',(-0.0138824210172091,0.0027302714949595,0.00499999946901199));
#6283=CARTESIAN_POINT('',(-0.00323633135466199,-0.00559772998672936,0.00399999946901199));
#6284=CARTESIAN_POINT('',(-0.0105878406442723,-0.0125955949036276,0.00299975336072178));
#6285=CARTESIAN_POINT('',(-0.0104699750144046,-0.012713460538303,0.00366650206350609));
#6286=CARTESIAN_POINT('',(-0.0103521093845369,-0.0128313261729784,0.00433325076629041));
#6287=CARTESIAN_POINT('',(-0.0102342437546692,-0.0129491918076538,0.00499999946907472));
#6288=CARTESIAN_POINT('',(-0.0102342433701449,-0.0129491918073619,0.00499999946902768));
#6289=CARTESIAN_POINT('',(-0.00305955470827001,-0.00577450673093057,0.00499999946901199));
#6290=CARTESIAN_POINT('',(-0.0105877964549819,-0.0129491910195623,0.0040002598857717));
#6291=CARTESIAN_POINT('',(-0.0109413925564338,-0.0129491466358246,0.00300027634710299));
#6292=CARTESIAN_POINT('',(-0.0108234694453054,-0.0130670699385595,0.00366752445884969));
#6293=CARTESIAN_POINT('',(-0.010705546334177,-0.0131849932412945,0.0043347725705964));
#6294=CARTESIAN_POINT('',(-0.0105876232230487,-0.0133029165440294,0.0050020206823431));
#6295=CARTESIAN_POINT('',(-0.0105876118510615,-0.0133029279160351,0.00500208502882218));
#6296=CARTESIAN_POINT('',(0.000375147421199243,-0.0129491919943346,0.034999999469012));
#6297=CARTESIAN_POINT('',(-0.0122629758406064,-0.0142665758315128,0.00301598528617988));
#6298=CARTESIAN_POINT('',(-0.0118233931820638,-0.0138269919590727,0.00299729162338861));
#6299=CARTESIAN_POINT('',(-0.0113834316945094,-0.0133870298966511,0.0029879562662971));
#6300=CARTESIAN_POINT('',(-0.0109434705066116,-0.0129470687748009,0.002987986390979));
#6301=CARTESIAN_POINT('',(-0.0122621832316595,-0.0142671966743399,0.00302001790387859));
#6302=CARTESIAN_POINT('',(-0.0118226291800185,-0.0138276418944906,0.00300131544432081));
#6303=CARTESIAN_POINT('',(-0.0113826961796973,-0.0133877085920512,0.00299197065956287));
#6304=CARTESIAN_POINT('',(-0.0109427633722501,-0.0129477759097623,0.00299199075032333));
#6305=CARTESIAN_POINT('',(-0.0122613906227127,-0.0142678175171671,0.00302405052157729));
#6306=CARTESIAN_POINT('',(-0.0118218651779732,-0.0138282918299086,0.003005339265253));
#6307=CARTESIAN_POINT('',(-0.0113819606648851,-0.0133883872874512,0.00299598505282863));
#6308=CARTESIAN_POINT('',(-0.0109420562378885,-0.0129484830447238,0.00299599510966766));
#6309=CARTESIAN_POINT('',(-0.0122605980137659,-0.0142684383599943,0.003028083139276));
#6310=CARTESIAN_POINT('',(-0.0118211011759279,-0.0138289417653265,0.00300936308618519));
#6311=CARTESIAN_POINT('',(-0.0113812251500729,-0.0133890659828513,0.0029999994460944));
#6312=CARTESIAN_POINT('',(-0.0109413491035269,-0.0129491901796852,0.002999999469012));
#6313=CARTESIAN_POINT('',(-0.012128502877709,-0.0143719071866473,0.0037001537558197));
#6314=CARTESIAN_POINT('',(-0.0116937736274276,-0.0139372591238445,0.00367996764550809));
#6315=CARTESIAN_POINT('',(-0.0112586452453506,-0.0135021764411313,0.0036690328032694));
#6316=CARTESIAN_POINT('',(-0.010823499046353,-0.0130670403368344,0.00366736058639959));
#6317=CARTESIAN_POINT('',(-0.0119964077416521,-0.0144753760133003,0.00437222437236348));
#6318=CARTESIAN_POINT('',(-0.0115664460789272,-0.0140455764823625,0.00435057220483101));
#6319=CARTESIAN_POINT('',(-0.0111360653406285,-0.0136152868994113,0.0043380661604444));
#6320=CARTESIAN_POINT('',(-0.0107056489891791,-0.0131848904939836,0.00433472170378719));
#6321=CARTESIAN_POINT('',(-0.0118643126055952,-0.0145788448399533,0.00504429498890719));
#6322=CARTESIAN_POINT('',(-0.0114391185304269,-0.0141538938408806,0.00502117676415388));
#6323=CARTESIAN_POINT('',(-0.0110134854359063,-0.0137283973576913,0.00500709951761948));
#6324=CARTESIAN_POINT('',(-0.0105877989320052,-0.0133027406511328,0.00500208282117479));
#6325=CARTESIAN_POINT('',(1.66346072549442,2.70811162802272,0.201989262538578));
#6326=CARTESIAN_POINT('',(-0.0118643126099033,-0.0145788448354839,0.00504429496385912));
#6327=CARTESIAN_POINT('',(-0.0105877806561075,-0.0125962570949798,0.0649711759554306));
#6328=CARTESIAN_POINT('',(-0.0135088516491549,0.0108372706949135,0.00249999946901199));
#6329=CARTESIAN_POINT('',(-0.0135088516932365,0.00833727069491355,0.00249999946901199));
#6330=CARTESIAN_POINT('',(-0.0116559646798838,0.00915893524599239,-1.51738201927567E-17));
#6331=CARTESIAN_POINT('',(-0.0116559646798838,0.00915893524599239,0.000966666489650953));
#6332=CARTESIAN_POINT('',(-0.0116559646798838,0.00915893524599239,0.00193333297930192));
#6333=CARTESIAN_POINT('',(-0.0116559646798838,0.00915893524599239,0.00289999946895289));
#6334=CARTESIAN_POINT('',(-0.0138824210172091,0.0027302714949595,0.00249999946901199));
#6335=CARTESIAN_POINT('',(-0.0138824210701065,-0.000269728505040508,0.00249999946901199));
#6336=CARTESIAN_POINT('',(-0.0165412558374448,0.00134081210415235,0.00249999946901199));
#6337=CARTESIAN_POINT('',(0.00319999983867707,-0.0105491920441436,0.00249999946901199));
#6338=CARTESIAN_POINT('',(0.0106808771554484,-0.01054919217605,0.00249999946901199));
#6339=CARTESIAN_POINT('',(0.00319999983867707,-0.0105491920441436,0.00374999946901199));
#6340=CARTESIAN_POINT('',(0.0106808772347945,-0.00604919217605003,0.00249999946901199));
#6341=CARTESIAN_POINT('',(0.0137233702863387,-0.00936479710295334,0.00249999946901199));
#6342=CARTESIAN_POINT('',(0.0572648264017715,-0.0568147876124133,0.00249999946901199));
#6343=CARTESIAN_POINT('',(0.0159574214151473,-0.00740772037228038,0.00249999946901199));
#6344=CARTESIAN_POINT('',(0.0143538730849212,-0.00548974415954236,0.00249999946901199));
#6345=CARTESIAN_POINT('',(0.0165616369427422,-0.0043168082072844,0.00249999946901199));
#6346=CARTESIAN_POINT('',(0.0219205640530406,-0.00146972913633586,0.00249999946901199));
#6347=CARTESIAN_POINT('',(0.01634997888887,-0.00387649874276834,0.00249999946901199));
#6348=CARTESIAN_POINT('',(0.0145140089136509,-0.00466972900573995,0.00249999946901199));
#6349=CARTESIAN_POINT('',(0.0145140089489159,-0.00266972900573995,0.00249999946901199));
#6350=CARTESIAN_POINT('',(0.0145140089489159,-0.00266972900573995,0.00249999946901199));
#6351=CARTESIAN_POINT('',(0.00319999997761154,-0.00266972880624593,0.00249999946901199));
#6352=CARTESIAN_POINT('',(0.00319999994234659,-0.00466972880624593,0.00249999946901199));
#6353=CARTESIAN_POINT('',(0.00119999994234658,-0.00466972877098098,0.00249999946901199));
#6354=CARTESIAN_POINT('',(0.00119999994234658,-0.00466972877098098,0.00249999946901199));
#6355=CARTESIAN_POINT('',(0.00119999987394203,-0.00854919200887867,0.00249999946901199));
#6356=CARTESIAN_POINT('',(0.00319999987394203,-0.00854919204414363,0.00249999946901199));
#6357=CARTESIAN_POINT('',(-0.00119999994080729,0.00195702811055398,0.0014666443090091));
#6358=CARTESIAN_POINT('',(-0.00120000005765343,-0.00466972872866302,0.00249999946901199));
#6359=CARTESIAN_POINT('',(-0.00120000012851814,-0.00868871683948552,0.00249999946901199));
#6360=CARTESIAN_POINT('',(-0.00320000005765344,-0.00466972869339806,0.00249999946901199));
#6361=CARTESIAN_POINT('',(-0.00320000002238848,-0.00266972869339806,0.00249999946901199));
#6362=CARTESIAN_POINT('',(0.0145140089489159,-0.00266972900573995,0.00249999946901199));
#6363=CARTESIAN_POINT('',(-0.00721898271396065,-0.00266972862253344,0.00249999946901199));
#6364=CARTESIAN_POINT('',(-0.00721898272718501,-0.00341972862253344,0.00249999946901199));
#6365=CARTESIAN_POINT('',(-0.00774931309515314,-0.003950058426345,0.00249999946901199));
#6366=CARTESIAN_POINT('',(-0.00774931309515314,-0.003950058426345,0.00249999946901199));
#6367=CARTESIAN_POINT('',(-0.00248033049648628,-0.00921904663007271,0.00249999946901199));
#6368=CARTESIAN_POINT('',(-0.00195000012851814,-0.00868871682626117,0.00249999946901199));
#6369=CARTESIAN_POINT('',(0.,-0.0014,0.00249999946901199));
#6370=CARTESIAN_POINT('',(0.00298519836368351,0.0140423934847178,0.00289981276435094));
#6371=CARTESIAN_POINT('',(0.00298519836368351,0.0140423934847178,0.00193320850956729));
#6372=CARTESIAN_POINT('',(0.00298519836368351,0.0140423934847178,0.00096660425478364));
#6373=CARTESIAN_POINT('',(0.00298519836368351,0.0140423934847178,-1.00113995593684E-17));
#6374=CARTESIAN_POINT('',(0.00270000024631971,0.0125696587428253,0.00249999946901199));
#6375=CARTESIAN_POINT('',(0.0012000002463197,0.012569658769274,0.00249999946901199));
#6376=CARTESIAN_POINT('',(0.00119999994234658,-0.00466972877098098,0.00249999946901199));
#6377=CARTESIAN_POINT('',(0.00120000005519571,0.00173034296035302,0.00289999946901199));
#6378=CARTESIAN_POINT('',(0.00120000005519571,0.00173034296035302,0.00193333297934132));
#6379=CARTESIAN_POINT('',(0.00120000005519571,0.00173034296035302,0.000966666489670656));
#6380=CARTESIAN_POINT('',(0.00120000005519571,0.00173034296035302,-1.04083408558608E-17));
#6381=CARTESIAN_POINT('',(0.00320011232651974,0.0017302711937521,0.00249999946901199));
#6382=CARTESIAN_POINT('',(0.00320011229125479,-0.0002697288062479,0.00249999946901199));
#6383=CARTESIAN_POINT('',(-0.0138824210701065,-0.000269728505040508,0.00249999946901199));
#6384=CARTESIAN_POINT('',(-0.0138824210701065,-0.000269728505040508,0.00249999946901199));
#6385=CARTESIAN_POINT('',(-0.00319988771286161,-0.000269728693400044,0.00249999946901199));
#6386=CARTESIAN_POINT('',(-0.00319988767759666,0.00173027130659996,0.00249999946901199));
#6387=CARTESIAN_POINT('',(-0.00119999994480596,0.00173024972079298,-4.33680868994202E-19));
#6388=CARTESIAN_POINT('',(-0.00119999994480596,0.00173024972079298,0.000966748768293833));
#6389=CARTESIAN_POINT('',(-0.00119999994480596,0.00173024972079298,0.00193349753658767));
#6390=CARTESIAN_POINT('',(-0.00119999994480596,0.00173024972079298,0.0029002463048815));
#6391=CARTESIAN_POINT('',(-0.00119999994080729,0.00195702811055398,0.0014666443090091));
#6392=CARTESIAN_POINT('',(-0.00119999975368073,0.01256963446154,0.00249999946901199));
#6393=CARTESIAN_POINT('',(-0.00269999975368073,0.0125696344879887,0.00249999946901199));
#6394=CARTESIAN_POINT('',(-0.00298422716600115,0.0140424599284553,0.00289986707364379));
#6395=CARTESIAN_POINT('',(-0.00298422716600115,0.0140424599284553,0.00193324471576252));
#6396=CARTESIAN_POINT('',(-0.00298422716600115,0.0140424599284553,0.000966622357881253));
#6397=CARTESIAN_POINT('',(-0.00298422716600115,0.0140424599284553,-1.51805697158439E-17));
#6398=CARTESIAN_POINT('',(0.,-0.0014,0.00249999946901199));
#6399=CARTESIAN_POINT('',(-0.0219194359469596,-0.001469728363328,0.00249999946901199));
#6400=CARTESIAN_POINT('',(-0.0219194359469596,-0.00146972836332801,0.00289999946901199));
#6401=CARTESIAN_POINT('',(-0.0217336375895296,0.00459570138148579,0.00289999173961839));
#6402=CARTESIAN_POINT('',(-0.0217336375903817,0.00459570138075591,0.0690398781874137));
#6403=CARTESIAN_POINT('',(-0.0135088516932365,0.00833727069491355,0.00249999946901199));
#6404=CARTESIAN_POINT('',(0.00618282213906241,0.00833727034769653,0.00289999946900229));
#6405=CARTESIAN_POINT('',(-0.0221877105708579,0.00833727084794435,0.00289999946901199));
#6406=CARTESIAN_POINT('',(-0.0221877105708579,0.00833727084794435,0.00249999946901199));
#6407=CARTESIAN_POINT('',(0.00618282214347223,0.00858727034769854,0.00394999946901198));
#6408=CARTESIAN_POINT('',(0.00618282214788025,0.00883727034769854,0.00499999946901199));
#6409=CARTESIAN_POINT('',(-0.0221877105620415,0.00883727084794434,0.00499999946901199));
#6410=CARTESIAN_POINT('',(-0.0221877105676326,0.00852021076210033,0.00366834710849879));
#6411=CARTESIAN_POINT('',(-0.0219194359469596,-0.00146972836332801,0.00394999946901198));
#6412=CARTESIAN_POINT('',(-0.0219194359469596,-0.00146972836332801,0.00499999946901199));
#6413=CARTESIAN_POINT('',(-0.0217489466221804,0.00409593454224178,0.00499999960718317));
#6414=CARTESIAN_POINT('',(-0.0217336375903445,0.00459570138075491,0.00289999946901199));
#6415=CARTESIAN_POINT('',(-0.018489889605236,-0.00779101937536163,0.007499999469012));
#6416=CARTESIAN_POINT('',(-0.018489889605236,-0.00779101937536163,0.00200008261712149));
#6417=CARTESIAN_POINT('',(-0.0188488608919169,-0.00814999046329865,0.00200008261712148));
#6418=CARTESIAN_POINT('',(-0.0125633186735158,-0.00186445172276415,0.00299999946901199));
#6419=CARTESIAN_POINT('',(-0.0188488691720828,-0.00814999874346002,0.00299999946937409));
#6420=CARTESIAN_POINT('',(-0.0188488691720899,-0.00814999874333902,0.0029999994690115));
#6421=CARTESIAN_POINT('',(-0.0127400953199078,-0.00168767497856294,0.003999999469012));
#6422=CARTESIAN_POINT('',(-0.0129168719662999,-0.00151089823436172,0.00499999946901199));
#6423=CARTESIAN_POINT('',(-0.0192454955369209,-0.00783951830340761,0.00499999946901199));
#6424=CARTESIAN_POINT('',(-0.0572638719901334,-0.0568150535415427,-0.0259915937187921));
#6425=CARTESIAN_POINT('',(-0.0572638719901334,-0.0568150535415427,0.002499999469012));
#6426=CARTESIAN_POINT('',(-0.0572638719901334,-0.0568150535415427,0.00200008261712148));
#6427=CARTESIAN_POINT('',(-0.0572638719901334,-0.0568150535415427,0.004999999469012));
#6428=CARTESIAN_POINT('',(-0.0238067112134011,-0.00461622507388899,0.00499993582398881));
#6429=CARTESIAN_POINT('',(-0.0238072822869145,-0.00461681022406641,0.00499999946901199));
#6430=CARTESIAN_POINT('',(-0.0238072857997795,-0.00461680797243325,0.00499220690890589));
#6431=CARTESIAN_POINT('',(-0.0238072225737906,-0.00461684849738506,0.00249999946901199));
#6432=CARTESIAN_POINT('',(-0.0128961743398546,-0.00361152037607348,0.0020000826171215));
#6433=CARTESIAN_POINT('',(-0.0202196574840834,-0.028891156809207,0.0020000826171215));
#6434=CARTESIAN_POINT('',(-0.00895067843661182,-0.0175328950043512,0.00200008261712149));
#6435=CARTESIAN_POINT('',(0.125924914537812,0.118411300972519,0.00200008261712148));
#6436=CARTESIAN_POINT('',(-0.0238070508310889,-0.00461658054883378,0.00499999946901199));
#6437=CARTESIAN_POINT('',(-0.0238065752848216,-0.00461610866095078,0.0049967530665852));
#6438=CARTESIAN_POINT('',(-0.0238072225737903,-0.00461684849738526,0.00249999946901199));
#6439=CARTESIAN_POINT('',(-0.0239396040205017,-0.00453199807679887,0.00499920831730367));
#6440=CARTESIAN_POINT('',(-0.0239396040205017,-0.00453199807679887,0.00333280554486911));
#6441=CARTESIAN_POINT('',(-0.0239396040205017,-0.00453199807679887,0.00166640277243455));
#6442=CARTESIAN_POINT('',(-0.0239396040205017,-0.00453199807679887,-9.54097911787244E-18));
#6443=CARTESIAN_POINT('',(-0.0239394253893151,-0.00453192422960491,0.00499920831730367));
#6444=CARTESIAN_POINT('',(-0.0238988799414247,-0.0045581003390429,0.00426223697348368));
#6445=CARTESIAN_POINT('',(-0.0241614730555679,0.00940627148154666,0.00149999946901199));
#6446=CARTESIAN_POINT('',(-0.0241614730555679,0.00940627148154666,0.00149999946901199));
#6447=CARTESIAN_POINT('',(-0.025587710552009,0.00940627150669476,0.00149999946901199));
#6448=CARTESIAN_POINT('',(-0.0241614730304198,0.0108325089779877,0.00149999946901199));
#6449=CARTESIAN_POINT('',(-0.0241614730304198,0.0108325089779877,0.00149999946901199));
#6450=CARTESIAN_POINT('',(-0.025587710552009,0.00940627150669476,0.00149999946901199));
#6451=CARTESIAN_POINT('',(-0.0241614730555679,0.00940627148154666,0.00324999946901199));
#6452=CARTESIAN_POINT('',(-0.0241614730304198,0.0108325089779877,0.00149999946901199));
#6453=CARTESIAN_POINT('',(-0.0241614730392361,0.0103325089779877,0.00499999946901199));
#6454=CARTESIAN_POINT('',(-0.025587710552009,0.00940627150669476,0.00149999946901199));
#6455=CARTESIAN_POINT('',(-0.0250877105520089,0.00940627149787854,0.00499999946901199));
#6456=CARTESIAN_POINT('',(-0.0241614730555679,0.00940627148154666,0.00499999946901199));
#6457=CARTESIAN_POINT('',(-0.0216877505127081,0.00609499812301093,0.00394997992933041));
#6458=CARTESIAN_POINT('',(-0.0217336375876163,0.00459570138218316,0.00289997480630888));
#6459=CARTESIAN_POINT('',(-0.0221218851201634,0.00460759431512633,0.00289993142869687));
#6460=CARTESIAN_POINT('',(-0.0228734890384559,0.00494360621788003,0.00289984745216673));
#6461=CARTESIAN_POINT('',(-0.0231877175750937,0.00570659537162378,0.00289981234039377));
#6462=CARTESIAN_POINT('',(-0.0231877106101538,0.00609502501810979,0.00289981233961465));
#6463=CARTESIAN_POINT('',(-0.0231877109434314,0.0060950250172567,0.00289981513985392));
#6464=CARTESIAN_POINT('',(-0.0233438686535062,0.00609505754848227,0.00355567612516018));
#6465=CARTESIAN_POINT('',(-0.0236877551637142,0.00609506988826504,0.00499999946896369));
#6466=CARTESIAN_POINT('',(-0.0216877505127081,0.00609499812301093,0.00499999946901199));
#6467=CARTESIAN_POINT('',(-0.0234377316825304,0.00671613451121131,0.0039499944492293));
#6468=CARTESIAN_POINT('',(-0.0233706505018922,0.00733731329573149,0.00366834710849699));
#6469=CARTESIAN_POINT('',(-0.0231877105881686,0.00733728879841082,0.00289999946766128));
#6470=CARTESIAN_POINT('',(-0.0236877105875499,0.00733732198296906,0.00499999946891419));
#6471=CARTESIAN_POINT('',(-0.0236880667312016,-0.00258772902174717,0.00499999946901199));
#6472=CARTESIAN_POINT('',(-0.0231877105994399,0.00671629268772982,0.0028999059247646));
#6473=CARTESIAN_POINT('',(-0.0221877105884905,0.00733727084794435,0.00394999946901198));
#6474=CARTESIAN_POINT('',(-0.0221877105884905,0.00733727084794435,0.00289999946901199));
#6475=CARTESIAN_POINT('',(-0.0221877105884905,0.00733727084794435,0.00499999946901199));
#6476=CARTESIAN_POINT('',(-0.0253377107536438,-0.00202915369207346,0.00324999946901199));
#6477=CARTESIAN_POINT('',(-0.0250877107111798,0.000379129393069514,0.00499999946901197));
#6478=CARTESIAN_POINT('',(-0.0253067339054116,0.000612184926518306,0.00346683708062408));
#6479=CARTESIAN_POINT('',(-0.0255877107019584,0.000902103212136759,0.00149999946901212));
#6480=CARTESIAN_POINT('',(-0.0250877107111798,0.00037912939306954,0.00499999946901199));
#6481=CARTESIAN_POINT('',(-0.0255877107019585,0.000902103212136755,0.00149999946901198));
#6482=CARTESIAN_POINT('',(-0.0250877107536439,-0.00202915369648157,0.00499999946901199));
#6483=CARTESIAN_POINT('',(-0.02558771065536,0.00354486829921176,0.00149999946901198));
#6484=CARTESIAN_POINT('',(-0.0219194359469596,-0.00146972836332801,0.00624999946901199));
#6485=CARTESIAN_POINT('',(-0.0219194359469596,-0.00146972836332801,0.00499999946901199));
#6486=CARTESIAN_POINT('',(-0.0255877107019586,0.000902103212136827,0.00149999946901202));
#6487=CARTESIAN_POINT('',(-0.0255877107246905,-0.000387108244862171,0.00499999946901197));
#6488=CARTESIAN_POINT('',(-0.0255877107437798,-0.00146972829864724,0.00499999946901198));
#6489=CARTESIAN_POINT('',(-0.0255877107437798,-0.00146972829864722,0.00499999946901199));
#6490=CARTESIAN_POINT('',(-0.0219194359469596,-0.00146972836332801,0.00499999946901199));
#6491=CARTESIAN_POINT('',(-0.0219194359469596,-0.00146972836332801,0.00499999946901199));
#6492=CARTESIAN_POINT('',(-0.0219194359469596,-0.00146972836332801,0.007499999469012));
#6493=CARTESIAN_POINT('',(-0.0221877105884905,0.00733727084794435,0.00249999946901199));
#6494=CARTESIAN_POINT('',(-0.0231877105884906,0.00733727086557682,0.00249999946901199));
#6495=CARTESIAN_POINT('',(-0.0216877106103949,0.0060949981215791,0.00249999946901199));
#6496=CARTESIAN_POINT('',(-0.0231877106103949,0.00609499814802782,0.00249999946901199));
#6497=CARTESIAN_POINT('',(-0.0219194359469596,-0.001469728363328,0.00249999946901199));
#6498=CARTESIAN_POINT('',(-0.0255877107437798,-0.00146972829864722,0.00249999946901199));
#6499=CARTESIAN_POINT('',(-0.0255877107437798,-0.00146972829864722,0.00249999946901199));
#6500=CARTESIAN_POINT('',(-0.0231877105884906,0.00733727086557682,0.00249999946901199));
#6501=CARTESIAN_POINT('',(-9.65740342460421E-6,-0.00258857952768801,0.00749999946901199));
#6502=CARTESIAN_POINT('',(-0.0219194359469596,-0.00146972836332801,0.007499999469012));
#6503=CARTESIAN_POINT('',(-0.0235194359469596,-0.00146972833511604,0.007499999469012));
#6504=CARTESIAN_POINT('',(0.0572649981444636,-0.0568150555609708,0.00249999946901199));
#6505=CARTESIAN_POINT('',(0.0572649981444636,-0.0568150555609708,0.00499999946901199));
#6506=CARTESIAN_POINT('',(0.0124614125889544,-0.0139588086499149,0.00499999946901199));
#6507=CARTESIAN_POINT('',(0.0238087686190461,-0.00461658138841869,0.00499999946901199));
#6508=CARTESIAN_POINT('',(0.0124615243523348,-0.0139589155556223,0.00499999946901199));
#6509=CARTESIAN_POINT('',(0.0124615243523348,-0.0139589155556223,0.00333333297934133));
#6510=CARTESIAN_POINT('',(0.0124615243523348,-0.0139589155556223,0.00166666648967066));
#6511=CARTESIAN_POINT('',(0.0124615243523348,-0.0139589155556223,-5.31867664475705E-18));
#6512=CARTESIAN_POINT('',(0.0238083505688882,-0.00461684933696583,0.002499999469012));
#6513=CARTESIAN_POINT('',(0.0238085595939671,-0.00461671536269227,0.00499215762650025));
#6514=CARTESIAN_POINT('',(0.0238087686190461,-0.0046165813884187,0.002499999469012));
#6515=CARTESIAN_POINT('',(0.0135078684057572,0.0138325083137818,0.00149999946901199));
#6516=CARTESIAN_POINT('',(0.0100033722150558,0.0138325083755749,0.00149197373002865));
#6517=CARTESIAN_POINT('',(0.0100033721968548,0.0138325083875277,0.00149197376822513));
#6518=CARTESIAN_POINT('',(0.0100033721821238,0.0138325083755749,0.00149197383297369));
#6519=CARTESIAN_POINT('',(0.00969833332759866,0.0138325083809535,0.00266400896519771));
#6520=CARTESIAN_POINT('',(0.00938428749596271,0.0138325083864909,0.00383361750301643));
#6521=CARTESIAN_POINT('',(0.00905826535821028,0.0138325083922395,0.00499999947126418));
#6522=CARTESIAN_POINT('',(0.00905826535418154,0.0138325083922395,0.00499999947013809));
#6523=CARTESIAN_POINT('',(1.39443259122715E-5,0.0138325085517137,0.00499999946901199));
#6524=CARTESIAN_POINT('',(0.0231105281114484,-0.00461658137610699,0.00499999946901199));
#6525=CARTESIAN_POINT('',(0.0238069159861641,-0.00461658138838603,0.0049967530665852));
#6526=CARTESIAN_POINT('',(0.0238056531461322,-0.00461658138836376,0.004999999469012));
#6527=CARTESIAN_POINT('',(0.0238081788261961,-0.00461658138840829,0.004999999469012));
#6528=CARTESIAN_POINT('',(0.023940732018592,-0.00453199892104783,0.00249999946901199));
#6529=CARTESIAN_POINT('',(0.0239407320185919,-0.00453199892104789,-1.12757025938492E-17));
#6530=CARTESIAN_POINT('',(0.0239407320185919,-0.00453199892104789,0.00166640276647184));
#6531=CARTESIAN_POINT('',(0.0239407320185919,-0.00453199892104789,0.00333280553294369));
#6532=CARTESIAN_POINT('',(0.0239407320185919,-0.00453199892104789,0.00499920829941554));
#6533=CARTESIAN_POINT('',(0.023940553644243,-0.00453192490770025,0.00499920829941554));
#6534=CARTESIAN_POINT('',(0.0239000763520139,-0.00455805733199577,0.00426031514606519));
#6535=CARTESIAN_POINT('',(0.0219205640530406,-0.00146972913633586,0.00249999946901199));
#6536=CARTESIAN_POINT('',(0.0219205640530406,-0.00146972913633586,0.00499999946901199));
#6537=CARTESIAN_POINT('',(-9.65740342460421E-6,-0.00258857952768801,0.00749999946901199));
#6538=CARTESIAN_POINT('',(0.0219205640530406,-0.00146972913633586,0.007499999469012));
#6539=CARTESIAN_POINT('',(0.0219205641089051,0.00169854566048439,0.007499999469012));
#6540=CARTESIAN_POINT('',(0.0219205640530406,-0.00146972913633586,0.007499999469012));
#6541=CARTESIAN_POINT('',(0.0219205640812526,0.00013027086366414,0.007499999469012));
#6542=CARTESIAN_POINT('',(0.000220784565174328,-0.032205440788363,0.0047100992412903));
#6543=CARTESIAN_POINT('',(0.125924914537812,0.118411300972519,0.00249999946901198));
#6544=CARTESIAN_POINT('',(-0.00895067843661181,-0.0175328950043512,0.00249999946901199));
#6545=CARTESIAN_POINT('',(-0.00895067843661182,-0.0175328950043512,0.00535223960071));
#6546=CARTESIAN_POINT('',(-0.011864312605595,-0.0145788448399531,0.00504429498890723));
#6547=CARTESIAN_POINT('',(-0.0109012762257285,-0.0155766333428689,0.00509857677225986));
#6548=CARTESIAN_POINT('',(-0.00993005100943936,-0.0165612208879693,0.00520201355758148));
#6549=CARTESIAN_POINT('',(-0.00895067843661157,-0.0175328950043509,0.00535223960070996));
#6550=CARTESIAN_POINT('',(-0.125923782204132,0.118411305413235,0.00249999946901201));
#6551=CARTESIAN_POINT('',(-0.125923782204132,0.118411305413235,0.00499999946901199));
#6552=CARTESIAN_POINT('',(0.0134199283120122,-0.0129491922243464,0.004999999469012));
#6553=CARTESIAN_POINT('',(0.0134199283120121,-0.0129491922243464,0.00499999946901201));
#6554=CARTESIAN_POINT('',(0.0119516611970543,-0.0145066907989294,0.00499999946901201));
#6555=CARTESIAN_POINT('',(0.0104622550468098,-0.0160343193917115,0.00512055169604801));
#6556=CARTESIAN_POINT('',(0.00895180597622591,-0.0175328953200162,0.00535223960070998));
#6557=CARTESIAN_POINT('',(0.00895180597622594,-0.0175328953200162,0.00535223960070998));
#6558=CARTESIAN_POINT('',(0.00895180597622598,-0.0175328953200163,0.00249999946901199));
#6559=CARTESIAN_POINT('',(-0.0202196574840834,-0.028891156809207,0.00249999946901199));
#6560=CARTESIAN_POINT('',(-0.00644184427086617,-0.020756547841242,0.00603372264918473));
#6561=CARTESIAN_POINT('',(-0.00713229302937509,-0.0195871155961892,0.00571852253636794));
#6562=CARTESIAN_POINT('',(-0.00796699236954255,-0.0185088487083197,0.00550312729109096));
#6563=CARTESIAN_POINT('',(-0.00895067843661182,-0.0175328950043512,0.00535223960071));
#6564=CARTESIAN_POINT('',(0.0202207846231489,-0.0288911575222723,0.00249999946901199));
#6565=CARTESIAN_POINT('',(0.00644297169679838,-0.0207565480684332,0.00603372264918472));
#6566=CARTESIAN_POINT('',(0.00713342049654729,-0.0195871158477291,0.00571852253636793));
#6567=CARTESIAN_POINT('',(0.0079681198747398,-0.0185088489892952,0.00550312729109096));
#6568=CARTESIAN_POINT('',(0.00895180597622604,-0.0175328953200163,0.00535223960071));
#6569=CARTESIAN_POINT('',(-0.000615108883966078,-0.0129491919768738,0.034999999469012));
#6570=CARTESIAN_POINT('',(-0.000615108883966078,-0.0129491919768738,0.004999999469012));
#6571=CARTESIAN_POINT('',(-2.09901540593193E-16,-0.0014,0.003));
#6572=CARTESIAN_POINT('',(0.0100033721756483,0.0138325083949039,0.00149197370603921));
#6573=CARTESIAN_POINT('',(0.00861376315269902,0.0147450814179951,0.00149150438038276));
#6574=CARTESIAN_POINT('',(0.00564832426713765,0.0161598066520213,0.00149077680921925));
#6575=CARTESIAN_POINT('',(0.00234794421490449,0.0167479400493343,0.0014904743427889));
#6576=CARTESIAN_POINT('',(0.000686655841122817,0.0168105812878328,0.00149044212753178));
#6577=CARTESIAN_POINT('',(-0.0120737643831108,0.0105825087648504,0.00324999946901199));
#6578=CARTESIAN_POINT('',(0.0135078683528597,0.0108325083137818,0.00149999946901239));
#6579=CARTESIAN_POINT('',(-0.0120737643875189,0.0103325087648504,0.00499999946901199));
#6580=CARTESIAN_POINT('',(-0.0132830378568361,0.0103325088983612,0.00499999883314536));
#6581=CARTESIAN_POINT('',(3.29006962611275,0.0401233942403953,-0.203537562901139));
#6582=CARTESIAN_POINT('',(0.0135078683528597,0.0108325083137818,0.00149999946901199));
#6583=CARTESIAN_POINT('',(-2.36095865080443E-14,-0.00140133896007947,0.00324980819290644));
#6584=CARTESIAN_POINT('',(-2.36095865080443E-14,-0.00140133896007947,0.00499999946901199));
#6585=CARTESIAN_POINT('',(-2.36095865080443E-14,-0.00140133896007947,0.00324980819290644));
#6586=CARTESIAN_POINT('',(-2.36095865080443E-14,-0.00140133896007947,0.00499999946901199));
#6587=CARTESIAN_POINT('',(-0.0219194359469596,-0.001469728363328,0.00249999946901199));
#6588=CARTESIAN_POINT('',(0.0219205640530406,-0.00146972913633586,0.00249999946901199));
#6589=CARTESIAN_POINT('',(0.019682027582199,0.00923330043299661,-0.020000000530988));
#6590=CARTESIAN_POINT('',(0.0211830384900564,0.010031402089738,-0.020000000530988));
#6591=CARTESIAN_POINT('',(0.0182037964342047,0.008392356279007,2.08166817117217E-17));
#6592=CARTESIAN_POINT('',(0.0182037964342047,0.008392356279007,0.000533360872373854));
#6593=CARTESIAN_POINT('',(0.0182037964342047,0.008392356279007,0.00106672174474769));
#6594=CARTESIAN_POINT('',(0.0182037964342047,0.008392356279007,0.00160008261712152));
#6595=CARTESIAN_POINT('',(0.0223566577580329,0.00782414527223256,-0.020000000530988));
#6596=CARTESIAN_POINT('',(0.0235302770260095,0.00561688845472712,-0.020000000530988));
#6597=CARTESIAN_POINT('',(0.0220292661181524,0.00481878679798587,-0.020000000530988));
#6598=CARTESIAN_POINT('',(0.0205054754504288,0.00406352763849977,0.00160008261712152));
#6599=CARTESIAN_POINT('',(0.0205054754504288,0.00406352763849977,0.00106672174474769));
#6600=CARTESIAN_POINT('',(0.0205054754504288,0.00406352763849977,0.000533360872373854));
#6601=CARTESIAN_POINT('',(0.0205054754504288,0.00406352763849977,2.08166817117217E-17));
#6602=CARTESIAN_POINT('',(0.0193546359423168,0.0062279419587534,-0.020000000530988));
#6603=CARTESIAN_POINT('',(1.39440363670848E-5,-0.00258857952810416,0.00499999946901199));
#6604=CARTESIAN_POINT('',(0.0219205640530406,-0.00146972913633586,0.00499999946901199));
#6605=CARTESIAN_POINT('',(0.0219205640530406,-0.00146972913633586,0.00499999946901199));
#6606=CARTESIAN_POINT('',(0.0219205640530406,-0.00146972913633586,0.00624999946901199));
#6607=CARTESIAN_POINT('',(-0.00630288584658365,0.0197135841878942,0.004));
#6608=CARTESIAN_POINT('',(-0.00970288584658364,0.0197135841878942,0.004));
#6609=CARTESIAN_POINT('',(0.000220784503460653,-0.035705440788363,0.00471009924129029));
#6610=CARTESIAN_POINT('',(0.000220784468091196,-0.037705440788363,0.00893004935519429));
#6611=CARTESIAN_POINT('',(0.000220784468091198,-0.037705440788363,0.0092600992413764));
#6612=CARTESIAN_POINT('',(0.000220784468091196,-0.037705440788363,0.0026600992413764));
#6613=CARTESIAN_POINT('',(0.000220784468091196,-0.0377054407883629,0.0092600992413764));
#6614=CARTESIAN_POINT('',(0.000222563414115097,-0.0377054407883943,0.00426009955784129));
#6615=CARTESIAN_POINT('',(0.000222563414115097,-0.0377054407883943,0.00426009955784129));
#6616=CARTESIAN_POINT('',(-0.000221436581295304,-0.0377054407805656,0.00426009955784129));
#6617=CARTESIAN_POINT('',(-0.000219657639861003,-0.0377054407805969,0.0092600992413764));
#6618=CARTESIAN_POINT('',(-0.000219657639861003,-0.0377054407805969,0.0092600992413764));
#6619=CARTESIAN_POINT('',(-0.000219657639861003,-0.0377054407805969,0.0026600992413764));
#6620=CARTESIAN_POINT('',(0.000222563414115097,-0.0377054407883943,0.0026600995007739));
#6621=CARTESIAN_POINT('',(0.000220784468091196,-0.0377054407883629,0.0092600992413764));
#6622=CARTESIAN_POINT('',(0.000220784406377526,-0.0412054407883629,0.00926009924137639));
#6623=CARTESIAN_POINT('',(0.000220982622669328,-0.0412054407883665,0.00426009932835059));
#6624=CARTESIAN_POINT('',(0.00022078437111257,-0.0432054407883629,0.00426009939960889));
#6625=CARTESIAN_POINT('',(0.000220784435471117,-0.0395554407883629,0.00426009947872509));
#6626=CARTESIAN_POINT('',(0.000222563414115097,-0.0377054407883943,0.00426009955784129));
#6627=CARTESIAN_POINT('',(0.000222563431747575,-0.0367054407883943,0.00426009955784129));
#6628=CARTESIAN_POINT('',(0.000222563352401427,-0.0412054407883942,0.00426009955784129));
#6629=CARTESIAN_POINT('',(-0.000219855917356485,-0.0412054407805933,0.00426009932835059));
#6630=CARTESIAN_POINT('',(-0.00021965773683963,-0.0432054407805968,0.00426009939960889));
#6631=CARTESIAN_POINT('',(-0.00022010240783966,-0.039555440780589,0.00426009943916549));
#6632=CARTESIAN_POINT('',(-0.000221436581295304,-0.0377054407805656,0.00426009955784129));
#6633=CARTESIAN_POINT('',(-0.000219657639861003,-0.0377054407805969,0.0092600992413764));
#6634=CARTESIAN_POINT('',(-0.000219657701574673,-0.0412054407805968,0.00926009924137639));
#6635=CARTESIAN_POINT('',(0.000220784538621111,-0.0337054407883629,0.0092600992413764));
#6636=CARTESIAN_POINT('',(0.000220784538621109,-0.0337054407883629,0.0026600992413764));
#6637=CARTESIAN_POINT('',(0.000220784406377526,-0.0412054407883629,0.0026600992413764));
#6638=CARTESIAN_POINT('',(0.000220784406377526,-0.0412054407883629,0.0092600992413764));
#6639=CARTESIAN_POINT('',(0.000222563378850141,-0.0397054407883943,0.0026600995007739));
#6640=CARTESIAN_POINT('',(-0.000219657569331088,-0.0337054407805969,0.0026600992413764));
#6641=CARTESIAN_POINT('',(-0.000219657701574673,-0.0412054407805968,0.0026600992413764));
#6642=CARTESIAN_POINT('',(0.000222563352401427,-0.0412054407883942,0.0026600995007739));
#6643=CARTESIAN_POINT('',(-0.000219657569331089,-0.0337054407805969,0.0092600992413764));
#6644=CARTESIAN_POINT('',(-0.000219657701574673,-0.0412054407805968,0.0092600992413764));
#6645=CARTESIAN_POINT('',(0.000220784406482025,-0.0412054407883629,0.00471009924129029));
#6646=CARTESIAN_POINT('',(0.000220784371112569,-0.0432054407883629,0.00893004935519429));
#6647=CARTESIAN_POINT('',(0.00022078437111257,-0.0432054407883629,0.0092600992413764));
#6648=CARTESIAN_POINT('',(0.000220784371112569,-0.0432054407883629,0.0026600992413764));
#6649=CARTESIAN_POINT('',(0.000220784371112569,-0.0432054407883629,0.0092600992413764));
#6650=CARTESIAN_POINT('',(0.00022256331713647,-0.0432054407883943,0.00426009955784129));
#6651=CARTESIAN_POINT('',(0.00022256331713647,-0.0432054407883943,0.00426009955784129));
#6652=CARTESIAN_POINT('',(-0.000221436678273931,-0.0432054407805655,0.00426009955784129));
#6653=CARTESIAN_POINT('',(-0.00021965773683963,-0.0432054407805968,0.0092600992413764));
#6654=CARTESIAN_POINT('',(-0.00021965773683963,-0.0432054407805968,0.0092600992413764));
#6655=CARTESIAN_POINT('',(-0.00021965773683963,-0.0432054407805968,0.0026600992413764));
#6656=CARTESIAN_POINT('',(0.00022256331713647,-0.0432054407883943,0.0026600995007739));
#6657=CARTESIAN_POINT('',(0.000220784371112569,-0.0432054407883629,0.0092600992413764));
#6658=CARTESIAN_POINT('',(0.000220784309398898,-0.0467054407883628,0.00926009924137639));
#6659=CARTESIAN_POINT('',(0.000220982525690701,-0.0467054407883664,0.00426009932835059));
#6660=CARTESIAN_POINT('',(0.000220784274133943,-0.0487054407883628,0.00426009939960889));
#6661=CARTESIAN_POINT('',(0.00022078433849249,-0.0450554407883629,0.00426009947872509));
#6662=CARTESIAN_POINT('',(0.00022256331713647,-0.0432054407883943,0.00426009955784129));
#6663=CARTESIAN_POINT('',(0.000222563334768947,-0.0422054407883942,0.00426009955784129));
#6664=CARTESIAN_POINT('',(0.000222563255422799,-0.0467054407883942,0.00426009955784129));
#6665=CARTESIAN_POINT('',(-0.000219856014335112,-0.0467054407805933,0.00426009932835059));
#6666=CARTESIAN_POINT('',(-0.000219657833818258,-0.0487054407805968,0.00426009939960889));
#6667=CARTESIAN_POINT('',(-0.000220102504818288,-0.045055440780589,0.00426009943916549));
#6668=CARTESIAN_POINT('',(-0.000221436678273931,-0.0432054407805655,0.00426009955784129));
#6669=CARTESIAN_POINT('',(-0.00021965773683963,-0.0432054407805968,0.0092600992413764));
#6670=CARTESIAN_POINT('',(-0.000219657798553301,-0.0467054407805968,0.00926009924137639));
#6671=CARTESIAN_POINT('',(0.000220784441642483,-0.0392054407883628,0.0092600992413764));
#6672=CARTESIAN_POINT('',(0.000220784441642482,-0.0392054407883628,0.0026600992413764));
#6673=CARTESIAN_POINT('',(0.000220784309398898,-0.0467054407883629,0.0026600992413764));
#6674=CARTESIAN_POINT('',(0.000220784309398898,-0.0467054407883629,0.0092600992413764));
#6675=CARTESIAN_POINT('',(0.000222563281871513,-0.0452054407883943,0.0026600995007739));
#6676=CARTESIAN_POINT('',(-0.000219657666309715,-0.0392054407805968,0.0026600992413764));
#6677=CARTESIAN_POINT('',(-0.000219657798553301,-0.0467054407805968,0.0026600992413764));
#6678=CARTESIAN_POINT('',(0.000222563255422799,-0.0467054407883942,0.0026600995007739));
#6679=CARTESIAN_POINT('',(-0.000219657666309716,-0.0392054407805968,0.0092600992413764));
#6680=CARTESIAN_POINT('',(-0.000219657798553301,-0.0467054407805968,0.0092600992413764));
#6681=CARTESIAN_POINT('',(0.000220784309503398,-0.0467054407883629,0.00471009924129029));
#6682=CARTESIAN_POINT('',(0.000220784274133941,-0.0487054407883629,0.00893004935519429));
#6683=CARTESIAN_POINT('',(0.000220784274133943,-0.0487054407883629,0.0092600992413764));
#6684=CARTESIAN_POINT('',(0.000220784274133941,-0.0487054407883629,0.0026600992413764));
#6685=CARTESIAN_POINT('',(0.000220784274133941,-0.0487054407883628,0.0092600992413764));
#6686=CARTESIAN_POINT('',(0.000222563220157842,-0.0487054407883942,0.00426009955784129));
#6687=CARTESIAN_POINT('',(0.000222563220157842,-0.0487054407883942,0.00426009955784129));
#6688=CARTESIAN_POINT('',(-0.000221436775252559,-0.0487054407805655,0.00426009955784129));
#6689=CARTESIAN_POINT('',(-0.000219657833818258,-0.0487054407805968,0.0092600992413764));
#6690=CARTESIAN_POINT('',(-0.000219657833818258,-0.0487054407805968,0.0092600992413764));
#6691=CARTESIAN_POINT('',(-0.000219657833818258,-0.0487054407805968,0.0026600992413764));
#6692=CARTESIAN_POINT('',(0.000222563220157842,-0.0487054407883942,0.0026600995007739));
#6693=CARTESIAN_POINT('',(0.000220784274133941,-0.0487054407883628,0.0092600992413764));
#6694=CARTESIAN_POINT('',(0.000220784406377522,-0.0522054407883629,0.0092600992413764));
#6695=CARTESIAN_POINT('',(0.000222563352401422,-0.0522054407883942,0.00426009955784129));
#6696=CARTESIAN_POINT('',(0.000222563220157842,-0.0487054407883942,0.00426009955784129));
#6697=CARTESIAN_POINT('',(0.00022256323779032,-0.0477054407883942,0.00426009955784129));
#6698=CARTESIAN_POINT('',(0.000220784406377524,-0.0522054407883629,0.00426009955784129));
#6699=CARTESIAN_POINT('',(-0.000221436643008978,-0.0522054407805654,0.00426009955784129));
#6700=CARTESIAN_POINT('',(-0.000221436775252559,-0.0487054407805655,0.00426009955784129));
#6701=CARTESIAN_POINT('',(-0.000219657833818258,-0.0487054407805968,0.0092600992413764));
#6702=CARTESIAN_POINT('',(-0.000219657701574678,-0.0522054407805968,0.0092600992413764));
#6703=CARTESIAN_POINT('',(0.000220784344663856,-0.0447054407883628,0.0092600992413764));
#6704=CARTESIAN_POINT('',(0.000220784344663854,-0.0447054407883628,0.0026600992413764));
#6705=CARTESIAN_POINT('',(0.000220784406377524,-0.0522054407883629,0.0026600995007739));
#6706=CARTESIAN_POINT('',(0.000220784406377522,-0.0522054407883629,0.0092600992413764));
#6707=CARTESIAN_POINT('',(0.000222563184892887,-0.0507054407883942,0.0026600995007739));
#6708=CARTESIAN_POINT('',(-0.000219657763288343,-0.0447054407805968,0.0026600992413764));
#6709=CARTESIAN_POINT('',(-0.000219657701574678,-0.0522054407805967,0.0026600992413764));
#6710=CARTESIAN_POINT('',(0.000222563352401422,-0.0522054407883942,0.0026600995007739));
#6711=CARTESIAN_POINT('',(-0.000219657763288344,-0.0447054407805968,0.0092600992413764));
#6712=CARTESIAN_POINT('',(-0.000219657701574678,-0.0522054407805968,0.0092600992413764));
#6713=CARTESIAN_POINT('',(0.000220784406377522,-0.0522054407883629,0.00893004935519429));
#6714=CARTESIAN_POINT('',(0.00422078435223842,-0.0552554436039898,0.00249999946901199));
#6715=MECHANICAL_DESIGN_GEOMETRIC_PRESENTATION_REPRESENTATION('',(#3740),
#6716);
#6716=(
GEOMETRIC_REPRESENTATION_CONTEXT(3)
GLOBAL_UNCERTAINTY_ASSIGNED_CONTEXT((#6717))
GLOBAL_UNIT_ASSIGNED_CONTEXT((#6720,#6719,#6718))
REPRESENTATION_CONTEXT('A4T - THB Mount - WWBMG',
'TOP_LEVEL_ASSEMBLY_PART')
);
#6717=UNCERTAINTY_MEASURE_WITH_UNIT(LENGTH_MEASURE(3.13634019912698E-5),
#6720,'DISTANCE_ACCURACY_VALUE','Maximum Tolerance applied to model');
#6718=(
NAMED_UNIT(*)
SI_UNIT($,.STERADIAN.)
SOLID_ANGLE_UNIT()
);
#6719=(
NAMED_UNIT(*)
PLANE_ANGLE_UNIT()
SI_UNIT($,.RADIAN.)
);
#6720=(
LENGTH_UNIT()
NAMED_UNIT(*)
SI_UNIT($,.METRE.)
);
#6721=PRODUCT_DEFINITION_SHAPE('','',#6722);
#6722=PRODUCT_DEFINITION('','',#6724,#6723);
#6723=PRODUCT_DEFINITION_CONTEXT('',#6730,'design');
#6724=PRODUCT_DEFINITION_FORMATION_WITH_SPECIFIED_SOURCE('','',#6726,
 .NOT_KNOWN.);
#6725=PRODUCT_RELATED_PRODUCT_CATEGORY('','',(#6726));
#6726=PRODUCT('A4T - THB Mount - WWBMG','A4T - THB Mount - WWBMG',
'A4T - THB Mount - WWBMG',(#6728));
#6727=PRODUCT_CATEGORY('','');
#6728=PRODUCT_CONTEXT('',#6730,'mechanical');
#6729=APPLICATION_PROTOCOL_DEFINITION('international standard',
'ap242_managed_model_based_3d_engineering',2020,#6730);
#6730=APPLICATION_CONTEXT('managed model based 3d engineering');
ENDSEC;
END-ISO-10303-21;
